CustomerID,last_purchase,n_orders,M,R,repeat,log_qty_sum,F_star,r_score,f_score,m_score,hard_cluster
12346,2011-01-18 10:01:00,12,77556.46,325,1,43.48362611072649,7.922543916608974,3,2,5,M5
12347,2011-12-07 15:52:00,8,5633.32,1,1,609.4897588758415,92.62346383137623,5,5,5,R5
12348,2011-09-25 13:13:00,5,2019.4,74,1,177.05771993015824,27.608657989523735,5,4,4,M4
12349,2011-11-21 09:51:00,4,4428.69,18,1,363.92447531950415,55.58867129792562,5,5,5,R5
12350,2011-02-02 16:01:00,1,334.4,309,0,41.600170074281806,6.290025511142271,3,2,2,M2
12351,2010-11-29 15:23:00,1,300.93,374,0,49.7117473899044,7.50676210848566,3,2,2,R3
12352,2011-11-03 14:37:00,10,2849.84,35,1,193.2988835473874,30.294832532108106,5,4,4,R5
12353,2011-05-19 17:47:00,2,406.76,203,1,53.02754279279408,8.854131418919112,4,2,2,R4
12354,2011-04-21 13:11:00,1,1079.4,231,0,115.17950675108492,17.32692601266274,4,3,3,F3
12355,2011-05-09 13:49:00,2,947.61,213,1,85.22397562486664,13.683596343729995,4,3,3,M3
12356,2011-11-17 08:40:00,6,6373.68,22,1,398.4502562106681,60.86753843160021,5,5,5,R5
12357,2011-11-06 16:07:00,3,18287.66,32,1,856.0138719569188,129.35208079353782,5,5,5,F5
12358,2011-12-08 10:26:00,5,3887.07,1,1,177.48126010229583,27.672189015344376,5,4,5,R5
12359,2011-10-13 12:47:00,10,8935.94,57,1,678.18900446754,103.028350670131,5,5,5,F5
12360,2011-10-18 15:22:00,8,4252.89,51,1,509.4805629277257,77.62208443915885,5,5,5,R5
12361,2011-02-25 13:51:00,4,511.25,286,1,59.81279725226199,9.971919587839297,3,2,2,M2
12362,2011-12-06 15:40:00,11,5356.23,2,1,550.3849363268417,83.90774044902625,5,5,5,R5
12363,2011-08-22 10:18:00,2,552.0,109,1,62.86887097089149,10.330330645633724,5,2,2,F2
12364,2011-12-02 10:22:00,4,1313.1,7,1,229.19517773197725,35.37927665979659,5,4,4,R5
12365,2011-02-21 14:04:00,2,641.38,290,1,45.27759663724133,7.691639495586199,3,2,3,F2
12366,2010-03-16 10:28:00,1,500.24,633,0,13.803382307164288,2.120507346074643,1,1,2,F1
12367,2011-12-05 16:48:00,1,168.9,3,0,26.570444137401104,4.035566620610165,5,1,1,R5
12368,2010-03-21 15:56:00,1,917.6999999999999,627,0,49.85964334189228,7.5289465012838415,1,2,3,M3
12369,2010-10-22 13:13:00,3,1791.15,412,1,226.5220289098676,34.92830433648013,3,4,4,F4
12370,2011-10-19 14:51:00,7,4320.31,50,1,425.1074438478209,64.91611657717313,5,5,5,R5
12371,2011-10-26 10:16:00,5,4067.38,44,1,353.45609910565315,54.06841486584797,5,5,5,R5
12372,2011-09-29 12:12:00,3,1298.04,71,1,133.51532082829948,20.97729812424492,5,3,4,F3
12373,2011-02-01 13:10:00,3,1127.65,310,1,113.88344293869157,18.032516440803736,3,3,3,F3
12374,2011-11-14 15:37:00,4,2989.2200000000003,24,1,222.7590912274363,34.41386368411544,5,4,4,R5
12375,2011-11-29 10:36:00,2,457.5,10,1,37.90648429844164,6.585972644766246,5,2,2,R5
12376,2010-11-15 12:15:00,2,503.15,389,1,31.77605180737523,5.666407771106283,3,1,2,R3
12377,2011-01-28 15:45:00,4,3426.32,314,1,381.66098542258777,58.24914781338816,3,5,5,R3
12378,2011-08-02 10:34:00,2,5416.32,129,1,662.4016665900818,100.26024998851227,5,5,5,F5
12379,2011-09-19 10:09:00,4,1620.22,81,1,184.449355450166,28.667403317524897,5,4,4,M4
12380,2011-11-18 11:27:00,11,9676.300000000001,21,1,653.2550478324616,99.33825717486924,5,5,5,R5
12381,2011-12-05 12:44:00,5,1845.31,4,1,181.96137406376477,28.344206109564716,5,4,4,R5
12383,2011-06-08 08:02:00,5,1850.56,184,1,242.21404887851625,37.38210733177743,4,4,4,M4
12384,2011-11-11 08:39:00,2,585.27,28,1,42.92933181433051,7.339399772149576,5,2,2,R5
12385,2010-11-25 15:14:00,1,1938.4,378,0,144.99339398779614,21.79900909816942,3,3,4,M4
12386,2011-01-06 12:37:00,2,660.8,337,1,53.472799677260085,8.920919951589013,3,2,3,F2
12387,2010-10-20 16:27:00,1,143.94,414,0,23.579986550580394,3.5869979825870586,3,1,1,M1
12388,2011-11-24 12:30:00,8,3901.11,15,1,355.6124218532656,54.54186327798983,5,5,5,R5
12389,2010-11-02 11:52:00,3,1433.33,402,1,120.28840106604946,18.99326015990742,3,3,4,F3
12390,2011-09-21 09:33:00,1,549.84,79,0,69.7738402670249,10.516076040053735,5,2,2,F2
12391,2011-11-18 12:07:00,6,2773.42,21,1,370.22144702851534,56.633217054277296,5,5,4,R5
12392,2010-04-27 14:04:00,1,234.75000000000003,590,0,14.53213009470936,2.2298195142064037,1,1,1,F1
12393,2011-09-28 15:41:00,6,2399.4500000000003,71,1,257.00511991776654,39.65076798766497,5,4,4,F4
12394,2011-10-07 08:08:00,2,1272.48,63,1,70.12764905124229,11.419147357686343,5,2,4,R5
12395,2011-11-20 15:21:00,15,5067.27,18,1,586.9667568771202,89.59501353156803,5,5,5,R5
12396,2010-02-03 13:22:00,1,931.43,673,0,143.90970560893618,21.636455841340428,1,3,3,M3
12397,2011-11-04 09:52:00,2,2409.9,35,1,277.67301080158995,42.55095162023849,5,4,4,R5
12398,2011-10-25 10:27:00,1,1635.6599999999999,45,0,230.69174359140368,34.65376153871055,5,4,4,F4
12399,2011-08-12 13:15:00,7,1962.3,118,1,304.24631087265277,46.786946630897916,5,4,4,M4
12400,2010-10-21 13:45:00,1,205.25,413,0,23.019070242954577,3.5028605364431864,3,1,1,F1
12401,2011-02-09 13:50:00,1,84.3,302,0,5.480638923341991,0.8720958385012987,3,1,1,F1
12402,2011-01-20 13:49:00,6,1256.9,322,1,149.30784110796662,23.496176166194996,3,3,3,R3
12403,2011-10-21 10:51:00,2,1019.36,49,1,25.075796793361764,4.661369519004265,5,1,3,M3
12404,2010-01-26 16:25:00,1,63.24,681,0,0.6931471805599453,0.1539720770839918,1,1,1,F1
12405,2011-07-14 08:52:00,1,1710.39,148,0,138.90070698969294,20.88510604845394,4,3,4,M4
12406,2011-11-17 19:22:00,5,6390.36,21,1,471.43694259457754,71.76554138918662,5,5,5,R5
12407,2011-10-21 10:11:00,5,1708.1200000000001,49,1,193.45354636996578,30.068031955494867,5,4,4,R5
12408,2011-11-07 12:27:00,8,4340.7699999999995,32,1,396.90727867797585,60.73609180169637,5,5,5,R5
12409,2011-09-22 10:38:00,7,23419.29,78,1,960.5064254498561,145.22596381747843,5,5,5,F5
12410,2011-02-04 10:39:00,3,1013.71,308,1,81.02296285187836,13.103444427781755,3,3,3,M3
12411,2010-10-26 09:25:00,1,346.9,409,0,41.56314076128963,6.284471114193444,3,2,2,R3
12412,2011-09-26 10:16:00,6,2596.93,74,1,326.5726963803488,50.085904457052315,5,4,4,M4
12413,2011-10-04 09:00:00,4,999.45,66,1,91.0801302918034,14.66201954377051,5,3,3,M3
12414,2011-05-06 14:51:00,6,952.41,216,1,69.71367323533453,11.55705098530018,4,2,3,M3
12415,2011-11-15 14:22:00,28,144458.37,23,1,3695.1676584918114,556.4751487737716,5,5,5,R5
12416,2010-02-21 10:19:00,1,202.56,656,0,28.214442932076903,4.282166439811535,1,1,1,M1
12417,2011-12-06 14:52:00,20,6816.91,2,1,690.0804777490139,105.31207166235208,5,5,5,R5
12418,2011-08-19 11:08:00,4,2021.2,112,1,227.1252670605255,35.06879005907882,5,4,4,F4
12419,2010-11-19 10:04:00,2,503.01,385,1,54.34425622007546,9.051638433011318,3,2,2,R3
12420,2011-10-07 08:55:00,1,600.39,63,0,59.72058235410278,9.008087353115418,5,2,2,F2
12421,2011-11-24 09:07:00,6,1098.6,15,1,140.87018367137446,22.23052755070617,5,3,3,R5
12422,2011-09-05 09:48:00,17,5231.8,95,1,393.3356782086969,60.65035173130453,5,5,5,M5
12423,2011-12-09 10:10:00,10,2622.39,0,1,378.2750567443678,58.041258511655165,5,5,4,R5
12424,2011-06-30 12:06:00,4,3340.03,162,1,259.99663515894684,39.99949527384202,4,4,5,F4
12425,2011-09-22 17:31:00,2,1741.41,77,1,216.75838273896883,33.41375741084532,5,4,4,F4
12426,2011-05-29 12:26:00,2,1345.21,194,1,154.60987967454415,24.091481951181624,4,4,4,R4
12427,2011-11-18 08:56:00,3,1129.3,21,1,89.46568006386059,14.36985200957909,5,3,3,R5
12428,2011-11-14 08:22:00,9,7956.46,25,1,694.4494451117413,105.41741676676119,5,5,5,R5
12429,2011-11-30 17:22:00,8,7485.91,8,1,474.1994244682105,72.32991367023158,5,5,5,R5
12430,2011-10-27 15:09:00,1,256.4,42,0,25.305606217303907,3.8458409325955856,5,1,1,R5
12431,2011-11-04 11:55:00,27,10857.97,35,1,862.9733974411374,131.59600961617062,5,5,5,F5
12432,2011-10-28 11:43:00,5,5059.32,42,1,275.96694081608604,42.4450411224129,5,4,5,R5
12433,2011-12-09 10:02:00,10,20581.26,0,1,2043.7732643257082,307.8659896488562,5,5,5,R5
12434,2011-09-16 12:38:00,3,1103.43,84,1,137.99649482324094,21.649474223486138,5,3,3,M3
12435,2011-09-21 09:06:00,6,13925.93,79,1,385.8417162953134,58.976257444297005,5,5,5,M5
12436,2011-09-01 12:09:00,1,509.01,99,0,39.91481013249576,6.037221519874364,5,2,2,M2
12437,2011-12-08 11:35:00,39,12683.4,1,1,1380.5984501890111,209.83976752835167,5,5,5,R5
12438,2011-11-25 13:28:00,2,2906.85,13,1,231.2218165217799,35.583272478266984,5,4,4,R5
12439,2010-01-26 12:11:00,2,1158.18,682,1,135.2013818584654,21.18020727876981,1,3,3,F3
12440,2010-09-03 13:11:00,2,859.2,461,1,72.42363603917563,11.763545405876345,2,2,3,M3
12441,2010-12-08 10:45:00,1,347.1,366,0,48.43444825993867,7.3151672389908,3,2,2,R3
12442,2011-12-06 14:22:00,1,172.06,2,0,30.978364746011003,4.69675471190165,5,1,1,R5
12443,2009-12-07 15:42:00,1,485.31,731,0,42.56764947108347,6.4351474206625205,1,2,2,M2
12444,2011-11-18 13:23:00,5,5005.46,20,1,328.9616004318438,50.39424006477657,5,4,5,R5
12445,2011-11-17 18:43:00,2,434.98,21,1,50.46840423579354,8.470260635369032,5,2,2,R5
12446,2011-10-13 12:50:00,1,1002.3100000000001,57,0,105.66331503346879,15.899497255020318,5,3,3,M3
12447,2011-04-10 13:25:00,1,476.49,242,0,52.470844121112464,7.920626618166869,4,2,2,M2
12448,2011-10-26 13:46:00,1,449.45,43,0,50.19695952199742,7.579543928299612,5,2,2,M2
12449,2011-11-17 13:46:00,6,4835.89,21,1,437.84490600523566,66.77673590078534,5,5,5,R5
12450,2011-07-06 14:41:00,5,688.2,155,1,89.09759869638313,14.41463980445747,4,3,3,R4
12451,2011-11-29 08:40:00,8,12669.88,10,1,1383.61553106204,208.742329659306,5,5,5,R5
12452,2011-11-23 10:28:00,2,430.57,16,1,45.30448883005014,7.695673324507521,5,2,2,R5
12453,2011-07-28 14:08:00,1,707.09,133,0,99.24228847764078,14.936343271646118,5,3,3,F3
12454,2011-10-14 17:13:00,5,16679.78,55,1,186.69343715330155,29.054015572995233,5,4,5,M5
12455,2011-09-27 15:31:00,10,5879.95,72,1,515.7204985752978,78.65807478629466,5,5,5,M5
12456,2011-10-26 14:41:00,3,3181.04,43,1,300.21583679039367,45.982375518559046,5,4,5,R5
12457,2011-10-04 13:13:00,8,2995.91,65,1,190.44566879494545,29.766850319241815,5,4,4,R5
12458,2011-09-29 15:25:00,4,1777.49,70,1,195.50706627585177,30.326059941377764,5,4,4,M4
12459,2010-04-13 14:53:00,1,454.36,604,0,50.83531749791599,7.675297624687397,1,2,2,M2
12460,2010-09-09 13:51:00,1,326.65,455,0,37.09991395257739,5.614987092886608,2,1,2,R2
12461,2011-09-06 16:57:00,2,826.88,93,1,73.78551068759225,11.967826603138837,5,2,3,M3
12462,2011-11-21 09:11:00,2,1189.59,18,1,123.30398872012664,19.395598308018997,5,3,3,R5
12463,2011-10-17 13:44:00,4,1344.78,52,1,183.85719058121083,28.578578587181624,5,4,4,R5
12464,2011-11-29 13:33:00,8,1212.05,9,1,43.3546608797405,7.703199131961075,5,2,3,R5
12465,2011-11-22 16:34:00,2,742.1899999999999,16,1,104.95806646143684,16.643709969215525,5,3,3,R5
12466,2010-01-26 16:26:00,1,56.73,681,0,0.6931471805599453,0.1539720770839918,1,1,1,F1
12467,2010-10-12 15:41:00,1,132.8,422,0,23.255326936073676,3.5382990404110513,3,1,1,M1
12468,2011-06-05 11:36:00,5,3670.74,187,1,374.2858386626918,57.192875799403765,4,5,5,R4
12469,2010-07-05 12:40:00,2,3070.54,522,1,187.43687478060826,29.01553121709124,2,4,5,R2
12470,2010-01-19 11:01:00,1,211.95,689,0,33.136384183071115,5.020457627460667,1,1,1,M1
12471,2011-12-07 15:43:00,79,39963.79,1,1,2858.24865446434,433.48729816965096,5,5,5,R5
12472,2011-11-07 14:01:00,19,17880.59,31,1,2234.0613694457784,336.85920541686676,5,5,5,F5
12473,2011-11-10 13:46:00,5,3938.5499999999997,28,1,422.09420552598857,64.36413082889828,5,5,5,R5
12474,2011-11-22 14:39:00,31,12424.45,16,1,1647.9966720699927,249.5495008104989,5,5,5,R5
12475,2011-10-17 10:10:00,2,1149.64,53,1,140.18175099443897,21.927262649165847,5,3,3,R5
12476,2011-11-24 12:40:00,23,14115.41,15,1,1136.6749596564819,172.4512439484723,5,5,5,R5
12477,2011-11-17 09:51:00,9,20276.37,22,1,1257.8425233606606,189.9263785040991,5,5,5,R5
12478,2011-12-06 09:56:00,1,680.99,3,0,68.66794042909787,10.350191064364681,5,2,3,R5
12479,2011-11-28 13:26:00,1,527.2,10,0,75.57955185707999,11.386932778561999,5,2,2,R5
12480,2011-11-11 14:52:00,7,5464.85,27,1,547.1357303801864,83.22035955702795,5,5,5,R5
12481,2011-11-17 08:29:00,15,12361.39,22,1,1040.0326532454296,157.55489798681444,5,5,5,R5
12482,2010-05-12 16:51:00,29,23691.4,575,1,909.0908759615851,138.61363139423776,1,5,5,F5
12483,2011-11-22 17:02:00,19,5120.58,16,1,352.8876334867747,54.6831450230162,5,5,5,R5
12484,2011-11-07 11:37:00,12,6370.15,32,1,835.1020989631215,126.66531484446821,5,5,5,F5
12485,2010-06-28 15:22:00,1,708.1,528,0,83.96169117632904,12.644253676449356,2,3,3,R2
12486,2010-10-04 12:14:00,1,1037.28,431,0,104.74790813141632,15.762186219712449,2,3,3,M3
12487,2009-12-09 11:36:00,1,285.29999999999995,730,0,8.41072094690572,1.3116081420358578,1,1,1,F1
12488,2011-11-30 08:50:00,3,1298.66,9,1,119.60420382273524,18.890630573410284,5,3,4,R5
12489,2011-01-07 13:13:00,1,334.93,335,0,28.09799459189338,4.2646991887840064,3,1,2,F1
12490,2011-12-04 16:07:00,21,9823.64,4,1,1111.870689953357,168.63060349300358,5,5,5,R5
12491,2011-11-01 12:18:00,1,460.40000000000003,38,0,54.73749989395422,8.260624984093134,5,2,2,F2
12492,2011-10-07 15:15:00,3,715.21,62,1,95.52267745624063,15.278401618436096,5,3,3,R5
12493,2011-06-27 10:17:00,2,433.74,165,1,47.2346437306856,7.985196559602839,4,2,2,M2
12494,2011-11-24 09:34:00,9,1872.8700000000001,15,1,230.80638750268199,35.870958125402296,5,4,4,R5
12495,2010-03-09 10:53:00,1,357.4,640,0,33.296104531789474,5.044415679768421,1,1,2,M2
12496,2010-03-29 14:06:00,2,54.09,619,1,13.8139092765973,2.9720863914895954,1,1,1,F1
12497,2011-09-19 12:29:00,3,6248.5,81,1,244.56407152264762,37.634610728397135,5,4,5,M5
12498,2011-11-18 12:53:00,3,403.70000000000005,20,1,44.51049945055941,7.626574917583911,5,2,2,R5
12499,2010-05-28 15:12:00,1,393.72,559,0,62.40969315173794,9.411453972760691,2,2,2,F2
12500,2011-11-16 16:20:00,19,5955.21,22,1,304.0578127987892,47.35867191981838,5,4,5,R5
12501,2011-01-07 12:28:00,1,2169.39,336,0,348.13035635182706,52.269553452774055,3,4,4,M4
12502,2011-09-05 11:52:00,5,3723.87,95,1,248.5469141974271,38.33203712961406,5,4,5,F4
12503,2010-05-04 13:59:00,1,1126.0,583,0,7.022868086082641,1.1034302129123963,1,1,3,F1
12504,2011-11-21 16:02:00,4,779.05,17,1,50.06616151455434,8.50992422718315,5,2,3,R5
12505,2010-10-27 09:18:00,1,955.2,408,0,85.3947458326999,12.859211874904984,3,3,3,M3
12506,2011-04-21 08:54:00,1,73.5,232,0,15.942385152878742,2.441357772931811,4,1,1,F1
12507,2011-07-28 17:09:00,4,1844.06,133,1,131.8828013014725,20.782420195220876,5,3,4,M4
12508,2011-11-13 15:37:00,2,398.27,25,1,102.73992931693049,16.310989397539572,5,3,2,R5
12509,2011-02-28 14:45:00,1,176.5,283,0,14.292061456985898,2.1938092185478846,3,1,1,F1
12510,2011-07-20 10:15:00,9,5178.02,142,1,341.20738828856025,52.43110824328404,4,4,5,M5
12511,2010-10-07 10:39:00,1,3084.02,428,0,394.1399276412748,59.17098914619122,3,5,5,M4
12512,2011-10-04 14:55:00,2,138.03,65,1,34.63773178510061,6.095659767765091,5,2,1,M1
12513,2011-08-19 10:51:00,1,612.29,112,0,88.9291175123985,13.389367626859777,5,3,2,M2
12514,2011-03-17 16:38:00,2,1597.76,266,1,193.265090288062,29.889763543209302,4,4,4,F4
12515,2010-12-21 15:43:00,1,383.7,352,0,30.88567092078391,4.682850638117586,3,1,2,R3
12516,2011-09-23 09:13:00,4,2648.62,77,1,229.2039223102444,35.380588346536655,5,4,4,F4
12517,2011-11-11 14:04:00,5,2502.84,27,1,453.3428205569409,69.05142308354114,5,5,4,R5
12518,2011-12-09 10:13:00,5,2056.89,0,1,282.097347247223,43.36460208708345,5,4,4,R5
12519,2011-10-07 09:26:00,2,726.54,63,1,89.15715845536985,14.273573768305479,5,3,3,R5
12520,2011-09-21 15:23:00,5,2634.26,78,1,332.13560266140183,50.87034039921027,5,4,4,M4
12521,2011-07-20 10:51:00,1,599.68,142,0,79.714292918584,12.0071439377876,4,2,2,R4
12522,2011-10-31 15:30:00,2,192.72,38,1,25.83673931629805,4.775510897444708,5,1,1,R5
12523,2011-11-20 12:55:00,23,4372.15,18,1,502.24674974040244,77.28701246106037,5,5,5,R5
12524,2011-11-30 15:31:00,17,11126.11,8,1,702.8784005810074,107.08176008715111,5,5,5,R5
12525,2010-07-29 16:08:00,3,973.73,497,1,126.40725456492719,19.911088184739075,2,3,3,M3
12526,2011-12-09 12:09:00,3,1316.66,0,1,154.094707283442,24.0642060925163,5,4,4,R5
12527,2011-09-19 11:55:00,5,735.51,81,1,84.02888271253674,13.654332406880512,5,3,3,R5
12528,2011-11-30 14:40:00,6,1933.48,8,1,179.50339226855405,28.02550884028311,5,4,4,R5
12529,2010-06-29 13:10:00,1,316.48,527,0,43.97634426625311,6.646451639937966,2,2,2,R2
12530,2011-10-11 12:34:00,9,3759.26,59,1,394.29273197378006,60.39390979606701,5,5,5,R5
12531,2011-11-25 11:12:00,2,1933.2,14,1,270.0382319793094,41.405734796896404,5,4,4,R5
12532,2011-11-09 13:47:00,1,349.83000000000004,29,0,35.51109532734602,5.376664299101902,5,1,2,R5
12533,2010-03-22 10:56:00,2,1367.89,627,1,156.8139085646778,24.42208628470167,1,4,4,F3
12534,2011-08-01 10:26:00,1,1089.18,130,0,142.19484333582056,21.379226500373086,5,3,3,M3
12535,2011-09-09 08:48:00,2,716.35,91,1,63.34357690210083,10.401536535315124,5,2,3,F2
12536,2011-10-27 14:20:00,3,12601.830000000002,42,1,583.5154677974889,88.47732016962334,5,5,5,M5
12537,2010-10-27 08:36:00,1,732.94,408,0,99.67519669018036,15.001279503527053,3,3,3,F3
12538,2011-11-10 17:16:00,2,640.45,28,1,71.72653388424763,11.658980082637145,5,2,3,R5
12539,2011-11-17 13:30:00,7,11214.75,21,1,1076.8835063260572,162.68252594890856,5,5,5,R5
12540,2011-11-20 11:31:00,33,22254.49,19,1,1934.4110989481987,292.6116648422298,5,5,5,R5
12541,2011-11-10 10:40:00,3,981.18,29,1,126.19890557068848,19.87983583560327,5,3,3,R5
12542,2010-08-12 19:12:00,2,481.88,483,1,88.84005272743346,14.226007909115019,2,3,2,R2
12543,2010-09-17 15:51:00,1,980.25,447,0,109.94135522432569,16.541203283648855,2,3,3,F3
12544,2011-11-03 16:15:00,1,372.7,35,0,38.462088732112136,5.81931330981682,5,2,2,R5
12545,2011-09-25 13:39:00,2,1000.39,74,1,110.03448828310405,17.405173242465608,5,3,3,F3
12546,2011-10-24 12:09:00,2,1161.5,46,1,146.95883437562404,22.943825156343607,5,3,3,R5
12547,2011-05-26 12:38:00,3,383.58,197,1,52.860902506834584,8.879135376025188,4,2,2,R4
12548,2011-06-26 15:35:00,1,95.19999999999999,165,0,10.952944610406092,1.692941691560914,4,1,1,F1
12549,2010-05-13 12:05:00,6,1575.68,575,1,143.6230717039731,22.643460755595964,1,3,4,M4
12550,2011-09-21 14:35:00,1,964.83,78,0,126.1687687409886,18.97531531114829,5,3,3,M3
12551,2010-12-17 11:23:00,1,168.0,357,0,23.978952727983707,3.646842909197556,3,1,1,M1
12552,2011-11-01 10:02:00,2,437.82,38,1,28.14043344065778,5.121065016098666,5,1,2,M2
12553,2011-12-01 16:38:00,12,4608.75,7,1,520.9965108934917,79.54947663402375,5,5,5,R5
12554,2010-09-17 12:29:00,1,468.5,448,0,54.54488054418479,8.231732081627719,2,2,2,F2
12555,2010-01-26 16:26:00,1,129.23,681,0,0.6931471805599453,0.1539720770839918,1,1,1,F1
12556,2011-10-20 13:06:00,2,603.71,49,1,142.00860888702525,22.20129133305379,5,3,2,R5
12557,2011-11-23 16:59:00,8,18716.14,15,1,257.93105278323776,39.88965791748566,5,4,5,R5
12558,2011-12-02 10:41:00,1,269.96,7,0,31.367655800415136,4.75514837006227,5,1,1,R5
12559,2011-02-02 09:49:00,2,561.71,310,1,50.73452544153206,8.510178816229809,3,2,2,F2
12560,2011-12-04 13:54:00,3,2134.01,4,1,241.1947225231727,37.129208378475894,5,4,4,R5
12561,2011-02-10 11:39:00,1,238.85,302,0,35.39023062515223,5.358534593772834,3,1,1,M1
12562,2011-12-01 17:20:00,9,4966.92,7,1,478.046963950666,72.9570445925999,5,5,5,R5
12563,2010-10-27 09:52:00,1,249.24,408,0,28.480097496277093,4.322014624441564,3,1,1,F1
12564,2011-03-23 14:55:00,1,456.9,260,0,38.77785573481091,5.866678360221637,4,2,2,M2
12565,2011-02-24 10:34:00,1,145.92,288,0,19.761089523141735,3.0141634284712597,3,1,1,F1
12566,2011-09-14 14:30:00,1,351.65,85,0,44.312220057509066,6.69683300862636,5,2,2,M2
12567,2011-11-17 11:02:00,15,13709.86,22,1,1393.1702876569298,210.52554314853947,5,5,5,R5
12568,2010-03-05 09:15:00,1,70.0,644,0,9.812029942047294,1.521804491307094,1,1,1,F1
12569,2011-12-07 16:24:00,32,4124.69,1,1,388.63659141363587,60.695488712045375,5,5,5,R5
12570,2010-01-26 17:28:00,1,77.52,681,0,0.6931471805599453,0.1539720770839918,1,1,1,F1
12571,2011-10-31 10:19:00,2,519.61,39,1,90.90981682524938,14.536472523787406,5,3,2,R5
12572,2011-12-01 09:20:00,2,1020.42,8,1,116.22077473687408,18.333116210531113,5,3,3,R5
12573,2011-04-26 15:52:00,5,717.41,226,1,144.25184471200916,22.687776706801372,4,3,3,R4
12574,2011-01-28 09:20:00,1,218.45,315,0,19.599523722624227,2.989928558393634,3,1,1,F1
12575,2010-09-08 13:09:00,2,622.8199999999999,456,1,78.1062967415552,12.61594451123328,2,3,2,R2
12576,2011-11-04 10:11:00,8,2142.72,35,1,327.4740390539098,50.32110585808646,5,4,4,R5
12577,2011-11-04 13:24:00,8,1653.75,34,1,397.09439395869134,60.76415909380369,5,5,4,R5
12578,2011-11-18 13:30:00,4,4642.45,20,1,418.67734969193714,63.801602453790565,5,5,5,R5
12579,2011-09-22 17:15:00,1,440.42,77,0,62.8963899740277,9.484458496104155,5,2,2,M2
12580,2011-04-07 10:24:00,2,1052.9,246,1,133.2660036357409,20.889900545361137,4,3,3,M3
12581,2011-10-31 08:56:00,1,197.71,39,0,34.47063581094726,5.220595371642088,5,1,1,R5
12582,2011-04-15 08:45:00,4,1980.4,238,1,218.278774714551,33.741816207182644,4,4,4,M4
12583,2011-12-07 08:07:00,27,14447.44,2,1,1263.2344523884747,191.6351678582712,5,5,5,R5
12584,2011-12-06 09:35:00,9,2338.15,3,1,145.2861475472118,23.04292213208177,5,3,4,R5
12585,2011-04-19 13:39:00,2,2040.1,233,1,210.53779836904715,32.48066975535707,4,4,4,M4
12586,2011-11-22 16:24:00,4,2062.67,16,1,176.05942497806967,27.40891374671045,5,4,4,R5
12587,2011-12-02 12:47:00,1,144.0,7,0,9.180087328805161,1.4270130993207741,5,1,1,R5
12588,2011-10-31 15:01:00,4,958.78,38,1,93.46580184308023,15.019870276462035,5,3,3,M3
12589,2011-11-11 10:19:00,8,4695.66,28,1,392.68265822956084,60.10239873443412,5,5,5,R5
12590,2011-05-12 14:52:00,2,9864.26,210,1,264.5551375151543,40.58327062727314,4,4,5,M5
12591,2011-01-26 14:35:00,3,1352.15,316,1,147.74773604844262,23.11216040726639,3,3,4,F3
12592,2011-09-08 15:04:00,5,2582.66,91,1,238.3345780307057,36.80018670460585,5,4,4,F4
12593,2011-08-23 12:43:00,3,418.09999999999997,108,1,49.01362473013705,8.302043709520559,5,2,2,M2
12594,2011-11-02 12:20:00,15,5090.110000000001,37,1,489.05038855493115,74.90755828323967,5,5,5,R5
12595,2010-07-23 09:10:00,1,299.02,504,0,43.99544443762653,6.64931666564398,2,2,1,R2
12596,2011-10-19 13:02:00,2,618.27,50,1,66.29436314255275,10.844154471382913,5,2,2,R5
12597,2011-11-20 13:33:00,4,3811.22,18,1,442.01925101479236,67.30288765221886,5,5,5,R5
12598,2011-11-30 12:18:00,11,4534.09,9,1,513.2011297700947,78.33016946551419,5,5,5,R5
12599,2011-11-10 13:34:00,13,2296.72,28,1,350.025310992691,53.95379664890365,5,5,4,R5
12600,2011-11-11 10:29:00,21,5043.92,28,1,291.04369805979843,45.50655470896976,5,4,5,R5
12601,2011-06-03 10:17:00,6,681.26,189,1,65.03251904612621,10.854877856918932,4,2,3,R4
12602,2011-10-12 11:22:00,1,153.12,58,0,30.52979709816947,4.6294695647254205,5,1,1,M1
12603,2011-11-18 10:42:00,1,739.1999999999999,21,0,6.122492809514386,0.9683739214271578,5,1,3,R5
12604,2011-09-21 14:08:00,2,254.18,78,1,38.62486800182665,6.693730200273997,5,2,1,R5
12605,2010-11-28 14:18:00,4,1232.95,375,1,186.25895456664495,28.938843184996742,3,4,3,R3
12606,2010-01-26 16:23:00,1,21.0,681,0,0.6931471805599453,0.1539720770839918,1,1,1,F1
12607,2011-10-10 16:06:00,1,1579.51,59,0,242.37944553068587,36.40691682960288,5,4,4,F4
12608,2010-10-31 10:49:00,1,415.79,404,0,37.18159074260989,5.627238611391483,3,1,2,M2
12609,2011-09-22 16:34:00,9,3435.86,77,1,366.81220317358384,56.27183047603757,5,5,5,R5
12610,2011-11-17 09:34:00,5,2099.54,22,1,223.55611818390705,34.58341772758605,5,4,4,R5
12611,2011-10-18 13:12:00,1,1193.32,51,0,148.55440187437503,22.333160281156253,5,3,3,R5
12612,2011-09-26 15:35:00,1,704.0400000000001,73,0,47.25024643975632,7.137536965963447,5,2,3,F2
12613,2011-10-13 14:59:00,10,6835.07,56,1,751.2772001289165,113.99158001933748,5,5,5,F5
12614,2011-03-07 10:22:00,1,315.6,277,0,29.061178522881317,4.409176778432197,4,1,2,F1
12615,2011-12-07 15:02:00,8,5740.98,1,1,640.1999076933943,97.22998615400914,5,5,5,R5
12616,2011-09-05 15:17:00,3,1131.1,94,1,119.18452778476927,18.827679167715388,5,3,3,F3
12617,2011-11-10 14:39:00,1,355.53,28,0,68.13472156962838,10.270208235444258,5,2,2,R5
12618,2011-11-18 11:10:00,1,177.31,21,0,21.152082405043178,3.2228123607564765,5,1,1,R5
12619,2011-11-23 14:52:00,10,3781.38,15,1,302.04133303524117,46.60619995528617,5,4,5,R5
12620,2011-11-25 10:20:00,3,1339.41,14,1,219.87789276526965,33.93168391479044,5,4,4,R5
12621,2011-12-08 11:25:00,35,24775.81,1,1,1969.6492321569292,297.9973848235394,5,5,5,R5
12622,2011-04-21 16:39:00,1,180.1,231,0,19.4652025666356,2.9697803849953397,4,1,1,F1
12623,2011-03-08 13:50:00,7,3747.84,275,1,404.4376507933732,61.81564761900598,4,5,5,R4
12624,2011-08-25 15:04:00,2,641.13,105,1,79.95583173856427,12.89337476078464,5,3,3,M2
12625,2011-05-12 09:54:00,4,5164.88,211,1,513.9063688099166,78.08595532148748,4,5,5,R4
12626,2011-11-16 16:06:00,9,6620.48,22,1,704.7736893150422,106.96605339725633,5,5,5,R5
12627,2011-11-29 12:07:00,7,4478.53,10,1,532.9102871146627,81.08654306719939,5,5,5,R5
12628,2011-12-05 13:15:00,3,786.46,3,1,91.98853214393266,14.7482798215899,5,3,3,R5
12629,2010-11-19 09:18:00,2,1558.22,385,1,119.82374863765133,18.8735622956477,3,3,4,R3
12630,2011-11-30 10:48:00,2,1270.88,9,1,133.157818862317,20.873672829347548,5,3,3,R5
12631,2011-10-13 13:53:00,6,3481.57,56,1,396.3111404513812,60.54667106770717,5,5,5,R5
12632,2010-07-07 09:39:00,2,804.88,520,1,97.93177032351943,15.589765548527915,2,3,3,F3
12633,2011-10-12 11:40:00,7,5678.16,58,1,674.3960462251213,102.30940693376817,5,5,5,F5
12634,2010-06-22 10:05:00,2,490.0,535,1,54.14421928017755,9.021632892026632,2,2,2,F2
12635,2011-09-11 11:04:00,4,2930.41,89,1,410.08017810239306,62.51202671535896,5,5,4,M4
12636,2009-12-01 09:55:00,1,141.0,738,0,0.6931471805599453,0.1539720770839918,1,1,1,F1
12637,2011-10-03 13:46:00,12,8340.31,66,1,1121.1359152852217,169.57038729278327,5,5,5,F5
12638,2011-11-06 13:11:00,2,921.49,32,1,120.76662820680819,19.01499423102123,5,3,3,M3
12639,2011-04-15 12:48:00,3,1312.37,238,1,140.72134266548736,22.0582013998231,4,3,4,R4
12640,2011-11-16 11:52:00,3,1174.58,23,1,93.7527076770853,15.012906151562795,5,3,3,R5
12641,2011-08-16 13:26:00,1,185.9,114,0,18.557481785444512,2.8336222678166765,5,1,1,F1
12642,2011-11-14 15:03:00,3,1013.26,24,1,107.45269174999655,17.06790376249948,5,3,3,R5
12643,2011-08-03 12:56:00,12,8350.42,127,1,202.88499442049462,31.832749163074194,5,4,5,M5
12644,2011-08-02 10:33:00,4,1918.49,129,1,235.1085560877502,36.266283413162526,5,4,4,M4
12645,2011-11-06 12:38:00,8,3539.3,33,1,401.88820486874494,61.48323073031173,5,5,5,R5
12646,2011-12-05 10:14:00,2,1346.97,4,1,124.39797669692948,19.559696504539424,5,3,4,R5
12647,2011-11-17 12:56:00,36,17924.35,21,1,1241.795773525647,188.86936602884708,5,5,5,R5
12648,2011-07-08 11:55:00,4,1112.0,154,1,129.8548833253648,20.47823249880472,4,3,3,M3
12649,2011-08-24 14:41:00,8,2294.65,106,1,299.6544014371963,46.148160215579445,5,4,4,M4
12650,2011-12-06 16:34:00,1,314.44,2,0,50.40023099915963,7.610034649873945,5,2,2,R5
12651,2011-01-09 12:46:00,4,377.75,334,1,65.9219432019061,10.888291480285915,3,2,2,M2
12652,2011-01-12 15:00:00,2,1017.03,330,1,115.87166642363084,18.28074996354463,3,3,3,F3
12653,2011-07-14 10:41:00,3,4160.83,148,1,247.97594245724858,38.14639136858728,4,4,5,F4
12654,2011-11-29 10:10:00,5,601.98,10,1,72.4368276414085,11.915524146211276,5,2,2,R5
12655,2010-10-12 09:17:00,1,261.35,423,0,26.028468707272385,3.9542703060908573,3,1,1,F1
12656,2011-11-22 13:42:00,8,6407.83,16,1,547.9352088739123,83.39028133108684,5,5,5,R5
12657,2011-11-28 15:47:00,4,1643.18,10,1,110.05995686311707,17.50899352946756,5,3,4,R5
12658,2011-11-21 10:22:00,1,686.05,18,0,73.51692064157909,11.077538096236864,5,2,3,R5
12659,2011-11-10 11:53:00,1,91.68,29,0,11.421358271444738,1.7632037407167107,5,1,1,R5
12660,2011-11-28 13:26:00,1,245.1,10,0,27.685041198972886,4.202756179845933,5,1,1,R5
12661,2010-09-29 16:46:00,1,162.0,435,0,32.791928203923554,4.968789230588532,2,1,1,M1
12662,2011-12-09 11:59:00,20,6988.02,0,1,865.4714030273256,131.62071045409883,5,5,5,R5
12663,2010-03-25 09:40:00,2,239.4,624,1,21.011929227747803,4.051789384162171,1,1,1,F1
12664,2011-12-01 17:07:00,11,6070.04,7,1,132.689343420712,21.253401513106798,5,3,5,R5
12665,2011-01-19 08:34:00,3,313.6,324,1,35.796708952275814,6.319506342841372,3,2,2,R3
12666,2010-11-10 16:40:00,1,1248.42,393,0,74.17778016246554,11.17666702436983,3,2,3,R3
12667,2011-10-12 17:00:00,1,620.13,57,0,76.86897187346261,11.580345781019393,5,2,2,R5
12668,2011-11-28 10:56:00,10,11444.68,11,1,1170.731013481264,176.9096520221896,5,5,5,R5
12669,2011-07-12 09:54:00,3,2744.0299999999997,150,1,233.79042973263617,36.01856445989542,4,4,4,F4
12670,2011-11-29 15:23:00,7,3760.29,9,1,290.6719481477169,44.75079222215753,5,4,5,R5
12671,2010-04-12 16:30:00,1,2622.481,605,0,141.94563895597125,21.34184584339569,1,3,4,M4
12672,2011-01-14 09:20:00,2,437.05,329,1,40.677009153826155,7.001551373073923,3,2,2,M2
12673,2011-12-04 13:55:00,3,1230.02,4,1,155.84483230003025,24.326724845004534,5,4,3,R5
12674,2011-11-01 12:12:00,4,1970.6,38,1,204.33507188074327,31.650260782111488,5,4,4,M4
12675,2010-06-04 09:49:00,2,958.5,553,1,142.6680155217274,22.30020232825911,2,3,3,M3
12676,2011-11-15 12:25:00,11,2843.09,24,1,282.48807033426607,43.7232105501399,5,4,4,R5
12677,2010-06-02 14:30:00,2,395.1,554,1,44.79952774540061,7.619929161810091,2,2,2,M2
12678,2011-10-28 13:04:00,21,34281.18,41,1,1405.204336144785,212.63065042171777,5,5,5,F5
12679,2011-10-12 12:30:00,4,1113.02,58,1,104.0880246297288,16.61320369445932,5,3,3,F3
12680,2011-12-09 12:50:00,4,880.81,0,1,107.64776374268881,17.147164561403322,5,3,3,R5
12681,2011-11-25 11:33:00,45,30868.28,14,1,3440.1944848725875,519.0791727308881,5,5,5,R5
12682,2011-12-06 10:00:00,52,24033.91,3,1,2341.312846906562,354.5969270359843,5,5,5,R5
12683,2011-12-05 16:31:00,21,12696.78,3,1,1356.1234283760084,205.2685142564013,5,5,5,R5
12684,2011-12-02 09:53:00,7,2283.63,7,1,285.0835604040445,43.91253406060667,5,4,4,R5
12685,2011-11-11 13:46:00,6,2863.08,27,1,346.5907270793516,53.08860906190274,5,4,4,R5
12686,2010-12-03 09:51:00,1,178.28,371,0,35.75513728577198,5.413270592865796,3,1,1,M1
12687,2010-08-16 12:12:00,2,2138.91,480,1,289.8053655734423,44.37080483601635,2,4,4,M4
12688,2011-08-18 08:49:00,1,4873.8099999999995,113,0,440.90473887453766,66.18571083118064,5,5,5,M5
12689,2011-11-14 08:31:00,2,1247.61,25,1,156.98497607091034,24.44774641063655,5,4,3,R5
12690,2011-05-18 09:09:00,1,389.01,205,0,30.075259320063314,4.561288898009496,4,1,2,R4
12691,2011-11-11 16:49:00,7,1170.4,27,1,83.89128844338322,13.733693266507483,5,3,3,R5
12692,2010-03-12 14:02:00,1,110.95,636,0,16.336556254368148,2.500483438155222,1,1,1,F1
12693,2011-08-04 17:51:00,7,1703.02,126,1,150.3039372671489,23.69559059007234,5,4,4,M4
12694,2011-09-30 13:06:00,3,1843.35,69,1,217.40764497122035,33.56114674568305,5,4,4,F4
12695,2011-12-02 13:22:00,7,1407.1200000000001,6,1,114.83158365268471,18.374737547902708,5,3,4,R5
12696,2010-10-01 10:43:00,2,851.91,434,1,117.08837352053483,18.463256028080227,2,3,3,F3
12697,2011-11-11 08:47:00,3,957.59,28,1,94.85262132103136,15.177893198154706,5,3,3,R5
12698,2010-04-28 15:51:00,1,339.75,589,0,30.781309905459167,4.667196485818875,1,1,2,F1
12699,2010-10-18 12:07:00,1,638.11,417,0,88.60101927208949,13.340152890813423,3,3,3,R3
12700,2011-12-02 10:47:00,4,4939.99,7,1,621.2648384605956,94.18972576908934,5,5,5,R5
12701,2011-09-21 10:47:00,6,2446.41,79,1,341.205095107924,52.2807642661886,5,4,4,M4
12702,2011-11-20 10:36:00,1,219.0,19,0,19.242660796355278,2.9363991194532915,5,1,1,R5
12703,2011-09-29 17:52:00,4,1006.53,70,1,154.36515149378766,24.15477272406815,5,4,3,M3
12704,2011-12-02 13:15:00,8,2340.84,6,1,188.25123763798427,29.43768564569764,5,4,4,R5
12705,2011-11-24 13:17:00,14,11762.1,14,1,1435.5465431933035,216.83198147899552,5,5,5,R5
12707,2011-02-21 08:38:00,1,603.42,291,0,68.86733250431791,10.380099875647687,3,2,2,F2
12708,2011-11-10 09:52:00,18,5314.1,29,1,627.4891196116669,95.82336794175004,5,5,5,R5
12709,2011-11-24 15:38:00,34,31093.34,14,1,1494.2623501279734,226.639352519196,5,5,5,R5
12710,2011-09-04 12:00:00,3,1149.02,96,1,177.17181860439135,27.5257727906587,5,4,3,M3
12711,2010-04-07 11:59:00,2,1339.05,611,1,147.78087813527029,23.067131720290543,1,3,4,F3
12712,2011-11-11 08:19:00,21,7193.66,28,1,551.3813117764289,84.55719676646433,5,5,5,R5
12713,2011-12-09 12:16:00,1,848.55,0,0,97.31820354806447,14.647730532209671,5,3,3,R5
12714,2011-11-30 15:43:00,12,14093.71,8,1,1685.1639345952688,254.1745901892903,5,5,5,R5
12715,2011-08-25 15:22:00,1,353.86,105,0,47.34798153284327,7.15219722992649,5,2,2,F2
12716,2011-12-06 08:55:00,2,1053.49,3,1,154.9284352220649,24.139265283309737,5,4,3,R5
12717,2011-07-11 14:47:00,3,1308.91,150,1,148.92431191744222,23.288646787616333,4,3,4,R4
12718,2011-09-29 16:38:00,1,238.25,70,0,43.73697173081414,6.610545759622121,5,2,1,R5
12719,2011-12-04 13:45:00,2,644.95,4,1,83.52152575568007,13.428228863352011,5,3,3,R5
12720,2011-12-07 08:03:00,30,8260.67,2,1,1192.7166411445696,181.20749617168545,5,5,5,R5
12721,2011-11-08 12:13:00,8,4013.08,31,1,535.4852005309766,81.5227800796465,5,5,5,R5
12722,2011-09-15 14:50:00,4,997.63,84,1,118.61864469305992,18.792796703958988,5,3,3,M3
12723,2011-12-06 10:19:00,5,725.07,3,1,111.6384900550692,17.79577350826038,5,3,3,R5
12724,2011-12-04 16:02:00,7,2317.52,4,1,287.8555301963111,44.32832952944666,5,4,4,R5
12725,2010-12-03 15:45:00,4,2694.56,370,1,263.4897213227996,40.52345819841994,3,4,4,R3
12726,2011-11-11 13:35:00,11,4014.6,27,1,531.2877989447145,81.04316984170717,5,5,5,R5
12727,2011-11-29 11:46:00,10,5679.53,10,1,510.1441748804028,77.82162623206041,5,5,5,R5
12728,2011-09-29 15:31:00,5,1070.17,70,1,124.15820466356013,19.67373069953402,5,3,3,F3
12729,2011-08-18 11:40:00,1,453.01,113,0,54.51534267561837,8.227301401342755,5,2,2,F2
12730,2010-07-06 12:19:00,1,829.25,521,0,77.91632434966631,11.737448652449947,2,2,3,M3
12731,2011-11-16 11:59:00,17,25775.71,23,1,1212.3503477463203,183.50255216194805,5,5,5,R5
12732,2011-06-13 11:33:00,1,236.26000000000002,179,0,25.910586087107713,3.9365879130661567,4,1,1,R4
12733,2011-04-19 16:19:00,4,2424.87,233,1,267.7366145876764,41.16049218815146,4,4,4,F4
12734,2010-12-22 12:47:00,3,639.65,352,1,43.92182540324455,7.538273810486682,3,2,3,R3
12735,2011-01-28 13:37:00,2,779.5699999999999,314,1,83.03397254307082,13.355095881460622,3,3,3,M3
12736,2011-01-11 07:57:00,1,234.0,332,0,13.025301664561198,2.0037952496841793,3,1,1,F1
12737,2010-07-29 12:29:00,2,3710.5,498,1,1.3862943611198906,1.1079441541679835,2,1,5,F1
12738,2010-12-02 18:27:00,1,310.7,371,0,51.2404147582139,7.736062213732085,3,2,2,R3
12739,2011-09-22 13:00:00,4,2726.73,77,1,199.4899718109624,30.923495771644358,5,4,4,F4
12740,2011-10-07 10:44:00,1,427.6,63,0,65.78994952099221,9.918492428148832,5,2,2,M2
12741,2010-06-28 14:36:00,2,406.07,528,1,38.817095308550215,6.722564296282531,2,2,2,M2
12742,2010-03-24 12:43:00,1,1201.52,625,0,170.80049204074226,25.67007380611134,1,4,3,M3
12743,2011-07-28 16:21:00,2,546.43,133,1,124.63935745880453,19.59590361882068,5,3,2,F3
12744,2011-10-19 11:18:00,11,25317.06,51,1,913.9317207160238,138.4397581074036,5,5,5,F5
12745,2010-08-10 10:14:00,3,925.41,486,1,62.27382324750501,10.291073487125752,2,2,3,M3
12746,2010-06-17 10:41:00,1,254.55,540,0,30.63178532461115,4.644767798691673,2,1,1,F1
12747,2011-12-07 14:34:00,26,9276.539999999999,1,1,557.4665875016625,85.71998812524937,5,5,5,R5
12748,2011-12-09 12:20:00,336,56599.39,0,1,9292.81924105043,1411.5228861575645,5,5,5,R5
12749,2011-12-06 09:56:00,9,6897.36,3,1,617.6947422013523,93.90421133020284,5,5,5,R5
12750,2011-08-03 09:13:00,1,275.88,128,0,29.705170472643115,4.505775570896467,5,1,1,F1
12751,2010-09-21 12:49:00,1,268.27,444,0,74.25675648068712,11.188513472103068,2,2,1,F2
12752,2011-09-19 13:32:00,1,4366.78,80,0,192.18704484508754,28.87805672676313,5,4,5,R5
12753,2011-11-17 10:52:00,6,21429.39,22,1,775.3500834699855,117.40251252049782,5,5,5,R5
12754,2011-04-18 09:00:00,3,3010.74,235,1,117.98842543853625,18.648263815780435,4,3,5,F3
12755,2011-03-04 12:42:00,11,9030.66,280,1,126.73920770645266,20.3608811559679,3,3,5,M5
12756,2011-09-14 09:31:00,1,112.07999999999998,86,0,13.947086915752992,2.1420630373629486,5,1,1,F1
12757,2011-11-24 12:30:00,13,7857.1,15,1,618.8219049780703,94.27328574671054,5,5,5,R5
12758,2011-08-15 10:22:00,7,9903.24,116,1,874.8718635540193,132.3807795331029,5,5,5,F5
12759,2011-10-18 14:49:00,8,5020.74,51,1,687.2778532367114,104.29167798550671,5,5,5,F5
12760,2010-09-10 08:50:00,1,347.8,455,0,45.55856740564727,6.883785110847089,2,2,2,M2
12761,2010-09-08 12:17:00,2,782.95,457,1,62.18100367707438,10.227150551561158,2,2,3,F2
12762,2011-12-02 10:23:00,2,1898.52,7,1,179.06119315840294,27.75917897376044,5,4,4,R5
12763,2011-07-24 14:12:00,2,814.16,137,1,88.76985549555502,14.215478324333253,4,3,3,M3
12764,2011-01-27 10:19:00,1,1693.88,316,0,97.0369931712006,14.60554897568009,3,3,4,M4
12765,2010-08-24 13:51:00,6,1404.58,471,1,174.2734195937917,27.241012939068753,2,4,4,R2
12766,2011-12-06 08:46:00,9,10068.28,3,1,1077.4398991369974,162.8659848705496,5,5,5,R5
12767,2010-11-29 09:38:00,1,949.82,375,0,108.11817557728885,16.267726336593327,3,3,3,M3
12768,2010-09-15 12:08:00,1,168.69000000000003,450,0,20.888654335290468,3.1832981502935698,2,1,1,F1
12769,2011-04-15 10:25:00,1,1143.6,238,0,70.92103959421246,10.68815593913187,4,2,3,R4
12770,2011-05-13 09:33:00,2,3246.45,210,1,113.37196047337638,17.905794071006458,4,3,5,R4
12771,2010-08-11 11:51:00,1,282.3,485,0,27.829733580245186,4.224460037036778,2,1,1,R2
12772,2011-10-11 09:19:00,1,892.47,59,0,119.13720474701641,17.920580712052463,5,3,3,M3
12773,2010-05-24 17:30:00,1,124.25,563,0,14.084353788529475,2.162653068279421,2,1,1,F1
12774,2010-06-22 10:38:00,1,98.7,535,0,12.73180067479824,1.959770101219736,2,1,1,F1
12775,2011-11-22 16:33:00,7,1686.12,16,1,190.0169000185299,29.652535002779487,5,4,4,R5
12776,2010-02-10 12:11:00,1,55.5,667,0,8.747034264178168,1.3620551396267253,1,1,1,F1
12777,2010-09-08 11:35:00,1,519.45,457,0,62.738955565960374,9.460843334894056,2,2,2,F2
12778,2011-11-20 11:30:00,9,1775.68,19,1,278.8422014475473,43.076330217132096,5,4,4,R5
12779,2011-11-02 11:43:00,14,6722.2699999999995,37,1,660.0251921822165,100.50377882733248,5,5,5,F5
12780,2010-04-20 09:40:00,1,337.4,598,0,47.572586744065084,7.185888011609762,1,2,2,F2
12781,2011-10-07 10:37:00,2,826.74,63,1,78.19310301795589,12.628965452693384,5,3,3,M3
12782,2011-12-05 09:16:00,11,4618.24,4,1,477.28313865615274,72.9424707984229,5,5,5,R5
12783,2011-12-07 15:56:00,6,2225.91,1,1,159.34360262156372,25.00154039323456,5,4,4,R5
12784,2011-11-30 15:38:00,3,1804.75,8,1,232.22280115538638,35.78342017330795,5,4,4,R5
12785,2010-12-10 13:48:00,3,1100.4,363,1,109.20831655915495,17.33124748387324,3,3,3,F3
12786,2010-04-09 12:12:00,1,728.5,609,0,49.13147816444454,7.4197217246666805,1,2,3,F2
12787,2011-11-30 08:44:00,4,862.18,9,1,102.9422532786551,16.441337991798264,5,3,3,R5
12788,2010-09-02 14:21:00,4,444.9,462,1,51.841703909689194,8.776255586453379,2,2,2,F2
12789,2011-10-05 13:34:00,3,273.35,64,1,9.704060527839234,2.4056090791758855,5,1,1,F1
12790,2011-05-31 14:14:00,2,591.85,191,1,73.64949940946421,11.947424911419631,4,2,2,R4
12791,2010-12-01 11:27:00,6,1056.1100000000001,373,1,63.177177075277044,10.576576561291558,3,2,3,R3
12792,2011-03-28 11:36:00,2,827.01,256,1,97.22788467867764,15.484182701801645,4,3,3,F3
12793,2011-01-09 12:12:00,3,1017.33,334,1,115.55363712680156,18.28304556902023,3,3,3,F3
12794,2011-10-17 14:54:00,2,860.41,52,1,112.40675321341705,17.76101298201256,5,3,3,F3
12795,2011-11-21 10:27:00,1,430.48,18,0,23.616907243710198,3.5925360865565295,5,1,2,R5
12796,2010-03-21 15:49:00,1,381.0,627,0,21.702535515578987,3.305380327336848,1,1,2,F1
12797,2010-12-09 10:55:00,2,806.11,365,1,84.59184809108487,13.58877721366273,3,3,3,R3
12798,2011-11-29 15:52:00,4,8510.93,9,1,135.80763139741742,21.37114470961261,5,3,5,R5
12799,2010-06-28 15:57:00,1,219.35,528,0,32.94487532168303,4.9917312982524535,2,1,1,M1
12800,2010-08-26 14:11:00,3,584.25,469,1,71.41375285763122,11.662062928644684,2,2,2,R2
12801,2010-07-27 09:38:00,1,1071.82,500,0,106.62547272578382,16.043820908867573,2,3,3,R2
12802,2011-06-06 09:36:00,7,2416.42,186,1,330.1225205292075,50.66837807938113,4,4,4,R4
12803,2010-11-11 14:57:00,1,1092.81,392,0,146.31456925982516,21.997185388973776,3,3,3,R3
12804,2010-08-31 11:58:00,2,327.02,465,1,87.45049303057363,14.017573954586044,2,3,2,R2
12805,2010-11-23 12:27:00,4,1434.95,381,1,130.79247100911184,20.618870651366773,3,3,4,R3
12806,2010-09-30 13:34:00,4,2878.96,434,1,189.79988374827732,29.469982562241597,2,4,4,M4
12807,2010-11-21 14:21:00,1,330.35,382,0,32.316841546752094,4.8975262320128135,3,1,2,R3
12808,2011-11-03 10:05:00,5,906.1,36,1,106.14650203355241,16.97197530503286,5,3,3,F3
12809,2011-06-15 10:51:00,3,1755.94,177,1,146.0780488989231,22.861707334838464,4,3,4,R4
12810,2010-06-23 10:53:00,2,534.99,534,1,76.71929710485855,12.407894565728784,2,3,2,M2
12811,2011-03-24 09:42:00,5,1033.9,260,1,112.57246401706469,17.935869602559702,4,3,3,F3
12812,2011-10-26 09:54:00,1,229.64000000000001,44,0,34.945665700087325,5.291849855013099,5,1,1,R5
12813,2010-07-26 09:50:00,3,1687.8,501,1,133.3348616929849,20.950229253947732,2,3,4,R2
12814,2011-08-30 12:11:00,1,125.92,101,0,4.584967478670571,0.7377451218005857,5,1,1,F1
12815,2011-07-15 10:21:00,2,1063.46,147,1,95.62164429621289,15.243246644431935,4,3,3,M3
12816,2011-09-05 12:41:00,2,572.2,95,1,44.13633755311889,7.520450632967833,5,2,2,F2
12817,2011-03-03 16:28:00,3,690.98,280,1,51.88237033319476,8.732355549979214,3,2,3,F2
12818,2011-03-23 12:06:00,1,1542.08,261,0,44.65057204453812,6.747585806680718,4,2,4,F2
12819,2010-09-07 15:20:00,1,540.52,457,0,49.29487869214082,7.444231803821123,2,2,2,F2
12820,2011-12-06 15:12:00,11,2689.52,2,1,376.98900229291496,57.89835034393724,5,5,4,R5
12821,2011-05-09 15:51:00,2,220.8,213,1,31.386682923101574,5.608002438465236,4,1,1,R4
12822,2011-09-30 10:04:00,2,948.88,70,1,108.66684530943084,17.200026796414626,5,3,3,F3
12823,2011-09-26 07:35:00,18,6501.5,74,1,69.95397197334859,12.19309579600229,5,2,5,M5
12824,2011-10-11 12:49:00,1,397.12,59,0,55.83406564505403,8.425109846758104,5,2,2,F2
12825,2010-07-06 13:56:00,2,518.63,520,1,42.2658358959077,7.2398753843861545,2,2,2,M2
12826,2011-12-07 10:25:00,12,2955.75,2,1,399.042663479763,61.25639952196445,5,5,4,R5
12827,2011-12-04 12:17:00,3,430.15000000000003,5,1,52.3161322754761,8.797419841321416,5,2,2,R5
12828,2011-12-07 08:45:00,6,1018.71,2,1,116.58623150733743,18.587934726100617,5,3,3,R5
12829,2011-01-07 11:13:00,3,385.3,336,1,43.07660635831967,7.4114909537479505,3,2,2,M2
12830,2011-11-02 11:54:00,6,6814.64,37,1,200.59902412974543,31.189853619461815,5,4,5,M5
12831,2011-03-22 13:02:00,3,451.11,261,1,53.463126892163274,8.969469033824492,4,2,2,M2
12832,2011-11-07 13:30:00,2,383.03,31,1,53.10943095226676,8.866414642840015,5,2,2,R5
12833,2011-07-17 13:46:00,1,417.38,144,0,41.69805355931431,6.304708033897146,4,2,2,M2
12834,2011-03-02 09:49:00,1,312.38,282,0,31.046728939921614,4.707009340988241,3,1,2,F1
12835,2010-10-08 10:59:00,41,6043.31,427,1,794.8964332263706,122.08446498395558,3,5,5,F5
12836,2011-10-11 15:10:00,15,6585.62,58,1,656.214591532347,99.98218872985204,5,5,5,F5
12837,2011-06-19 16:07:00,2,688.41,172,1,99.6710372031089,15.850655580466334,4,3,3,F3
12838,2011-11-06 12:20:00,10,3398.48,33,1,590.3387182020491,89.85080773030737,5,5,5,R5
12839,2011-12-07 12:33:00,26,10071.73,2,1,1394.400149725485,211.2600224588228,5,5,5,R5
12840,2011-07-19 09:29:00,7,4041.97,143,1,437.39691368882944,66.75953705332441,4,5,5,R4
12841,2011-12-05 11:13:00,40,7540.68,4,1,1243.7929795221232,189.36894692831848,5,5,5,R5
12842,2011-09-30 15:33:00,4,1917.99,69,1,129.78245300330357,20.467367950495536,5,3,4,M4
12843,2011-10-05 12:09:00,30,6588.41,65,1,445.79834658469997,69.16975198770498,5,5,5,M5
12844,2011-11-10 13:31:00,4,648.6,28,1,111.319527494833,17.69792912422495,5,3,3,R5
12845,2011-03-17 13:34:00,4,354.09,266,1,25.888932194875316,4.883339829231297,4,1,2,M2
12846,2010-01-26 16:29:00,1,15.58,681,0,0.6931471805599453,0.1539720770839918,1,1,1,F1
12847,2011-11-17 13:16:00,2,1636.8999999999999,21,1,257.8617451963588,39.579261779453816,5,4,4,R5
12848,2010-02-02 12:45:00,1,208.0,675,0,23.539048737851502,3.580857310677725,1,1,1,F1
12849,2011-11-08 13:41:00,6,3090.56,30,1,308.6340389364478,47.39510584046716,5,4,5,R5
12850,2010-09-20 12:26:00,1,330.0,445,0,9.23024103368252,1.4345361550523779,2,1,2,F1
12851,2011-09-04 12:41:00,2,284.13,96,1,78.16319907348831,12.624479861023246,5,3,1,R5
12852,2011-02-18 08:47:00,1,311.55,294,0,35.23174649117213,5.334761973675819,3,1,2,F1
12853,2011-07-28 11:29:00,11,3907.5,134,1,330.02527440566865,50.85379116085029,5,4,5,F4
12854,2011-09-22 12:15:00,7,2994.02,78,1,450.09336037204224,68.66400405580633,5,5,4,R5
12855,2010-12-02 09:37:00,4,650.9399999999999,372,1,94.58031486074667,15.187047229112,3,3,3,R3
12856,2011-12-02 10:52:00,6,2179.93,7,1,407.17289694750843,62.17593454212626,5,5,4,R5
12857,2011-05-13 10:20:00,6,3688.0,210,1,282.2088713933639,43.43133070900458,4,4,5,R4
12858,2010-11-21 12:55:00,1,177.92,382,0,38.448273160799445,5.817240974119916,3,2,1,R3
12859,2010-09-07 12:20:00,1,575.1,458,0,49.819023446347906,7.5228535169521855,2,2,2,F2
12860,2010-01-15 15:22:00,1,55.47,692,0,14.503974790619838,2.225596218592975,1,1,1,F1
12861,2010-03-30 11:39:00,1,68.25,619,0,6.921658184151129,1.0882487276226693,1,1,1,F1
12862,2010-10-10 11:47:00,2,1008.3199999999999,425,1,182.2113506341989,28.23170259512984,3,4,3,M3
12863,2011-10-18 14:15:00,6,2792.5499999999997,51,1,123.21013144601656,19.581519716902484,5,3,4,R5
12864,2011-07-24 13:03:00,2,299.57,137,1,25.184194187109746,4.677629128066462,4,1,1,F1
12865,2011-11-13 14:31:00,4,3323.47,25,1,431.07772669883184,65.66165900482477,5,5,5,R5
12866,2011-03-01 14:11:00,3,1227.35,282,1,133.1857342561146,20.92786013841719,3,3,3,F3
12867,2011-11-13 15:30:00,13,7913.29,25,1,2015.958041348142,303.84370620222126,5,5,5,R5
12868,2011-06-07 10:42:00,8,2247.06,185,1,312.34776802083627,48.05216520312543,4,4,4,R4
12869,2010-01-27 12:10:00,1,337.66999999999996,681,0,49.60617081070647,7.49092562160597,1,2,2,F2
12870,2010-11-29 13:42:00,3,1676.95,374,1,195.15838652597563,30.22375797889634,3,4,4,R3
12871,2011-09-16 15:07:00,3,744.02,83,1,51.38396818785728,8.657595228178591,5,2,3,F2
12872,2011-01-17 10:52:00,12,3685.4900000000002,326,1,616.3399220170893,93.85098830256338,3,5,5,F5
12873,2011-03-02 14:58:00,3,2027.3,281,1,102.02649883099386,16.253974824649077,3,3,4,M4
12874,2010-11-19 15:23:00,2,948.42,384,1,113.13312743041158,17.869969114561737,3,3,3,R3
12875,2011-07-19 15:30:00,5,1356.99,142,1,50.014633632660725,8.55219504489911,4,2,4,F2
12876,2011-10-13 12:26:00,4,4081.79,57,1,445.1227626182653,67.7684143927398,5,5,5,R5
12877,2011-12-06 10:30:00,20,2955.17,3,1,528.1270075169352,81.01905112754028,5,5,4,R5
12878,2011-04-17 13:07:00,2,854.99,235,1,112.49327253098626,17.77399087964794,4,3,3,F3
12879,2011-10-26 12:24:00,3,573.22,44,1,33.59368289149775,5.9890524337246624,5,2,2,R5
12880,2010-11-23 10:50:00,2,640.13,381,1,68.5205298210317,11.178079473154755,3,2,3,R3
12881,2011-03-09 11:44:00,1,298.0,275,0,9.153770020487789,1.4230655030731683,4,1,1,F1
12882,2011-11-30 16:18:00,2,1463.04,8,1,37.29032196071861,6.49354829410779,5,2,4,R5
12883,2011-11-15 09:32:00,4,703.47,24,1,64.73921518858029,10.710882278287043,5,2,3,R5
12884,2011-09-12 13:10:00,1,309.05,87,0,12.897468293051313,1.984620243957697,5,1,2,F1
12885,2011-10-07 13:40:00,3,1175.22,62,1,149.64257522195186,23.396386283292777,5,3,3,R5
12886,2011-10-03 10:09:00,2,1378.4,67,1,167.9257986460772,26.08886979691158,5,4,4,R5
12887,2010-11-21 11:18:00,1,222.4,383,0,24.57389907390807,3.7360848610862103,3,1,1,R3
12888,2011-05-09 16:02:00,2,354.12,213,1,13.346506429051622,2.901975964357743,4,1,2,F1
12889,2010-11-23 16:08:00,4,385.46000000000004,380,1,40.59745544784015,7.089618317176022,3,2,2,R3
12890,2011-11-15 17:26:00,2,717.27,23,1,163.40525775754253,25.41078866363138,5,4,3,R5
12891,2011-06-07 12:31:00,11,840.5,185,1,54.839429479969844,9.575914421995478,4,2,3,R4
12892,2010-11-08 09:51:00,1,263.38,396,0,35.80241211529414,5.42036181729412,3,1,1,R3
12893,2011-11-09 12:34:00,1,188.14,30,0,39.047564923971805,5.90713473859577,5,2,1,R5
12894,2010-05-13 14:47:00,1,157.35,574,0,18.229221888904647,2.7843832833356967,1,1,1,F1
12895,2011-10-28 13:51:00,2,372.8,41,1,47.79209557988296,8.068814336982443,5,2,2,R5
12897,2011-05-19 12:13:00,4,514.25,204,1,35.15512038228211,6.273268057342316,4,2,2,R4
12898,2010-09-02 08:08:00,2,310.96000000000004,463,1,40.19915495300873,6.929873242951309,2,2,2,R2
12899,2010-10-22 09:53:00,1,366.4,413,0,31.466101950292924,4.7699152925439385,3,1,2,M2
12900,2010-10-13 15:17:00,1,340.33,421,0,30.041871306819328,4.556280696022899,3,1,2,F1
12901,2011-12-01 10:07:00,28,17654.54,8,1,442.72329462107797,68.60849419316169,5,5,5,R5
12902,2011-03-20 12:06:00,1,138.68,264,0,17.90949005355766,2.7364235080336488,4,1,1,F1
12903,2010-10-07 12:39:00,1,833.53,428,0,98.96151368881124,14.894227053321686,3,3,3,M3
12904,2011-11-21 14:34:00,2,509.58,17,1,96.73108346971941,15.40966252045791,5,3,2,R5
12905,2010-05-12 10:05:00,2,1018.42,576,1,116.19752909367803,18.329629364051705,1,3,3,F3
12906,2011-11-28 09:55:00,5,2919.81,11,1,187.1914676930249,29.128720153953733,5,4,4,R5
12907,2010-11-09 12:08:00,2,508.91,395,1,47.10639769579573,7.9659596543693585,3,2,2,F2
12908,2011-06-16 15:39:00,5,1776.0,175,1,31.992974672676038,5.8489462009014055,4,2,4,M4
12909,2011-10-31 12:43:00,8,3103.19,39,1,356.4703696333155,54.67055544499732,5,5,5,R5
12910,2011-11-16 14:28:00,13,5796.52,22,1,430.13717476657934,65.9705762149869,5,5,5,R5
12911,2010-06-06 12:13:00,1,1680.47,551,0,293.8288680426539,44.12433020639808,2,4,4,F4
12912,2011-12-07 08:55:00,5,1662.3,2,1,78.3377090575448,12.80065635863172,5,3,4,R5
12913,2011-12-05 12:11:00,13,6700.860000000001,4,1,293.5225114484719,45.47837671727078,5,4,5,R5
12914,2010-11-04 12:28:00,1,223.98,400,0,28.57730456681108,4.336595685021662,3,1,1,R3
12915,2011-07-14 11:34:00,4,1174.75,148,1,122.93173117985297,19.439759676977946,4,3,3,F3
12916,2011-07-24 10:35:00,7,4654.0199999999995,138,1,370.7754680292811,56.766320204392166,4,5,5,M5
12917,2011-08-03 16:42:00,6,4359.2,127,1,128.76915222971132,20.4153728344567,5,3,5,F3
12918,2010-03-23 15:22:00,1,10953.5,625,0,0.6931471805599453,0.1539720770839918,1,1,5,F1
12919,2011-12-01 13:47:00,6,1335.19,7,1,124.18942120910403,19.728413181365603,5,3,4,R5
12920,2011-11-22 15:05:00,4,488.09000000000003,16,1,91.83365932904039,14.775048899356058,5,3,2,R5
12921,2011-11-30 16:22:00,74,35921.04,8,1,3876.6995415449173,586.0049312317376,5,5,5,R5
12922,2011-07-01 15:35:00,1,405.38,160,0,70.25184093740825,10.587776140611238,4,2,2,M2
12923,2011-10-06 16:20:00,3,789.87,63,1,82.00483353993668,13.250725030990504,5,3,3,R5
12924,2011-09-12 13:55:00,12,2469.4,87,1,160.7185551811025,25.507783277165373,5,4,4,M4
12925,2011-12-05 11:11:00,3,729.3299999999999,4,1,122.07912902611918,19.261869353917874,5,3,3,R5
12926,2010-10-24 15:57:00,4,1548.46,410,1,307.20750096142933,47.0811251442144,3,4,4,F4
12927,2010-11-10 10:02:00,1,197.31,394,0,27.65049368998864,4.197574053498296,3,1,1,M1
12928,2011-11-04 14:24:00,12,4304.89,34,1,468.51444883448517,71.67716732517276,5,5,5,R5
12929,2011-02-01 12:08:00,1,117.85,311,0,11.773688448070747,1.816053267210612,3,1,1,F1
12930,2011-09-22 15:18:00,2,415.8,77,1,54.67017594129553,9.10052639119433,5,2,2,M2
12931,2011-11-18 12:39:00,57,92347.34,21,1,1134.3692482117183,173.80538723175775,5,5,5,R5
12932,2010-06-18 14:22:00,8,1698.56,538,1,240.96139982728647,37.34420997409296,2,4,4,F4
12933,2011-11-15 16:38:00,8,1687.03,23,1,319.3992941847699,49.10989412771548,5,4,4,R5
12934,2009-12-03 10:51:00,1,181.65,736,0,4.127134385045092,0.6690701577567638,1,1,1,F1
12935,2011-12-07 17:25:00,15,4243.86,1,1,600.4074103986909,91.61111155980363,5,5,5,R5
12936,2011-11-22 17:32:00,4,1063.9,16,1,114.6454875863157,18.196823137947355,5,3,3,R5
12937,2011-11-24 15:05:00,9,3097.61,14,1,440.85625890515746,67.37843883577362,5,5,5,R5
12938,2011-11-14 11:21:00,1,114.14,25,0,23.45953842827182,3.568930764240773,5,1,1,R5
12939,2011-10-06 14:33:00,20,25264.8,63,1,397.6124519265923,61.441867788988844,5,5,5,M5
12940,2011-10-16 12:09:00,2,913.54,54,1,138.83143939962494,21.724715909943743,5,3,3,M3
12941,2009-12-15 13:12:00,1,377.49,723,0,67.14589985972991,10.121884978959487,1,2,2,M2
12942,2011-07-31 14:39:00,3,942.65,130,1,111.07835798198911,17.611753697298365,5,3,3,M3
12943,2010-05-30 13:52:00,2,496.5,557,1,49.87271648737592,8.380907473106387,2,2,2,F2
12944,2011-11-04 11:04:00,2,604.51,35,1,66.2749885083364,10.841248276250461,5,2,2,R5
12945,2011-02-24 14:15:00,2,900.11,287,1,103.85656021662906,16.478484032494357,3,3,3,M3
12946,2010-09-29 10:14:00,1,324.45,436,0,39.91374124922264,6.0370611873833955,2,2,2,M2
12947,2011-07-19 10:06:00,6,1908.03,143,1,264.0348228619511,40.70522342929266,4,4,4,M4
12948,2011-11-23 17:10:00,9,2317.43,15,1,276.417917638341,42.71268764575115,5,4,4,R5
12949,2011-11-09 11:25:00,22,15526.7,30,1,1664.8129172027059,251.62193758040587,5,5,5,F5
12950,2011-12-07 13:17:00,3,1843.0,1,1,87.06624447758603,14.009936671637904,5,3,4,R5
12951,2011-12-01 12:14:00,15,3213.7200000000003,8,1,411.16057379653665,63.22408606948049,5,5,5,R5
12952,2011-12-04 10:35:00,4,1387.79,5,1,155.8347906646,24.37521859969,5,4,4,R5
12953,2011-11-30 09:24:00,2,828.8100000000001,9,1,89.18441868975387,14.27766280346308,5,3,3,R5
12954,2010-03-11 10:16:00,1,162.45,638,0,21.147383884261625,3.2221075826392434,1,1,1,M1
12955,2011-12-08 16:29:00,11,4757.16,0,1,520.382064925401,79.40730973881014,5,5,5,R5
12956,2011-02-06 16:08:00,4,521.89,305,1,74.87776354400516,12.231664531600774,3,2,2,M2
12957,2011-11-30 09:53:00,13,8706.97,9,1,1042.462323893228,157.8193485839842,5,5,5,R5
12958,2010-11-04 16:16:00,2,539.49,399,1,58.20502922978834,9.63075438446825,3,2,2,F2
12959,2010-08-12 17:20:00,1,150.95,483,0,16.741666039582945,2.5612499059374416,2,1,1,F1
12960,2010-10-22 09:31:00,4,1322.07,413,1,178.3197711940296,27.747965679104443,3,4,4,R3
12961,2010-11-25 16:44:00,1,211.99,378,0,57.76831157817607,8.71524673672641,3,2,1,R3
12962,2011-12-02 15:55:00,2,266.39,6,1,33.72355349406217,5.958533024109325,5,2,1,R5
12963,2011-12-01 12:55:00,12,3601.59,7,1,405.6600498159511,62.249007472392655,5,5,5,R5
12964,2010-09-28 17:47:00,1,132.24,436,0,26.405015725363118,4.010752358804467,2,1,1,M1
12965,2011-09-11 15:31:00,1,771.91,88,0,125.36102155131896,18.854153232697843,5,3,3,F3
12966,2011-11-30 12:38:00,1,160.18,9,0,20.009550882440234,3.051432632366035,5,1,1,R5
12967,2010-12-16 19:10:00,3,4306.92,357,1,206.911402496989,31.98671037454835,3,4,5,F4
12968,2011-08-19 15:44:00,1,135.95,111,0,12.26079754521942,1.8891196317829129,5,1,1,F1
12969,2010-04-16 10:50:00,1,122.45,602,0,11.105708823823258,1.7158563235734887,1,1,1,F1
12970,2011-12-02 14:30:00,10,1524.97,6,1,394.32236785175854,60.44835517776377,5,5,4,R5
12971,2011-12-06 12:20:00,116,15972.79,3,1,1219.34604419545,189.50190662931752,5,5,5,R5
12972,2010-10-22 08:41:00,4,1161.2,413,1,168.13639978119681,26.220459967179522,3,4,3,M3
12973,2010-10-22 10:14:00,1,385.55,413,0,10.040288594028272,1.5560432891042408,3,1,2,F1
12974,2011-05-26 09:33:00,2,408.95,197,1,41.70725404176855,7.1560881062652815,4,2,2,R4
12975,2010-09-29 09:46:00,6,2100.09,436,1,220.6393507173809,34.195902607607124,2,4,4,F4
12976,2011-05-12 09:55:00,8,3156.38,211,1,417.2751629577504,63.79127444366255,4,5,5,R4
12977,2011-07-06 16:40:00,4,517.63,155,1,60.52038304882363,10.078057457323544,4,2,2,M2
12978,2010-11-19 14:29:00,5,2502.82,384,1,330.40622225977694,50.61093333896654,3,4,4,R3
12979,2009-12-10 15:45:00,1,517.7,728,0,90.26688013665667,13.5900320204985,1,3,2,M2
12980,2011-07-05 09:34:00,21,16245.78,157,1,177.41344081091867,28.462016121637802,4,4,5,M5
12981,2011-11-10 12:00:00,2,372.21999999999997,29,1,50.93392205617319,8.540088308425977,5,2,2,R5
12982,2011-04-11 11:51:00,8,2744.81,242,1,385.51815445163703,59.02772316774555,4,5,4,R4
12983,2010-04-20 12:58:00,1,490.08000000000004,597,0,86.95564090324609,13.093346135486915,1,3,2,M2
12984,2011-11-21 12:37:00,1,97.5,18,0,7.949797216161853,1.242469582424278,5,1,1,R5
12985,2011-12-09 10:46:00,2,1239.38,0,1,197.38706589793432,30.508059884690148,5,4,3,R5
12986,2010-10-07 11:57:00,10,2729.84,428,1,219.8630699632592,34.27946049448887,3,4,4,F4
12987,2011-09-27 12:03:00,5,1312.21,73,1,134.68170936396174,21.252256404594263,5,3,4,F3
12988,2011-02-20 14:31:00,1,535.32,291,0,78.02445800061349,11.753668700092025,3,2,2,M2
12989,2011-12-06 15:28:00,33,13551.75,2,1,306.5538247267985,48.433073709019766,5,4,5,R5
12990,2011-11-08 13:01:00,7,955.5,30,1,76.77936844000213,12.66690526600032,5,3,3,R5
12991,2011-11-16 15:34:00,3,764.82,22,1,97.07041376371295,15.510562064556943,5,3,3,R5
12992,2009-12-14 16:46:00,1,93.35000000000001,724,0,8.987196820661973,1.398079523099296,1,1,1,F1
12993,2011-11-16 15:49:00,8,1259.6299999999999,22,1,171.03931239532693,26.855896859299037,5,4,3,R5
12994,2011-12-05 15:43:00,3,974.4200000000001,3,1,115.83936050581501,18.32590407587225,5,3,3,R5
12995,2011-09-15 15:44:00,1,211.32,84,0,10.832753737932673,1.674913060689901,5,1,1,F1
12996,2010-11-29 09:27:00,1,355.5,375,0,36.870835665743364,5.580625349861505,3,1,2,R3
12997,2011-11-17 15:47:00,8,2110.91,21,1,241.32330944529352,37.398496416794025,5,4,4,R5
12998,2010-08-04 08:05:00,3,920.08,492,1,153.5902739669471,23.988541095042066,2,4,3,M3
12999,2011-05-27 13:24:00,3,455.88,195,1,65.87049769481982,10.830574654222973,4,2,2,R4
13000,2011-08-25 10:43:00,4,1032.5,106,1,122.83484235550685,19.42522635332603,5,3,3,M3
13001,2011-12-05 14:51:00,33,24172.100000000002,3,1,2280.151487831143,344.47272317467144,5,5,5,R5
13002,2011-01-25 15:18:00,3,414.13,317,1,48.47235054435559,8.22085258165334,3,2,2,M2
13003,2011-08-26 10:50:00,3,149.05,105,1,15.405745263413937,3.2608617895120906,5,1,1,M1
13004,2011-11-28 11:27:00,36,11650.85,11,1,1873.4291853011214,283.6143777951682,5,5,5,R5
13005,2011-06-19 10:53:00,4,999.68,173,1,108.71332364281012,17.306998546421518,4,3,3,F3
13006,2011-10-14 13:49:00,1,81.57,55,0,9.433483923290392,1.4650225884935588,5,1,1,F1
13007,2010-05-09 10:38:00,1,175.25,579,0,17.50094327891209,2.675141491836813,1,1,1,F1
13008,2011-01-20 14:24:00,3,612.13,322,1,79.17337988119245,12.826006982178868,3,3,2,R3
13009,2010-02-05 12:22:00,1,234.0,672,0,13.735948817940585,2.1103923226910877,1,1,1,F1
13010,2010-11-30 15:09:00,2,330.12,373,1,38.29489579220977,6.644234368831465,3,2,2,R3
13011,2010-12-02 17:22:00,1,101.10000000000001,371,0,9.883284845218608,1.5324927267827912,3,1,1,F1
13012,2011-11-30 13:05:00,11,2972.83,8,1,344.3156776107205,52.99735164160807,5,4,4,R5
13013,2011-12-08 15:01:00,29,12625.77,0,1,1286.7308312429818,195.25962468644727,5,5,5,R5
13014,2011-11-29 12:27:00,11,5381.08,10,1,472.88626754086175,72.28294013112925,5,5,5,R5
13015,2011-10-17 13:19:00,11,6586.42,52,1,750.7044689175179,113.95567033762768,5,5,5,F5
13016,2011-09-27 14:08:00,3,789.89,72,1,107.29328752548281,17.04399312882242,5,3,3,F3
13017,2011-12-02 15:53:00,1,204.0,6,0,3.8918202981106265,0.633773044716594,5,1,1,R5
13018,2011-11-23 13:28:00,35,9763.16,15,1,1386.6701309243094,210.55051963864642,5,5,5,R5
13019,2010-11-25 14:56:00,6,1229.95,378,1,108.25998527577055,17.338997791365582,3,3,3,R3
13020,2010-05-26 11:12:00,2,618.96,562,1,74.11458696431245,12.017188044646868,2,2,2,M2
13021,2011-12-05 16:37:00,17,4887.24,3,1,541.6638117459079,82.89957176188616,5,5,5,R5
13022,2010-10-06 10:50:00,1,65.3,429,0,9.118882761487349,1.4178324142231022,3,1,1,F1
13023,2011-10-06 16:27:00,3,1449.03,63,1,141.2771206108915,22.141568091633722,5,3,4,R5
13024,2010-08-26 09:42:00,2,555.87,470,1,54.018077965895664,9.002711694884349,2,2,2,F2
13025,2009-12-08 10:02:00,1,323.39,731,0,34.408583191276904,5.211287478691535,1,1,2,F1
13026,2011-12-08 16:58:00,9,1733.08,0,1,254.75405724048244,39.463108586072366,5,4,4,R5
13027,2011-08-18 09:39:00,19,17335.2,113,1,519.1803110132284,79.62704665198426,5,5,5,M5
13028,2011-11-17 11:10:00,2,661.3199999999999,22,1,125.96935820204595,19.795403730306894,5,3,3,R5
13029,2011-11-09 09:13:00,5,1927.3,30,1,41.48969809109259,7.273454713663888,5,2,4,R5
13030,2011-11-28 14:30:00,2,1227.22,10,1,211.12660819108163,32.56899122866224,5,4,3,R5
13031,2010-10-28 15:34:00,5,3419.27,406,1,680.5073027436451,103.12609541154677,3,5,5,F5
13032,2011-10-18 15:54:00,9,2843.55,51,1,352.33844258940013,54.100766388410015,5,5,4,R5
13033,2010-12-17 14:23:00,2,220.55,356,1,27.102187739882062,4.965328160982309,3,1,1,R3
13034,2011-10-16 12:21:00,3,922.68,54,1,123.22953454193022,19.43443018128953,5,3,3,M3
13035,2011-09-27 08:57:00,3,1364.2,73,1,120.36563608194379,19.004845412291566,5,3,4,F3
13036,2010-01-24 11:35:00,1,307.1,684,0,11.53639782115537,1.7804596731733056,1,1,2,F1
13037,2011-07-24 15:46:00,12,3914.9500000000003,137,1,480.48374276601226,73.47256141490183,4,5,5,F5
13038,2011-09-20 14:37:00,3,908.46,79,1,69.98554667080971,11.447832000621457,5,2,3,M3
13039,2010-05-04 16:45:00,4,1010.73,583,1,90.93433982569023,14.640150973853535,1,3,3,M3
13040,2011-12-01 10:38:00,2,676.99,8,1,88.9444601780268,14.24166902670402,5,3,3,R5
13041,2010-09-15 11:44:00,4,799.13,450,1,72.08707061927277,11.813060592890915,2,2,3,M3
13042,2010-04-20 13:43:00,3,1556.54,597,1,263.4686962793182,40.470304441897724,1,4,4,F4
13043,2011-03-11 14:52:00,1,516.42,272,0,30.63408602323718,4.645112903485577,4,1,2,M2
13044,2011-02-21 15:20:00,11,4853.9,290,1,659.0104432877146,100.20156649315717,3,5,5,F5
13045,2011-09-01 15:04:00,3,808.92,98,1,96.67952820621704,15.451929230932556,5,3,3,F3
13046,2011-11-09 08:36:00,3,949.25,30,1,113.68090992409438,18.002136488614155,5,3,3,R5
13047,2011-11-08 12:06:00,24,8795.16,31,1,777.4701315129555,118.62051972694331,5,5,5,F5
13048,2011-11-25 13:23:00,9,4084.21,13,1,590.4548735843205,89.81823103764806,5,5,5,R5
13049,2011-10-06 15:31:00,4,1408.24,63,1,74.13515153348953,12.12027273002343,5,2,4,R5
13050,2011-11-25 09:18:00,35,12344.53,14,1,1772.6678239418375,268.45017359127564,5,5,5,R5
13051,2010-05-10 09:14:00,2,155.8,578,1,8.939187601475613,2.240878140221342,1,1,1,F1
13052,2011-05-11 14:12:00,7,3168.53,211,1,391.95198807761665,59.94279821164249,4,5,5,R4
13053,2010-03-28 11:28:00,1,127.65,621,0,19.74880347221689,3.012320520832533,1,1,1,F1
13055,2011-09-22 14:26:00,4,2321.11,77,1,364.0982554589228,55.61473831883841,5,5,4,M4
13056,2010-06-06 14:10:00,1,209.48,550,0,30.460787726818644,4.619118159022796,2,1,1,M1
13057,2010-06-27 15:44:00,3,722.09,529,1,80.11939203157154,12.967908804735732,2,3,3,R2
13058,2011-11-15 12:43:00,3,271.40000000000003,24,1,13.793706569279781,3.019055985391967,5,1,1,R5
13059,2011-04-04 10:40:00,10,2303.17,249,1,278.56979690538026,43.085469535807036,4,4,4,M4
13060,2011-03-31 11:37:00,1,307.53,253,0,29.805415887634172,4.520812383145126,4,1,2,F1
13061,2011-09-28 16:04:00,1,248.61,71,0,23.285099094407343,3.5427648641611014,5,1,1,F1
13062,2011-06-01 15:12:00,1,346.98,190,0,22.00421915721884,3.350632873582826,4,1,2,F1
13063,2010-08-16 12:27:00,1,188.4,480,0,26.65082629662119,4.0476239444931785,2,1,1,R2
13064,2011-11-27 12:31:00,6,1680.74,12,1,175.86614366114438,27.479921549171657,5,4,4,R5
13065,2010-12-01 16:52:00,5,1260.91,372,1,134.74999729805265,21.262499594707897,3,3,3,R3
13066,2011-11-15 12:57:00,2,470.8,23,1,83.63932618411356,13.445898927617034,5,3,2,R5
13067,2011-09-18 13:38:00,3,508.51,81,1,45.53559962402683,7.780339943604025,5,2,2,F2
13068,2011-11-29 15:00:00,2,344.0,9,1,9.23024103368252,2.284536155052378,5,1,2,R5
13069,2011-12-09 08:39:00,38,9683.13,0,1,1738.7324824498394,263.5098723674759,5,5,5,R5
13070,2011-05-31 13:45:00,4,751.7,191,1,81.20254718132205,13.180382077198306,4,3,3,R4
13071,2010-04-06 13:37:00,1,129.22,611,0,13.892471599100402,2.13387073986506,1,1,1,F1
13072,2011-03-18 08:12:00,1,177.15,266,0,15.572799348077105,2.3859199022115654,4,1,1,F1
13073,2010-10-24 14:06:00,2,418.08,410,1,57.724035910476346,9.558605386571452,3,2,2,M2
13074,2010-07-16 16:53:00,4,1378.74,510,1,72.37172541825207,11.85575881273781,2,2,4,R2
13075,2011-08-02 10:19:00,1,919.61,129,0,66.11716073055881,9.967574109583822,5,2,3,M3
13076,2010-09-08 10:27:00,1,135.4,457,0,15.1154624092621,2.317319361389315,2,1,1,F1
13077,2011-12-08 19:24:00,11,3064.67,0,1,601.0612318977722,91.50918478466583,5,5,5,R5
13078,2011-12-06 15:36:00,57,29532.45,2,1,1850.0780993623991,281.1617149043599,5,5,5,R5
13079,2011-12-05 16:53:00,6,419.18,3,1,37.77850586066465,6.766775879099697,5,2,2,R5
13080,2011-06-13 14:59:00,4,280.73,178,1,41.84141503895612,7.276212255843418,4,2,1,R4
13081,2011-11-28 10:54:00,28,59205.15,11,1,6260.271911013144,941.2407866519715,5,5,5,R5
13082,2011-08-05 16:16:00,21,7335.75,125,1,376.1198468961589,58.26797703442383,5,5,5,M5
13083,2011-12-05 15:01:00,3,395.43,3,1,53.45035753923735,8.967553630885604,5,2,2,R5
13084,2010-08-05 08:49:00,1,122.39999999999999,491,0,8.46653127661401,1.3199796914921014,2,1,1,F1
13085,2011-07-05 12:11:00,8,2433.28,157,1,192.54311075247023,30.081466612870532,4,4,4,M4
13086,2010-11-22 10:28:00,1,439.33000000000004,382,0,55.79557691935301,8.419336537902952,3,2,2,R3
13087,2009-12-13 15:16:00,1,313.64,725,0,25.64790855998489,3.8971862839977334,1,1,2,F1
13088,2010-10-18 15:35:00,1,236.11,416,0,28.93116094955659,4.3896741424334875,3,1,1,F1
13089,2011-12-07 09:02:00,203,116737.86,2,1,8949.148942137403,1353.3223413206103,5,5,5,R5
13090,2011-12-01 12:39:00,24,14103.09,8,1,605.6062350804137,92.84093526206206,5,5,5,R5
13091,2011-11-11 15:54:00,3,2321.82,27,1,141.1712929705931,22.125693945588964,5,3,4,R5
13092,2011-09-30 11:18:00,12,2140.28,70,1,181.31727163064818,28.597590744597227,5,4,4,M4
13093,2011-03-09 12:14:00,55,54943.65,275,1,3106.5502130335117,469.53253195502674,4,5,5,F5
13094,2011-11-18 14:07:00,13,2433.1200000000003,20,1,130.51197590693067,21.0267963860396,5,3,4,R5
13095,2011-09-30 12:03:00,1,74.39999999999999,70,0,18.6783464876383,2.851751973145745,5,1,1,F1
13096,2010-11-10 14:08:00,1,419.70000000000005,393,0,1.9459101490553132,0.341886522358297,3,1,2,F1
13097,2011-11-07 10:43:00,28,13389.22,32,1,1569.5362211431827,237.63043317147742,5,5,5,F5
13098,2011-12-08 14:14:00,28,28882.44,0,1,1722.5927405829639,260.58891108744456,5,5,5,R5
13099,2011-09-01 17:40:00,1,207.35999999999999,98,0,5.666426688112432,0.8999640032168649,5,1,1,F1
13101,2011-04-19 14:37:00,4,695.4,233,1,91.27142741901076,14.690714112851614,4,3,3,R4
13102,2011-12-08 12:52:00,37,11696.92,0,1,1201.2693860155882,182.84040790233823,5,5,5,R5
13103,2011-10-31 09:38:00,3,709.64,39,1,84.03033924002699,13.55455088600405,5,3,3,R5
13104,2011-12-06 13:10:00,9,1709.1,2,1,94.83950886833442,15.475926330250163,5,3,4,R5
13105,2010-09-29 13:41:00,1,72.0,435,0,4.61512051684126,0.742268077526189,2,1,1,F1
13106,2011-07-29 15:12:00,2,603.46,132,1,37.6925080767582,6.55387621151373,5,2,2,M2
13107,2011-10-26 14:52:00,9,5253.07,43,1,532.0619753403347,81.0592963010502,5,5,5,R5
13108,2010-12-02 10:35:00,2,1098.52,372,1,135.00015869244453,21.15002380386668,3,3,3,R3
13109,2011-10-11 10:16:00,3,1134.03,59,1,155.17593356383827,24.22639003457574,5,4,3,R5
13110,2011-11-08 14:30:00,12,2957.4700000000003,30,1,301.7718144716744,46.66577217075116,5,4,4,R5
13111,2009-12-21 09:00:00,1,321.88000000000005,718,0,31.41772836600871,4.7626592549013065,1,1,2,F1
13112,2010-06-16 17:03:00,1,20.6,540,0,3.401197381662156,0.5601796072493234,2,1,1,F1
13113,2011-12-09 12:49:00,37,18625.73,0,1,834.1203332758619,127.76804999137927,5,5,5,R5
13114,2009-12-09 09:56:00,1,234.38,730,0,24.924158397489638,3.7886237596234453,1,1,1,F1
13115,2011-11-28 12:38:00,10,5494.7,11,1,753.086035852187,114.26290537782805,5,5,5,R5
13116,2011-07-24 14:33:00,1,501.14,137,0,61.65456642309469,9.298184963464204,4,2,2,F2
13117,2011-11-18 12:02:00,18,2643.81,21,1,429.00426847866987,66.05064027180048,5,5,4,R5
13118,2011-11-20 12:46:00,9,2415.41,19,1,231.28726684965648,35.94309002744847,5,4,4,R5
13119,2010-02-09 08:38:00,1,134.9,668,0,25.320290768986826,3.8480436153480237,1,1,1,M1
13120,2011-04-15 10:19:00,1,30.599999999999998,238,0,2.5649493574615367,0.4347424036192305,4,1,1,F1
13121,2011-03-15 16:47:00,1,283.73,268,0,77.8901128157202,11.73351692235803,4,2,1,R4
13122,2011-09-06 15:53:00,2,922.39,93,1,124.35642540892349,19.553463811338524,5,3,3,M3
13123,2010-08-24 10:18:00,2,506.75,472,1,78.54782109146372,12.682173163719558,2,3,2,R2
13124,2011-09-11 12:45:00,4,4782.45,89,1,588.3220811320231,89.24831216980346,5,5,5,F5
13125,2010-07-04 11:58:00,1,158.57,523,0,23.94584346344462,3.641876519516693,2,1,1,M1
13126,2011-12-05 10:00:00,13,3998.25,4,1,610.2169410374481,92.98254115561721,5,5,5,R5
13127,2011-09-23 10:26:00,1,259.17,77,0,31.488351874337926,4.773252781150688,5,1,1,R5
13128,2010-03-18 15:08:00,1,263.5,630,0,3.4657359027997265,0.569860385419959,1,1,1,F1
13129,2010-09-13 13:47:00,2,233.25,451,1,30.544021487916197,5.481603223187429,2,1,1,M1
13130,2011-09-06 15:30:00,1,64.0,93,0,5.60947179518496,0.8914207692777439,5,1,1,F1
13131,2011-11-16 13:21:00,7,3313.77,22,1,339.3090567038376,52.04635850557564,5,4,5,R5
13132,2011-03-23 12:44:00,1,77.3,261,0,5.60947179518496,0.8914207692777439,4,1,1,F1
13133,2011-03-11 10:31:00,3,200.45000000000002,273,1,19.299419130173888,3.844912869526083,4,1,1,F1
13134,2011-09-15 10:35:00,6,2475.23,85,1,274.33984089471375,42.25097613420706,5,4,4,F4
13135,2011-05-27 10:52:00,2,3371.45,196,1,41.08685421798212,7.063028132697317,4,2,5,R4
13136,2011-10-14 13:41:00,13,6274.56,55,1,708.8241504532647,107.7736225679897,5,5,5,F5
13137,2011-11-29 12:09:00,16,7712.7,10,1,1747.1195687534107,263.66793531301164,5,5,5,R5
13138,2011-11-17 16:51:00,7,1467.24,21,1,194.36830750783946,30.30524612617592,5,4,4,R5
13139,2011-11-23 13:54:00,8,8202.98,15,1,679.1558839203165,103.07338258804747,5,5,5,R5
13140,2011-08-23 15:33:00,5,1215.68,107,1,179.44928667392264,27.967393001088396,5,4,3,M3
13141,2011-09-16 09:54:00,17,7668.58,84,1,1013.6506683387448,153.69760025081172,5,5,5,F5
13142,2011-11-20 16:07:00,1,307.09,18,0,44.30791867609727,6.696187801414591,5,2,2,R5
13143,2010-05-04 12:22:00,1,405.1,584,0,50.190659719848895,7.578598957977333,1,2,2,M2
13144,2011-01-11 11:15:00,2,135.35,332,1,9.992871113670814,2.3989306670506223,3,1,1,F1
13145,2011-10-31 12:45:00,7,1423.52,39,1,27.97261525781255,5.345892288671882,5,1,4,R5
13146,2011-11-13 15:29:00,1,228.91,25,0,33.645592952592956,5.096838942888943,5,1,1,R5
13147,2011-11-29 13:59:00,4,712.8000000000001,9,1,14.221392245957654,3.1332088368936484,5,1,3,R5
13148,2011-11-10 15:23:00,26,8621.81,28,1,1247.7345970504584,189.2601895575688,5,5,5,R5
13149,2011-11-25 13:09:00,4,1676.06,13,1,208.79884281658553,32.31982642248783,5,4,4,R5
13150,2010-08-12 12:59:00,3,449.96999999999997,483,1,18.39860628600205,3.709790942900307,2,1,2,R2
13151,2011-02-17 12:29:00,3,2580.7400000000002,295,1,259.0108906050904,39.80163359076356,3,4,4,F4
13152,2010-10-18 13:44:00,7,2146.38,416,1,258.77565949353834,39.96634892403075,3,4,4,M4
13153,2011-12-04 12:14:00,1,486.22,5,0,47.69361281828281,7.204041922742421,5,2,2,R5
13154,2010-11-05 16:00:00,3,1624.84,398,1,200.22678356525478,30.984017534788215,3,4,4,R3
13155,2011-11-06 15:41:00,6,1750.18,32,1,259.42413569016844,40.01362035352526,5,4,4,R5
13156,2010-11-19 13:09:00,3,1586.54,384,1,205.98159782467113,31.847239673700667,3,4,4,R3
13157,2011-10-21 13:50:00,9,5687.36,48,1,691.7199445023552,105.00799167535328,5,5,5,F5
13158,2011-09-06 11:58:00,5,1508.18,94,1,227.43108660834147,35.16466299125122,5,4,4,F4
13159,2011-12-01 11:20:00,4,1437.85,8,1,240.70937050355795,37.10640557553369,5,4,4,R5
13160,2011-11-17 13:07:00,1,91.8,21,0,9.826876450164287,1.524031467524643,5,1,1,R5
13161,2011-01-30 14:03:00,2,478.88,312,1,41.9451841803762,7.19177762705643,3,2,2,M2
13162,2011-08-09 15:59:00,16,9275.49,121,1,715.501054163972,108.92515812459578,5,5,5,F5
13163,2010-04-08 16:21:00,1,17.65,609,0,1.791759469228055,0.3187639203842082,1,1,1,F1
13164,2010-05-19 13:52:00,2,372.2,568,1,20.626872991270844,3.994030948690627,2,1,2,F1
13165,2011-10-24 15:05:00,3,1451.16,45,1,166.06820524830428,25.86023078724564,5,4,4,R5
13166,2011-03-01 15:16:00,2,884.18,282,1,127.19887168973439,19.97983075346016,3,3,3,M3
13167,2011-11-21 12:24:00,5,1125.15,18,1,161.8922491202695,25.333837368040424,5,4,3,R5
13168,2011-11-03 12:56:00,5,1875.31,35,1,269.5749208984437,41.486238134766545,5,4,4,M4
13169,2011-10-07 12:11:00,3,840.08,63,1,46.112714642351136,7.86690719635267,5,2,3,F2
13170,2011-11-13 12:19:00,1,116.00999999999999,26,0,43.25595915487151,6.538393873230726,5,2,1,R5
13171,2011-11-18 10:27:00,3,468.41,21,1,65.77695792722467,10.816543689083701,5,2,2,R5
13172,2010-11-04 15:10:00,1,69.6,399,0,3.8918202981106265,0.633773044716594,3,1,1,F1
13173,2011-12-05 15:51:00,11,2639.35,3,1,395.8029380681406,60.72044071022108,5,5,4,R5
13174,2011-11-23 14:35:00,12,9494.84,15,1,1506.8870094396348,227.43305141594522,5,5,5,R5
13175,2010-05-06 13:13:00,2,831.45,581,1,97.39814162627796,15.509721243941694,1,3,3,F3
13176,2011-10-24 15:43:00,1,492.84,45,0,96.96219764467273,14.59432964670091,5,3,2,R5
13177,2011-10-06 09:56:00,2,512.2,64,1,56.399862441982854,9.359979366297429,5,2,2,F2
13178,2011-11-13 16:14:00,21,14059.19,25,1,1710.9756645395544,258.4963496809332,5,5,5,R5
13179,2010-03-31 11:40:00,1,572.3100000000001,618,0,79.85831846206416,12.028747769309625,1,2,2,M2
13180,2010-04-11 13:37:00,1,86.10000000000001,606,0,8.491875383431948,1.3237813075147922,1,1,1,F1
13181,2010-11-23 15:05:00,1,359.69,380,0,40.95833245484591,6.193749868226886,3,2,2,R3
13182,2011-10-25 13:46:00,1,121.18,44,0,31.94844282147131,4.842266423220696,5,1,1,M1
13183,2011-12-02 10:30:00,15,7036.18,7,1,453.8044259378308,69.6206638906746,5,5,5,R5
13184,2011-11-25 12:02:00,10,1701.29,14,1,341.70643799398323,52.55596569909748,5,4,4,R5
13185,2011-03-17 11:56:00,1,71.4,267,0,2.5649493574615367,0.4347424036192305,4,1,1,F1
13186,2011-10-31 11:40:00,3,1575.89,39,1,170.5649615657579,26.534744234863684,5,4,4,R5
13187,2011-01-06 18:57:00,4,367.01,336,1,97.36363010664118,15.604544515996176,3,3,2,F3
13188,2011-11-28 15:28:00,1,114.60000000000001,10,0,3.912023005428146,0.636803450814222,5,1,1,R5
13189,2011-11-21 10:39:00,2,260.68,18,1,94.5609906255978,15.08414859383967,5,3,1,R5
13190,2010-06-13 15:47:00,3,570.66,543,1,40.63352357017395,7.045028535526092,2,2,2,F2
13191,2010-02-19 17:02:00,1,164.69,657,0,58.02010934239656,8.753016401359485,1,2,1,M1
13192,2011-09-05 14:13:00,6,2558.58,94,1,356.4330926669879,54.56496390004818,5,5,4,M4
13193,2011-10-09 14:30:00,1,117.88,60,0,26.027721494221648,3.9541582241332467,5,1,1,M1
13194,2011-07-27 09:01:00,2,472.78,135,1,31.297958697794176,5.5946938046691255,4,1,2,M2
13195,2010-10-21 13:07:00,1,172.38,413,0,45.887244753195304,6.9330867129792955,3,2,1,M1
13196,2011-11-28 13:54:00,7,3068.84,10,1,429.35964224363124,65.55394633654467,5,5,5,R5
13197,2010-04-09 09:14:00,1,373.01000000000005,609,0,42.56073471004094,6.434110206506141,1,2,2,M2
13198,2011-11-29 15:17:00,8,4974.2300000000005,9,1,719.9084267564451,109.18626401346677,5,5,5,R5
13199,2011-12-06 12:30:00,67,16432.89,3,1,725.7224097945953,113.00836146918928,5,5,5,R5
13200,2011-11-20 15:35:00,4,870.09,18,1,100.21022844471138,16.031534266706704,5,3,3,R5
13201,2010-07-25 14:30:00,4,1240.6100000000001,501,1,191.93204982052626,29.789807473078938,2,4,3,R2
13202,2010-11-10 16:24:00,7,1580.3,393,1,139.5906302158567,22.088594532378504,3,3,4,R3
13203,2011-11-30 10:45:00,10,2648.25,9,1,431.1586689351614,65.97380034027421,5,5,4,R5
13204,2009-12-08 14:56:00,1,966.6600000000001,730,0,111.46079690192337,16.769119535288507,1,3,3,F3
13205,2010-09-22 16:26:00,1,2803.2,442,0,5.54907608489522,0.882361412734283,2,1,4,F1
13206,2010-11-04 16:50:00,13,8377.32,399,1,1288.3982953726968,194.70974430590454,3,5,5,F5
13207,2011-11-24 14:52:00,4,535.86,14,1,34.061869773300444,6.109280465995067,5,2,2,R5
13208,2011-10-12 09:54:00,9,1988.5,58,1,401.1273324298319,61.41909986447478,5,5,4,M4
13209,2011-11-09 13:54:00,13,8509.51,29,1,932.1481226035289,141.27221839052936,5,5,5,R5
13210,2011-09-07 08:18:00,1,353.48,93,0,56.408459903432714,8.511268985514908,5,2,2,F2
13211,2011-11-29 14:43:00,10,2729.32,9,1,380.68838837867116,58.40325825680067,5,5,4,R5
13212,2011-11-20 12:40:00,3,788.08,19,1,144.4664189930572,22.61996284895858,5,3,3,R5
13213,2011-10-14 11:42:00,11,3851.52,56,1,491.08677260242,75.013015890363,5,5,5,R5
13214,2010-10-18 10:00:00,7,3264.23,417,1,557.3658279183733,84.75487418775597,3,5,5,F5
13215,2010-11-02 18:26:00,1,81.6,401,0,4.574710978503383,0.7362066467755074,3,1,1,F1
13216,2011-03-17 12:18:00,1,333.74,267,0,18.804832691683472,2.8707249037525204,4,1,2,F1
13217,2011-08-09 15:32:00,4,666.48,121,1,21.551543711753492,4.232731556763024,5,1,3,F1
13218,2011-08-04 16:59:00,1,62.63999999999999,126,0,14.281019727239284,2.1921529590858926,5,1,1,F1
13219,2010-03-31 14:18:00,1,76.23,617,0,7.6246189861593985,1.1936928479239097,1,1,1,F1
13220,2011-09-22 13:38:00,5,1336.0900000000001,77,1,99.93174078875346,16.039761118313017,5,3,4,F3
13221,2011-04-13 16:58:00,2,847.41,239,1,87.9980206643976,14.09970309965964,4,3,3,M3
13222,2010-05-11 13:54:00,1,88.5,576,0,3.4339872044851463,0.565098080672772,1,1,1,F1
13223,2011-05-23 13:03:00,6,969.1200000000001,199,1,44.77156738287712,7.815735107431568,4,2,3,R4
13224,2011-10-10 14:55:00,2,2155.95,59,1,249.82339875073032,38.37350981260955,5,4,4,M4
13225,2011-12-06 13:29:00,16,16260.07,2,1,480.229527123405,73.63442906851074,5,5,5,R5
13226,2011-03-11 14:35:00,2,312.46,272,1,49.574169779886226,8.336125466982933,4,2,2,F2
13227,2011-05-22 11:47:00,1,257.7,201,0,21.23025776146927,3.2345386642203904,4,1,1,R4
13228,2011-09-19 14:28:00,1,358.0,80,0,9.23024103368252,1.4345361550523779,5,1,2,F1
13229,2011-04-28 12:07:00,1,160.95,225,0,18.491341982939964,2.8237012974409943,4,1,1,F1
13230,2011-12-05 16:03:00,30,6360.78,3,1,1458.8130879616474,221.12196319424712,5,5,5,R5
13232,2011-11-27 10:39:00,7,1357.6,12,1,249.5846592549452,38.587698888241775,5,4,4,R5
13233,2011-09-26 13:25:00,4,1176.46,73,1,217.91241269288003,33.686861903932005,5,4,3,F4
13234,2010-02-05 11:41:00,2,356.95,672,1,71.3841533921135,11.607623008817026,1,2,2,M2
13235,2011-05-11 17:13:00,1,1031.07,211,0,117.67358446266867,17.7010376694003,4,3,3,F3
13236,2011-11-15 12:50:00,2,744.85,24,1,77.0863619154587,12.462954287318805,5,3,3,R5
13237,2010-11-17 10:07:00,1,643.0,387,0,41.649389352351356,6.297408402852703,3,2,3,R3
13238,2011-11-22 15:37:00,6,1006.63,16,1,102.74488305311107,16.51173245796666,5,3,3,R5
13239,2011-03-23 10:25:00,5,1594.69,261,1,217.69055370826365,33.703583056239545,4,4,4,F4
13240,2011-09-04 14:08:00,8,1738.52,95,1,310.6173915500287,47.7926087325043,5,4,4,M4
13241,2010-10-24 11:17:00,1,115.58,411,0,31.30940616085392,4.746410924128088,3,1,1,M1
13242,2011-08-19 12:53:00,7,699.4,111,1,83.92633454794297,13.738950182191445,5,3,3,F3
13243,2011-05-20 13:14:00,5,1278.04,202,1,241.66089762715748,37.29913464407362,4,4,4,R4
13244,2011-09-08 11:46:00,1,121.74000000000001,92,0,23.057307028651948,3.508596054297792,5,1,1,M1
13245,2011-10-20 11:40:00,2,989.22,50,1,94.46707356515972,15.070061034773959,5,3,3,M3
13246,2011-11-21 16:50:00,11,3387.43,17,1,604.6796327320513,92.05194490980769,5,5,5,R5
13247,2011-11-22 10:59:00,4,501.12,17,1,62.04350529347853,10.306525794021779,5,2,2,R5
13248,2011-08-07 12:40:00,2,465.68,124,1,60.42876594035692,9.964314891053538,5,2,2,M2
13249,2011-09-08 13:26:00,9,1608.93,91,1,90.67294754213914,14.85094213132087,5,3,4,F3
13250,2010-09-05 11:33:00,2,256.04,460,1,32.87028074285884,5.830542111428825,2,2,1,R2
13251,2010-11-02 13:20:00,1,252.68,401,0,51.00147411785659,7.700221117678487,3,2,1,F2
13252,2010-11-10 16:00:00,2,399.3,393,1,37.66895639588412,6.550343459382618,3,2,2,M2
13253,2011-07-06 10:09:00,4,2951.11,156,1,257.66255134192727,39.64938270128909,4,4,4,F4
13254,2010-11-28 15:42:00,1,51.410000000000004,375,0,8.948975607841774,1.3923463411762662,3,1,1,F1
13255,2011-11-30 13:14:00,3,904.46,8,1,72.2934710398842,11.79402065598263,5,2,3,R5
13257,2010-09-29 14:58:00,1,149.75,435,0,11.31325426984116,1.746988140476174,2,1,1,F1
13258,2011-11-28 09:31:00,5,1035.18,11,1,91.25874593820609,14.738811890730913,5,3,3,R5
13259,2011-10-09 10:48:00,9,1433.38,61,1,282.738425274376,43.660763791156405,5,4,4,F4
13260,2011-10-09 13:21:00,1,557.62,60,0,20.508092408404472,3.1262138612606707,5,1,2,F1
13261,2011-03-16 12:22:00,2,944.1,268,1,27.790849183691957,5.068627377553793,4,1,3,M3
13262,2011-03-21 15:06:00,3,573.45,262,1,74.7304894050127,12.159573410751907,4,2,2,M2
13263,2011-12-08 13:59:00,39,8704.69,0,1,2161.1451908958193,326.92177863437286,5,5,5,R5
13264,2010-09-23 12:42:00,1,722.5600000000001,442,0,85.74592235349512,12.911888353024269,2,3,3,M3
13265,2011-10-17 15:02:00,5,2107.66,52,1,240.21389858736788,37.08208478810518,5,4,4,F4
13266,2011-11-28 14:39:00,19,6135.04,10,1,844.3120345917013,128.3968051887552,5,5,5,R5
13267,2011-12-07 11:12:00,36,9758.26,2,1,933.7648269194968,142.66472403792454,5,5,5,R5
13268,2011-11-22 11:51:00,11,3214.69,17,1,828.3790286916922,125.6068543037538,5,5,5,R5
13269,2011-12-08 14:53:00,28,8891.7,0,1,1146.0154474440144,174.10231711660217,5,5,5,R5
13270,2010-12-08 14:53:00,1,1180.0,365,0,10.606609816118151,1.6409914724177228,3,1,3,F1
13271,2011-11-02 14:31:00,1,217.38,36,0,102.28021897924627,15.392032846886941,5,3,1,R5
13272,2011-11-08 14:00:00,2,276.56,30,1,25.88027162355096,4.782040743532644,5,1,1,R5
13273,2011-08-18 14:02:00,1,138.98,112,0,34.260958457163234,5.189143768574485,5,1,1,M1
13274,2010-10-26 13:48:00,1,360.85,408,0,41.528135047708545,6.279220257156282,3,2,2,M2
13275,2010-11-21 12:09:00,2,241.66,383,1,52.79396609838116,8.819094914757175,3,2,1,R3
13276,2011-10-07 12:44:00,5,1939.26,63,1,309.36312366159547,47.454468549239316,5,4,4,M4
13277,2011-11-24 09:21:00,7,523.3,15,1,56.96697142841635,9.695045714262452,5,2,2,R5
13278,2011-10-30 11:49:00,4,1435.85,40,1,234.9012887118403,36.23519330677604,5,4,4,F4
13279,2011-09-22 17:24:00,1,137.75,77,0,18.67852635311834,2.851778952967751,5,1,1,F1
13280,2011-08-09 13:14:00,7,2322.63,121,1,362.45924202301137,55.5188863034517,5,5,4,M4
13281,2010-09-26 16:03:00,1,350.85,438,0,48.325509922932966,7.2988264884399445,2,2,2,F2
13282,2011-11-21 15:33:00,4,1313.19,17,1,105.3510286258274,16.80265429387411,5,3,4,R5
13283,2011-10-11 09:50:00,4,373.36,59,1,46.142842887621605,7.921426433143241,5,2,2,F2
13284,2011-01-13 09:23:00,1,201.19,330,0,24.026216804283678,3.6539325206425515,3,1,1,F1
13285,2011-11-16 13:19:00,6,3364.59,22,1,530.7099544817397,80.70649317226095,5,5,5,R5
13286,2010-04-18 15:35:00,1,734.91,599,0,79.48843987472443,11.973265981208666,1,2,3,M3
13287,2010-04-15 15:26:00,3,781.59,602,1,108.0565574689481,17.158483620342214,1,3,3,F3
13288,2010-09-22 16:32:00,5,927.61,442,1,31.22133059893676,5.733199589840513,2,2,3,M3
13289,2009-12-16 11:53:00,1,307.95,723,0,31.693383001389115,4.804007450208367,1,1,2,F1
13290,2010-09-27 16:29:00,1,208.63,437,0,0.6931471805599453,0.1539720770839918,2,1,1,F1
13291,2011-07-07 10:36:00,11,3320.84,155,1,503.12661086344434,76.81899162951665,4,5,5,F5
13292,2011-11-01 10:04:00,5,994.51,38,1,118.4026176380957,18.810392645714355,5,3,3,R5
13293,2010-11-12 13:28:00,6,1192.94,391,1,145.5807163964268,22.93710745946402,3,3,3,R3
13294,2011-06-03 08:54:00,3,1689.53,189,1,218.50544248737503,33.72581637310625,4,4,4,F4
13295,2010-12-15 11:21:00,4,1101.97,359,1,154.1875700833452,24.128135512501782,3,4,3,R3
13296,2011-07-25 13:46:00,6,792.51,136,1,130.23209498673626,20.63481424801044,4,3,3,F3
13297,2011-12-02 09:32:00,7,4368.62,7,1,338.71752038654535,51.9576280579818,5,4,5,R5
13298,2011-12-08 13:11:00,1,360.0,0,0,7.509335266016592,1.1764002899024888,5,1,2,R5
13299,2011-03-16 12:55:00,3,1218.7,267,1,116.28573058021664,18.392859587032493,4,3,3,F3
13300,2011-06-23 13:09:00,3,1285.51,168,1,112.85538702699569,17.878308054049352,4,3,4,F3
13301,2011-08-28 11:25:00,4,618.09,103,1,114.68442467107772,18.202663700661656,5,3,2,F3
13302,2011-07-07 17:56:00,2,159.2,154,1,4.430816798843313,1.564622519826497,4,1,1,F1
13303,2010-11-04 14:55:00,1,61.72,399,0,7.247080584585756,1.1370620876878634,3,1,1,F1
13304,2010-12-23 14:35:00,4,1217.99,350,1,163.5324909273205,25.529873639098074,3,4,3,R3
13305,2011-12-05 15:15:00,16,3754.71,3,1,433.0932221554655,66.56398332331982,5,5,5,R5
13306,2010-10-05 14:55:00,1,53.65,429,0,11.646091790966038,1.7969137686449057,3,1,1,F1
13307,2011-08-11 17:14:00,3,273.34,119,1,31.687460984551137,5.703119147682671,5,1,1,M1
13308,2011-11-17 09:31:00,4,1670.3700000000001,22,1,167.4879347582287,26.123190213734304,5,4,4,R5
13309,2011-12-02 16:34:00,6,1706.3700000000001,6,1,338.280234897838,51.84203523467569,5,4,4,R5
13310,2011-11-11 17:23:00,5,1541.2,27,1,195.2327396838188,30.33491095257282,5,4,4,R5
13311,2011-12-05 12:55:00,2,598.57,3,1,55.2963369481341,9.194450542220114,5,2,2,R5
13312,2010-09-14 14:36:00,1,124.75,450,0,8.556413904569519,1.3334620856854278,2,1,1,F1
13313,2011-11-17 16:48:00,12,3445.32,21,1,441.8851411756917,67.68277117635374,5,5,5,R5
13314,2011-12-08 12:29:00,3,775.94,1,1,127.420803802032,20.063120570304797,5,3,3,R5
13315,2010-01-19 15:34:00,1,310.26,688,0,50.769980096563636,7.6654970144845445,1,2,2,F2
13316,2011-11-02 13:40:00,10,13191.57,36,1,498.0559720213229,76.00839580319843,5,5,5,M5
13317,2011-10-04 13:35:00,19,6486.091,65,1,711.1776067761945,108.42664101642917,5,5,5,F5
13318,2011-12-08 18:51:00,3,640.76,0,1,51.81537782309562,8.722306673464344,5,2,3,R5
13319,2011-12-04 13:34:00,58,22082.5,4,1,2079.7335025780526,315.66002538670784,5,5,5,R5
13320,2011-09-22 18:07:00,6,2228.1,77,1,350.00807387530244,53.60121108129536,5,5,4,M4
13321,2011-09-28 15:24:00,2,567.36,71,1,33.71663698188359,5.957495547282537,5,2,2,R5
13322,2011-11-22 14:21:00,1,199.48000000000002,16,0,33.80421355564677,5.1206320333470146,5,1,1,R5
13323,2011-12-06 17:12:00,5,787.85,2,1,41.87623565683563,7.3314353485253445,5,2,3,R5
13324,2011-11-03 16:28:00,18,10513.47,35,1,466.05904310593235,71.60885646588986,5,5,5,M5
13325,2011-09-19 10:36:00,1,675.3,81,0,34.30314741547338,5.195472112321007,5,1,3,R5
13326,2010-10-03 16:00:00,1,281.76,431,0,30.09066147098876,4.563599220648314,2,1,1,F1
13327,2011-11-01 10:21:00,20,9879.48,38,1,851.6258109864445,129.54387164796668,5,5,5,F5
13328,2011-01-27 15:22:00,1,1308.48,315,0,59.82008053633632,9.023012080450448,3,2,4,F2
13329,2011-11-08 10:29:00,8,5112.97,31,1,382.7073716607446,58.60610574911169,5,5,5,R5
13330,2011-09-08 12:27:00,6,2806.18,92,1,320.9587117605511,49.24380676408266,5,4,4,M4
13331,2010-11-03 08:04:00,1,262.4,401,0,18.365109892797054,2.804766483919558,3,1,1,F1
13332,2011-11-25 13:30:00,1,350.9,13,0,44.2290262364423,6.684353935466345,5,2,2,R5
13333,2010-10-24 13:24:00,3,1015.74,410,1,129.96210924060048,20.444316386090073,3,3,3,M3
13334,2011-09-18 15:21:00,5,6263.75,81,1,865.3617472560352,130.85426208840528,5,5,5,F5
13336,2011-09-23 14:05:00,1,795.12,76,0,115.08017587112339,17.31202638066851,5,3,3,F3
13337,2010-06-11 13:27:00,1,1575.26,545,0,193.02897078709984,29.004345618064974,2,4,4,F4
13338,2011-07-05 09:06:00,4,2445.62,157,1,254.2336345080587,39.135045176208806,4,4,4,F4
13339,2011-05-23 08:31:00,1,860.12,200,0,92.4146578872029,13.912198683080437,4,3,3,R4
13340,2011-10-25 13:15:00,12,22100.56,44,1,749.8003006029467,113.87004509044199,5,5,5,F5
13341,2011-03-24 09:50:00,1,775.85,260,0,80.7353316318599,12.160299744778987,4,2,3,M3
13343,2011-06-15 12:24:00,1,353.43,177,0,35.68827988402491,5.403241982603736,4,1,2,R4
13344,2011-10-03 09:45:00,3,2543.72,67,1,245.51084231262354,37.77662634689352,5,4,4,F4
13345,2011-02-25 09:01:00,1,389.5,287,0,39.219970388180506,5.932995558227075,3,2,2,M2
13346,2010-09-03 11:41:00,6,299.4,462,1,20.221409906600158,4.1332114859900235,2,1,1,F1
13347,2011-09-30 13:28:00,1,341.36,69,0,24.40140421796542,3.710210632694813,5,1,2,F1
13348,2011-10-06 17:28:00,1,233.76,63,0,32.477622725809184,4.921643408871377,5,1,1,R5
13349,2011-11-29 08:07:00,1,247.32,10,0,41.415368631984336,6.26230529479765,5,2,1,R5
13350,2011-11-23 16:33:00,2,979.12,15,1,71.63103105636564,11.644654658454847,5,2,3,R5
13351,2011-10-04 12:55:00,1,373.94,65,0,31.30396701192567,4.74559505178885,5,1,2,M2
13352,2011-10-10 13:55:00,1,397.97999999999996,59,0,59.96291589978398,9.044437384967598,5,2,2,F2
13354,2011-09-29 13:17:00,1,743.53,70,0,122.85999131917296,18.478998697875944,5,3,3,F3
13355,2011-08-09 14:48:00,1,674.7,121,0,71.55874749214207,10.783812123821312,5,2,3,F2
13356,2011-09-20 14:33:00,1,768.24,79,0,82.72561254421211,12.458841881631818,5,3,3,R5
13357,2011-03-27 13:56:00,5,3838.36,256,1,609.5106506491346,92.47659759737019,4,5,5,F5
13358,2011-03-16 11:52:00,1,439.03,268,0,58.25266218592586,8.787899327888878,4,2,2,M2
13359,2011-10-07 09:30:00,2,1043.31,63,1,104.27461708411658,16.541192562617486,5,3,3,F3
13360,2010-10-04 12:37:00,4,1553.65,431,1,164.07896927672712,25.611845391509068,2,4,4,M4
13361,2010-08-24 14:56:00,2,1450.5,471,1,76.127812064977,12.31917180974655,2,3,4,R2
13362,2011-11-30 14:41:00,7,5394.07,8,1,610.0980317764979,92.66470476647467,5,5,5,R5
13363,2011-11-22 12:40:00,3,1723.86,17,1,233.94216409986655,36.04132461497998,5,4,4,R5
13364,2011-09-29 18:13:00,1,134.95999999999998,70,0,19.641826102314916,2.996273915347237,5,1,1,F1
13365,2011-11-06 12:36:00,2,2225.37,33,1,281.8312224705139,43.174683370577085,5,4,4,R5
13366,2011-10-20 13:37:00,1,56.160000000000004,49,0,4.976733742420574,0.7965100613630861,5,1,1,F1
13367,2010-10-04 10:00:00,1,510.20000000000005,431,0,47.6507758830893,7.197616382463395,2,2,2,M2
13368,2011-03-28 09:59:00,4,1121.5,256,1,120.46828849446837,19.070243274170256,4,3,3,F3
13369,2010-12-09 11:30:00,1,616.5600000000001,365,0,59.04436009736319,8.906654014604479,3,2,2,F2
13370,2010-12-03 10:26:00,1,1509.74,371,0,162.0133810874917,24.352007163123755,3,4,4,R3
13371,2010-07-22 17:33:00,2,2297.66,504,1,206.42470136996116,31.863705205494174,2,4,4,R2
13372,2011-09-11 12:46:00,1,378.64,89,0,41.47915968239044,6.271873952358566,5,2,2,M2
13373,2011-10-10 10:51:00,6,7587.1900000000005,60,1,815.0417774432165,123.35626661648246,5,5,5,F5
13374,2010-10-21 10:04:00,2,422.8,414,1,34.57304674501281,6.085957011751921,3,2,2,M2
13375,2011-09-12 10:19:00,2,1792.23,88,1,170.13729187729479,26.42059378159422,5,4,4,M4
13376,2011-09-01 16:16:00,3,1019.76,98,1,113.03255272308856,17.904882908463282,5,3,3,F3
13377,2010-11-08 12:20:00,2,1552.88,396,1,161.95981506384436,25.193972259576654,3,4,4,R3
13379,2011-11-13 13:45:00,3,572.56,25,1,157.5758561620182,24.58637842430273,5,4,2,R5
13380,2010-10-03 10:18:00,1,62.4,432,0,8.348774539791274,1.302316180968691,2,1,1,F1
13381,2011-11-08 11:58:00,12,8224.37,31,1,873.4145345325788,132.41218017988683,5,5,5,F5
13382,2011-03-04 10:03:00,5,1387.58,280,1,194.82837350917063,30.274256026375593,3,4,4,F4
13383,2010-06-14 11:45:00,1,305.28000000000003,543,0,5.666426688112432,0.8999640032168649,2,1,2,F1
13384,2011-11-09 11:04:00,11,6680.83,30,1,653.8578509414396,99.42867764121593,5,5,5,F5
13385,2011-01-14 09:52:00,1,534.57,329,0,67.39983164258854,10.159974746388281,3,2,2,F2
13386,2010-10-21 12:52:00,2,835.46,413,1,81.75745630820224,13.163618446230336,3,3,3,M3
13387,2010-10-18 14:07:00,1,189.44,416,0,63.940079820825815,9.641011973123872,3,2,1,M1
13388,2011-07-31 12:52:00,3,1185.65,130,1,143.78044102834002,22.517066154251,5,3,3,M3
13389,2011-11-28 14:01:00,3,797.96,10,1,100.79394673736864,16.069092010605296,5,3,3,R5
13390,2011-09-26 08:38:00,1,544.08,74,0,34.29173923268066,5.193760884902099,5,1,2,M2
13391,2011-05-20 10:50:00,1,59.8,203,0,1.6094379124341003,0.29141568686511504,4,1,1,F1
13392,2010-01-31 13:34:00,1,91.14,676,0,18.945044206258633,2.8917566309387945,1,1,1,F1
13393,2010-05-05 09:34:00,4,1131.45,583,1,132.45266151587873,20.86789922738181,1,3,3,M3
13394,2011-12-08 11:36:00,19,6621.7,1,1,985.35880158407,149.5538202376105,5,5,5,R5
13395,2011-06-07 15:04:00,3,1180.23,184,1,199.3745162221672,30.856177433325076,4,4,3,R4
13396,2011-11-10 16:59:00,2,1360.99,28,1,105.55302134063881,16.73295320109582,5,3,4,R5
13397,2011-09-28 10:56:00,10,3191.87,72,1,202.0913143249828,31.613697148747416,5,4,5,F4
13398,2011-05-31 13:17:00,2,670.34,191,1,77.26712396040683,12.490068594061025,4,3,3,R4
13399,2010-09-01 13:59:00,3,275.4,463,1,31.202977536269536,5.630446630440431,2,1,1,R2
13400,2010-05-06 09:00:00,1,310.83,582,0,53.917379655878,8.1376069483817,1,2,2,F2
13402,2011-08-04 15:51:00,4,1535.13,126,1,224.79370592368636,34.71905588855295,5,4,4,F4
13403,2011-11-22 08:28:00,3,229.5,17,1,20.719831822462126,4.0579747733693186,5,1,1,R5
13404,2011-12-08 15:37:00,2,252.49,0,1,25.139449597363306,4.670917439604496,5,1,1,R5
13405,2011-09-26 17:01:00,6,1213.811,73,1,89.06771893419307,14.46015784012896,5,3,3,R5
13406,2010-10-08 14:44:00,2,568.92,426,1,29.528453645088128,5.329268046763218,3,1,2,M2
13407,2010-05-10 12:41:00,3,2244.7,578,1,237.49748664465065,36.57462299669759,1,4,4,F4
13408,2011-12-08 09:05:00,106,51733.462,1,1,2740.011603372138,417.1017405058207,5,5,5,R5
13410,2011-11-15 15:33:00,9,2201.96,23,1,144.14692580206219,22.87203887030933,5,3,4,R5
13411,2011-08-24 13:57:00,1,213.55,106,0,26.929153217000056,4.0893729825500085,5,1,1,F1
13412,2010-03-29 16:28:00,1,487.34999999999997,619,0,52.93966838454507,7.99095025768176,1,2,2,F2
13413,2010-03-10 12:17:00,6,429.44,639,1,57.22960935759538,9.684441403639308,1,2,2,M2
13414,2011-07-29 11:45:00,6,2494.14,133,1,157.79621276796473,24.769431915194712,5,4,4,M4
13415,2010-08-24 11:38:00,4,800.67,472,1,132.07438217871263,20.811157326806892,2,3,3,R2
13416,2011-10-27 08:56:00,3,940.8000000000001,43,1,54.12466475954165,9.068699713931249,5,2,3,M3
13417,2011-12-05 08:49:00,6,1669.49,4,1,147.2238006048755,23.183570090731326,5,3,4,R5
13418,2011-11-28 10:23:00,31,12233.6,11,1,1339.2466388954656,203.23699583431986,5,5,5,R5
13419,2011-10-07 12:49:00,1,221.06,63,0,45.400228961364746,6.860034344204712,5,2,1,R5
13420,2011-07-13 08:48:00,2,159.85,149,1,19.403997999317784,3.8105996998976677,4,1,1,M1
13421,2011-10-30 14:21:00,8,4103.12,39,1,525.0735846824828,79.96103770237241,5,5,5,R5
13422,2011-10-06 13:42:00,1,2626.3,63,0,289.5986898836775,43.489803482551615,5,4,4,F4
13423,2010-10-07 09:02:00,1,217.03,428,0,28.859966136420425,4.378994920463064,3,1,1,M1
13424,2010-09-16 10:49:00,1,572.77,449,0,100.82556499134668,15.173834748702003,2,3,2,F3
13425,2011-08-23 17:13:00,5,3403.63,107,1,425.45366995218336,64.86805049282749,5,5,5,M4
13426,2011-12-09 08:59:00,22,8167.38,0,1,888.0324566867101,135.10486850300651,5,5,5,R5
13427,2011-11-20 13:02:00,6,1006.53,18,1,140.80687109508688,22.221030664263033,5,3,3,R5
13428,2011-11-29 14:20:00,3,499.98,9,1,156.6169718556758,24.44254577835137,5,4,2,R5
13429,2011-11-29 09:10:00,4,1006.8,10,1,194.94035328900418,30.241052993350625,5,4,3,R5
13430,2011-11-21 08:19:00,2,679.45,18,1,127.5334273464325,20.030014101964877,5,3,3,R5
13431,2011-10-03 13:49:00,8,3316.24,66,1,293.38708125267476,45.208062187901206,5,4,5,F4
13432,2010-05-17 13:18:00,2,439.1,570,1,110.48738992906239,17.47310848935936,2,3,2,M2
13433,2010-07-26 16:55:00,4,658.3199999999999,500,1,47.25877020372246,8.088815530558369,2,2,3,F2
13434,2011-09-26 14:30:00,5,1666.8600000000001,73,1,104.31104690036786,16.69665703505518,5,3,4,F3
13435,2011-12-04 14:45:00,9,4475.2300000000005,4,1,348.77013931005916,53.56552089650887,5,5,5,R5
13436,2011-12-08 10:33:00,1,196.89,1,0,20.72938855479644,3.1594082832194657,5,1,1,R5
13437,2011-11-25 14:00:00,7,3408.06,13,1,318.8630893978658,48.979463409679866,5,4,5,R5
13438,2010-06-10 18:46:00,1,46.5,546,0,2.3978952727983707,0.40968429091975556,2,1,1,F1
13439,2011-03-29 14:20:00,3,986.61,254,1,247.5841809688476,38.08762714532713,4,4,3,F4
13440,2010-10-12 13:11:00,7,1295.25,422,1,125.21771479910271,19.93265721986541,3,3,4,F3
13441,2011-09-09 09:38:00,2,720.9,91,1,92.90773433800052,14.836160150700078,5,3,3,F3
13442,2010-02-10 14:03:00,3,419.87,666,1,42.78701292010781,7.368051938016172,1,2,2,M2
13443,2010-09-17 12:31:00,6,1280.16,448,1,256.83852825629543,39.62577923844431,2,4,4,F4
13444,2010-11-30 13:02:00,2,631.6800000000001,373,1,102.30528514645346,16.245792771968016,3,3,2,R3
13445,2010-03-23 15:34:00,1,241.89999999999998,625,0,22.553695687634576,3.4330543531451863,1,1,1,F1
13446,2010-10-05 18:51:00,11,3881.89,429,1,444.59975976745784,68.03996396511867,3,5,5,F5
13447,2011-11-16 13:38:00,3,1129.14,22,1,130.80019193034192,20.570028789551287,5,3,3,R5
13448,2011-11-23 12:33:00,13,9240.87,16,1,1080.1716212824479,163.4757431923672,5,5,5,R5
13449,2011-11-16 08:28:00,1,291.88,23,0,46.224242447897026,6.983636367184554,5,2,1,R5
13450,2011-11-13 11:54:00,13,4120.04,26,1,447.5131481581207,68.5769722237181,5,5,5,R5
13451,2011-11-13 15:58:00,11,7190.92,25,1,1649.226166407306,248.7339249610959,5,5,5,R5
13452,2011-03-25 14:19:00,3,729.8,258,1,2.995732273553991,1.3993598410330987,4,1,3,F1
13453,2011-06-27 09:34:00,3,781.6899999999999,165,1,82.8199394573837,13.372990918607556,4,3,3,R4
13454,2010-03-08 14:40:00,1,219.87,640,0,47.1222618709725,7.118339280645875,1,2,1,M1
13455,2011-11-15 11:21:00,6,2905.93,24,1,271.51126336107967,41.82668950416194,5,4,4,R5
13456,2011-11-22 09:18:00,6,1766.72,17,1,147.78376340684292,23.26756451102644,5,3,4,R5
13457,2010-01-20 08:48:00,2,148.22,688,1,21.43083453817108,4.114625180725662,1,1,1,M1
13458,2011-12-02 15:29:00,16,11959.27,6,1,1223.4690585567078,185.1203587835062,5,5,5,R5
13459,2010-03-25 10:24:00,2,1160.4099999999999,624,1,174.4126349127992,27.06189523691988,1,4,3,M3
13460,2011-11-10 17:17:00,2,183.44,28,1,46.61925442286459,7.892888163429689,5,2,1,R5
13461,2011-11-01 09:01:00,6,4160.0,38,1,222.524884067527,34.47873261012904,5,4,5,F4
13462,2011-04-01 11:20:00,5,1153.85,252,1,158.72512568274027,24.85876885241104,4,4,3,M3
13464,2011-10-12 15:01:00,6,3097.64,57,1,324.38097370983934,49.7571460564759,5,4,5,R5
13465,2010-09-19 15:13:00,2,931.12,445,1,90.4973582251482,14.47460373377223,2,3,3,M3
13466,2011-06-08 16:39:00,5,1013.35,183,1,128.6026876047068,20.34040314070602,4,3,3,M3
13467,2011-11-29 10:01:00,2,1083.71,10,1,166.14943779148302,25.822415668722456,5,4,3,R5
13468,2011-12-08 10:39:00,72,13390.51,1,1,1418.4335319148965,217.1650297872345,5,5,5,R5
13469,2010-02-24 15:03:00,1,82.4,652,0,13.088088652659962,2.0132132978989943,1,1,1,F1
13470,2011-09-01 14:57:00,2,165.0,98,1,23.978952727983707,4.496842909197556,5,1,1,M1
13471,2011-12-08 15:44:00,4,2531.58,0,1,438.8257844064441,66.82386766096661,5,5,4,R5
13472,2010-09-02 09:41:00,2,592.24,463,1,66.12636436715744,10.818954655073615,2,2,2,R2
13473,2011-10-10 11:20:00,8,2657.7599999999998,60,1,166.78219981948664,26.217329972922993,5,4,4,R5
13474,2011-04-17 13:53:00,3,663.79,235,1,147.0665539601205,23.009983094018075,4,3,3,R4
13475,2011-06-01 13:52:00,4,1431.78,190,1,199.59577872053376,30.939366808080063,4,4,4,R4
13476,2011-06-14 12:00:00,5,2061.4700000000003,178,1,190.74216603370567,29.66132490505585,4,4,4,M4
13477,2011-11-02 12:04:00,11,2834.17,37,1,375.70012486091804,57.7050187291377,5,5,4,R5
13478,2010-08-27 13:23:00,5,2215.78,468,1,256.4050508447682,39.510757626715225,2,4,4,M4
13479,2011-05-23 10:45:00,4,851.37,200,1,125.72104061466439,19.858156092199657,4,3,3,R4
13480,2010-10-19 11:53:00,2,627.82,416,1,81.94788250371909,13.192182375557863,3,3,2,R3
13481,2011-10-25 09:07:00,11,3830.84,45,1,480.41553553404384,73.41233033010657,5,5,5,R5
13482,2011-04-21 17:03:00,2,336.09,231,1,43.702143377181415,7.455321506577212,4,2,2,R4
13483,2011-10-05 11:53:00,1,140.34,65,0,27.479106151172633,4.171865922675894,5,1,1,M1
13484,2011-04-12 16:30:00,3,790.72,240,1,66.80893395567372,10.97134009335106,4,2,3,R4
13485,2011-04-20 13:58:00,11,3019.2200000000003,232,1,352.76709533169117,54.26506429975367,4,5,5,R4
13486,2011-09-22 13:13:00,3,1122.41,77,1,149.7534499182973,23.413017487744593,5,3,3,M3
13487,2011-10-13 12:07:00,5,846.87,57,1,91.56586144188242,14.784879216282363,5,3,3,M3
13488,2011-11-22 14:41:00,23,15587.88,16,1,1609.3340814353514,243.35011221530272,5,5,5,R5
13489,2011-08-26 13:16:00,4,449.52,104,1,41.09030447415514,7.163545671123271,5,2,2,M2
13490,2010-02-23 14:48:00,1,154.25,653,0,9.849770270030142,1.5274655405045212,1,1,1,F1
13491,2011-10-19 08:32:00,27,4566.56,51,1,546.6747443151172,84.15121164726757,5,5,5,R5
13492,2011-07-26 14:25:00,3,1269.84,135,1,101.76465534525231,16.214698301787845,4,3,3,F3
13493,2011-03-09 15:35:00,2,618.63,274,1,22.166495472012397,4.224974320801859,4,1,2,F1
13494,2011-02-01 11:58:00,1,316.26000000000005,311,0,35.33501672377546,5.350252508566319,3,1,2,R3
13495,2011-12-02 11:21:00,10,5374.26,7,1,414.2642667339812,63.43964001009717,5,5,5,R5
13496,2011-11-29 10:58:00,2,653.33,10,1,77.43439075698547,12.51515861354782,5,3,3,R5
13497,2011-03-02 09:04:00,6,1320.33,282,1,143.21352377096576,22.582028565644865,3,3,4,F3
13498,2009-12-09 15:26:00,1,327.38,729,0,46.09319940305108,6.963979910457661,1,2,2,F2
13499,2011-11-22 11:21:00,5,1159.11,17,1,125.71540289477173,19.90731043421576,5,3,3,R5
13500,2011-11-16 15:35:00,4,1466.3,22,1,178.9244273311662,27.838664099674933,5,4,4,R5
13501,2011-02-24 18:59:00,3,2885.11,287,1,253.80119900421803,39.0201798506327,3,4,4,F4
13502,2011-11-23 10:39:00,5,780.5,16,1,84.93982086519628,13.790973129779443,5,3,3,R5
13503,2011-09-29 13:23:00,6,1905.39,70,1,301.55382167113504,46.333073250670246,5,4,4,M4
13504,2011-10-06 13:20:00,1,295.93,63,0,43.2224734032127,6.533371010481905,5,2,1,R5
13505,2011-09-28 11:56:00,4,4393.63,72,1,500.0388048865517,76.00582073298276,5,5,5,R5
13506,2011-01-27 13:53:00,5,1639.2,315,1,223.7201288169655,34.60801932254482,3,4,4,F4
13507,2011-12-06 13:13:00,4,2479.16,2,1,342.96001885853195,52.444002828779794,5,4,4,R5
13508,2011-04-10 11:58:00,2,287.05,243,1,40.4666652107246,6.969999781608689,4,2,1,R4
13509,2011-12-01 10:10:00,8,1114.72,8,1,148.4289346764673,23.464340201470094,5,3,3,R5
13510,2011-12-08 13:46:00,11,4558.29,0,1,634.0715648074714,96.4607347211207,5,5,5,R5
13511,2010-02-01 12:10:00,1,282.76,676,0,10.221941283654662,1.5832911925481992,1,1,1,F1
13512,2011-03-24 10:03:00,4,713.39,260,1,86.26889201333334,13.940333802000001,4,3,3,R4
13513,2011-08-05 11:50:00,3,824.59,126,1,85.9804803807323,13.847072057109846,5,3,3,M3
13514,2011-09-27 09:39:00,4,815.9000000000001,73,1,50.82774027727194,8.624161041590792,5,2,3,F2
13515,2011-09-28 11:26:00,6,1265.82,72,1,172.79737501938308,27.01960625290746,5,4,3,R5
13516,2011-11-18 13:15:00,4,1685.26,20,1,136.81437157860245,21.522155736790367,5,3,4,R5
13517,2011-10-11 11:43:00,3,2128.42,59,1,301.9750341024766,46.24625511537149,5,4,4,M4
13518,2011-09-15 10:29:00,1,659.4399999999999,85,0,85.93368897546758,12.940053346320136,5,3,3,R5
13519,2011-09-22 18:24:00,2,343.21,77,1,35.44977494181957,6.217466241272935,5,2,2,R5
13520,2011-10-12 10:20:00,11,6909.4,58,1,529.3665323596291,80.75497985394436,5,5,5,M5
13521,2011-12-08 13:50:00,3,1093.65,0,1,402.317042398429,61.29755635976434,5,5,3,R5
13522,2011-11-09 15:11:00,1,125.80000000000001,29,0,11.21894359036992,1.7328415385554878,5,1,1,R5
13523,2011-11-06 15:11:00,6,5101.52,32,1,480.5607502599332,73.18411253898996,5,5,5,R5
13524,2011-10-30 12:34:00,5,680.1800000000001,40,1,62.10942247640568,10.366413371460853,5,2,3,R5
13525,2011-11-25 12:01:00,2,628.78,14,1,20.283140031670737,3.942471004750611,5,1,2,R5
13526,2009-12-01 13:13:00,2,1182.0,737,1,132.84464524589634,20.826696786884455,1,3,3,F3
13527,2011-11-06 12:04:00,12,4683.74,33,1,758.2586795202585,115.13880192803876,5,5,5,F5
13529,2011-09-22 09:15:00,2,307.76,78,1,25.470935085541285,4.720640262831193,5,1,2,R5
13530,2010-03-15 14:10:00,1,402.97999999999996,633,0,47.326403110079276,7.148960466511891,1,2,2,M2
13531,2011-05-18 16:56:00,6,1738.52,204,1,166.1051097015092,26.01576645522638,4,4,4,R4
13532,2011-11-06 12:25:00,1,210.31,33,0,56.97248454148766,8.595872681223149,5,2,1,F2
13533,2011-06-10 11:54:00,3,270.79,182,1,88.74113279612556,14.261169919418833,4,3,1,R4
13534,2011-12-07 14:52:00,35,7720.9,1,1,881.394513488697,134.75917702330457,5,5,5,R5
13535,2010-11-02 11:49:00,1,89.5,402,0,2.3978952727983707,0.40968429091975556,3,1,1,F1
13536,2011-12-08 16:38:00,7,3448.29,0,1,370.5085811848464,56.72628717772695,5,5,5,R5
13537,2010-10-10 12:45:00,2,717.85,425,1,87.63690523319485,14.045535784979228,3,3,3,F3
13538,2011-10-27 16:34:00,12,3112.73,42,1,255.7973714208751,39.76960571313126,5,4,5,R5
13539,2011-09-15 10:18:00,7,1569.3600000000001,85,1,170.2780178253313,26.691702673799696,5,4,4,R5
13540,2010-08-29 14:20:00,3,632.39,466,1,53.34235258779241,8.951352888168863,2,2,2,F2
13541,2010-10-08 16:37:00,2,785.25,426,1,31.847260544236484,5.677089081635472,3,1,3,M3
13542,2010-11-28 11:24:00,17,4006.17,376,1,374.3701818336339,57.80552727504509,3,5,5,R3
13543,2010-03-15 13:34:00,2,1439.6100000000001,633,1,89.73794308303277,14.360691462454916,1,3,4,F3
13544,2011-10-31 11:57:00,6,829.0,39,1,212.6900434067602,33.003506511014024,5,4,3,R5
13545,2010-11-14 11:27:00,2,374.64,390,1,75.67682108073437,12.251523162110155,3,2,2,R3
13546,2011-11-27 14:50:00,5,1092.14,11,1,222.469012719567,34.42035190793504,5,4,3,R5
13547,2010-10-27 14:14:00,1,175.53,407,0,40.69225446817573,6.15383817022636,3,2,1,M1
13548,2011-09-04 14:50:00,3,908.99,95,1,196.88254626304374,30.48238193945656,5,4,3,M3
13549,2011-11-14 09:20:00,8,1005.8,25,1,128.5566032812549,20.48349049218823,5,3,3,R5
13550,2010-11-21 15:24:00,1,349.51,382,0,83.88351863454248,12.632527795181373,3,3,2,R3
13551,2011-01-24 14:46:00,2,244.2,318,1,8.764053269347762,2.2146079904021647,3,1,1,F1
13552,2011-10-04 15:19:00,22,6978.92,65,1,506.0916357007314,77.8137453551097,5,5,5,M5
13553,2010-02-03 12:21:00,1,517.8,674,0,95.13989470830276,14.320984206245415,1,3,2,M2
13554,2010-11-24 15:05:00,7,1638.28,379,1,226.68123121405765,35.15218468210865,3,4,4,R3
13555,2011-09-27 12:36:00,13,8999.19,73,1,850.324842071585,128.99872631073774,5,5,5,F5
13556,2010-10-06 16:44:00,2,200.82,428,1,23.424651169271378,4.413697675390707,3,1,1,M1
13557,2011-11-11 15:24:00,13,3032.26,27,1,441.8000086400701,67.72000129601051,5,5,5,R5
13558,2011-12-04 11:24:00,4,605.06,5,1,169.89543493226319,26.48431523983948,5,4,2,R5
13559,2010-07-15 09:52:00,2,990.0,512,1,10.280587479087396,2.4420881218631094,2,1,3,F1
13560,2011-12-02 13:11:00,1,174.37,6,0,33.62441377384653,5.093662066076979,5,1,1,R5
13561,2011-05-08 12:39:00,11,1820.72,215,1,340.97027724470746,52.49554158670611,4,4,4,M4
13562,2011-09-19 10:51:00,8,4838.18,81,1,399.5647840453986,61.13471760680978,5,5,5,M5
13563,2011-09-16 14:45:00,2,777.53,83,1,62.72722651529746,10.30908397729462,5,2,3,F2
13564,2011-07-18 14:33:00,37,17249.55,143,1,2333.672555197448,352.70088327961724,4,5,5,F5
13565,2011-11-20 14:33:00,3,414.8,18,1,90.37354467194169,14.506031700791254,5,3,2,R5
13566,2011-10-30 11:59:00,5,1708.1200000000001,40,1,475.98084367305523,72.44712655095827,5,5,4,R5
13567,2010-10-07 12:51:00,4,1083.69,427,1,231.9773088757444,35.796596331361656,3,4,3,F4
13568,2011-06-19 14:42:00,1,192.85,172,0,40.14025497809885,6.071038246714828,4,2,1,M1
13569,2011-11-22 13:07:00,4,893.78,16,1,207.45714890429738,32.11857233564461,5,4,3,R5
13570,2011-04-10 13:36:00,1,239.49,242,0,43.55396700824085,6.5830950512361275,4,2,1,R4
13571,2011-11-27 10:47:00,26,4546.54,12,1,1051.9064994433952,159.8859749165093,5,5,5,R5
13572,2011-05-18 11:59:00,1,1384.25,205,0,79.33147511794569,11.949721267691853,4,2,4,R4
13573,2011-10-20 14:33:00,6,916.47,49,1,127.64158332715674,20.246237499073512,5,3,3,M3
13574,2010-10-24 13:28:00,1,421.25,410,0,116.53882161840029,17.530823242760043,3,3,2,M2
13575,2011-11-16 13:14:00,5,732.0699999999999,22,1,105.81186568966193,16.92177985344929,5,3,3,R5
13576,2011-11-29 15:34:00,28,11551.74,9,1,637.5688856480456,97.83533284720684,5,5,5,R5
13577,2011-11-14 15:19:00,11,3489.28,24,1,367.3010010942184,56.445150164132755,5,5,5,R5
13578,2010-10-26 13:44:00,1,147.66,408,0,15.56686461255729,2.385029691883593,3,1,1,F1
13579,2011-11-25 08:41:00,5,1539.04,14,1,176.40746101427408,27.511119152141113,5,4,4,R5
13580,2010-10-29 15:01:00,1,107.75,405,0,10.61883644107976,1.642825466161964,3,1,1,F1
13581,2011-02-03 14:41:00,2,280.53000000000003,308,1,44.80709504336494,7.62106425650474,3,2,1,F2
13582,2010-11-15 11:34:00,2,241.68,389,1,24.822779988038274,4.623416998205741,3,1,1,R3
13583,2011-07-07 10:40:00,2,1445.031,155,1,219.4971665300551,33.82457497950826,4,4,4,F4
13584,2011-02-06 12:49:00,3,392.45,306,1,92.79470733701237,14.869206100551857,3,3,2,M2
13585,2010-06-27 12:33:00,3,684.54,530,1,125.18292264276809,19.727438396415213,2,3,3,F3
13586,2010-06-16 13:47:00,1,131.53,540,0,18.84826109731087,2.8772391645966304,2,1,1,F1
13587,2011-10-07 12:31:00,4,1673.5,63,1,80.16322995941431,13.024484493912146,5,3,4,R5
13588,2011-11-24 10:42:00,9,2478.95,15,1,458.03156895301777,69.95473534295266,5,5,4,R5
13589,2011-11-25 12:10:00,6,1120.74,14,1,82.59894242244927,13.489841363367391,5,3,3,R5
13590,2011-11-28 12:54:00,18,6349.59,10,1,876.0053361737865,133.100800426068,5,5,5,R5
13591,2011-10-06 12:26:00,7,2093.94,64,1,208.04970684234365,32.35745602635155,5,4,4,M4
13592,2011-11-04 09:49:00,4,247.95999999999998,35,1,25.23901184657503,4.785851776986254,5,1,1,R5
13593,2011-08-23 13:35:00,14,5523.6900000000005,107,1,656.7349603674817,100.01024405512224,5,5,5,F5
13594,2011-10-18 10:19:00,2,533.32,52,1,77.7178034225558,12.557670513383371,5,3,2,R5
13595,2010-07-11 12:36:00,3,818.22,516,1,156.4134822119321,24.412022331789814,2,4,3,R2
13596,2011-12-04 12:01:00,2,697.04,5,1,165.36221931508962,25.704332897263445,5,4,3,R5
13597,2010-11-04 14:54:00,2,396.71,399,1,43.61433320087075,7.442149980130612,3,2,2,M2
13598,2011-10-23 14:28:00,5,789.59,46,1,122.60778331876739,19.44116749781511,5,3,3,R5
13599,2011-12-08 16:10:00,33,10167.630000000001,0,1,1020.6415180946473,155.5462277141971,5,5,5,R5
13600,2011-01-31 15:27:00,2,518.42,311,1,82.75522376624158,13.313283564936238,3,3,2,M2
13601,2011-10-25 17:31:00,4,1185.14,44,1,270.4980781315022,41.57471171972533,5,4,3,R5
13602,2011-10-06 11:47:00,4,1025.17,64,1,123.55911253901978,19.533866880852965,5,3,3,M3
13603,2011-11-13 15:57:00,1,164.34,25,0,44.85956629438352,6.778934944157528,5,2,1,R5
13604,2010-02-19 12:02:00,1,717.62,658,0,45.48907539347495,6.8733613090212415,1,2,3,F2
13605,2010-11-17 17:16:00,2,522.67,386,1,96.14553227828624,15.321829841742936,3,3,2,R3
13606,2011-11-10 17:46:00,3,280.53999999999996,28,1,59.883644444747816,9.932546666712174,5,2,1,R5
13607,2011-10-30 16:17:00,2,1078.31,39,1,162.78479190252014,25.317718785378023,5,4,3,R5
13608,2010-06-17 12:28:00,1,236.2,540,0,45.49761253176228,6.874641879764342,2,2,1,M1
13609,2010-04-25 13:26:00,1,167.35,592,0,8.26565016558033,1.2898475248370496,1,1,1,F1
13610,2011-11-27 15:38:00,14,2175.88,11,1,427.77911145336446,65.66686671800467,5,5,4,R5
13611,2011-09-11 14:51:00,10,3319.53,88,1,454.6670273552737,69.50005410329105,5,5,5,R5
13612,2010-03-17 12:14:00,1,818.29,632,0,104.2866041636439,15.692990624546585,1,3,3,F3
13613,2010-09-13 12:01:00,5,1039.8500000000001,452,1,113.74771885993002,18.112157828989503,2,3,3,F3
13614,2011-11-15 14:47:00,6,2359.19,23,1,336.75911700651005,51.6138675509765,5,4,4,R5
13615,2011-01-25 08:21:00,8,6272.53,318,1,719.0016922226214,109.05025383339321,3,5,5,F5
13616,2010-05-20 12:59:00,2,288.1,567,1,53.244184197101994,8.8866276295653,2,2,1,F2
13617,2011-10-30 13:50:00,8,1278.75,39,1,165.97065069444372,26.095597604166556,5,4,4,R5
13618,2011-06-19 11:09:00,1,177.34,173,0,36.89461636038323,5.584192454057485,4,1,1,M1
13619,2010-06-13 11:39:00,2,231.69,544,1,45.113810694529654,7.667071604179448,2,2,1,F2
13620,2010-06-29 15:02:00,1,112.34,527,0,11.580733634975422,1.7871100452463133,2,1,1,F1
13621,2011-08-15 08:26:00,1,213.85,116,0,51.01862469052734,7.7027937035791005,5,2,1,F2
13622,2010-01-12 13:22:00,1,658.95,695,0,73.03399911066418,11.005099866599627,1,2,3,F2
13623,2011-11-09 12:00:00,10,2566.49,30,1,351.054309321643,53.95814639824645,5,5,4,R5
13624,2010-11-16 13:43:00,1,462.08,387,0,55.549471579680834,8.382420736952126,3,2,2,F2
13625,2010-04-22 10:50:00,1,301.26,596,0,36.58679128373441,5.53801869256016,1,1,2,F1
13626,2011-04-01 10:05:00,2,707.04,252,1,91.03952680243914,14.555929020365872,4,3,3,R4
13627,2011-10-11 14:20:00,7,2245.9,58,1,291.98128872994295,44.94719330949144,5,4,4,M4
13628,2010-02-01 14:44:00,1,310.14,675,0,29.375293721859105,4.456294058278865,1,1,2,F1
13629,2011-11-16 13:21:00,19,13370.86,22,1,357.0770566522239,55.31155849783359,5,5,5,R5
13630,2011-12-04 15:16:00,7,2031.78,4,1,169.85509878787676,26.628264818181513,5,4,4,R5
13631,2011-09-01 09:57:00,11,3070.42,99,1,37.378734239109804,6.95681013586647,5,2,5,F2
13632,2011-11-15 10:51:00,8,3648.15,24,1,410.5493362661734,62.782400439926,5,5,5,R5
13634,2011-11-06 13:40:00,16,5073.47,32,1,660.9512129624381,100.74268194436571,5,5,5,F5
13635,2011-10-03 10:55:00,4,2999.16,67,1,388.32916806767537,59.2493752101513,5,5,4,R5
13636,2011-11-03 10:30:00,5,949.12,36,1,130.32525682164817,20.598788523247226,5,3,3,M3
13637,2011-10-18 13:32:00,3,810.5,51,1,148.36195086062818,23.204292629094226,5,3,3,R5
13638,2011-11-24 10:38:00,1,122.64,15,0,18.543213813646805,2.8314820720470206,5,1,1,R5
13639,2011-09-26 13:36:00,2,1346.27,73,1,157.08634103517448,24.462951155276173,5,4,4,R5
13640,2010-04-07 15:33:00,1,405.0,610,0,13.267545387248827,2.040131808087324,1,1,2,F1
13641,2010-03-09 07:37:00,5,1016.47,640,1,123.77155701480329,19.615733552220494,1,3,3,M3
13642,2011-05-08 12:34:00,4,514.72,215,1,111.69554862667079,17.754332294000616,4,3,2,F3
13643,2011-11-08 15:37:00,10,2156.77,30,1,216.59705993258729,33.789558989888086,5,4,4,R5
13644,2011-11-23 14:07:00,4,2624.26,15,1,347.54121531214713,53.13118229682207,5,4,4,R5
13645,2011-08-11 16:11:00,1,252.1,119,0,15.175856912566486,2.3263785368849725,5,1,1,F1
13646,2010-11-05 12:13:00,2,326.25,399,1,48.010605528809975,8.101590829321497,3,2,2,F2
13647,2011-11-30 12:00:00,8,3071.68,9,1,315.6087832140235,48.54131748210352,5,4,5,R5
13648,2010-11-04 14:46:00,8,1764.02,399,1,223.8066650878552,34.770999763178274,3,4,4,F4
13649,2011-03-28 11:51:00,6,1678.88,256,1,211.278939769541,32.79184096543115,4,4,4,F4
13650,2011-11-23 12:22:00,10,3288.0,16,1,382.34086389385624,58.65112958407843,5,5,5,R5
13651,2011-11-04 14:59:00,3,226.85,34,1,20.2089934800143,3.981349022002145,5,1,1,R5
13652,2011-10-25 08:51:00,5,2570.85,45,1,344.2580953318415,52.68871429977622,5,4,4,R5
13653,2010-08-09 08:19:00,1,152.2,487,0,18.951625909497718,2.8927438864246575,2,1,1,F1
13654,2011-10-27 16:24:00,11,6308.0,42,1,818.8682171808878,124.18023257713315,5,5,5,F5
13655,2011-08-17 14:25:00,6,2280.51,113,1,259.05309542776155,39.95796431416422,5,4,4,F4
13656,2011-06-28 10:31:00,4,1078.85,164,1,174.3192159177411,27.147882387661166,4,4,3,M3
13657,2011-11-29 12:32:00,2,382.14,10,1,38.480535825166314,6.672080373774946,5,2,2,R5
13658,2011-11-30 10:13:00,9,6025.5,9,1,503.7394557466739,76.81091836200109,5,5,5,R5
13659,2011-05-18 12:37:00,12,4894.88,205,1,566.2797631374547,86.3419644706182,4,5,5,R4
13660,2010-11-04 16:10:00,1,314.59,399,0,48.44546215574593,7.316819323361889,3,2,2,R3
13661,2010-04-15 14:58:00,1,325.24,602,0,32.59416954672731,4.939125432009096,1,1,2,F1
13662,2011-09-15 12:04:00,11,2250.11,85,1,275.0385531972503,42.60578297958754,5,4,4,M4
13663,2011-06-13 15:44:00,5,2047.51,178,1,206.55289471553982,32.03293420733097,4,4,4,M4
13665,2010-11-18 13:06:00,3,1711.6599999999999,385,1,266.07845297268943,40.86176794590341,3,4,4,R3
13666,2011-10-10 15:39:00,5,127.89999999999999,59,1,19.263295656435186,3.939494348465278,5,1,1,M1
13667,2011-07-13 15:42:00,1,305.02,148,0,81.71001161775786,12.306501742663679,4,2,2,R4
13668,2011-12-07 12:11:00,35,13089.94,2,1,1308.0116636726075,198.75174955089113,5,5,5,R5
13669,2011-10-20 09:32:00,3,413.55,50,1,42.64422153665525,7.346633230498288,5,2,2,M2
13670,2011-09-25 15:25:00,1,349.7,74,0,59.52526138592794,8.978789207889191,5,2,2,F2
13671,2010-11-10 10:50:00,1,194.95,394,0,63.9304026684512,9.63956040026768,3,2,1,M1
13672,2011-02-11 13:53:00,3,419.92,300,1,36.47160605483159,6.420740908224738,3,2,2,M2
13673,2011-11-21 12:11:00,2,396.92,18,1,62.23062754205789,10.234594131308683,5,2,2,R5
13674,2010-10-03 10:41:00,1,240.68,432,0,26.659624879154173,4.048943731873126,2,1,1,F1
13675,2011-07-11 12:57:00,2,486.82000000000005,150,1,63.43567192124052,10.415350788186078,4,2,2,M2
13676,2010-06-18 17:30:00,2,243.9,538,1,22.397123327444636,4.259568499116695,2,1,1,F1
13677,2010-10-31 11:32:00,2,556.1899999999999,404,1,99.28760705927931,15.793141058891896,3,3,2,F3
13678,2011-07-11 10:14:00,1,232.6,151,0,61.200227191070255,9.23003407866054,4,2,1,F2
13679,2010-08-03 12:13:00,3,281.26,493,1,52.30105127875939,8.795157691813909,2,2,1,F2
13680,2011-12-08 13:47:00,12,11435.67,0,1,1062.5629155255126,160.7844373288269,5,5,5,R5
13681,2011-11-22 11:13:00,4,827.83,17,1,103.13446699196474,16.47017004879471,5,3,3,R5
13682,2011-06-05 14:06:00,1,59.5,186,0,4.31748811353631,0.6976232170304465,4,1,1,F1
13683,2010-09-08 10:00:00,1,258.6,457,0,28.65724153201805,4.348586229802707,2,1,1,F1
13684,2011-02-27 10:13:00,4,596.98,285,1,111.97540711539727,17.796311067309592,3,3,2,F3
13685,2011-12-07 11:41:00,7,3119.44,2,1,85.85684003724134,14.028526005586201,5,3,5,R5
13686,2011-06-10 09:10:00,3,409.04,182,1,80.25035845654897,12.987553768482346,4,3,2,M2
13687,2010-09-27 16:30:00,1,11880.84,437,0,317.3020088014664,47.64530132021996,2,4,5,M5
13688,2010-03-14 14:11:00,1,375.5,634,0,15.057337083843763,2.308600562576564,1,1,2,F1
13689,2011-10-07 13:21:00,2,1259.5,62,1,37.26868824814873,6.490303237222308,5,2,3,R5
13690,2011-10-11 15:03:00,1,172.25,58,0,16.650792349542478,2.547618852431371,5,1,1,F1
13691,2010-11-08 17:34:00,1,212.78,395,0,55.66313564862673,8.39947034729401,3,2,1,F2
13692,2011-11-15 11:17:00,5,3114.4,24,1,281.35142836990616,43.25271425548592,5,4,5,R5
13693,2010-11-30 18:21:00,9,2011.82,373,1,212.55144099304937,33.1327161489574,3,4,4,M4
13694,2011-12-06 09:32:00,143,196482.81,3,1,6773.416352426781,1023.962452864017,5,5,5,R5
13695,2011-11-08 14:26:00,16,2770.73,30,1,252.5528502321235,39.482927534818515,5,4,4,R5
13696,2010-10-14 09:44:00,3,2020.4,421,1,70.28003968747583,11.492005953121376,3,2,4,M4
13697,2011-11-01 09:14:00,1,151.29999999999998,38,0,31.523295982263505,4.778494397339525,5,1,1,M1
13698,2010-04-22 11:52:00,2,465.53000000000003,596,1,65.71295819629167,10.75694372944375,1,2,2,M2
13699,2011-07-07 16:51:00,2,764.15,154,1,64.11980784164693,10.51797117624704,4,2,3,F2
13700,2011-11-13 13:00:00,13,2613.46,25,1,508.4071475144508,77.71107212716763,5,5,4,R5
13701,2010-09-19 12:39:00,1,161.0,446,0,20.24066260340362,3.086099390510543,2,1,1,F1
13702,2010-09-20 11:40:00,1,135.18,445,0,13.14583573358947,2.0218753600384205,2,1,1,F1
13703,2011-01-25 13:10:00,2,425.56,317,1,48.87689270038083,8.231533905057123,3,2,2,M2
13704,2011-12-04 15:13:00,9,2308.06,4,1,299.5380104105551,46.18070156158326,5,4,4,R5
13705,2011-12-02 12:32:00,7,2035.33,7,1,203.7255932859051,31.708838992885763,5,4,4,R5
13706,2011-02-10 09:21:00,2,631.17,302,1,75.09876899869381,12.164815349804073,3,2,2,M2
13707,2011-03-17 18:03:00,5,3365.86,266,1,371.41717711777204,56.7625765676658,4,5,5,R4
13708,2011-03-13 13:46:00,1,296.88,270,0,76.94594551252943,11.591891826879415,4,2,1,F2
13709,2011-12-06 10:28:00,18,7591.75,3,1,863.89777779489,131.2846666692335,5,5,5,R5
13710,2011-11-08 08:16:00,3,509.52,31,1,46.12431448821137,7.868647173231706,5,2,2,R5
13711,2011-05-05 10:31:00,9,1792.26,218,1,182.17480654626416,28.576220981939624,4,4,4,R4
13712,2011-04-07 12:33:00,2,766.42,246,1,88.58656341042872,14.18798451156431,4,3,3,R4
13713,2010-10-27 16:18:00,3,743.26,407,1,114.1797846920753,18.076967703811295,3,3,3,F3
13714,2010-08-31 13:57:00,1,161.35,464,0,28.30350839406097,4.295526259109145,2,1,1,M1
13715,2011-03-03 19:21:00,17,8483.29,280,1,1059.6306700949963,160.59460051424944,3,5,5,F5
13716,2011-03-15 13:49:00,1,138.28,268,0,37.898974697754085,5.734846204663112,4,2,1,M1
13717,2011-11-07 14:13:00,8,1763.3,31,1,313.3409598734778,48.201143981021666,5,4,4,R5
13718,2011-04-07 13:24:00,2,306.55,245,1,23.72710298955442,4.459065448433163,4,1,2,F1
13719,2011-11-24 15:26:00,11,2815.25,14,1,423.6439035342187,64.8965855301328,5,5,4,R5
13720,2011-08-15 12:46:00,4,799.9,116,1,92.61295759924153,14.891943639886229,5,3,3,M3
13721,2011-11-03 14:05:00,2,741.54,35,1,101.58052149520482,16.13707822428072,5,3,3,R5
13722,2011-07-31 12:44:00,10,5635.41,131,1,480.2984879031763,73.34477318547644,5,5,5,M5
13723,2011-05-06 17:04:00,6,1209.2,216,1,122.59773606945397,19.489660410418097,4,3,3,R4
13724,2010-03-12 15:28:00,1,213.01,636,0,53.185845296697266,8.02787679450459,1,2,1,F2
13725,2011-10-21 10:03:00,8,1980.56,49,1,201.81706488182868,31.472559732274302,5,4,4,M4
13726,2011-11-01 10:49:00,2,1079.6599999999999,38,1,126.31017680540437,19.846526520810656,5,3,3,R5
13727,2011-11-11 09:46:00,8,1080.05,28,1,115.03030636330791,18.454545954496187,5,3,3,R5
13728,2011-11-03 10:49:00,16,2855.17,36,1,301.2827326108041,46.79240989162061,5,4,4,R5
13729,2010-09-30 10:44:00,3,724.73,435,1,85.16217258715209,13.724325888072814,2,3,3,F3
13730,2011-07-27 08:35:00,2,752.6,135,1,97.58070388634317,15.537105582951476,4,3,3,F3
13731,2011-05-04 14:33:00,2,610.59,218,1,72.32857877721212,11.749286816581817,4,2,2,R4
13732,2011-11-11 15:49:00,1,491.86,27,0,86.45702945011244,13.018554417516867,5,3,2,R5
13733,2010-10-25 12:18:00,2,487.03000000000003,410,1,64.6387442858974,10.59581164288461,3,2,2,M2
13734,2010-07-19 12:04:00,4,6701.640000000001,508,1,43.87429930807048,7.5811448962105725,2,2,5,M5
13735,2011-11-15 11:14:00,13,9813.22,24,1,1164.0018379467622,176.05027569201434,5,5,5,R5
13736,2011-12-04 15:19:00,7,2766.21,4,1,660.9347614741157,100.29021422111734,5,5,4,R5
13737,2011-05-23 16:32:00,1,339.59999999999997,199,0,38.23379413975182,5.785069120962773,4,2,2,R4
13738,2010-11-08 15:23:00,1,440.93,395,0,97.36867259081967,14.65530088862295,3,3,2,M2
13739,2011-11-21 13:35:00,2,292.2,17,1,14.242074838112025,3.036311225716804,5,1,1,R5
13740,2011-04-13 10:32:00,5,1597.77,240,1,204.63067858665696,31.744601787998544,4,4,4,F4
13741,2011-09-29 09:19:00,3,668.4300000000001,71,1,60.700186563345476,10.055027984501821,5,2,3,F2
13742,2011-11-23 11:07:00,12,3131.02,16,1,399.398230675907,61.30973460138604,5,5,5,R5
13743,2011-12-07 10:09:00,7,1341.6,2,1,142.3418219045379,22.50127328568069,5,3,4,R5
13744,2011-09-05 15:19:00,2,1156.36,94,1,186.10407520234625,28.815611280351938,5,4,3,M3
13745,2011-06-30 16:43:00,2,777.36,161,1,162.8560691465802,25.328410371987033,4,4,3,R4
13746,2010-10-22 11:55:00,1,176.69,413,0,19.85825327159538,3.0287379907393066,3,1,1,F1
13747,2010-12-01 10:37:00,2,249.39999999999998,373,1,14.352661606897813,3.0528992410346723,3,1,1,F1
13748,2011-09-05 09:45:00,9,2268.35,95,1,156.7599480913777,24.763992213706654,5,4,4,M4
13750,2011-10-17 12:16:00,11,3602.1800000000003,53,1,169.25539051023932,26.7383085765359,5,4,5,R5
13751,2011-02-24 15:56:00,1,296.25,287,0,17.951245976873864,2.742686896531079,3,1,1,F1
13752,2011-08-07 14:16:00,7,1590.73,123,1,191.7043110430396,29.905646656455943,5,4,4,F4
13753,2011-02-25 12:48:00,4,2094.57,287,1,223.92112470078544,34.588168705117816,3,4,4,F4
13754,2011-07-11 11:51:00,3,447.05,151,1,52.5488244077331,8.832323661159965,4,2,2,F2
13755,2011-12-06 12:26:00,9,2161.35,3,1,401.6573728489208,61.49860592733811,5,5,4,R5
13756,2011-12-07 16:44:00,23,9207.5,1,1,784.3714328020654,119.60571492030981,5,5,5,R5
13757,2010-02-03 12:37:00,1,195.55,674,0,12.892920023941592,1.9839380035912388,1,1,1,F1
13758,2011-11-28 11:11:00,15,9416.98,11,1,761.9936291446568,115.84904437169851,5,5,5,R5
13759,2011-11-06 14:47:00,2,659.4100000000001,32,1,56.64161553609779,9.396242330414669,5,2,3,R5
13760,2011-10-16 16:13:00,5,1363.6399999999999,53,1,179.48295464494103,27.972443196741153,5,4,4,R5
13761,2011-10-20 14:01:00,6,1952.17,49,1,257.32994731478334,39.699492097217494,5,4,4,M4
13762,2011-05-05 09:15:00,5,2472.48,218,1,138.62809557096304,21.844214335644455,4,3,4,R4
13763,2011-10-07 15:13:00,3,5217.4400000000005,62,1,196.80723196926505,30.471084795389753,5,4,5,M5
13764,2011-09-30 12:03:00,6,2953.26,70,1,599.2586269158273,90.98879403737409,5,5,4,F5
13765,2010-02-24 13:46:00,1,352.821,652,0,37.47325865585688,5.670988798378532,1,1,2,M2
13766,2010-08-01 14:25:00,1,190.35,494,0,32.99844988943793,4.999767483415689,2,1,1,R2
13767,2011-12-07 15:00:00,73,35540.53,1,1,2048.7569257694568,311.76353886541847,5,5,5,R5
13768,2009-12-13 10:41:00,2,875.97,726,1,75.93549048474094,12.290323572711142,1,2,3,M3
13769,2011-12-07 15:08:00,20,5800.42,1,1,574.8265579046644,88.02398368569965,5,5,5,R5
13770,2010-10-13 15:10:00,4,785.37,421,1,77.51159358081068,12.626739037121602,3,3,3,M3
13771,2011-10-06 14:18:00,9,5728.82,63,1,536.3367285059156,81.70050927588734,5,5,5,M5
13772,2011-11-06 11:43:00,8,3114.22,33,1,636.3336842065823,96.65005263098735,5,5,5,F5
13773,2010-11-08 11:49:00,2,301.54,396,1,40.469606503453086,6.970440975517962,3,2,2,R3
13774,2011-09-19 12:06:00,1,345.0,81,0,45.74763521596391,6.912145282394587,5,2,2,F2
13775,2010-04-28 12:15:00,1,1049.66,590,0,116.57685669503307,17.53652850425496,1,3,3,F3
13776,2010-10-07 16:11:00,2,623.98,427,1,1.3862943611198906,1.1079441541679835,3,1,2,F1
13777,2011-12-09 12:25:00,61,56478.42,0,1,1454.330870337053,221.99963055055798,5,5,5,R5
13778,2011-08-28 15:25:00,4,1124.49,102,1,92.11917569251965,14.817876353877947,5,3,3,M3
13779,2010-07-12 11:24:00,1,161.13,515,0,25.079590156491836,3.811938523473775,2,1,1,M1
13780,2011-12-02 13:49:00,3,735.82,6,1,126.01251550579583,19.851877325869374,5,3,3,R5
13781,2011-04-03 12:08:00,3,778.83,250,1,92.71661876556833,14.85749281483525,4,3,3,F3
13782,2011-11-27 11:54:00,13,1793.72,12,1,276.68983218465934,42.9534748276989,5,4,4,R5
13783,2010-08-09 09:23:00,4,1542.09,487,1,56.23925392833165,9.435888089249747,2,2,4,R2
13784,2011-11-30 09:33:00,14,2910.23,9,1,147.20544917488704,23.580817376233053,5,3,4,R5
13785,2010-10-07 09:25:00,4,542.49,428,1,48.54903381084901,8.282355071627352,3,2,2,F2
13786,2010-12-07 13:53:00,6,3358.94,366,1,291.27554164629123,44.79133124694368,3,4,5,R3
13787,2011-09-25 12:06:00,6,1222.5,75,1,184.20954937096843,28.731432405645265,5,4,3,R5
13788,2010-07-22 15:50:00,1,3.75,504,0,0.6931471805599453,0.1539720770839918,2,1,1,F1
13789,2010-11-16 15:31:00,1,239.45999999999998,387,0,48.28363204994482,7.292544807491723,3,2,1,R3
13790,2011-12-05 15:48:00,1,348.8,3,0,120.86660243633067,18.1799903654496,5,3,2,R5
13791,2011-08-04 11:44:00,2,1516.0,127,1,51.45451007647167,8.61817651147075,5,2,4,F2
13792,2011-10-04 14:31:00,3,383.95,65,1,44.15118665508541,7.572677998262812,5,2,2,M2
13793,2010-03-03 08:25:00,1,96.0,646,0,14.527777779970497,2.2291666669955745,1,1,1,F1
13794,2010-06-11 12:30:00,1,126.03,546,0,17.18509032949361,2.6277635494240417,2,1,1,F1
13795,2010-11-16 17:25:00,4,836.3,387,1,90.29664986109803,14.544497479164704,3,3,3,R3
13796,2010-07-28 14:45:00,1,289.7,498,0,49.09895976758539,7.414843965137808,2,2,1,R2
13797,2010-09-29 10:34:00,3,1179.45,436,1,153.20520378925266,23.9307805683879,2,4,3,M3
13798,2011-12-08 15:51:00,110,75836.87,0,1,2771.240995337381,421.9861493006071,5,5,5,R5
13799,2011-08-15 12:07:00,9,2803.57,116,1,257.3556139453921,39.85334209180882,5,4,4,F4
13800,2011-02-03 12:27:00,3,1679.56,309,1,174.97011031996306,27.19551654799446,3,4,4,M4
13801,2011-10-04 10:15:00,1,324.8,66,0,43.55924937645698,6.583887406468547,5,2,2,R5
13802,2011-07-24 10:54:00,19,26259.11,138,1,1290.0735505914472,195.2610325887171,4,5,5,F5
13803,2011-03-29 12:57:00,3,1338.91,254,1,169.91011182404944,26.436516773607416,4,4,4,R4
13804,2011-11-09 12:32:00,9,3208.52,30,1,378.60449422228453,58.04067413334268,5,5,5,R5
13805,2011-10-18 14:50:00,2,924.6,51,1,64.09067260521873,10.51360089078281,5,2,3,M3
13806,2011-10-07 11:43:00,1,256.38,63,0,17.72123376124389,2.7081850641865834,5,1,1,F1
13807,2010-12-07 15:48:00,3,534.8,366,1,47.96711524034578,8.145067286051868,3,2,2,F2
13808,2011-12-04 12:18:00,5,1747.66,5,1,168.7006105561504,26.35509158342256,5,4,4,R5
13809,2011-02-07 13:15:00,3,679.7,304,1,37.56646106327172,6.584969159490758,3,2,3,F2
13810,2011-11-11 08:33:00,3,1499.01,28,1,76.5144623346685,12.427169350200275,5,3,4,R5
13811,2011-06-09 09:54:00,3,814.5,183,1,22.51271454241514,4.32690718136227,4,1,3,R4
13812,2011-10-28 14:27:00,3,539.0,41,1,76.46318688541112,12.419478032811668,5,3,2,R5
13813,2011-10-31 10:38:00,8,2765.47,39,1,295.4384134289473,45.51576201434209,5,4,4,R5
13814,2011-09-08 13:48:00,3,2257.32,91,1,202.10607989904915,31.26591198485737,5,4,4,M4
13815,2011-11-17 14:19:00,8,7475.74,21,1,869.28240354105,131.5923605311575,5,5,5,R5
13816,2011-11-16 08:38:00,2,571.6700000000001,23,1,60.74869706753386,10.01230456013008,5,2,2,R5
13817,2011-11-10 17:49:00,2,382.98,28,1,51.896291494211766,8.684443724131764,5,2,2,R5
13818,2010-10-06 12:35:00,1,61.28,429,0,12.324855181519641,1.8987282772279461,3,1,1,F1
13819,2011-02-11 10:38:00,6,2642.35,301,1,278.58011698204166,42.88701754730624,3,4,4,F4
13820,2010-10-17 13:46:00,3,660.65,417,1,120.56976125085252,19.035464187627877,3,3,3,F3
13821,2011-07-18 09:49:00,6,1410.73,144,1,235.79130919785732,36.46869637967859,4,4,4,F4
13822,2011-12-04 12:13:00,2,632.0,5,1,152.87368526142495,23.831052789213743,5,4,2,R5
13823,2011-11-21 10:22:00,7,3403.4500000000003,18,1,332.71884016933217,51.05782602539982,5,4,5,R5
13824,2011-11-07 12:41:00,12,3314.76,32,1,250.66479247544876,38.99971887131731,5,4,5,R5
13825,2010-03-28 11:02:00,2,255.59,621,1,47.317562970038544,7.997634445505781,1,2,1,F2
13826,2011-06-16 13:48:00,1,189.5,175,0,18.781998020570693,2.8672997030856036,4,1,1,F1
13827,2011-10-13 12:38:00,3,412.05,57,1,78.68319069016017,12.752478603524027,5,3,2,M2
13828,2011-11-17 16:02:00,1,209.49,21,0,38.20281284737892,5.780421927106838,5,2,1,R5
13829,2010-10-14 18:19:00,1,102.0,420,0,2.5649493574615367,0.4347424036192305,3,1,1,F1
13830,2010-05-07 12:24:00,1,156.85000000000002,581,0,15.799040138805895,2.419856020820884,1,1,1,F1
13831,2011-11-23 15:41:00,18,7023.58,15,1,347.3940116805995,53.809101752089916,5,5,5,R5
13832,2011-11-20 15:36:00,2,613.6899999999999,18,1,79.99781330133773,12.89967199520066,5,3,2,R5
13833,2011-07-03 13:27:00,2,701.36,158,1,71.71306658294377,11.656959987441565,4,2,3,R4
13834,2010-05-12 10:27:00,2,324.19,576,1,28.97836471817422,5.246754707726132,1,1,2,F1
13835,2011-11-14 15:37:00,7,1095.27,24,1,137.97263214468012,21.845894821702018,5,3,3,R5
13836,2010-11-05 13:31:00,2,620.37,398,1,64.91852527483368,10.637778791225053,3,2,2,R3
13837,2011-05-12 12:10:00,2,271.24,211,1,36.20645202633333,6.330967803949999,4,2,1,R4
13838,2011-12-04 11:00:00,10,1966.09,5,1,412.53751060681395,63.18062659102209,5,5,4,R5
13839,2010-08-10 13:52:00,1,139.95000000000002,485,0,10.486819867088867,1.62302298006333,2,1,1,F1
13840,2010-10-19 13:34:00,1,651.4,415,0,85.4055589544813,12.860833843172195,3,3,3,R3
13841,2011-04-01 12:10:00,1,85.0,252,0,4.61512051684126,0.742268077526189,4,1,1,F1
13842,2011-10-12 10:51:00,18,5629.91,58,1,701.4059671178903,106.91089506768355,5,5,5,F5
13843,2010-11-23 17:48:00,1,319.75,380,0,36.462937043484494,5.519440556522674,3,1,2,R3
13844,2011-11-28 13:21:00,1,361.62,10,0,45.598234570174704,6.889735185526205,5,2,2,R5
13845,2011-10-06 08:25:00,1,312.98,64,0,26.131170593406928,3.9696755890110387,5,1,2,F1
13846,2011-11-15 12:07:00,4,1307.79,24,1,169.04276919026418,26.356415378539626,5,4,4,R5
13847,2009-12-20 10:41:00,1,310.72,719,0,29.862139208060153,4.529320881209022,1,1,2,F1
13848,2011-09-08 12:58:00,8,3335.0,91,1,72.21929815215599,12.032894722823398,5,2,5,R5
13849,2011-10-19 10:59:00,5,3469.3,51,1,446.54389657445347,68.03158448616801,5,5,5,R5
13850,2011-08-02 14:04:00,1,1595.48,128,0,214.52701626593424,32.22905243989013,5,4,4,F4
13851,2011-09-05 12:36:00,8,4606.46,95,1,356.38108128728703,54.65716219309305,5,5,5,M5
13852,2010-04-08 09:06:00,1,187.35000000000002,610,0,21.400543764341677,3.260081564651251,1,1,1,F1
13853,2011-10-13 14:18:00,1,1090.14,56,0,58.819639341324034,8.872945901198605,5,2,3,F2
13854,2011-12-01 09:06:00,39,12253.96,8,1,500.707480449888,77.8561220674832,5,5,5,R5
13855,2010-07-27 09:53:00,4,1310.3400000000001,500,1,148.40103928037985,23.260155892056975,2,3,4,R2
13856,2011-06-24 10:03:00,11,1142.03,168,1,124.69788299182554,20.054682448773832,4,3,3,F3
13857,2010-11-11 12:54:00,6,1001.01,392,1,206.15425680979777,32.02313852146966,3,4,3,M3
13858,2011-10-13 16:17:00,1,216.17,56,0,20.759039816933573,3.1638559725400355,5,1,1,F1
13859,2011-01-17 16:14:00,2,515.86,325,1,53.91944128829858,8.987916193244788,3,2,2,F2
13860,2011-12-08 12:57:00,5,1245.9,0,1,151.07000578329223,23.710500867493835,5,4,3,R5
13861,2010-10-06 14:20:00,2,273.26,428,1,47.23187801091365,7.984781701637046,3,2,1,F2
13862,2011-11-21 16:24:00,9,2556.09,17,1,394.32182459509863,60.39827368926479,5,5,4,R5
13863,2011-04-06 10:20:00,4,1239.55,247,1,134.7660813661742,21.21491220492613,4,3,3,F3
13864,2010-11-18 12:50:00,1,662.4000000000001,386,0,5.262690188904886,0.8394035283357328,3,1,3,F1
13865,2011-10-12 13:31:00,4,501.56,57,1,57.54180030040209,9.631270045060313,5,2,2,F2
13866,2011-09-26 14:54:00,1,145.67000000000002,73,0,14.339839006877916,2.200975851031687,5,1,1,F1
13867,2011-11-08 15:48:00,3,1015.29,30,1,122.02782581724843,19.254173872587263,5,3,3,R5
13868,2011-12-02 16:32:00,2,3192.54,6,1,86.71108034885218,13.906662052327826,5,3,5,R5
13869,2011-08-08 13:53:00,10,8111.57,122,1,1360.1207020832985,205.3181053124948,5,5,5,F5
13870,2011-12-07 13:23:00,15,5712.08,1,1,593.3599309765469,90.55398964648204,5,5,5,R5
13871,2011-11-17 10:49:00,17,7885.85,22,1,828.0510666553806,125.85765999830708,5,5,5,R5
13872,2010-06-30 15:35:00,3,919.57,526,1,101.84969809250691,16.227454713876035,2,3,3,M3
13873,2011-08-12 10:08:00,8,1038.92,119,1,113.17219271013194,18.17582890651979,5,3,3,F3
13874,2010-12-16 18:20:00,7,2049.15,357,1,160.11205868806618,25.16680880320993,3,4,4,M4
13875,2011-10-17 09:36:00,14,4814.37,53,1,636.6918761051662,97.00378141577492,5,5,5,F5
13876,2011-10-07 10:22:00,1,122.7,63,0,11.872870057776584,1.8309305086664875,5,1,1,F1
13877,2011-09-14 15:49:00,3,449.68,85,1,61.031447572513486,10.104717135877024,5,2,2,M2
13878,2011-10-16 12:19:00,4,2473.06,54,1,211.62862258836716,32.74429338825507,5,4,4,F4
13879,2010-03-04 10:49:00,1,395.5,645,0,50.218123741308915,7.582718561196336,1,2,2,M2
13880,2011-11-18 13:44:00,17,4391.66,20,1,543.0270025612895,83.10405038419341,5,5,5,R5
13881,2011-12-06 12:50:00,43,45179.1,3,1,1694.3588939718823,257.1038340957823,5,5,5,R5
13882,2011-12-07 11:16:00,5,1191.13,2,1,156.14763414197373,24.47214512129606,5,4,3,R5
13883,2011-11-29 10:45:00,15,6560.02,10,1,720.3516791894249,109.60275187841373,5,5,5,R5
13884,2011-12-02 16:30:00,10,1888.48,6,1,261.5788757597579,40.536831363963685,5,4,4,R5
13885,2011-06-03 15:07:00,2,506.8,188,1,52.233263476256354,8.734989521438452,4,2,2,F2
13886,2011-09-29 13:17:00,1,243.56,70,0,31.65642729486669,4.7984640942300025,5,1,1,R5
13887,2011-05-19 17:22:00,1,349.55,203,0,38.09680044108401,5.764520066162601,4,2,2,R4
13888,2011-08-12 10:13:00,7,2169.05,119,1,270.99310173748114,41.79896526062217,5,4,4,M4
13889,2011-09-08 09:13:00,6,1991.23,92,1,194.63052912021286,30.29457936803193,5,4,4,M4
13890,2011-12-08 15:36:00,14,2927.38,0,1,348.42807003418443,53.764210505127664,5,5,4,R5
13891,2010-11-26 15:57:00,3,863.5600000000001,377,1,149.8899224560803,23.433488368412046,3,3,3,R3
13892,2011-11-13 11:50:00,6,1267.6499999999999,26,1,125.02616257338711,19.853924386008067,5,3,3,R5
13893,2011-02-15 11:30:00,1,821.1,297,0,37.391571392793686,5.658735708919052,3,1,3,M3
13894,2011-11-16 09:44:00,3,564.62,23,1,62.95272682287596,10.392909023431395,5,2,2,R5
13895,2011-11-11 16:57:00,6,4008.52,27,1,415.6718091547778,63.45077137321666,5,5,5,R5
13896,2010-03-24 08:55:00,1,388.55,625,0,42.7585705923687,6.463785588855305,1,2,2,M2
13897,2011-10-20 14:30:00,3,1160.72,49,1,147.31312204736344,23.046968307104514,5,3,3,R5
13898,2011-01-18 10:28:00,2,686.4,325,1,111.12160709403211,17.568241064104818,3,3,3,F3
13899,2011-11-23 13:40:00,2,388.52,15,1,41.270155750650396,7.090523362597558,5,2,2,R5
13900,2011-06-09 19:26:00,6,1610.59,182,1,205.51428533134305,31.927142799701457,4,4,4,R4
13901,2011-09-28 14:48:00,15,5676.34,71,1,671.925768309083,102.33886524636245,5,5,5,F5
13902,2010-03-17 13:09:00,5,34095.26,631,1,450.987491722585,68.69812375838774,1,5,5,M5
13903,2010-11-04 17:44:00,1,165.45000000000002,399,0,21.262678917564312,3.2394018376346465,3,1,1,M1
13904,2011-11-02 13:41:00,2,332.64,36,1,65.70348259849627,10.75552238977444,5,2,2,R5
13905,2009-12-07 11:41:00,1,312.65,732,0,24.78022000994995,3.767033001492492,1,1,2,F1
13906,2010-10-26 15:00:00,1,42.0,408,0,4.61512051684126,0.742268077526189,3,1,1,F1
13907,2010-01-17 12:22:00,1,136.8,691,0,11.45025187044217,1.7675377805663255,1,1,1,F1
13908,2011-09-21 11:49:00,4,2369.55,79,1,281.8039488875219,43.270592333128285,5,4,4,M4
13909,2010-10-12 17:22:00,2,286.6,422,1,59.66003005080124,9.849004507620187,3,2,1,F2
13911,2011-10-13 15:43:00,20,4234.99,56,1,588.816860674725,90.12252910120876,5,5,5,F5
13912,2010-10-12 08:43:00,1,124.95,423,0,11.095225819193722,1.7142838728790584,3,1,1,F1
13913,2010-07-21 10:11:00,1,42.22,506,0,3.58351893845611,0.5875278407684165,2,1,1,F1
13914,2011-11-28 10:35:00,2,626.45,11,1,77.39571059181236,12.509356588771855,5,3,2,R5
13915,2010-11-10 15:17:00,1,70.80000000000001,393,0,4.890349128221754,0.7835523692332631,3,1,1,F1
13916,2010-09-02 10:04:00,4,1275.81,463,1,152.01539385110814,23.80230907766622,2,4,4,R2
13917,2011-10-21 09:56:00,2,272.04,49,1,44.50582816489478,7.575874224734216,5,2,1,R5
13918,2011-10-21 12:25:00,2,1212.8400000000001,49,1,87.31195454126143,13.996793181189215,5,3,3,R5
13919,2011-10-11 14:24:00,4,1360.68,58,1,192.9792732851183,29.94689099276774,5,4,4,R5
13920,2010-10-04 12:37:00,4,1774.68,431,1,228.97791618534842,35.34668742780226,2,4,4,F4
13921,2010-11-02 16:32:00,4,730.7,401,1,70.95639350335426,11.64345902550314,3,2,3,R3
13922,2010-12-23 10:38:00,3,865.2,351,1,76.14268160578575,12.371402240867864,3,3,3,M3
13923,2011-10-17 12:33:00,1,351.13,53,0,43.81029805645394,6.6215447084680905,5,2,2,R5
13924,2011-12-08 09:39:00,6,1838.8500000000001,1,1,278.1697497627912,42.82546246441867,5,4,4,R5
13925,2011-09-08 12:47:00,4,678.25,92,1,76.33870660367434,12.450805990551151,5,3,3,R5
13926,2011-11-16 13:16:00,1,223.85000000000002,22,0,22.052624779949195,3.357893716992379,5,1,1,R5
13927,2011-09-26 12:00:00,2,708.26,74,1,92.52289362962435,14.778434044443653,5,3,3,F3
13928,2011-11-29 10:33:00,4,464.57,10,1,42.19537075610049,7.329305613415073,5,2,2,R5
13929,2011-06-23 15:26:00,11,3494.1,168,1,163.89917756181202,25.934876634271806,4,4,5,R4
13930,2011-10-13 09:45:00,2,337.34,57,1,46.02292174585333,7.803438261877999,5,2,2,F2
13931,2011-09-05 10:12:00,11,5257.38,95,1,637.4148747031579,96.96223120547369,5,5,5,F5
13932,2011-02-18 12:02:00,1,307.4,294,0,24.710404431711538,3.7565606647567304,3,1,2,F1
13933,2011-08-22 14:03:00,2,608.7900000000001,108,1,50.96669456021461,8.54500418403219,5,2,2,F2
13934,2011-03-21 08:39:00,1,922.1,263,0,75.71626073579593,11.40743911036939,4,2,3,M3
13935,2010-04-22 11:21:00,3,6116.92,596,1,243.7674910132024,37.51512365198035,1,4,5,M5
13936,2011-06-13 08:47:00,3,939.66,179,1,140.4862096654409,22.022931449816134,4,3,3,M3
13937,2011-06-23 16:35:00,2,880.13,168,1,124.15417926472053,19.52312688970808,4,3,3,M3
13938,2011-11-04 14:37:00,1,71.66,34,0,16.584956283661,2.5377434425491496,5,1,1,F1
13939,2011-11-16 13:33:00,7,1560.96,22,1,278.3160922808079,42.89741384212118,5,4,4,R5
13940,2011-11-22 15:15:00,4,839.14,16,1,106.25553842723114,16.93833076408467,5,3,3,R5
13941,2011-11-18 09:43:00,15,11122.300000000001,21,1,362.11379452073163,55.86706917810974,5,5,5,R5
13942,2010-06-23 12:35:00,1,320.0,534,0,6.90875477931522,1.086313216897283,2,1,2,F1
13943,2010-05-11 11:30:00,1,246.54,577,0,27.48180845246956,4.172271267870434,1,1,1,F1
13944,2010-02-24 15:02:00,1,200.43,652,0,53.17503617984013,8.02625542697602,1,2,1,F2
13945,2010-11-10 10:00:00,2,854.15,394,1,104.7600202374021,16.614003035610313,3,3,3,F3
13946,2011-09-21 13:33:00,6,1876.23,78,1,128.3510287266254,20.35265430899381,5,3,4,M4
13947,2011-10-05 14:42:00,1,90.6,64,0,10.739370510108033,1.660905576516205,5,1,1,F1
13948,2010-12-14 10:18:00,4,548.76,360,1,53.7691763369846,9.06537645054769,3,2,2,F2
13949,2011-12-07 09:35:00,6,2427.32,2,1,420.3010470152676,64.14515705229013,5,5,4,R5
13950,2011-11-28 14:44:00,4,745.06,10,1,72.09227439187596,11.813841158781393,5,2,3,R5
13951,2011-06-16 16:43:00,3,674.45,175,1,83.85123184389717,13.527684776584575,4,3,3,R4
13952,2011-05-06 09:00:00,14,12823.521,217,1,991.2074497513709,150.18111746270563,4,5,5,F5
13953,2011-12-02 16:04:00,12,6640.68,6,1,101.02360759221382,16.55354113883207,5,3,5,R5
13954,2011-12-08 12:50:00,2,439.92,1,1,44.35508360300886,7.553262540451328,5,2,2,R5
13955,2011-07-08 17:19:00,3,545.17,153,1,94.56274222668873,15.13441133400331,4,3,2,F3
13956,2011-12-04 13:20:00,5,1026.42,4,1,178.01939993132805,27.75290998969921,5,4,3,R5
13957,2010-10-18 10:02:00,3,458.25,417,1,45.23852051001194,7.7357780765017905,3,2,2,M2
13958,2010-11-25 10:11:00,8,4709.2300000000005,379,1,464.15226814857937,70.8228402222869,3,5,5,R3
13959,2011-09-21 15:06:00,6,1076.18,78,1,224.12733806008484,34.71910070901272,5,4,3,F4
13960,2011-11-18 15:27:00,2,230.22,20,1,29.44403430606371,5.316605145909556,5,1,1,R5
13961,2010-11-12 14:40:00,1,538.4,391,0,45.59606589277659,6.889409883916489,3,2,2,R3
13962,2011-11-18 08:47:00,3,362.8,21,1,39.69745054901588,6.904617582352382,5,2,2,R5
13963,2011-02-04 14:43:00,17,3011.87,307,1,370.3787879199851,57.20681818799776,3,5,5,M4
13964,2010-11-17 13:53:00,2,438.9,386,1,52.43890445459277,8.765835668188915,3,2,2,M2
13965,2010-08-20 10:40:00,3,996.61,476,1,62.68236442051856,10.352354663077785,2,2,3,M3
13966,2010-09-30 13:08:00,1,390.86,434,0,57.876936021650515,8.731540403247578,2,2,2,F2
13967,2011-07-17 12:02:00,2,166.3,145,1,12.775737769318598,2.8163606653977897,4,1,1,F1
13968,2010-10-12 13:22:00,1,123.66,422,0,23.692387784240797,3.6038581676361194,3,1,1,M1
13969,2011-12-02 15:11:00,35,13365.87,6,1,1850.7902174333974,280.1685326150096,5,5,5,R5
13970,2010-11-18 13:21:00,2,846.55,385,1,36.343031571736795,6.351454735760519,3,2,3,R3
13971,2011-11-21 12:06:00,14,4667.57,18,1,611.2420027373341,93.18630041060011,5,5,5,R5
13972,2011-09-30 11:54:00,2,190.25,70,1,34.412969001503164,6.061945350225474,5,2,1,M1
13973,2011-02-25 15:21:00,1,264.7,286,0,23.859651721308037,3.628947758196205,3,1,1,F1
13974,2011-10-21 14:41:00,2,677.72,48,1,91.58367902854972,14.637551854282458,5,3,3,R5
13975,2011-11-08 13:19:00,12,5358.84,30,1,1191.5271193096055,180.12906789644083,5,5,5,F5
13976,2011-05-17 09:13:00,4,1192.36,206,1,107.98018621831827,17.19702793274774,4,3,3,F3
13977,2010-10-24 14:08:00,1,519.8100000000001,410,0,38.78190967049557,5.867286450574335,3,2,2,M2
13978,2011-11-25 11:36:00,2,196.79000000000002,14,1,37.58221178263429,6.537331767395143,5,2,1,R5
13979,2011-09-27 13:32:00,7,3416.23,72,1,621.8013975522813,94.42020963284219,5,5,5,F5
13980,2011-10-10 13:34:00,5,799.92,59,1,109.87867751501666,17.5318016272525,5,3,3,F3
13981,2010-10-20 10:03:00,1,331.14,415,0,46.28146451374588,6.992219677061882,3,2,2,F2
13982,2011-10-31 16:24:00,9,4445.59,38,1,556.1709972995782,84.67564959493673,5,5,5,R5
13983,2011-11-10 11:06:00,21,7108.45,29,1,761.9261127541286,116.13891691311927,5,5,5,R5
13984,2011-11-13 12:38:00,12,2048.6,26,1,193.17581584601504,30.376372376902257,5,4,4,R5
13985,2011-12-05 17:06:00,22,10020.86,3,1,1114.5686669224146,169.0853000383622,5,5,5,R5
13986,2011-11-22 15:00:00,1,320.46,16,0,36.28617537019636,5.492926305529454,5,1,2,R5
13987,2010-11-25 10:20:00,2,682.54,379,1,107.45317574736214,17.01797636210432,3,3,3,F3
13988,2011-11-20 10:15:00,8,4757.8,19,1,651.223943571276,98.8835915356914,5,5,5,R5
13989,2011-10-05 09:47:00,5,2026.06,65,1,243.45007790635174,37.56751168595276,5,4,4,M4
13990,2011-05-10 15:19:00,1,311.3,212,0,37.348885810521445,5.652332871578216,4,1,2,R4
13991,2011-11-27 16:18:00,6,855.97,11,1,176.10483037644624,27.51572455646694,5,4,3,R5
13992,2011-11-09 15:23:00,3,219.5,29,1,28.427181795023873,5.214077269253581,5,1,1,R5
13993,2011-10-28 09:06:00,19,6775.71,42,1,521.782347146192,80.0173520719288,5,5,5,M5
13994,2011-12-06 11:05:00,6,2313.14,3,1,264.7508740606295,40.81263110909442,5,4,4,R5
13995,2011-11-24 14:22:00,14,3902.01,14,1,527.2589263517676,80.58883895276514,5,5,5,R5
13996,2010-11-18 16:27:00,2,895.76,385,1,87.2320786168819,13.984811792532286,3,3,3,R3
13997,2010-07-08 18:06:00,3,382.31,518,1,55.376582089554745,9.256487313433212,2,2,2,F2
13998,2010-09-19 10:20:00,3,566.7,446,1,57.83702957848925,9.625554436773388,2,2,2,F2
13999,2011-11-29 13:40:00,29,9502.26,9,1,1081.213603177024,164.4320404765536,5,5,5,R5
14000,2011-05-12 16:50:00,5,2046.3400000000001,210,1,161.3227316202163,25.248409743032447,4,4,4,M4
14001,2011-10-25 10:31:00,9,4530.09,45,1,282.59666498117974,43.63949974717696,5,4,5,R5
14002,2011-07-28 15:55:00,2,529.73,133,1,123.05974602877558,19.358961904316338,5,3,2,F3
14003,2009-12-07 08:53:00,1,209.41,732,0,32.63427394200504,4.945141091300755,1,1,1,M1
14004,2011-10-27 14:40:00,11,6258.45,42,1,598.0339934571342,91.05509901857012,5,5,5,M5
14005,2011-11-30 12:41:00,5,2874.72,9,1,254.0251871605928,39.15377807408891,5,4,4,R5
14006,2011-08-16 09:39:00,7,2196.67,115,1,216.945221517462,33.6917832276193,5,4,4,F4
14007,2010-07-15 09:06:00,1,79.48,512,0,6.851184927493743,1.0776777391240615,2,1,1,F1
14008,2010-10-03 13:09:00,1,509.04,431,0,73.11515887919971,11.017273831879956,2,2,2,M2
14009,2011-05-25 15:47:00,3,1099.91,197,1,171.86379498766178,26.729569248149264,4,4,3,R4
14010,2010-05-23 13:00:00,2,445.15,564,1,42.96429772211817,7.3446446583177245,2,2,2,M2
14011,2010-08-16 15:31:00,2,457.82,479,1,90.95050122994427,14.542575184491639,2,3,2,M2
14012,2011-03-07 12:26:00,1,328.8,277,0,28.75716003110984,4.363574004666476,4,1,2,F1
14013,2011-08-21 15:01:00,5,1084.57,109,1,156.14807296214028,24.47221094432104,5,4,3,M3
14014,2011-09-23 13:18:00,3,1948.21,76,1,224.43631305426442,34.61544695813966,5,4,4,F4
14015,2011-10-18 10:02:00,1,917.34,52,0,54.485113161939296,8.222766974290895,5,2,3,M3
14016,2011-07-01 11:29:00,11,11403.41,161,1,1054.3562814510358,159.5034422176554,4,5,5,F5
14017,2010-05-17 14:52:00,1,229.75,570,0,23.676747244066217,3.601512086609932,2,1,1,F1
14018,2010-03-04 14:23:00,1,367.15000000000003,644,0,34.695379362168154,5.254306904325222,1,1,2,M2
14019,2011-10-24 10:13:00,3,1421.61,46,1,160.88446671434392,25.082670007151584,5,4,4,R5
14020,2011-11-23 09:22:00,4,1249.01,16,1,148.35646132550306,23.25346919882546,5,3,3,R5
14021,2011-07-07 15:46:00,7,1716.58,154,1,188.0059241115017,29.350888616725257,4,4,4,M4
14022,2011-04-28 14:39:00,2,792.15,224,1,121.57002128179714,19.13550319226957,4,3,3,F3
14023,2011-12-02 13:58:00,2,584.07,6,1,70.40756402711405,11.461134604067107,5,2,2,R5
14024,2011-08-10 11:30:00,3,645.74,121,1,62.832547152684356,10.374882072902654,5,2,3,F2
14025,2010-09-01 10:11:00,8,4057.9,464,1,270.3433220320545,41.75149830480817,2,4,5,F4
14026,2010-08-26 10:31:00,2,713.11,470,1,107.81341628153791,17.072012442230687,2,3,3,F3
14027,2011-10-10 09:01:00,1,104.82,60,0,13.923359075975792,2.1385038613963685,5,1,1,F1
14028,2010-06-07 13:33:00,3,10396.5,549,1,60.11901914838202,9.967852872257303,2,2,5,M5
14029,2011-10-07 14:46:00,2,467.66,62,1,35.263940107256666,6.1895910160884995,5,2,2,M2
14030,2011-11-21 16:48:00,20,8262.29,17,1,1237.7666208149594,187.46499312224392,5,5,5,R5
14031,2011-12-02 17:13:00,44,40999.17,6,1,1832.2792196902376,277.8418829535356,5,5,5,R5
14032,2011-12-07 15:23:00,16,4850.2699999999995,1,1,616.7469316668719,94.11203975003077,5,5,5,R5
14033,2010-06-02 15:10:00,1,109.44,554,0,6.3578422665081,1.003676339976215,2,1,1,F1
14034,2011-11-17 14:02:00,3,651.8199999999999,21,1,108.3749100168866,17.206236502532988,5,3,3,R5
14035,2011-11-11 10:03:00,9,2856.72,28,1,287.41831438045506,44.362747157068256,5,4,4,R5
14036,2011-02-28 09:26:00,1,626.65,284,0,70.27318439531511,10.590977659297268,3,2,2,F2
14037,2011-06-16 13:57:00,6,836.95,175,1,159.7552710065572,25.06329065098358,4,4,3,R4
14038,2011-09-22 13:37:00,5,3069.88,77,1,375.39148339557556,57.35872250933633,5,5,5,R5
14039,2011-11-06 13:48:00,2,267.28000000000003,32,1,24.79939914509102,4.619909871763653,5,1,1,R5
14040,2011-10-30 12:42:00,35,12645.57,40,1,1297.702362875093,197.20535443126397,5,5,5,F5
14041,2011-03-18 13:25:00,1,141.41,265,0,27.995035551940116,4.249255332791017,4,1,1,M1
14042,2009-12-14 15:07:00,1,431.98,724,0,43.65379102369171,6.5980686535537565,1,2,2,M2
14043,2010-08-05 18:18:00,2,304.25,490,1,53.63545823629527,8.94531873544429,2,2,2,R2
14044,2011-11-13 12:05:00,10,3123.1,26,1,791.1305704725474,119.9695855708821,5,5,5,R5
14045,2011-08-22 15:27:00,16,11313.029999999999,108,1,173.3057085652277,27.595856284784155,5,4,5,M5
14046,2011-02-28 14:48:00,1,154.99,283,0,45.34463782733948,6.851695674100922,3,2,1,M1
14047,2011-12-01 11:43:00,14,4255.03,8,1,345.6214123039529,53.34321184559294,5,5,5,R5
14048,2011-02-07 14:53:00,3,748.69,304,1,170.95658969461076,26.59348845419161,3,4,3,M3
14049,2011-11-23 12:20:00,13,13239.03,16,1,1931.5604821791005,291.1840723268651,5,5,5,R5
14050,2011-11-08 10:00:00,2,746.36,31,1,135.18919893086658,21.17837983962999,5,3,3,R5
14051,2011-12-09 10:20:00,37,22434.0,0,1,926.7989784985888,141.6698467747883,5,5,5,R5
14052,2011-11-20 12:30:00,2,480.81,19,1,103.51658151903787,16.42748722785568,5,3,2,R5
14053,2011-08-07 14:27:00,4,572.3,123,1,32.00178829120025,5.800268243680037,5,2,2,M2
14054,2011-10-05 15:49:00,1,92.46,64,0,14.55442572145339,2.233163858218008,5,1,1,F1
14055,2011-08-25 15:04:00,3,1520.96,105,1,85.57385002549948,13.786077503824924,5,3,4,F3
14056,2011-12-08 13:36:00,23,8214.65,0,1,1478.724816976861,223.75872254652916,5,5,5,R5
14057,2011-11-16 10:32:00,22,8408.84,23,1,1057.5914075702774,160.5387111355416,5,5,5,R5
14058,2010-09-03 09:31:00,2,469.19,462,1,50.09279723273875,8.413919584910811,2,2,2,F2
14059,2011-03-18 10:06:00,1,183.6,266,0,20.154496476349195,3.0731744714523788,4,1,1,F1
14060,2011-12-05 12:29:00,30,9519.08,4,1,849.9801607051324,129.79702410576988,5,5,5,R5
14061,2010-07-20 17:22:00,3,917.4300000000001,506,1,31.23299458517164,5.634949187775746,2,1,3,M3
14062,2011-11-30 10:04:00,24,25604.2,9,1,1009.005884397951,153.35088265969264,5,5,5,R5
14063,2010-09-27 16:18:00,9,22710.2,437,1,161.93685779812088,25.54052866971813,2,4,5,M5
14064,2011-11-10 13:14:00,15,3332.42,28,1,504.75495869813903,77.26324380472084,5,5,5,R5
14065,2010-11-15 16:13:00,3,891.02,388,1,108.34605134052805,17.201907701079207,3,3,3,F3
14066,2011-03-18 12:21:00,1,152.55,266,0,13.680794463857994,2.1021191695786987,4,1,1,F1
14067,2011-10-07 10:21:00,2,374.7,63,1,76.52295735663262,12.378443603494892,5,3,2,R5
14068,2011-01-23 16:02:00,4,1528.3700000000001,319,1,164.56328618799242,25.68449292819886,3,4,4,R3
14069,2010-07-13 12:12:00,2,230.06,514,1,35.76952235004373,6.265428352506559,2,2,1,R2
14070,2010-01-24 12:27:00,1,326.55,684,0,43.431637493753804,6.56474562406307,1,2,2,F2
14071,2011-12-06 12:27:00,8,1438.82,3,1,367.72150351498476,56.35822552724771,5,5,4,R5
14072,2010-02-11 12:31:00,1,390.85,666,0,27.058029155170043,4.108704373275506,1,1,2,M2
14073,2011-11-07 15:49:00,1,151.04,31,0,28.45400878551472,4.318101317827208,5,1,1,M1
14074,2010-03-26 13:55:00,1,219.39999999999998,622,0,21.65491598633031,3.298237397949546,1,1,1,F1
14075,2011-12-05 08:38:00,6,1734.87,4,1,222.13816503368008,34.42072475505201,5,4,4,R5
14076,2011-08-02 15:19:00,1,122.47,128,0,41.28515623374462,6.242773435061693,5,2,1,M1
14077,2011-10-30 12:35:00,6,615.0799999999999,40,1,91.40983640482906,14.811475460724361,5,3,2,R5
14078,2011-08-30 12:16:00,9,1692.6299999999999,101,1,199.06025179671707,31.10903776950756,5,4,4,F4
14079,2011-08-07 12:10:00,2,618.73,124,1,33.066939958637455,5.860040993795618,5,2,2,M2
14080,2011-11-07 11:09:00,5,1115.68,32,1,98.32065508868288,15.798098263302432,5,3,3,R5
14081,2011-02-10 16:17:00,10,5370.1,301,1,1202.0061317159386,181.6009197573908,3,5,5,F5
14082,2010-12-10 11:02:00,2,413.36,364,1,86.18104713661384,13.827157070492076,3,3,2,M2
14083,2011-12-05 13:14:00,11,1407.26,3,1,295.71923721204286,45.70788558180642,5,4,4,R5
14084,2010-07-15 14:36:00,1,150.5,511,0,24.30227423695118,3.6953411355426766,2,1,1,M1
14085,2011-12-07 13:46:00,33,10104.97,1,1,1755.1396079719473,265.7209411957921,5,5,5,R5
14086,2010-09-03 10:52:00,1,39.95,462,0,0.6931471805599453,0.1539720770839918,2,1,1,F1
14087,2011-12-07 12:41:00,3,846.22,2,1,245.56797424728347,37.78519613709251,5,4,3,R5
14088,2011-11-29 16:16:00,16,64036.8,9,1,1936.1118198130982,292.01677297196477,5,5,5,R5
14089,2011-10-14 10:38:00,1,161.0,56,0,23.463098385797053,3.5694647578695577,5,1,1,M1
14090,2011-01-19 10:51:00,1,76.32000000000001,324,0,4.290459441148391,0.6935689161722587,3,1,1,F1
14091,2010-02-23 15:17:00,2,9530.08,653,1,70.45064493361897,11.467596740042847,1,2,5,M5
14092,2011-12-02 12:13:00,24,7229.45,7,1,814.9338620561208,124.24007930841812,5,5,5,R5
14093,2011-11-27 16:27:00,1,442.85,11,0,141.5302702703472,21.279540540552077,5,3,2,R5
14094,2010-09-26 11:58:00,1,335.22,439,0,57.84282455842071,8.726423683763107,2,2,2,F2
14095,2009-12-17 12:49:00,1,2.95,722,0,0.6931471805599453,0.1539720770839918,1,1,1,F1
14096,2011-12-05 17:17:00,17,65164.79,3,1,6023.628459232508,905.1942688848762,5,5,5,R5
14097,2010-08-15 14:20:00,2,422.85999999999996,480,1,80.4382010045885,12.965730150688277,2,3,2,M2
14098,2011-11-03 10:13:00,1,147.35,36,0,26.933190987464222,4.089978648119633,5,1,1,M1
14099,2011-11-23 13:53:00,20,5765.71,15,1,911.4085027330302,138.51127540995455,5,5,5,R5
14100,2011-07-25 11:01:00,1,194.9,137,0,30.573468259738938,4.636020238960841,4,1,1,M1
14101,2011-09-27 12:28:00,13,9961.93,73,1,366.4092262925085,56.41138394387627,5,5,5,M5
14102,2011-12-04 15:38:00,5,1360.28,4,1,168.7330233240541,26.359953498608114,5,4,4,R5
14104,2011-07-08 12:50:00,5,771.5799999999999,154,1,162.63212147088439,25.44481822063266,4,4,3,R4
14105,2011-04-14 17:58:00,5,5988.83,238,1,671.9039946266886,101.83559919400328,4,5,5,F5
14106,2009-12-02 14:09:00,1,214.79999999999998,736,0,3.2188758248682006,0.53283137373023,1,1,1,F1
14107,2011-10-19 12:12:00,11,4877.3,51,1,587.7117958663683,89.50676937995524,5,5,5,F5
14108,2011-11-09 10:41:00,4,1044.96,30,1,123.1780882974757,19.476713244621354,5,3,3,R5
14109,2011-09-28 10:18:00,1,144.2,72,0,20.076658146831726,3.0614987220247585,5,1,1,F1
14110,2011-12-06 12:26:00,33,12987.95,3,1,986.4760425895779,150.4214063884367,5,5,5,R5
14111,2011-11-25 13:44:00,4,692.85,13,1,32.07218650743038,5.810827976114557,5,2,3,R5
14112,2011-11-17 12:30:00,13,5834.59,22,1,747.9489675142087,113.6423451271313,5,5,5,R5
14113,2011-12-06 12:18:00,16,7092.610000000001,3,1,365.30463730754127,56.39569559613118,5,5,5,R5
14114,2011-03-11 09:42:00,7,1364.09,273,1,156.93018948340443,24.689528422510666,4,4,4,R4
14115,2010-07-26 12:36:00,2,622.6700000000001,501,1,63.557653465088016,10.433648019763202,2,2,2,R2
14116,2011-11-20 10:29:00,5,1382.74,19,1,156.37418066022857,24.506127099034288,5,4,4,R5
14117,2011-07-19 09:49:00,1,90.0,143,0,9.656627474604601,1.4984941211906901,4,1,1,F1
14118,2010-10-07 11:59:00,1,458.45,428,0,29.28028430373136,4.442042645559703,3,1,2,M2
14119,2010-11-29 10:33:00,2,183.37,375,1,24.633634945560914,4.595045241834137,3,1,1,R3
14121,2011-12-06 12:19:00,4,2780.15,3,1,389.9281223240387,59.4892183486058,5,5,4,R5
14122,2010-10-29 15:11:00,3,362.42,405,1,26.105078400462133,4.8657617600693195,3,1,2,R3
14123,2009-12-06 15:35:00,1,436.18,732,0,51.81614160902403,7.822421241353604,1,2,2,M2
14124,2011-09-16 13:32:00,1,419.58000000000004,83,0,27.578151578401176,4.186722736760176,5,1,2,M2
14125,2011-11-29 12:47:00,3,2740.43,10,1,364.64489628684004,55.646734443026,5,5,4,R5
14126,2011-12-02 11:45:00,4,1172.46,7,1,106.52634074551878,16.97895111182782,5,3,3,R5
14127,2011-08-09 10:49:00,6,1900.0800000000002,122,1,222.34927307398672,34.452390961098004,5,4,4,M4
14128,2011-10-10 12:00:00,3,924.21,60,1,159.66826333984412,24.900239500976618,5,4,3,M3
14129,2011-12-08 11:02:00,9,2591.34,1,1,269.9332203387446,41.73998305081169,5,4,4,R5
14130,2011-01-24 16:05:00,4,1882.67,318,1,333.1196723830876,50.967950857463144,3,4,4,M4
14131,2010-03-01 11:59:00,1,187.87,648,0,54.96756755184676,8.295135132777014,1,2,1,F2
14132,2011-12-07 13:35:00,11,3586.0299999999997,1,1,526.6686816661357,80.35030224992035,5,5,5,R5
14133,2011-08-02 11:34:00,4,911.14,129,1,79.78517633757255,12.967776450635883,5,3,3,M3
14134,2010-11-22 12:26:00,15,11123.35,382,1,585.8486898769036,89.42730348153553,3,5,5,M5
14135,2011-12-08 11:38:00,24,9643.92,1,1,763.6135123649749,116.54202685474623,5,5,5,R5
14136,2010-11-04 11:53:00,5,1570.81,400,1,232.86160199936154,35.97924029990423,3,4,4,F4
14137,2010-01-13 12:30:00,1,332.7,695,0,39.13755241081616,5.920632861622424,1,2,2,M2
14138,2011-12-08 12:44:00,2,982.3800000000001,1,1,115.7223172517357,18.25834758776036,5,3,3,R5
14139,2011-10-24 13:34:00,4,1086.8,45,1,177.40200064676415,27.610300097014623,5,4,3,R5
14140,2011-12-06 09:05:00,2,935.05,3,1,161.1825095440325,25.07737643160488,5,4,3,R5
14141,2011-12-07 09:53:00,4,915.13,2,1,84.76928314476706,13.715392471715058,5,3,3,R5
14142,2010-12-01 16:33:00,2,983.15,372,1,159.53969892871874,24.83095483930781,3,4,3,R3
14143,2011-07-29 09:48:00,1,115.8,133,0,10.689099960768166,1.6533649941152249,5,1,1,F1
14144,2010-08-10 15:17:00,1,30.599999999999998,485,0,2.5649493574615367,0.4347424036192305,2,1,1,F1
14145,2011-10-24 12:10:00,7,7600.05,46,1,101.22630147240359,16.33394522086054,5,3,5,M5
14146,2011-12-01 10:18:00,12,9450.3,8,1,1065.502477179996,161.2253715769994,5,5,5,R5
14147,2011-09-22 18:10:00,9,2590.2,77,1,91.78035948562106,15.017053922843159,5,3,4,M4
14148,2011-04-20 12:02:00,2,466.29,233,1,42.016934266996635,7.202540140049495,4,2,2,M2
14149,2011-05-03 09:44:00,1,446.62,220,0,57.024685618223415,8.603702842733513,4,2,2,F2
14150,2011-11-04 10:05:00,2,658.64,35,1,74.78917412822844,12.118376119234266,5,2,3,R5
14151,2010-02-04 15:35:00,2,679.45,672,1,93.62279034909203,14.943418552363804,1,3,3,F3
14152,2011-09-25 12:54:00,7,1997.3400000000001,74,1,340.3146378375544,52.19719567563316,5,4,4,M4
14153,2010-08-13 14:35:00,1,233.4,482,0,49.278635355993906,7.441795303399085,2,2,1,R2
14154,2011-04-14 16:26:00,8,6460.7,238,1,662.140455010158,100.5210682515237,4,5,5,F5
14155,2011-03-18 14:13:00,1,118.75,265,0,9.329367078397823,1.4494050617596734,4,1,1,F1
14156,2011-11-30 10:54:00,156,313946.37,9,1,10963.308761983732,1653.0963142975595,5,5,5,R5
14157,2011-11-20 11:32:00,5,1002.78,19,1,150.44135340521484,23.616203010782225,5,4,3,R5
14158,2011-10-30 15:08:00,1,507.66,39,0,111.70200613151559,16.805300919727337,5,3,2,F3
14159,2011-11-20 12:36:00,20,7938.01,19,1,2422.892683246187,365.23390248692806,5,5,5,R5
14160,2010-04-08 14:30:00,7,8421.47,609,1,357.2960526514514,54.74440789771771,1,5,5,M5
14161,2011-05-08 11:41:00,7,3318.88,215,1,499.57514269783906,76.08627140467584,4,5,5,R4
14162,2011-06-19 11:36:00,2,289.36,173,1,37.32131350777353,6.498197026166029,4,2,1,R4
14163,2011-09-13 15:18:00,5,2594.62,86,1,137.5616360017192,21.68424540025788,5,3,4,M4
14164,2011-09-30 12:24:00,2,1631.77,70,1,95.4689726868582,15.22034590302873,5,3,4,F3
14165,2011-03-09 12:39:00,1,122.53999999999999,275,0,25.960329904101673,3.944049485615251,4,1,1,M1
14166,2010-07-22 19:42:00,2,256.85,504,1,47.95848952767096,8.093773429150644,2,2,1,F2
14167,2011-10-31 14:29:00,8,1296.49,38,1,148.6252142975478,23.49378214463217,5,3,4,R5
14168,2010-10-15 10:49:00,2,370.45,420,1,33.847910116107464,5.9771865174161185,3,2,2,M2
14169,2010-10-05 08:45:00,2,624.4300000000001,430,1,83.93685631147686,13.490528446721529,2,3,2,M2
14170,2010-11-29 13:10:00,3,597.33,374,1,152.00198391443757,23.750297587165633,3,4,2,R3
14171,2011-09-02 16:43:00,2,498.79,97,1,79.05706638763186,12.75855995814478,5,3,2,M2
14172,2010-04-13 13:26:00,3,402.72,604,1,46.82213691102001,7.973320536653001,1,2,2,M2
14173,2011-11-29 11:54:00,6,586.0,10,1,49.1901201783714,8.47851802675571,5,2,2,R5
14174,2011-11-06 13:17:00,1,134.46,32,0,37.47385993128733,5.671078989693099,5,1,1,M1
14175,2011-10-11 11:55:00,8,7678.88,59,1,703.1152185088192,106.66728277632288,5,5,5,F5
14176,2011-02-15 13:12:00,5,916.01,296,1,89.21558237550758,14.432337356326137,3,3,3,M3
14177,2011-09-14 15:11:00,13,2229.34,85,1,269.9054379166078,41.935815687491164,5,4,4,M4
14178,2011-12-01 12:01:00,7,1620.93,8,1,473.6854603233111,72.20281904849665,5,5,4,R5
14179,2011-10-30 12:07:00,2,719.78,40,1,161.25028509510145,25.08754276426522,5,4,3,R5
14180,2011-11-29 10:56:00,33,6319.25,10,1,373.80029968353494,58.520044952530235,5,5,5,R5
14181,2010-10-25 08:27:00,2,310.55,410,1,56.8243333052748,9.42364999579122,3,2,2,F2
14182,2010-09-22 11:45:00,4,678.77,443,1,65.6118589308077,10.841778839621155,2,2,3,F2
14183,2010-10-24 14:45:00,2,286.29,410,1,33.86110835853909,5.979166253780863,3,2,1,R3
14184,2011-10-04 12:43:00,1,452.89,66,0,40.614560915743084,6.142184137361462,5,2,2,M2
14185,2011-01-12 13:52:00,1,197.65,330,0,3.1780538303479458,0.5267080745521918,3,1,1,F1
14186,2010-10-08 13:30:00,5,1550.63,426,1,268.2434919546492,41.286523793197375,3,4,4,F4
14187,2010-08-23 12:06:00,1,123.5,473,0,14.091777727600757,2.1637666591401135,2,1,1,F1
14188,2011-11-09 12:45:00,6,2054.36,30,1,186.83516818770187,29.12527522815528,5,4,4,R5
14189,2011-12-07 15:55:00,16,5814.39,1,1,784.7588370717535,119.31382556076302,5,5,5,R5
14190,2010-02-11 14:27:00,1,79.9,665,0,1.0986122886681098,0.21479184330021645,1,1,1,F1
14191,2011-12-08 09:23:00,15,4817.66,1,1,666.2023472077852,101.48035208116778,5,5,5,R5
14192,2010-11-16 17:44:00,1,293.74,387,0,37.633087087954536,5.69496306319318,3,1,1,R3
14193,2011-10-03 09:34:00,3,1210.19,67,1,142.9532749117113,22.392991236756693,5,3,3,R5
14194,2011-12-05 10:38:00,36,18670.59,4,1,2096.2346471007895,317.03519706511844,5,5,5,R5
14195,2011-05-22 10:29:00,6,2615.6,201,1,67.60724390039165,11.24108658505875,4,2,4,R4
14196,2011-08-25 10:25:00,1,335.52,106,0,16.750556879696184,2.5625835319544272,5,1,2,F1
14197,2010-10-25 10:01:00,1,390.05,410,0,38.365881087585244,5.804882163137786,3,2,2,M2
14198,2011-11-21 16:35:00,9,1569.73,17,1,159.38369086403483,25.157553629605225,5,4,4,R5
14199,2011-05-05 13:44:00,4,1091.7,217,1,46.61097205599799,7.991645808399698,4,2,3,R4
14200,2010-04-01 13:01:00,1,379.2,616,0,39.72101682396137,6.008152523594205,1,2,2,M2
14201,2011-10-10 13:27:00,10,1193.54,59,1,131.0235413068036,20.95353119602054,5,3,3,R5
14202,2010-11-23 17:13:00,3,847.76,380,1,49.548863160650534,8.382329474097581,3,2,3,R3
14203,2010-11-07 13:35:00,1,339.34,396,0,24.43538904969049,3.715308357453573,3,1,2,F1
14204,2011-12-07 13:38:00,4,1062.96,1,1,230.11005913989536,35.5165088709843,5,4,3,R5
14205,2011-11-23 10:55:00,9,2414.2,16,1,268.62999445065714,41.544499167598566,5,4,4,R5
14206,2011-04-14 16:38:00,3,1185.01,238,1,174.9864438924535,27.197966583868023,4,4,3,R4
14207,2010-01-21 09:33:00,1,157.8,687,0,5.783825182329737,0.9175737773494607,1,1,1,F1
14208,2011-09-06 12:48:00,2,567.05,94,1,84.99055137279318,13.648582705918976,5,3,2,M2
14209,2011-11-29 10:18:00,15,4993.27,10,1,434.4619488180059,66.71929232270088,5,5,5,R5
14210,2011-08-26 12:36:00,16,5861.52,105,1,663.5084069741581,101.1262610461237,5,5,5,F5
14211,2011-10-17 13:23:00,18,4402.29,52,1,541.1493384143733,82.872400762156,5,5,5,R5
14212,2011-09-11 12:45:00,2,2190.14,89,1,92.85706634284489,14.828559951426733,5,3,4,M4
14213,2010-10-31 10:37:00,1,1192.2,404,0,19.53911215978053,2.9808668239670792,3,1,3,F1
14214,2011-11-09 10:31:00,5,1004.38,30,1,155.84577808040035,24.426866712060054,5,4,3,R5
14215,2011-11-28 12:19:00,9,3416.33,11,1,450.58146830916087,68.83722024637413,5,5,5,R5
14216,2011-12-06 14:56:00,5,2150.04,2,1,157.08182520041976,24.612273780062964,5,4,4,R5
14217,2011-12-08 11:53:00,23,3416.89,1,1,315.82988092961244,49.32448213944186,5,4,5,R5
14218,2011-10-28 10:00:00,1,169.48000000000002,42,0,30.83487693629332,4.675231540443997,5,1,1,M1
14219,2011-12-05 16:23:00,3,633.83,3,1,86.0455986056098,13.85683979084147,5,3,2,R5
14220,2011-04-06 13:23:00,4,1515.0,246,1,88.53905514944839,14.280858272417257,4,3,4,R4
14221,2011-10-28 13:42:00,17,6517.49,41,1,765.5879320851475,116.4881898127721,5,5,5,F5
14222,2011-06-15 16:42:00,1,683.17,176,0,105.9269186162028,15.939037792430419,4,3,3,F3
14223,2011-09-08 13:38:00,3,991.13,91,1,123.61235440171124,19.491853160256685,5,3,3,M3
14224,2011-08-21 13:24:00,9,1897.9,109,1,279.25585555040533,43.1383783325608,5,4,4,M4
14225,2010-10-01 10:32:00,4,2037.02,434,1,201.4448215832922,31.216723237493827,2,4,4,M4
14226,2011-11-11 11:34:00,6,3002.53,28,1,253.76118802381626,39.16417820357243,5,4,5,R5
14227,2011-11-13 15:48:00,15,6368.71,25,1,853.3276965507795,129.54915448261693,5,5,5,R5
14228,2010-09-28 09:45:00,3,745.5,437,1,71.17821879514372,11.62673281927156,2,2,3,M3
14229,2011-10-19 10:04:00,7,2594.04,51,1,173.5212693607881,27.178190404118215,5,4,4,R5
14230,2010-09-30 09:07:00,3,979.8000000000001,435,1,66.52371567983464,10.928557351975197,2,2,3,M3
14231,2011-06-09 11:05:00,4,1235.6200000000001,183,1,149.78996960580403,23.468495440870605,4,3,3,R4
14232,2011-10-28 11:09:00,5,2048.07,42,1,301.11416428163903,46.21712464224585,5,4,4,M4
14233,2011-10-21 15:54:00,7,2904.27,48,1,187.4436674378522,29.266550115677834,5,4,4,R5
14234,2011-11-17 17:53:00,4,775.46,21,1,217.78445375627572,33.667668063441354,5,4,3,R5
14235,2011-09-25 14:37:00,9,4717.99,74,1,410.71290644712667,62.856935967069,5,5,5,M5
14236,2011-09-20 09:13:00,5,1744.64,80,1,130.60086242106783,20.640129363160174,5,3,4,M4
14237,2010-12-01 13:20:00,2,632.14,372,1,66.01840821170325,10.802761231755486,3,2,2,R3
14238,2011-01-17 14:40:00,3,434.23,325,1,32.543091067296636,5.831463660094496,3,2,2,M2
14239,2011-10-27 14:40:00,21,4263.17,42,1,430.06094398689186,66.35914159803377,5,5,5,R5
14240,2011-11-09 13:45:00,3,1247.49,29,1,140.5595420690691,22.033931310360362,5,3,3,R5
14241,2011-06-09 11:46:00,2,333.70000000000005,183,1,34.088626906217634,6.0132940359326446,4,2,2,R4
14242,2011-04-19 11:46:00,2,280.55,234,1,32.383779148577176,5.757566872286576,4,2,1,R4
14243,2011-12-01 11:12:00,17,7431.05,8,1,784.8289597291,119.37434395936499,5,5,5,R5
14244,2010-02-17 11:40:00,1,366.41999999999996,660,0,49.98556780361428,7.547835170542141,1,2,2,F2
14245,2011-05-04 08:40:00,2,1693.45,219,1,227.05719559233503,34.95857933885025,4,4,4,F4
14246,2011-08-21 11:50:00,3,1474.06,110,1,167.0265991128462,26.00398986692693,5,4,4,M4
14247,2011-03-06 15:21:00,5,772.66,277,1,131.85284536027575,20.82792680404136,4,3,3,F3
14248,2011-01-25 14:45:00,3,1032.95,317,1,116.1128449803116,18.36692674704674,3,3,3,F3
14249,2010-10-25 12:34:00,12,5625.461,410,1,549.1867011406957,83.77800517110435,3,5,5,M5
14250,2011-12-02 14:30:00,3,1904.05,6,1,254.26719747119486,39.09007962067923,5,4,4,R5
14251,2011-12-08 08:32:00,5,2879.7000000000003,1,1,228.04888348006438,35.257332522009655,5,4,4,R5
14252,2010-11-23 13:36:00,1,350.99,380,0,22.957865675636764,3.4936798513455143,3,1,2,R3
14253,2010-08-03 14:55:00,2,363.40000000000003,492,1,22.126732752102917,4.219009912815437,2,1,2,R2
14254,2010-10-03 11:52:00,1,601.03,432,0,55.984004067128204,8.44760061006923,2,2,2,F2
14255,2010-06-11 15:54:00,1,1000.63,545,0,0.6931471805599453,0.1539720770839918,2,1,3,F1
14256,2011-03-24 13:17:00,5,2473.9900000000002,259,1,270.0179069953682,41.55268604930523,4,4,4,F4
14257,2011-10-06 16:54:00,9,5954.45,63,1,598.0033862317807,90.9505079347671,5,5,5,M5
14258,2011-11-30 15:27:00,25,32051.34,8,1,1043.3687282787268,158.55530924180903,5,5,5,R5
14259,2011-07-21 10:44:00,1,120.0,141,0,12.324855181519641,1.8987282772279461,4,1,1,F1
14260,2010-08-25 14:55:00,3,824.28,470,1,113.1444854373465,17.921672815601973,2,3,3,F3
14261,2011-10-20 10:04:00,2,1163.45,50,1,100.00410534471855,15.900615801707783,5,3,3,R5
14262,2011-12-01 14:17:00,8,2618.23,7,1,340.320106204673,52.248015930700944,5,4,4,R5
14263,2010-10-12 14:09:00,1,322.93,422,0,37.71359696178308,5.707039544267462,3,2,2,R3
14264,2011-07-08 10:20:00,6,1517.3600000000001,154,1,141.9036161217491,22.385542418262368,4,3,4,R4
14265,2011-08-22 13:32:00,4,1373.35,108,1,153.67672122170723,24.051508183256082,5,4,4,F3
14266,2010-10-07 13:32:00,1,40.56,427,0,3.2188758248682006,0.53283137373023,3,1,1,F1
14267,2011-06-30 10:09:00,3,1516.24,162,1,121.1634539176327,19.1245180876449,4,3,4,F3
14268,2010-08-26 10:45:00,1,354.85,470,0,37.626205774540225,5.6939308661810335,2,1,2,R2
14269,2010-09-26 12:53:00,1,295.73,438,0,29.894208411470814,4.5341312617206215,2,1,1,F1
14270,2011-01-12 09:33:00,1,492.65000000000003,331,0,53.22961248868122,8.034441873302184,3,2,2,F2
14271,2011-04-28 12:47:00,2,219.13,225,1,51.29006922790811,8.593510384186217,4,2,1,F2
14272,2011-09-27 10:08:00,4,920.81,73,1,160.6244977679727,25.093674665195906,5,4,3,M3
14273,2011-10-19 13:20:00,4,559.97,50,1,64.93872042383715,10.740808063575573,5,2,2,R5
14274,2010-01-22 12:51:00,1,256.6,685,0,37.241545769007814,5.636231865351172,1,1,1,M1
14275,2010-11-09 09:06:00,6,1189.3799999999999,395,1,66.87409401248294,11.131114101872443,3,2,3,R3
14276,2011-09-02 09:45:00,7,2102.68,98,1,292.6478090833379,45.047171362500684,5,4,4,M4
14277,2011-11-24 15:01:00,9,17225.81,14,1,913.1379453216095,138.22069179824143,5,5,5,R5
14278,2010-10-26 12:07:00,1,205.83,409,0,29.670511811197677,4.500576771679651,3,1,1,M1
14279,2010-07-07 08:42:00,2,191.86,520,1,8.181720455128108,2.1272580682692164,2,1,1,F1
14280,2011-05-27 10:37:00,1,134.04,196,0,14.610571521015924,2.2415857281523883,4,1,1,F1
14281,2010-10-27 14:45:00,1,245.15,407,0,13.030905766915495,2.004635865037324,3,1,1,F1
14282,2011-12-06 17:04:00,25,7849.66,2,1,701.5957589934042,107.28936384901061,5,5,5,R5
14283,2010-09-02 14:46:00,4,628.4399999999999,462,1,100.86268738548902,16.129403107823354,2,3,2,F3
14284,2011-11-09 08:11:00,3,1299.65,30,1,131.01452918817853,20.60217937822678,5,3,4,R5
14285,2011-11-18 14:50:00,8,3284.42,20,1,152.05368887638494,24.008053331457738,5,4,5,R5
14286,2011-11-16 10:34:00,7,8479.76,23,1,1362.512814002295,205.52692210034425,5,5,5,R5
14287,2011-12-01 13:25:00,3,176.63,7,1,25.42515146489529,4.763772719734293,5,1,1,R5
14288,2011-05-10 13:22:00,1,426.6,212,0,38.198942821130714,5.779841423169607,4,2,2,M2
14289,2011-12-01 11:44:00,6,911.26,8,1,81.33433727167076,13.300150590750615,5,3,3,R5
14290,2011-11-28 14:02:00,8,4516.56,10,1,333.9394558299875,51.29091837449812,5,4,5,R5
14291,2011-12-08 10:26:00,23,7904.1,1,1,1180.8846603396073,179.0826990509411,5,5,5,R5
14292,2011-12-02 11:50:00,16,9226.25,7,1,510.56881575533885,78.18532236330081,5,5,5,R5
14293,2011-12-06 15:17:00,9,3267.9300000000003,2,1,323.77531332929317,49.81629699939398,5,4,5,R5
14294,2010-10-28 16:25:00,1,375.34,406,0,46.97338517634767,7.09600777645215,3,2,2,M2
14295,2011-10-30 15:50:00,5,2362.91,39,1,178.765530216746,27.864829532511898,5,4,4,R5
14296,2010-10-14 14:14:00,2,456.40000000000003,420,1,60.264167205376964,9.939625080806545,3,2,2,M2
14297,2011-11-22 09:06:00,4,1305.33,17,1,153.84555920235942,24.076833880353913,5,4,4,R5
14298,2011-12-01 13:12:00,82,91194.49,7,1,9226.97104593025,1388.9456568895373,5,5,5,R5
14299,2011-12-01 16:05:00,27,14499.49,7,1,943.0735677606228,143.61103516409344,5,5,5,R5
14300,2011-11-21 08:57:00,1,43.2,18,0,7.360739903058278,1.1541109854587417,5,1,1,R5
14301,2011-08-14 15:33:00,4,1992.18,116,1,154.49111328407398,24.173666992611096,5,4,4,M4
14302,2010-10-05 08:10:00,3,742.9000000000001,430,1,63.23647863600232,10.435471795400348,2,2,3,F2
14303,2010-10-28 15:37:00,2,277.94,406,1,51.66204244245327,8.64930636636799,3,2,1,F2
14304,2011-05-01 11:50:00,3,1725.01,222,1,180.44833838002043,28.017250757003062,4,4,4,R4
14305,2011-09-29 15:29:00,3,1858.96,70,1,241.42409841409244,37.16361476211386,5,4,4,M4
14306,2011-10-19 13:23:00,6,3151.4,50,1,148.41998541716248,23.362997812574374,5,3,5,R5
14307,2011-09-12 09:38:00,10,5071.03,88,1,698.7645145113779,106.11467717670668,5,5,5,F5
14308,2010-06-08 16:48:00,2,1147.02,548,1,1.3862943611198906,1.1079441541679835,2,1,3,F1
14309,2011-12-01 13:33:00,11,3780.81,7,1,457.59502485666917,69.98925372850037,5,5,5,R5
14310,2010-10-03 12:34:00,1,492.1,432,0,51.96618183042129,7.844927274563193,2,2,2,F2
14311,2011-04-11 10:14:00,2,516.45,242,1,59.66154422110594,9.849231633165891,4,2,2,F2
14312,2011-10-24 09:46:00,11,3090.29,46,1,386.6791077354749,59.35186616032122,5,5,5,R5
14314,2011-08-25 10:39:00,2,229.8,106,1,33.62142115622046,5.943213173433068,5,2,1,M1
14315,2011-10-26 12:06:00,8,3197.82,44,1,295.6556098641247,45.5483414796187,5,4,5,R5
14316,2010-10-13 16:31:00,5,1370.34,421,1,125.93225360819292,19.93983804122894,3,3,4,F3
14317,2011-10-06 10:44:00,1,508.58000000000004,64,0,55.73821293638558,8.410731940457838,5,2,2,F2
14318,2010-09-05 15:32:00,1,158.02,459,0,23.793942217371043,3.6190913326056564,2,1,1,M1
14319,2010-10-11 13:38:00,1,494.85,423,0,64.38536444895678,9.707804667343517,3,2,2,M2
14320,2011-05-17 09:24:00,5,1346.75,206,1,169.68900728607082,26.503351092910624,4,4,4,R4
14321,2011-11-29 09:47:00,7,2218.06,10,1,480.6828571079997,73.25242856619995,5,5,4,R5
14322,2010-10-06 15:17:00,4,474.1,428,1,30.774943017176962,5.616241452576544,3,1,2,M2
14323,2011-08-17 11:37:00,2,605.0600000000001,114,1,79.89636252667009,12.884454379000513,5,3,2,M2
14324,2010-10-26 11:44:00,2,701.61,409,1,87.45307166366123,14.017960749549186,3,3,3,R3
14325,2010-05-19 09:20:00,1,245.48000000000002,569,0,49.57084860866409,7.485627291299614,2,2,1,F2
14326,2011-04-11 15:04:00,3,940.98,241,1,119.05047506786605,18.807571260179905,4,3,3,M3
14327,2011-06-29 13:58:00,6,1894.93,162,1,253.86864417084837,39.18029662562725,4,4,4,M4
14328,2010-09-27 16:01:00,1,445.05,437,0,0.6931471805599453,0.1539720770839918,2,1,2,F1
14329,2011-11-22 15:50:00,15,9927.22,16,1,1227.019938420461,185.60299076306913,5,5,5,R5
14330,2010-03-26 09:10:00,1,200.63,623,0,27.269147905784887,4.140372185867733,1,1,1,M1
14331,2011-08-07 13:17:00,2,462.65999999999997,123,1,59.3280043993508,9.79920065990262,5,2,2,M2
14332,2011-11-17 11:54:00,5,1943.51,22,1,155.53064019878548,24.379596029817822,5,4,4,R5
14333,2011-10-03 10:38:00,1,415.2,67,0,21.69916797162158,3.3048751957432367,5,1,2,F1
14334,2011-11-23 10:01:00,12,4318.48,16,1,580.5161897320867,88.47742845981298,5,5,5,R5
14335,2011-11-23 13:41:00,2,468.26,15,1,94.39191643361124,15.058787465041686,5,3,2,R5
14336,2011-11-23 11:40:00,4,1614.91,16,1,247.4077544244916,38.11116316367374,5,4,4,R5
14338,2011-07-01 14:08:00,3,928.1,160,1,115.72022102004699,18.30803315300705,4,3,3,M3
14339,2011-04-11 11:06:00,2,620.27,242,1,62.804703191616916,10.320705478742537,4,2,2,F2
14340,2011-05-05 09:44:00,1,134.7,218,0,13.81514549133556,2.1222718237003337,4,1,1,F1
14341,2011-10-25 15:48:00,18,4467.32,44,1,599.4090091126536,91.61135136689805,5,5,5,F5
14342,2011-11-18 13:21:00,6,918.44,20,1,82.58456322515723,13.487684483773585,5,3,3,R5
14343,2010-10-14 13:05:00,4,1088.91,420,1,271.1398199205973,41.670972988089595,3,4,3,F4
14344,2011-08-04 13:51:00,20,3333.7000000000003,126,1,399.9475649449334,61.79213474174,5,5,5,M4
14345,2011-11-01 09:51:00,1,108.97999999999999,38,0,11.77528972943772,1.816293459415658,5,1,1,F1
14346,2011-08-11 09:47:00,5,2315.75,120,1,333.9588785749144,51.14383178623716,5,4,4,M4
14347,2009-12-03 10:49:00,1,82.6,736,0,12.51822657450018,1.927733986175027,1,1,1,F1
14348,2011-03-24 16:23:00,1,409.57,259,0,41.02638338610119,6.203957507915177,4,2,2,M2
14349,2011-11-29 15:39:00,1,133.5,9,0,36.70391805015391,5.555587707523086,5,1,1,R5
14350,2011-03-10 14:14:00,3,972.03,273,1,122.36139954052112,19.304209931078166,4,3,3,M3
14351,2011-06-28 11:56:00,1,51.0,164,0,2.5649493574615367,0.4347424036192305,4,1,1,F1
14352,2011-07-05 15:41:00,4,1078.96,156,1,106.49028108250883,16.973542162376326,4,3,3,F3
14353,2011-05-08 16:06:00,3,376.5,214,1,63.96591563086361,10.544887344629542,4,2,2,R4
14354,2011-12-04 11:32:00,2,163.62,5,1,25.78311956460278,4.767467934690417,5,1,1,R5
14355,2010-12-09 12:16:00,3,1014.45,365,1,159.44256096443323,24.866384144664984,3,4,3,R3
14356,2011-09-21 09:18:00,2,701.23,79,1,67.999205619759,11.099880842963849,5,2,3,R5
14357,2011-10-27 16:23:00,1,225.77,42,0,55.245895649062454,8.33688434735937,5,2,1,F2
14358,2010-11-15 15:51:00,2,400.06,388,1,64.39786000372322,10.559679000558484,3,2,2,R3
14359,2011-11-20 13:17:00,3,912.18,18,1,103.79083448476067,16.5186251727141,5,3,3,R5
14360,2011-11-08 09:12:00,4,2128.23,31,1,264.31828864652,40.647743296978,5,4,4,R5
14361,2010-05-10 12:29:00,1,214.70999999999998,578,0,35.49470371829248,5.374205557743871,1,1,1,M1
14362,2011-11-17 15:08:00,1,161.2,21,0,44.95430074360345,6.793145111540516,5,2,1,R5
14363,2010-11-02 17:01:00,2,227.47000000000003,401,1,19.838247123386726,3.875737068508009,3,1,1,F1
14364,2011-08-23 11:01:00,8,3717.35,108,1,191.92653868710175,29.98898080306526,5,4,5,F4
14365,2010-11-10 09:52:00,2,634.68,394,1,118.93280507872309,18.739920761808467,3,3,3,F3
14366,2010-07-02 17:23:00,1,136.0,524,0,2.833213344056216,0.4749820016084324,2,1,1,F1
14367,2011-12-01 13:19:00,16,9261.52,7,1,1031.1303313763688,156.26954970645534,5,5,5,R5
14368,2011-01-24 09:52:00,1,155.0,319,0,12.63501010982348,1.9452515164735218,3,1,1,F1
14369,2010-03-07 15:47:00,2,469.13,641,1,57.50590401503629,9.525885602255444,1,2,2,M2
14370,2010-09-15 10:53:00,6,1175.78,450,1,75.80508235742714,12.470762353614072,2,3,3,M3
14371,2011-02-17 16:35:00,1,100.5,294,0,8.36053938137086,1.304080907205629,3,1,1,F1
14372,2010-09-22 16:17:00,2,860.08,442,1,82.70788404716383,13.306182607074575,2,3,3,M3
14373,2010-12-16 15:40:00,1,76.55,357,0,5.455321115357702,0.8682981673036553,3,1,1,F1
14374,2010-06-16 14:25:00,1,108.0,540,0,8.573951525234847,1.3360927287852271,2,1,1,F1
14375,2011-06-07 13:44:00,3,1132.99,184,1,240.6565766774435,37.048486501616516,4,4,3,F4
14376,2010-01-25 15:36:00,1,215.46,682,0,21.06325189286742,3.2094877839301126,1,1,1,F1
14377,2011-06-01 13:32:00,2,617.05,190,1,25.992191910122507,4.798828786518376,4,1,2,R4
14378,2010-03-28 12:22:00,1,131.25,621,0,16.78474032205222,2.5677110483078325,1,1,1,F1
14379,2011-10-26 16:43:00,4,1268.91,43,1,199.41242777202018,30.911864165803024,5,4,3,R5
14380,2010-01-26 17:11:00,1,48.96,681,0,0.6931471805599453,0.1539720770839918,1,1,1,F1
14381,2011-10-18 17:10:00,2,631.34,51,1,157.0986867322487,24.464803009837304,5,4,2,R5
14382,2011-11-13 16:18:00,2,1246.8,25,1,365.6766004349211,55.751490065238166,5,5,3,R5
14383,2011-11-01 15:53:00,3,1247.69,37,1,137.93358317913288,21.64003747686993,5,3,3,R5
14384,2010-07-27 09:53:00,1,58.5,500,0,7.193685818395112,1.1290528727592668,2,1,1,F1
14385,2011-11-30 15:36:00,3,202.11,8,1,34.18331638048626,6.077497457072939,5,2,1,R5
14386,2011-02-16 09:45:00,1,142.4,296,0,14.294718571597446,2.1942077857396165,3,1,1,F1
14387,2011-11-07 12:29:00,3,1770.56,32,1,234.05149315782967,36.05772397367444,5,4,4,R5
14388,2011-11-29 13:32:00,16,6701.0,9,1,933.7237780323879,141.6585667048582,5,5,5,R5
14389,2011-10-05 15:17:00,5,1898.01,64,1,221.3315167213237,34.24972750819855,5,4,4,F4
14390,2011-11-29 13:49:00,13,6399.83,9,1,753.9631930470473,114.5444789570571,5,5,5,R5
14391,2010-05-12 09:42:00,1,135.6,576,0,35.909291004461515,5.436393650669227,1,1,1,M1
14392,2010-10-03 12:56:00,1,266.4,431,0,29.975731504314783,4.546359725647217,2,1,1,F1
14393,2011-05-05 18:16:00,1,67.95,217,0,6.29156913955832,0.9937353709337481,4,1,1,F1
14394,2010-05-24 10:43:00,1,93.8,564,0,13.555634295850476,2.0833451443775712,2,1,1,F1
14395,2011-12-07 14:34:00,20,8208.01,1,1,1300.0104801859604,196.80157202789408,5,5,5,R5
14396,2011-10-05 16:09:00,7,2121.93,64,1,371.3105187507465,56.84657781261197,5,5,4,M4
14397,2011-12-07 09:22:00,19,2612.96,2,1,247.9233734876389,38.938506023145834,5,4,4,R5
14398,2010-11-03 13:46:00,2,707.79,400,1,84.21467983412785,13.532201975119177,3,3,3,R3
14399,2010-11-10 13:23:00,8,2113.16,393,1,292.2214472837429,45.03321709256143,3,4,4,M4
14400,2011-07-13 15:50:00,3,1732.47,148,1,202.56675500821515,31.335013251232272,4,4,4,M4
14401,2011-12-05 13:30:00,22,6795.9,3,1,796.7890171122332,121.41835256683497,5,5,5,R5
14402,2010-02-25 13:20:00,1,285.6,651,0,23.585305712057995,3.587795856808699,1,1,1,F1
14403,2011-08-01 12:57:00,6,1880.51,129,1,66.08368354493231,11.012552531739848,5,2,4,M4
14404,2011-11-06 12:30:00,13,2899.11,33,1,345.7514316996458,53.31271475494687,5,4,4,R5
14405,2010-11-18 11:40:00,1,195.0,386,0,7.824445930877619,1.223666889631643,3,1,1,F1
14406,2011-08-12 16:54:00,1,156.75,118,0,16.287512802915867,2.49312692043738,5,1,1,F1
14407,2011-08-24 14:02:00,6,2157.73,106,1,187.37567375231083,29.206351062846625,5,4,4,M4
14408,2011-11-29 11:41:00,11,4109.77,10,1,337.3210485001893,51.948157275028386,5,4,5,R5
14409,2011-09-29 18:18:00,9,3756.09,70,1,296.4934751013949,45.72402126520923,5,4,5,F4
14410,2011-09-08 15:08:00,11,2651.14,91,1,493.0803320976255,75.31204981464381,5,5,4,M4
14411,2011-02-02 10:56:00,1,1063.0,310,0,34.72196909981419,5.258295364972128,3,1,3,M3
14412,2011-10-28 10:45:00,3,1426.19,42,1,225.65069818081534,34.7976047271223,5,4,4,F4
14413,2010-12-12 13:37:00,4,770.37,361,1,99.38427189891621,15.907640784837431,3,3,3,R3
14414,2011-09-09 12:09:00,8,2399.33,91,1,356.47180025094093,54.670770037641134,5,5,4,M4
14415,2011-12-08 14:38:00,23,12091.6,0,1,1911.0185627280675,288.60278440921013,5,5,5,R5
14416,2011-11-17 15:22:00,2,490.22,21,1,38.98168026093205,6.747252039139807,5,2,2,R5
14417,2010-11-17 10:55:00,1,604.2,387,0,152.45158212725136,22.917737319087703,3,3,2,R3
14418,2011-12-06 11:39:00,3,1937.25,3,1,303.84092120688166,46.526138181032245,5,4,4,R5
14419,2011-11-29 11:22:00,7,1260.91,10,1,254.27089460980582,39.29063419147087,5,4,3,R5
14420,2011-09-01 18:07:00,4,1639.17,98,1,219.67603400004415,33.951405100006625,5,4,4,F4
14421,2011-10-13 13:24:00,6,2469.37,56,1,243.34695654258653,37.60204348138797,5,4,4,F4
14422,2011-12-09 11:26:00,19,10271.52,0,1,1253.3094533391218,189.74641800086826,5,5,5,R5
14423,2011-05-05 15:12:00,3,916.6099999999999,217,1,41.44972240848013,7.167458361272019,4,2,3,M3
14424,2011-11-22 11:48:00,1,322.08,17,0,3.8918202981106265,0.633773044716594,5,1,2,R5
14425,2010-10-01 10:24:00,3,661.39,434,1,77.11316388979546,12.51697458346932,2,3,3,F2
14426,2011-11-16 12:25:00,17,11727.94,23,1,1356.862790049178,205.1794185073767,5,5,5,R5
14427,2011-10-20 14:23:00,4,1263.52,49,1,103.10582751928513,16.465874127892768,5,3,3,F3
14428,2011-12-02 13:17:00,5,1244.83,6,1,162.50232178747225,25.42534826812084,5,4,3,R5
14429,2010-11-01 10:08:00,1,516.28,403,0,55.14791910834053,8.32218786625108,3,2,2,F2
14430,2010-07-16 11:35:00,3,1220.9,511,1,86.71002126273387,13.956503189410082,2,3,3,R2
14431,2011-02-10 10:40:00,4,2614.2,302,1,195.6029455710821,30.340441835662315,3,4,4,M4
14432,2011-11-30 08:04:00,6,2255.51,9,1,611.2048175322303,92.78072262983454,5,5,4,R5
14433,2010-08-31 12:35:00,1,289.6,465,0,72.5240841330164,10.92861261995246,2,2,1,R2
14434,2011-11-18 08:56:00,6,1372.8,21,1,40.620874242809,7.19313113642135,5,2,4,R5
14435,2010-07-26 12:33:00,1,90.42,501,0,13.102068829134865,2.0153103243702297,2,1,1,F1
14436,2011-09-02 10:13:00,2,271.70000000000005,98,1,31.00240622963569,5.550360934445353,5,1,1,R5
14437,2010-12-09 09:27:00,5,958.84,365,1,106.61803395119739,17.042705092679608,3,3,3,F3
14438,2011-02-06 14:56:00,1,131.9,305,0,20.67708720769922,3.1515630811548827,3,1,1,F1
14439,2011-01-24 11:39:00,5,9443.04,319,1,354.76397422009825,54.264596133014734,3,5,5,M5
14440,2011-12-01 15:42:00,13,6638.7300000000005,7,1,345.31138360881926,53.246707541322884,5,4,5,R5
14441,2011-12-09 09:07:00,11,4611.6900000000005,0,1,303.3161683122148,46.847425246832216,5,4,5,R5
14442,2011-05-19 11:36:00,7,5367.0199999999995,204,1,343.36134654093064,52.65420198113959,4,4,5,R4
14443,2011-10-17 10:10:00,5,2386.47,53,1,342.99880387426606,52.49982058113991,5,4,4,M4
14444,2010-09-09 18:56:00,1,132.04,455,0,29.546256257798547,4.481938438669782,2,1,1,M1
14445,2010-09-10 11:09:00,1,221.65,455,0,40.4924755716882,6.12387133575323,2,2,1,M1
14446,2011-12-09 11:34:00,5,1241.31,0,1,381.3958973418778,58.25938460128167,5,5,3,R5
14447,2011-11-21 08:28:00,6,1711.73,18,1,226.1927014976702,35.02890522465052,5,4,4,R5
14448,2011-11-30 13:50:00,2,375.35,8,1,26.184472955748966,4.827670943362344,5,1,2,R5
14449,2011-11-21 12:06:00,8,2482.8,18,1,675.420765643304,102.5131148464956,5,5,4,R5
14450,2011-06-12 10:46:00,7,1128.44,180,1,140.0039975665571,22.150599634983568,4,3,3,R4
14451,2011-10-10 13:38:00,12,3308.77,59,1,701.040335158099,106.55605027371483,5,5,5,F5
14452,2011-11-29 12:06:00,4,665.59,10,1,138.97924622007415,21.84688693301112,5,3,3,R5
14453,2011-06-02 14:15:00,1,119.93,189,0,20.720063274212464,3.1580094911318692,4,1,1,F1
14454,2010-11-28 13:26:00,5,977.3,375,1,145.64468185500317,22.896702278250476,3,3,3,R3
14455,2010-10-03 15:48:00,4,628.21,431,1,132.8028011656873,20.920420174853096,2,3,2,F3
14456,2011-12-04 13:59:00,9,3062.4,4,1,1020.0466816778059,154.25700225167088,5,5,5,R5
14457,2011-02-02 09:39:00,1,113.64,310,0,12.227956439030178,1.8841934658545267,3,1,1,F1
14458,2010-11-24 12:43:00,1,237.42,380,0,76.0227981935891,11.453419729038364,3,2,1,R3
14459,2011-07-07 13:35:00,2,5375.741,154,1,319.2259674451988,48.78389511677982,4,4,5,M5
14460,2011-08-21 14:19:00,9,1093.5,109,1,143.543848451504,22.7815772677256,5,3,3,M3
14461,2011-07-14 17:11:00,13,6713.5,147,1,947.7744148168939,143.6161622225341,4,5,5,F5
14462,2011-10-04 15:55:00,12,2270.01,65,1,385.8777780435823,59.28166670653734,5,5,4,M4
14463,2011-09-02 15:20:00,4,786.5699999999999,97,1,23.686402974058122,4.5529604461087185,5,1,3,F1
14464,2010-05-20 18:00:00,2,111.0,567,1,8.861633597686627,2.2292450396529944,2,1,1,F1
14465,2011-04-07 12:38:00,11,3946.03,246,1,341.0544550116034,52.50816825174051,4,4,5,R4
14466,2011-11-10 14:07:00,13,4646.9,28,1,497.58536582264156,76.08780487339624,5,5,5,R5
14467,2011-11-22 12:48:00,12,2220.9900000000002,17,1,445.7407765792208,68.26111648688311,5,5,4,R5
14468,2009-12-06 12:21:00,1,204.24,733,0,21.56392571459343,3.2845888571890143,1,1,1,F1
14469,2010-10-19 14:30:00,4,2112.21,415,1,236.6004443598974,36.49006665398461,3,4,4,F4
14470,2011-11-28 10:31:00,3,712.04,11,1,82.23894747241471,13.285842120862206,5,3,3,R5
14471,2010-04-27 17:12:00,2,400.95,590,1,62.672560539668396,10.30088408095026,1,2,2,M2
14472,2011-08-28 11:01:00,9,2228.22,103,1,441.2319264029105,67.43478896043658,5,5,4,M4
14473,2011-09-26 15:10:00,2,234.34000000000003,73,1,16.411711458929414,3.3617567188394117,5,1,1,F1
14474,2011-10-24 13:26:00,2,1278.08,45,1,165.06281446134562,25.659422169201846,5,4,4,R5
14475,2011-09-29 10:46:00,4,1151.15,71,1,112.43004370283134,17.8645065554247,5,3,3,F3
14476,2011-03-27 15:39:00,1,215.7,256,0,32.56931884098225,4.935397826147337,4,1,1,M1
14477,2011-11-20 11:11:00,7,1969.6,19,1,59.66739417726806,10.100109126590208,5,2,4,R5
14478,2010-11-22 15:29:00,4,1276.66,381,1,164.78947507846706,25.718421261770057,3,4,4,R3
14479,2011-03-31 09:07:00,4,1299.11,253,1,203.63713376152165,31.545570064228247,4,4,4,F4
14480,2011-11-28 16:35:00,4,1299.52,10,1,147.2014441030083,23.080216615451246,5,3,4,R5
14481,2011-06-28 10:38:00,5,2311.4900000000002,164,1,321.8633285928133,49.32949928892199,4,4,4,M4
14482,2011-11-21 13:14:00,12,4357.91,17,1,409.4512476769663,62.817687151544945,5,5,5,R5
14483,2011-03-03 10:26:00,2,257.1,281,1,33.09269354669128,5.863904032003691,3,2,1,M1
14484,2011-10-20 14:11:00,4,1070.98,49,1,133.0150981759868,20.952264726398017,5,3,3,R5
14485,2011-11-01 12:25:00,1,165.75,38,0,40.64217190116608,6.146325785174912,5,2,1,M1
14486,2010-07-16 09:42:00,2,175.5,511,1,16.32725313156538,3.349087969734807,2,1,1,F1
14487,2011-11-13 12:17:00,7,1453.61,26,1,275.4905340572093,42.47358010858139,5,4,4,R5
14488,2011-10-03 09:30:00,1,1064.28,67,0,119.91395447516116,18.037093171274176,5,3,3,F3
14489,2011-05-16 14:51:00,4,1574.93,206,1,232.17431235088054,35.82614685263208,4,4,4,F4
14490,2010-10-29 15:04:00,2,1273.47,405,1,193.1279319402477,29.869189791037154,3,4,4,R3
14491,2011-06-17 15:22:00,2,468.13,174,1,42.238683379860106,7.235802506979015,4,2,2,M2
14492,2010-10-05 13:21:00,7,1921.91,429,1,177.62438661720768,27.793657992581153,3,4,4,M4
14493,2011-12-02 16:14:00,10,5130.15,6,1,717.3893516755097,108.90840275132645,5,5,5,R5
14494,2011-11-14 09:21:00,3,401.46,25,1,42.735206901269244,7.360281035190386,5,2,2,R5
14495,2011-10-20 12:28:00,3,174.8,50,1,16.500335870508703,3.4250503805763053,5,1,1,M1
14496,2011-02-01 09:01:00,7,2668.23,311,1,212.5812965034105,33.03719447551157,3,4,4,F4
14497,2011-02-03 17:01:00,2,697.0600000000001,308,1,78.27374624049226,12.64106193607384,3,3,3,R3
14498,2011-10-28 12:09:00,10,3911.27,42,1,572.6150020396583,87.19225030594873,5,5,5,R5
14499,2011-11-13 13:01:00,7,2138.9700000000003,25,1,435.36481858722124,66.45472278808317,5,5,4,R5
14500,2011-09-12 16:45:00,3,356.85,87,1,16.541089561350777,3.4311634342026167,5,1,2,F1
14501,2011-06-09 12:02:00,2,251.21,183,1,27.004033212683513,4.950604981902527,4,1,1,R4
14502,2011-11-20 11:50:00,11,2470.67,19,1,667.3426050147783,101.45139075221674,5,5,4,R5
14503,2011-12-06 13:30:00,6,3543.26,2,1,393.84198256134425,60.17629738420163,5,5,5,R5
14504,2011-10-23 16:00:00,4,673.26,46,1,118.94928399712111,18.842392599568168,5,3,3,R5
14505,2011-11-22 15:45:00,19,12001.84,16,1,2050.113283032344,309.2669924548516,5,5,5,R5
14506,2011-11-22 13:02:00,7,3290.67,16,1,492.8267319144217,75.07400978716325,5,5,5,R5
14507,2011-11-16 12:21:00,11,3284.43,23,1,428.51317266876225,65.62697590031433,5,5,5,R5
14508,2011-11-17 19:48:00,5,874.94,21,1,167.8271583841554,26.224073757623312,5,4,3,R5
14509,2010-06-23 13:21:00,1,110.95,533,0,21.999516734504095,3.349927510175614,2,1,1,M1
14510,2010-11-29 12:46:00,3,1007.28,375,1,157.7962434244132,24.61943651366198,3,4,3,R3
14511,2011-11-28 17:05:00,5,1314.81,10,1,163.37993155238266,25.5569897328574,5,4,4,R5
14512,2011-06-05 12:39:00,7,1223.47,187,1,155.97139082067542,24.545708623101316,4,4,3,R4
14513,2011-08-31 11:25:00,6,788.01,100,1,48.66576804933593,8.399865207400389,5,2,3,F2
14514,2011-10-09 16:05:00,9,4598.9800000000005,60,1,628.7778305618451,95.56667458427677,5,5,5,F5
14515,2011-11-22 11:37:00,12,3749.2599999999998,17,1,364.59832151686624,56.08974822752993,5,5,5,R5
14516,2010-07-11 14:07:00,1,163.92,515,0,33.57537943924492,5.086306915886738,2,1,1,M1
14517,2011-11-06 14:20:00,2,330.45,32,1,29.463973402433602,5.319596010365039,5,1,2,R5
14518,2011-10-06 14:43:00,1,174.37,63,0,32.58168362140982,4.937252543211473,5,1,1,M1
14519,2010-01-25 11:18:00,2,206.09,683,1,41.63428203902163,7.145142305853243,1,2,1,M1
14520,2011-12-08 09:46:00,2,270.6,1,1,12.223494991222044,2.733524248683307,5,1,1,R5
14521,2010-08-05 16:35:00,1,199.45000000000002,490,0,39.58695054586749,5.988042581880123,2,2,1,R2
14522,2011-11-15 13:24:00,8,1758.6200000000001,23,1,117.55921858756206,18.833882788134307,5,3,4,R5
14523,2011-08-23 13:13:00,1,241.09,107,0,30.837548311527886,4.675632246729182,5,1,1,F1
14524,2011-11-08 12:29:00,13,2933.71,31,1,402.30225712962783,61.79533856944417,5,5,4,R5
14525,2011-11-20 11:37:00,17,8240.64,19,1,906.9076136817885,137.68614205226828,5,5,5,R5
14526,2010-11-15 13:32:00,1,262.4,388,0,65.66794839745874,9.900192259618812,3,2,1,R3
14527,2011-12-07 12:19:00,122,27792.3,2,1,2940.363213901645,447.95448208524675,5,5,5,R5
14528,2011-11-02 17:09:00,1,364.21999999999997,36,0,46.043565652572134,6.95653484788582,5,2,2,R5
14529,2011-10-10 15:27:00,3,620.04,59,1,196.1547053051354,30.373205795770307,5,4,2,R5
14530,2011-11-14 10:38:00,16,6197.4,25,1,743.4361534465907,113.11542301698859,5,5,5,R5
14531,2010-08-17 10:16:00,1,376.34,479,0,61.933318556222595,9.33999778343339,2,2,2,R2
14532,2011-04-17 13:05:00,11,3859.1800000000003,235,1,396.0709304079176,60.76063956118763,4,5,5,R4
14533,2011-11-15 12:05:00,11,3466.37,24,1,298.5846756635886,46.13770134953828,5,4,5,R5
14534,2011-12-07 12:19:00,26,6271.11,2,1,926.8950861689482,141.13426292534226,5,5,5,R5
14535,2011-10-10 15:39:00,9,6030.7300000000005,59,1,1091.0688239407903,164.91032359111853,5,5,5,F5
14536,2011-03-25 12:21:00,1,171.8,259,0,19.275718176433745,2.9413577264650614,4,1,1,F1
14537,2011-10-13 10:54:00,2,641.4,57,1,50.65496018607631,8.498244027911445,5,2,3,F2
14538,2011-10-06 10:31:00,5,1370.8400000000001,64,1,88.75572852387633,14.36335927858145,5,3,4,R5
14539,2011-11-24 09:50:00,2,537.48,15,1,78.62587909708286,12.693881864562428,5,3,2,R5
14540,2011-11-30 10:15:00,11,3795.34,9,1,420.22723306493634,64.38408495974045,5,5,5,R5
14541,2011-10-12 10:08:00,14,2499.68,58,1,293.11589036827894,45.46738355524184,5,4,4,M4
14542,2011-06-07 08:19:00,1,103.25,185,0,7.649692623711514,1.1974538935567272,4,1,1,F1
14543,2011-11-11 12:45:00,39,14906.77,28,1,475.58627765074596,74.08794164761188,5,5,5,R5
14544,2011-11-15 15:06:00,3,2982.43,23,1,410.40902062899056,62.51135309434858,5,5,4,R5
14545,2010-02-03 15:23:00,1,349.25,673,0,45.72745619837374,6.90911842975606,1,2,2,M2
14546,2011-12-04 13:00:00,11,5197.9,4,1,1036.455555099751,156.8183332649627,5,5,5,R5
14547,2011-12-06 11:06:00,8,4007.54,3,1,637.1174720323552,96.76762080485328,5,5,5,R5
14548,2011-07-12 12:19:00,9,2627.49,150,1,172.35974467011985,27.103961700517978,4,4,4,M4
14549,2011-02-01 13:47:00,4,916.5500000000001,310,1,165.42407583878742,25.813611375818112,3,4,3,M3
14550,2011-11-29 12:12:00,4,1353.31,10,1,191.3856719055305,29.707850785829574,5,4,4,R5
14551,2011-11-21 13:36:00,7,880.04,17,1,116.50329377775216,18.625494066662824,5,3,3,R5
14552,2011-07-11 12:49:00,3,511.28000000000003,151,1,146.92009133913092,22.988013700869637,4,3,2,M2
14553,2011-11-20 13:20:00,9,1841.54,18,1,378.1843395411865,57.97765093117797,5,5,4,R5
14554,2011-11-29 16:44:00,4,2381.04,9,1,356.30282101378447,54.44542315206767,5,5,4,R5
14555,2011-10-13 16:24:00,6,2315.63,56,1,220.1548275360514,34.123224130407706,5,4,4,F4
14556,2010-04-22 14:57:00,3,835.34,595,1,181.65411605465493,28.19811740819824,1,4,3,M3
14557,2011-09-15 15:48:00,1,788.38,84,0,54.74826333100495,8.262239499650743,5,2,3,F2
14558,2010-02-23 12:51:00,3,655.5,653,1,30.999964453752515,5.599994668062878,1,1,3,F1
14559,2010-11-14 16:05:00,1,75.6,389,0,7.221835825288449,1.1332753737932673,3,1,1,F1
14560,2011-12-02 15:22:00,44,6114.03,6,1,502.74759099128465,78.41213864869269,5,5,5,R5
14561,2011-09-25 12:39:00,3,1080.76,75,1,174.1224334625083,27.068365019376245,5,4,3,M3
14562,2011-12-06 11:05:00,26,6729.400000000001,3,1,899.7984825166154,137.06977237749234,5,5,5,R5
14563,2010-07-18 12:01:00,2,679.44,509,1,106.71008370854098,16.906512556281147,2,3,3,F3
14564,2010-10-01 09:02:00,2,2605.62,434,1,252.71749494357584,38.807624241536374,2,4,4,F4
14565,2011-09-05 09:07:00,5,3859.2200000000003,95,1,382.7842248885109,58.46763373327663,5,5,5,R5
14566,2011-08-21 11:05:00,4,4092.0,110,1,78.66899802218663,12.800349703327994,5,3,5,M5
14567,2011-10-14 10:21:00,2,1530.3600000000001,56,1,85.56551925023206,13.73482788753481,5,3,4,R5
14568,2010-09-30 17:15:00,1,919.7,434,0,119.3131606454189,17.946974096812834,2,3,3,M3
14569,2011-12-08 14:58:00,4,598.98,0,1,56.25464769659577,9.438197154489364,5,2,2,R5
14570,2011-03-04 10:58:00,3,613.75,280,1,94.40900298484299,15.111350447726448,3,3,2,F3
14571,2010-10-10 15:06:00,1,161.65,424,0,30.1316355074599,4.569745326118984,3,1,1,M1
14572,2011-12-06 14:40:00,11,5615.18,2,1,769.8846971824512,116.83270457736766,5,5,5,R5
14573,2011-06-13 11:15:00,13,2621.42,179,1,390.81257630557093,60.07188644583563,4,5,4,R4
14574,2009-12-07 12:42:00,1,143.70000000000002,732,0,15.605668745825355,2.390850311873803,1,1,1,F1
14575,2010-08-08 14:51:00,1,460.71,487,0,79.29726596872756,11.944589895309134,2,2,2,R2
14576,2010-12-02 17:51:00,1,70.80000000000001,371,0,5.1298987149230735,0.8194848072384611,3,1,1,F1
14577,2011-11-27 12:47:00,7,1374.25,12,1,239.0117355884685,37.00176033827027,5,4,4,R5
14578,2011-12-06 17:18:00,1,168.63,2,0,37.61999616338039,5.692999424507058,5,1,1,R5
14579,2010-10-03 14:36:00,1,105.56,431,0,28.121186837267018,4.2681780255900525,2,1,1,M1
14580,2010-07-09 15:20:00,1,14.850000000000001,517,0,1.3862943611198906,0.2579441541679836,2,1,1,F1
14581,2011-11-23 12:39:00,2,433.8,16,1,82.64830263211259,13.297245394816889,5,3,2,R5
14582,2011-10-30 11:56:00,1,114.11,40,0,13.580952103834766,2.0871428155752145,5,1,1,F1
14583,2011-12-04 12:32:00,8,1781.03,5,1,512.4771145452046,78.0715671817807,5,5,4,R5
14584,2011-06-23 18:33:00,8,1747.91,168,1,326.18691098237247,50.12803664735586,4,4,4,M4
14585,2011-10-20 14:33:00,5,1143.27,49,1,167.45486414432838,26.168229621649257,5,4,3,R5
14586,2011-03-08 10:04:00,1,237.36,276,0,58.91573867026812,8.887360800540218,4,2,1,F2
14587,2011-11-21 11:34:00,9,1601.14,18,1,386.10737626730474,59.16610644009571,5,5,4,R5
14588,2010-05-10 15:08:00,1,135.39,577,0,21.6752955354151,3.3012943303122646,1,1,1,M1
14589,2010-12-03 11:42:00,1,79.5,371,0,5.78074351579233,0.9171115273688495,3,1,1,F1
14590,2010-10-11 12:06:00,20,3006.62,424,1,277.50875947226956,43.42631392084043,3,4,5,F4
14591,2011-11-24 13:57:00,4,1447.14,14,1,271.34655805712845,41.701983708569266,5,4,4,R5
14592,2011-11-04 16:35:00,3,570.46,34,1,173.54297268942776,26.981445903414162,5,4,2,R5
14593,2011-11-18 12:48:00,12,3712.0099999999998,21,1,731.0735456813142,111.06103185219712,5,5,5,R5
14594,2011-12-02 13:28:00,2,634.83,6,1,114.81802163647413,18.122703245471122,5,3,3,R5
14595,2011-11-20 12:12:00,8,2164.45,19,1,283.715160268327,43.757274040249044,5,4,4,R5
14596,2010-03-23 12:13:00,1,229.47,626,0,46.46260889809887,7.019391334714831,1,2,1,M1
14597,2011-11-28 13:13:00,6,2201.54,10,1,193.14482147637898,30.071723221456846,5,4,4,R5
14598,2011-10-26 13:19:00,2,384.04,43,1,125.85592488454823,19.778388732682235,5,3,2,R5
14599,2010-11-14 14:49:00,2,474.54,389,1,109.59632959042247,17.33944943856337,3,3,2,F3
14600,2011-02-07 09:48:00,2,865.1700000000001,305,1,108.80516476044262,17.220774714066394,3,3,3,F3
14601,2011-11-29 09:48:00,1,213.96,10,0,20.98800852073094,3.1982012781096407,5,1,1,R5
14602,2010-02-21 15:47:00,1,205.35999999999999,655,0,35.58006578337103,5.387009867505655,1,1,1,M1
14603,2011-03-10 10:27:00,1,660.0,274,0,10.606609816118151,1.6409914724177228,4,1,3,F1
14604,2010-03-16 13:00:00,1,143.85999999999999,632,0,29.97813000507286,4.546719500760928,1,1,1,M1
14605,2010-11-30 14:07:00,4,937.16,373,1,143.47230869269563,22.520846303904346,3,3,3,M3
14606,2011-12-08 19:28:00,192,30861.06,0,1,6367.3811452716245,965.5071717907437,5,5,5,R5
14607,2011-11-24 10:35:00,22,24137.63,15,1,754.4764066186946,115.07146099280418,5,5,5,R5
14608,2011-12-05 16:52:00,11,3352.94,3,1,119.36513008495527,19.25476951274329,5,3,5,R5
14609,2011-09-28 12:54:00,10,1486.2,71,1,78.41240214736123,13.061860322104186,5,3,4,R5
14610,2010-11-09 10:58:00,2,24.35,395,1,8.18423477409482,2.127635216114223,3,1,1,F1
14611,2010-09-22 09:19:00,2,604.3299999999999,443,1,97.02779678822826,15.454169518234238,2,3,2,F3
14612,2010-10-20 16:01:00,1,877.7,414,0,32.1402530244654,4.87103795366981,3,1,3,M3
14613,2010-01-28 13:02:00,1,76.32000000000001,679,0,4.290459441148391,0.6935689161722587,1,1,1,F1
14614,2010-11-18 13:04:00,1,295.13,385,0,40.97497827653662,6.1962467414804925,3,2,1,R3
14615,2010-11-10 13:36:00,5,951.76,393,1,107.51004204021994,17.17650630603299,3,3,3,F3
14616,2011-04-11 09:54:00,5,527.78,242,1,17.372242661225847,3.655836399183877,4,1,2,F1
14617,2010-11-02 11:41:00,2,190.47000000000003,402,1,19.006801822535376,3.7510202733803064,3,1,1,M1
14618,2011-11-30 13:45:00,7,1342.32,8,1,111.19500570034006,17.82925085505101,5,3,4,R5
14619,2011-04-08 07:37:00,2,1291.24,245,1,129.69377491853456,20.354066237780184,4,3,4,F3
14620,2011-05-18 11:58:00,2,412.78000000000003,205,1,50.789642433746664,8.518446365062,4,2,2,F2
14621,2011-12-08 16:22:00,9,3000.57,0,1,369.2204887938247,56.6330733190737,5,5,5,R5
14622,2011-06-08 12:42:00,1,320.58000000000004,184,0,39.684061117438944,6.002609167615841,4,2,2,R4
14623,2011-11-07 13:56:00,10,2059.58,31,1,351.64599066638164,54.04689859995724,5,5,4,R5
14624,2011-10-13 13:44:00,6,814.07,56,1,122.65283025954808,19.497924538932214,5,3,3,F3
14625,2011-05-27 15:32:00,11,4497.88,195,1,515.5130940784079,78.67696411176118,4,5,5,R4
14626,2011-11-16 10:37:00,11,5410.92,23,1,562.2933131394113,85.6939969709117,5,5,5,R5
14627,2010-11-25 16:32:00,1,462.75,378,0,63.19802070877694,9.529703106316541,3,2,2,R3
14628,2011-09-09 14:58:00,5,1998.0,90,1,207.5248300716069,32.178724510741034,5,4,4,M4
14629,2011-12-05 16:55:00,2,959.01,3,1,164.74055822333716,25.611083733500575,5,4,3,R5
14630,2010-08-12 16:38:00,1,338.65,483,0,35.24928411183746,5.3373926167756185,2,1,2,R2
14631,2011-10-20 11:17:00,6,2025.69,50,1,230.99459934783093,35.749189902174635,5,4,4,F4
14632,2011-03-22 08:49:00,1,114.56,262,0,17.786664081356086,2.7179996122034127,4,1,1,F1
14633,2011-03-18 17:07:00,1,344.90000000000003,265,0,32.24868090804887,4.88730213620733,4,1,2,M2
14634,2010-09-28 10:40:00,4,2124.46,437,1,285.71915142530656,43.857872713795985,2,4,4,M4
14635,2010-09-12 10:47:00,1,215.22,453,0,28.834083966740334,4.37511259501105,2,1,1,M1
14636,2011-11-03 16:12:00,2,609.85,35,1,60.24674514523954,9.937011771785931,5,2,2,R5
14637,2010-01-31 15:52:00,1,106.67999999999999,676,0,18.306986992016647,2.7960480488024966,1,1,1,F1
14638,2011-10-20 10:10:00,1,443.6,50,0,36.38971275345522,5.508456913018283,5,1,2,M2
14639,2011-10-18 15:06:00,9,4978.96,51,1,568.8145270178355,86.57217905267532,5,5,5,F5
14640,2011-11-15 13:07:00,10,3667.06,23,1,417.6351070734331,63.94526606101496,5,5,5,R5
14641,2011-11-18 10:42:00,1,110.46,21,0,17.989532761231196,2.7484299141846793,5,1,1,R5
14642,2011-10-12 11:08:00,1,96.12,58,0,5.8998973535824915,0.9349846030373737,5,1,1,F1
14643,2011-06-22 14:41:00,5,1679.89,169,1,179.04111616796882,27.906167425195324,4,4,4,R4
14644,2011-10-03 08:30:00,7,2247.72,67,1,145.2533666659744,22.93800499989616,5,3,4,M4
14645,2011-07-06 09:15:00,3,876.89,156,1,112.33396914325007,17.800095371487508,4,3,3,F3
14646,2011-12-08 12:12:00,151,528602.52,1,1,14990.201195673113,2256.8801793509674,5,5,5,R5
14647,2011-05-22 13:40:00,2,519.97,200,1,66.73570988536042,10.910356482804064,4,2,2,R4
14648,2010-10-19 13:12:00,15,4546.86,415,1,719.8892525019364,109.53338787529046,3,5,5,F5
14649,2011-12-05 12:30:00,9,3775.31,4,1,655.4983803175008,99.57475704762513,5,5,5,R5
14650,2010-04-29 20:27:00,1,62.5,588,0,6.182084906716632,0.9773127360074948,1,1,1,F1
14651,2011-10-03 15:52:00,9,2034.1200000000001,66,1,346.26916254421485,53.190374381632225,5,4,4,M4
14652,2011-09-23 14:21:00,1,114.18,76,0,25.694991674455235,3.904248751168285,5,1,1,M1
14653,2011-12-08 13:45:00,12,3614.54,0,1,556.8387948250736,84.92581922376102,5,5,5,R5
14654,2009-12-01 12:57:00,1,246.86,737,0,55.64455164952676,8.396682747429015,1,2,1,F2
14655,2011-12-01 16:28:00,7,3878.51,7,1,281.9206794204061,43.43810191306091,5,4,5,R5
14656,2011-06-23 13:51:00,5,814.65,168,1,183.28549680288634,28.54282452043295,4,4,3,R4
14657,2011-11-22 12:47:00,6,1460.8700000000001,17,1,289.5287172278056,44.52930758417083,5,4,4,R5
14658,2011-12-04 15:35:00,2,247.15,4,1,26.446081890315547,4.8669122835473315,5,1,1,R5
14659,2011-12-01 12:17:00,9,2529.93,8,1,400.71634729003915,61.35745209350587,5,5,4,R5
14660,2011-09-14 11:34:00,2,285.74,86,1,53.33105613007142,8.899658419510713,5,2,1,F2
14661,2011-11-13 11:51:00,1,107.95,26,0,7.4673710669175595,1.1701056600376338,5,1,1,R5
14662,2011-11-11 12:13:00,7,1416.33,28,1,298.2416553286264,45.88624829929395,5,4,4,R5
14663,2010-10-05 13:21:00,2,490.6,429,1,102.03086786249496,16.20463017937424,3,3,2,F3
14664,2011-11-20 10:59:00,2,637.89,19,1,147.98104881836343,23.097157322754516,5,3,3,R5
14665,2011-10-10 09:14:00,7,2749.65,60,1,266.10953328070156,41.06642999210523,5,4,4,F4
14666,2011-11-15 12:57:00,1,195.25,23,0,32.836377242102714,4.975456586315406,5,1,1,R5
14667,2011-11-29 11:30:00,54,21927.14,10,1,2531.60191122369,383.2402866835535,5,5,5,R5
14668,2010-09-20 15:03:00,1,111.63,444,0,18.184641904652423,2.7776962856978633,2,1,1,F1
14669,2011-04-12 11:43:00,7,3243.93,241,1,602.3433321254286,91.50149981881427,4,5,5,F5
14670,2011-03-04 14:13:00,3,602.0,279,1,196.16963019916255,30.375444529874382,3,4,2,F4
14671,2010-06-08 13:39:00,2,1127.45,548,1,113.5443732839875,17.931655992598127,2,3,3,F3
14672,2011-04-19 10:19:00,4,1113.14,234,1,169.10954375015058,26.366431562522585,4,4,3,R4
14673,2011-12-06 14:31:00,7,3410.81,2,1,394.468261154521,60.320239173178145,5,5,5,R5
14674,2010-07-18 14:25:00,1,173.66,508,0,28.72684987285016,4.359027480927524,2,1,1,M1
14675,2011-11-23 12:58:00,2,1066.9,15,1,269.49403025645313,41.324104538467964,5,4,3,R5
14676,2011-11-08 13:29:00,12,8356.79,30,1,518.5662401227205,79.18493601840807,5,5,5,M5
14677,2010-04-26 09:48:00,1,184.91,592,0,31.213809921127233,4.732071488169084,1,1,1,M1
14678,2010-05-09 14:32:00,1,403.39,578,0,48.48186007454819,7.322279011182228,1,2,2,M2
14679,2010-11-23 11:51:00,3,1289.44,381,1,144.996819353557,22.699522903033547,3,3,4,R3
14680,2011-11-14 16:59:00,58,57412.77,24,1,3150.396431460683,476.25946471910237,5,5,5,R5
14681,2011-09-29 15:52:00,6,875.1500000000001,70,1,36.458343460566454,6.568751519084968,5,2,3,M3
14682,2011-06-05 12:12:00,6,1514.81,187,1,194.05198080649149,30.207797120973723,4,4,4,R4
14683,2010-04-30 17:18:00,1,146.56,587,0,54.23791268850963,8.185686903276444,1,2,1,M1
14684,2011-11-14 11:33:00,6,1468.55,25,1,498.9901848808078,75.94852773212116,5,5,4,R5
14685,2010-05-12 13:08:00,8,4619.79,575,1,369.01340837036304,56.55201125555445,1,5,5,M5
14686,2010-10-21 18:31:00,5,885.83,413,1,230.82040686309753,35.67306102946463,3,4,3,F4
14687,2011-08-25 11:59:00,3,1402.06,106,1,103.98158381035576,16.547237571553364,5,3,4,F3
14688,2011-12-02 12:26:00,28,7713.57,7,1,1015.3377940222902,154.50066910334354,5,5,5,R5
14689,2011-05-15 11:22:00,1,112.8,208,0,21.889686295619715,3.333452944342957,4,1,1,M1
14690,2011-10-26 15:39:00,4,794.33,43,1,136.68765599286832,21.503148398930247,5,3,3,R5
14691,2011-11-09 12:30:00,5,2114.33,30,1,161.28636392248214,25.24295458837232,5,4,4,R5
14692,2011-07-25 15:08:00,12,1745.09,136,1,245.26713127310705,38.190069690966055,4,4,4,F4
14693,2011-03-20 12:50:00,7,1165.36,264,1,118.61484089098792,18.94222613364819,4,3,3,F3
14694,2010-04-01 19:46:00,1,244.31,616,0,34.23720340858992,5.185580511288488,1,1,1,M1
14695,2010-07-08 14:18:00,3,1620.07,518,1,154.0140272326435,24.052104084896527,2,4,4,R2
14696,2011-12-05 13:43:00,8,2767.9,3,1,401.03481424707456,61.355222137061176,5,5,4,R5
14697,2011-05-05 15:39:00,2,188.60999999999999,217,1,34.48746127890972,6.073119191836457,4,2,1,M1
14698,2011-12-08 12:26:00,5,1250.76,1,1,255.67166015065212,39.400749022597815,5,4,3,R5
14699,2011-05-09 14:54:00,4,702.6,213,1,113.65797676198903,18.048696514298353,4,3,3,F3
14700,2011-11-07 14:40:00,5,3116.26,31,1,347.04358568603396,53.10653785290509,5,4,5,R5
14701,2011-11-29 12:38:00,15,4562.09,10,1,707.1648189749756,107.62472284624633,5,5,5,R5
14702,2011-12-08 19:29:00,29,6754.22,0,1,1026.9019016906882,156.28528525360323,5,5,5,R5
14703,2011-11-25 09:23:00,1,318.17,14,0,47.888096123812886,7.233214418571933,5,2,2,R5
14704,2011-11-28 12:51:00,11,1813.57,10,1,511.6550839262726,78.09826258894088,5,5,4,R5
14705,2011-05-25 12:39:00,1,179.0,198,0,4.61512051684126,0.742268077526189,4,1,1,F1
14706,2010-03-31 11:09:00,1,390.69,618,0,56.5074217323322,8.52611325984983,1,2,2,F2
14707,2010-09-30 11:37:00,2,139.2,435,1,7.783640596221253,2.067546089433188,2,1,1,F1
14708,2011-12-07 08:21:00,5,2212.2799999999997,2,1,151.63911666873318,23.795867500309978,5,4,4,R5
14709,2011-11-24 15:41:00,25,8886.33,14,1,819.2989535904385,124.94484303856576,5,5,5,R5
14710,2011-11-25 14:53:00,13,1922.59,13,1,496.2024878626602,75.88037317939903,5,5,4,R5
14711,2011-11-29 14:58:00,11,2868.8,9,1,395.7944037235924,60.719160558538846,5,5,4,R5
14712,2011-11-10 12:59:00,4,1328.0700000000002,28,1,72.97242449874055,11.945863674811083,5,2,4,R5
14713,2011-11-30 16:26:00,21,5418.87,8,1,1078.3933108358963,163.60899662538446,5,5,5,R5
14714,2011-11-15 13:07:00,4,906.24,23,1,148.56677441104534,23.285016161656802,5,3,3,R5
14715,2011-11-15 12:10:00,8,1840.45,24,1,222.50812047440533,34.576218071160795,5,4,4,R5
14716,2011-10-27 17:29:00,3,565.45,42,1,160.36130891765046,25.004196337647567,5,4,2,R5
14717,2009-12-06 13:05:00,1,81.3,732,0,13.82347872761345,2.123521809142017,1,1,1,F1
14718,2010-10-25 13:07:00,1,226.42,409,0,28.324064260876977,4.298609639131546,3,1,1,F1
14719,2011-12-08 12:43:00,5,1602.13,1,1,336.983440082886,51.59751601243289,5,4,4,R5
14720,2011-12-04 12:02:00,3,663.81,5,1,62.92612440170298,10.388918660255447,5,2,3,R5
14721,2010-11-25 13:08:00,1,115.77,378,0,26.505921890671562,4.025888283600734,3,1,1,M1
14722,2011-07-15 14:58:00,3,513.37,146,1,92.0916995667439,14.763754935011585,4,3,2,M2
14723,2011-11-29 15:23:00,11,2093.06,9,1,536.8920004474567,81.88380006711849,5,5,4,R5
14724,2010-04-28 13:26:00,1,345.25,589,0,64.23051384580558,9.684577076870836,1,2,2,F2
14725,2011-11-15 12:42:00,4,1315.24,24,1,209.98505466023767,32.497758199035644,5,4,4,R5
14726,2010-02-23 12:35:00,1,124.75,654,0,24.890533669840476,3.783580050476071,1,1,1,M1
14727,2011-03-10 14:45:00,3,467.92999999999995,273,1,86.00884680125588,13.851327020188384,4,3,2,M2
14728,2010-10-22 15:57:00,1,190.58,412,0,23.831142094325646,3.6246713141488467,3,1,1,F1
14729,2010-12-01 12:43:00,3,907.38,373,1,236.67192895998022,36.45078934399703,3,4,3,M3
14730,2011-12-08 14:39:00,8,2005.06,0,1,508.6196128718868,77.49294193078302,5,5,4,R5
14731,2011-10-23 15:54:00,3,380.02,46,1,76.10476225314208,12.365714337971314,5,3,2,R5
14732,2011-12-01 14:34:00,19,5517.07,7,1,555.8757953551969,85.13136930327954,5,5,5,R5
14733,2011-11-23 15:39:00,15,16184.97,15,1,908.6795252770704,137.85192879156057,5,5,5,R5
14734,2010-10-10 12:04:00,4,1056.42,425,1,108.9944051514368,17.349160772715518,3,3,3,F3
14735,2011-12-06 12:09:00,56,12240.16,3,1,858.4147599876882,132.36221399815324,5,5,5,R5
14736,2010-08-11 15:21:00,2,401.08,484,1,88.40924318901412,14.161386478352117,2,3,2,R2
14737,2011-12-06 10:16:00,4,3554.17,3,1,139.6919329663329,21.953789944949936,5,3,5,R5
14738,2011-10-28 08:56:00,9,1821.9,42,1,166.86016176571485,26.279024264857227,5,4,4,M4
14739,2011-12-05 16:54:00,25,12287.5,3,1,788.9918630074476,120.39877945111714,5,5,5,R5
14740,2011-05-26 18:17:00,11,4161.06,196,1,486.72574984569894,74.35886247685484,4,5,5,R4
14741,2011-11-28 08:48:00,7,1897.59,11,1,207.333979754334,32.2500969631501,5,4,4,R5
14742,2010-09-30 14:07:00,1,579.85,434,0,77.18059346825456,11.627089020238184,2,2,2,M2
14743,2010-04-26 10:26:00,1,50.48,592,0,7.96311205897929,1.2444668088468935,1,1,1,F1
14744,2011-11-23 12:51:00,14,3885.08,15,1,245.93192284753636,38.389788427130455,5,4,5,R5
14745,2011-08-19 10:05:00,12,2571.81,112,1,350.73290635739096,54.00993595360864,5,5,4,M4
14746,2010-10-29 14:44:00,4,593.5,405,1,32.29042603991785,5.8435639059876765,3,2,2,R3
14747,2011-04-04 14:09:00,1,328.2,248,0,29.080196528717078,4.412029479307561,4,1,2,F1
14748,2011-11-10 18:33:00,10,3152.32,28,1,476.73823271886556,72.81073490782983,5,5,5,R5
14749,2010-08-17 12:36:00,1,310.15,479,0,49.60093825659808,7.490140738489711,2,2,2,R2
14750,2009-12-03 17:57:00,1,112.03,735,0,27.976957480246543,4.246543622036981,1,1,1,M1
14751,2010-01-24 13:37:00,2,126.45,683,1,15.359225247779046,3.2038837871668573,1,1,1,F1
14752,2011-10-27 11:55:00,1,389.64,43,0,17.24824294323492,2.637236441485238,5,1,2,F1
14753,2011-09-13 14:50:00,2,869.51,86,1,102.2765709285262,16.241485639278928,5,3,3,F3
14754,2011-10-26 12:01:00,6,1550.48,44,1,253.4983932447067,39.124758986706,5,4,4,F4
14755,2011-11-30 11:24:00,25,9972.550000000001,9,1,997.255610472724,151.6383415709086,5,5,5,R5
14756,2011-11-24 18:13:00,3,2653.76,14,1,277.04011683817487,42.50601752572622,5,4,4,R5
14757,2011-09-25 14:36:00,1,420.5,74,0,39.05420878725131,5.908131318087697,5,2,2,M2
14758,2011-07-18 08:21:00,7,2864.97,144,1,236.7755528107318,36.666332921609765,4,4,4,F4
14759,2011-12-05 12:03:00,3,1625.97,4,1,169.5814098706742,26.38721148060113,5,4,4,R5
14760,2011-02-15 16:27:00,1,89.2,296,0,10.631156925467801,1.64467353882017,3,1,1,F1
14761,2011-10-12 12:10:00,3,447.92,58,1,51.36360857822573,8.65454128673386,5,2,2,F2
14762,2011-03-21 08:20:00,2,417.57,263,1,75.48825148123153,12.223237722184729,4,2,2,M2
14764,2011-10-24 11:54:00,1,278.3,46,0,20.32285449949937,3.0984281749249054,5,1,1,F1
14765,2011-11-10 19:53:00,3,254.11,28,1,40.84386393249383,7.076579589874075,5,2,1,R5
14766,2011-12-01 16:05:00,11,6556.13,7,1,789.9617713858786,119.84426570788177,5,5,5,R5
14767,2010-08-22 14:54:00,1,382.81,473,0,33.271568370319116,5.040735255547867,2,1,2,R2
14768,2011-11-22 12:54:00,2,192.60000000000002,16,1,11.629685755578928,2.644452863336839,5,1,1,R5
14769,2011-12-07 10:24:00,17,15771.88,2,1,2613.5019502035316,393.67529253052976,5,5,5,R5
14770,2011-04-21 14:21:00,8,3637.64,231,1,394.6243375306596,60.39365062959893,4,5,5,R4
14771,2010-03-28 12:52:00,2,594.62,620,1,121.275471215842,19.091320682376303,1,3,2,F3
14772,2011-08-19 15:04:00,1,139.26,111,0,18.836013961711846,2.8754020942567764,5,1,1,F1
14773,2010-04-26 10:29:00,1,140.55,592,0,16.065858753622766,2.4598788130434146,1,1,1,F1
14774,2010-06-29 12:26:00,1,241.45,528,0,24.286217001456286,3.6929325502184427,2,1,1,F1
14775,2011-10-12 15:27:00,3,1418.46,57,1,231.35002195231561,35.652503292847335,5,4,4,F4
14776,2011-10-19 15:34:00,15,3708.3,50,1,577.6606749122425,88.19910123683637,5,5,5,F5
14777,2010-11-01 12:50:00,1,307.56,403,0,38.33652172795475,5.800478259193212,3,2,2,R3
14778,2011-08-04 15:23:00,2,730.86,126,1,75.01562093475552,12.152343140213327,5,2,3,M3
14779,2011-03-04 12:42:00,3,386.15,280,1,40.70693901985865,7.056040852978798,3,2,2,M2
14780,2011-10-16 12:46:00,2,447.68,54,1,63.502346525083546,10.425351978762532,5,2,2,M2
14782,2011-01-24 11:12:00,1,200.10000000000002,319,0,15.172930794897098,2.3259396192345645,3,1,1,F1
14783,2010-02-18 16:16:00,1,307.3,658,0,41.3928775941488,6.25893163912232,1,2,2,F2
14784,2011-11-13 13:30:00,3,449.93,25,1,68.1009694082596,11.16514541123894,5,2,2,R5
14785,2011-11-29 13:21:00,2,77.4,9,1,9.675645480440364,2.3513468220660547,5,1,1,R5
14786,2010-06-07 13:42:00,1,90.96,549,0,19.180975344200114,2.927146301630017,2,1,1,F1
14787,2010-08-25 14:38:00,1,110.65,470,0,21.227656979769215,3.234148546965382,2,1,1,M1
14788,2011-12-02 17:06:00,3,1156.32,6,1,138.00395888168123,21.650593832252184,5,3,3,R5
14789,2011-11-11 08:59:00,1,197.64,28,0,17.62611914054793,2.6939178710821894,5,1,1,R5
14790,2011-11-23 09:28:00,10,2526.62,16,1,395.7953009634407,60.6692951445161,5,5,4,R5
14791,2010-04-12 10:24:00,1,303.63,606,0,36.38792863166172,5.508189294749258,1,1,2,F1
14792,2011-10-07 09:19:00,1,6.2,63,0,1.3862943611198906,0.2579441541679836,5,1,1,F1
14793,2011-11-18 14:50:00,2,625.9,20,1,84.91695415696574,13.637543123544862,5,3,2,R5
14794,2011-12-07 10:11:00,10,1953.9,2,1,200.63412522732497,31.395118784098745,5,4,4,R5
14795,2011-06-26 13:04:00,1,131.45000000000002,165,0,7.847762537473608,1.2271643806210413,4,1,1,F1
14796,2011-12-08 15:31:00,27,10889.64,0,1,2298.078920902361,346.86183813535416,5,5,5,R5
14797,2010-07-20 14:07:00,1,300.31,506,0,29.499793139549233,4.474968970932385,2,1,1,R2
14798,2011-10-18 10:58:00,8,724.31,52,1,122.51155956531055,19.576733934796582,5,3,3,R5
14799,2011-10-19 16:16:00,2,338.15,50,1,42.56895836328217,7.285343754492325,5,2,2,R5
14800,2011-10-23 12:46:00,17,7774.32,47,1,1308.4518896299005,197.91778344448508,5,5,5,F5
14801,2011-10-09 15:24:00,1,193.14,60,0,66.91469634946255,10.087204452419382,5,2,1,M1
14802,2010-09-27 16:34:00,2,1502.98,437,1,1.3862943611198906,1.1079441541679835,2,1,4,F1
14803,2011-06-30 13:58:00,3,845.55,161,1,75.92003087192477,12.338004630788715,4,3,3,M3
14804,2011-12-01 11:20:00,1,353.27,8,0,27.58181574387335,4.187272361581002,5,1,2,R5
14805,2011-11-24 16:20:00,7,1104.64,14,1,129.66154172977272,20.59923125946591,5,3,3,R5
14806,2011-09-25 15:32:00,2,303.43,74,1,52.483920429624796,8.772588064443719,5,2,2,F2
14807,2010-11-14 12:47:00,2,519.29,390,1,66.26313461017395,10.839470191526093,3,2,2,R3
14808,2011-10-31 12:21:00,8,2741.17,39,1,406.25580178477014,62.138370267715516,5,5,4,R5
14809,2010-03-28 15:44:00,2,686.76,620,1,42.77757170307809,7.3166357554617125,1,2,3,F2
14810,2011-10-30 11:19:00,13,2537.02,40,1,467.0263778213212,71.50395667319818,5,5,4,R5
14811,2010-11-17 13:09:00,1,170.5,386,0,32.84276737509952,4.976415106264928,3,1,1,M1
14812,2010-04-20 12:13:00,1,185.8,598,0,53.198827047416344,8.029824057112451,1,2,1,M1
14813,2010-12-05 11:57:00,4,1090.87,369,1,199.24684309614088,30.88702646442113,3,4,3,R3
14814,2010-05-07 14:10:00,1,160.46,580,0,35.140898117744186,5.321134717661628,1,1,1,M1
14815,2011-11-03 11:36:00,2,778.5,36,1,133.34025916746575,20.901038875119863,5,3,3,R5
14816,2011-05-26 13:16:00,1,271.85,196,0,3.1780538303479458,0.5267080745521918,4,1,1,F1
14817,2011-05-23 13:35:00,7,3959.86,199,1,512.6187411251448,78.0428111687717,4,5,5,R4
14818,2011-09-27 11:01:00,6,1170.41,73,1,148.80630635339196,23.420945953008793,5,3,3,R5
14819,2011-10-06 13:41:00,4,470.16,63,1,61.49296123109512,10.223944184664267,5,2,2,M2
14820,2011-11-18 15:41:00,9,1274.76,20,1,145.29397646818924,23.044096470228386,5,3,4,R5
14821,2010-12-08 08:43:00,7,1286.45,366,1,130.16244777114508,20.674367165671764,3,3,4,R3
14822,2010-08-11 12:52:00,1,157.70000000000002,484,0,20.08217846942352,3.0623267704135277,2,1,1,F1
14823,2011-06-12 13:12:00,3,321.43,179,1,53.66114348894737,8.999171523342106,4,2,2,F2
14824,2011-11-29 14:20:00,10,4022.9100000000003,9,1,383.43594579923433,58.81539186988515,5,5,5,R5
14825,2011-12-06 11:38:00,24,4925.08,3,1,624.9368695661751,95.74053043492627,5,5,5,R5
14826,2010-05-07 09:00:00,2,385.2,581,1,26.8527676402848,4.927915146042719,1,1,2,M2
14828,2011-05-27 10:16:00,13,9839.460000000001,196,1,425.2247956546859,65.23371934820288,4,5,5,M5
14829,2011-11-10 16:16:00,7,1692.84,28,1,249.95876453833344,38.64381468075001,5,4,4,R5
14830,2011-10-17 14:29:00,1,197.13,52,0,55.3670126385386,8.35505189578079,5,2,1,F2
14831,2010-01-28 14:31:00,3,1676.57,679,1,183.84288541755436,28.526432812633153,1,4,4,M4
14832,2010-03-19 15:14:00,1,322.69,629,0,0.6931471805599453,0.1539720770839918,1,1,2,F1
14833,2010-07-29 10:06:00,1,94.8,498,0,15.14201643198465,2.3213024647976974,2,1,1,F1
14834,2011-11-22 10:30:00,7,2206.16,17,1,187.73279683919765,29.30991952587965,5,4,4,R5
14835,2010-06-29 10:08:00,2,297.0,528,1,8.981807323377534,2.24727109850663,2,1,1,F1
14836,2011-11-29 16:45:00,3,102.44999999999999,9,1,11.78919263460671,2.718378895191006,5,1,1,R5
14837,2011-09-11 10:58:00,9,3460.32,89,1,541.694627146794,82.5041940720191,5,5,5,F5
14838,2010-10-12 15:46:00,2,773.6700000000001,422,1,111.10945036669216,17.566417555003824,3,3,3,F3
14839,2010-10-17 13:01:00,3,915.28,417,1,159.30316811380814,24.84547521707122,3,4,3,M3
14840,2011-03-17 12:00:00,2,362.71,267,1,46.17940451844512,7.826910677766767,4,2,2,F2
14841,2011-10-17 15:03:00,14,7163.0,52,1,718.1859842608344,109.22789763912516,5,5,5,F5
14842,2011-10-27 12:37:00,4,2824.69,43,1,294.6338843265332,45.19508264897998,5,4,4,R5
14843,2010-09-29 12:39:00,1,211.79999999999998,436,0,24.39239715196716,3.7088595727950735,2,1,1,F1
14844,2011-10-07 10:41:00,10,6702.43,63,1,659.4642600319801,100.219639004797,5,5,5,F5
14845,2010-04-19 10:19:00,1,150.0,599,0,6.398594934535208,1.009789240180281,1,1,1,F1
14846,2010-10-08 17:07:00,1,437.4,426,0,32.21525846134169,4.882288769201253,3,1,2,M2
14847,2011-07-14 10:52:00,3,1348.95,148,1,123.28158580575074,19.44223787086261,4,3,4,F3
14848,2010-10-31 12:22:00,1,310.56,404,0,33.38242077195376,5.057363115793064,3,1,2,R3
14849,2011-11-18 10:58:00,43,15763.45,21,1,1930.4190007363588,292.5128501104538,5,5,5,R5
14850,2011-02-01 11:21:00,7,1794.01,311,1,330.51610086580683,50.72741512987102,3,4,4,M4
14851,2011-11-16 14:20:00,3,829.4100000000001,22,1,105.41643815296581,16.76246572294487,5,3,3,R5
14852,2011-10-12 13:20:00,18,6147.18,57,1,767.2905017742943,116.79357526614415,5,5,5,F5
14853,2011-11-15 16:56:00,5,1376.87,23,1,68.51514689450032,11.327272034175047,5,2,4,R5
14854,2011-09-22 17:00:00,11,4322.86,77,1,532.1928769794182,81.17893154691272,5,5,5,F5
14855,2011-08-12 14:02:00,7,6520.3,118,1,516.2327298755627,78.58490948133439,5,5,5,M5
14856,2011-11-03 14:53:00,3,1311.3799999999999,35,1,150.9266586365571,23.588998795483565,5,3,4,R5
14857,2011-10-11 09:23:00,7,3651.851,59,1,457.95304847726084,69.84295727158911,5,5,5,R5
14858,2010-07-22 10:51:00,1,180.75,505,0,25.431451341369808,3.8647177012054708,2,1,1,M1
14859,2011-11-27 11:18:00,5,1705.64,12,1,159.2648276282373,24.939724144235594,5,4,4,R5
14860,2011-11-20 14:17:00,1,170.32,18,0,32.070535611047795,4.860580341657169,5,1,1,R5
14861,2011-10-18 12:54:00,10,1380.73,51,1,199.47718414610068,31.221577621915102,5,4,4,R5
14862,2011-11-14 10:01:00,2,841.1999999999999,25,1,122.87815877611975,19.331723816417963,5,3,3,R5
14863,2011-11-10 15:04:00,1,266.76,28,0,28.214442932076903,4.282166439811535,5,1,1,R5
14865,2011-12-02 16:25:00,4,129.72,6,1,31.007733849376844,5.6511600774065265,5,1,1,R5
14866,2011-11-29 11:45:00,19,20850.22,10,1,487.64494894753017,74.89674234212953,5,5,5,R5
14867,2011-06-07 11:39:00,16,2952.06,185,1,256.1260382545203,40.01890573817804,4,4,4,R4
14868,2011-12-06 14:49:00,12,4184.01,2,1,487.78638415280614,74.56795762292091,5,5,5,R5
14869,2011-12-01 12:36:00,6,2804.24,8,1,482.79046799498127,73.51857019924718,5,5,4,R5
14870,2011-03-23 10:51:00,6,1838.95,261,1,128.11792909839608,20.317689364759413,4,3,4,M4
14871,2011-12-06 13:42:00,9,1258.97,2,1,211.34952342820375,32.95242851423056,5,4,3,R5
14872,2010-08-13 12:34:00,3,816.6,483,1,111.80765842666153,17.721148763999228,2,3,3,R2
14873,2011-05-13 13:52:00,2,854.13,209,1,89.48424644212359,14.322636966318539,4,3,3,R4
14874,2010-06-22 14:58:00,1,116.18,534,0,17.903059163227372,2.7354588744841055,2,1,1,F1
14875,2011-08-24 12:20:00,3,2862.4,107,1,215.40493666941256,33.26074050041188,5,4,4,F4
14876,2010-07-06 14:57:00,2,256.7,520,1,31.62670641666214,5.64400596249932,2,1,1,R2
14877,2010-10-17 13:09:00,2,437.0,417,1,75.74497781913679,12.261746672870519,3,2,2,M2
14878,2011-11-27 11:15:00,25,4105.24,12,1,590.6140415202032,90.64210622803047,5,5,5,R5
14879,2010-01-24 11:35:00,1,185.06,684,0,35.894777097634766,5.434216564645214,1,1,1,M1
14880,2011-09-23 13:42:00,3,706.19,76,1,93.50655445466045,14.975983168199068,5,3,3,F3
14881,2011-11-20 11:06:00,1,255.4,19,0,46.712575915162134,7.05688638727432,5,2,1,R5
14882,2011-11-13 12:47:00,14,3628.15,26,1,176.32910829495907,27.94936624424386,5,4,5,R5
14883,2011-11-21 10:23:00,6,761.59,18,1,140.77191729303354,22.21578759395503,5,3,3,R5
14884,2010-02-08 12:56:00,1,120.6,668,0,18.07615717214382,2.761423575821573,1,1,1,F1
14885,2011-07-31 12:05:00,3,1598.12,131,1,112.11541462055813,17.76731219308372,5,3,4,F3
14886,2011-04-01 08:56:00,1,364.8,252,0,39.009298088939815,5.901394713340972,4,2,2,M2
14887,2011-09-21 15:32:00,1,1862.0,78,0,31.131645057136637,4.719746758570495,5,1,4,M4
14888,2011-05-16 14:58:00,1,369.2,206,0,46.032088006578455,6.954813200986768,4,2,2,R4
14889,2011-01-07 15:19:00,1,135.9,335,0,21.554213559331586,3.283132033899738,3,1,1,M1
14890,2011-03-31 11:57:00,3,817.25,253,1,132.69024963005543,20.853537444508312,4,3,3,M3
14891,2011-07-14 18:08:00,4,1106.73,147,1,151.31316607706222,23.696974911559334,4,4,3,M3
14892,2010-01-18 08:58:00,1,202.35000000000002,690,0,24.174921750278646,3.6762382625417964,1,1,1,F1
14893,2011-11-30 12:31:00,3,1809.6100000000001,9,1,229.88102091128286,35.43215313669242,5,4,4,R5
14894,2011-09-15 13:51:00,3,1492.81,84,1,114.92581632623222,18.18887244893483,5,3,4,F3
14895,2011-12-02 09:23:00,38,25119.54,7,1,2013.384181267055,304.70762719005825,5,5,5,R5
14896,2011-05-19 10:20:00,8,2092.42,204,1,394.0757641695962,60.311364625439424,4,5,4,R4
14897,2011-12-02 10:32:00,8,3140.54,7,1,272.920373775635,42.13805606634525,5,4,5,R5
14898,2011-11-16 14:54:00,14,3507.81,22,1,486.491906827864,74.4737860241796,5,5,5,R5
14899,2010-11-09 15:20:00,1,1384.88,394,0,195.55296559148726,29.382944838723088,3,4,4,R3
14900,2010-07-05 15:09:00,1,13.919999999999998,521,0,3.8918202981106265,0.633773044716594,2,1,1,F1
14901,2011-11-28 17:09:00,12,2289.65,10,1,289.5006398919287,44.8250959837893,5,4,4,R5
14902,2011-11-14 10:34:00,3,1035.6200000000001,25,1,137.9065602818938,21.63598404228407,5,3,3,R5
14903,2011-11-18 16:07:00,5,2810.63,20,1,516.7757320294295,78.56635980441442,5,5,4,R5
14904,2011-12-07 12:55:00,4,1640.64,1,1,332.170711799706,50.8256067699559,5,4,4,R5
14905,2011-07-05 12:41:00,8,1971.39,157,1,186.66505007616422,29.199757511424632,4,4,4,M4
14906,2010-09-20 16:30:00,1,68.44,444,0,0.6931471805599453,0.1539720770839918,2,1,1,F1
14907,2011-12-06 14:14:00,16,6165.79,2,1,631.5452608953838,96.33178913430756,5,5,5,R5
14908,2011-09-26 12:56:00,2,381.9,73,1,33.49637650795193,5.9244564761927885,5,2,2,M2
14909,2010-09-28 16:56:00,3,1404.68,436,1,185.56910004653986,28.785365006980978,2,4,4,F4
14910,2011-12-07 10:06:00,4,434.35,2,1,61.618636855767065,10.24279552836506,5,2,2,R5
14911,2011-12-08 15:54:00,398,295972.63,0,1,25698.142730648,3875.4214095972,5,5,5,R5
14912,2011-11-23 09:20:00,6,1889.25,16,1,180.0455906602998,28.106838599044973,5,4,4,R5
14913,2011-11-04 08:29:00,8,4073.13,35,1,648.6552165701212,98.49828248551817,5,5,5,F5
14915,2011-09-09 13:34:00,11,1811.25,90,1,182.73142433349477,28.759713650024217,5,4,4,M4
14916,2011-09-30 09:20:00,8,3042.95,70,1,356.74057425632446,54.711086138448664,5,5,5,R5
14917,2010-04-22 11:28:00,2,1123.75,596,1,86.76446318577278,13.914669477865917,1,3,3,M3
14918,2011-08-16 11:50:00,9,5955.81,115,1,373.2346782692958,57.235201740394366,5,5,5,M5
14919,2010-06-18 13:06:00,1,359.35,538,0,29.152191924641755,4.422828788696263,2,1,2,F1
14920,2011-05-11 10:32:00,3,1607.17,212,1,200.03809067851446,30.955713601777166,4,4,4,R4
14921,2011-11-09 13:17:00,2,1316.07,29,1,188.27072715277473,29.14060907291621,5,4,4,R5
14922,2010-11-11 11:14:00,2,843.74,393,1,97.28796884946583,15.493195327419874,3,3,3,R3
14923,2011-10-20 11:51:00,1,749.1,50,0,91.64736540697331,13.797104811045996,5,3,3,R5
14924,2011-04-08 09:25:00,3,931.01,245,1,65.91772392211618,10.837658588317428,4,2,3,M3
14926,2010-11-23 07:13:00,2,359.4,381,1,11.714371314468302,2.6571556971702455,3,1,2,F1
14927,2010-11-08 12:30:00,1,308.2,396,0,44.67607714045447,6.75141157106817,3,2,2,R3
14928,2010-03-22 09:14:00,1,223.91000000000003,627,0,51.763837689470584,7.8145756534205875,1,2,1,F2
14929,2011-11-07 17:21:00,2,836.69,31,1,87.70694910878505,14.056042366317758,5,3,3,R5
14930,2011-08-23 10:31:00,6,5246.63,108,1,550.7886828750654,83.7183024312598,5,5,5,M5
14931,2011-12-05 10:19:00,5,1257.68,4,1,91.56265405000715,14.784398107501074,5,3,3,R5
14932,2010-12-09 11:48:00,2,1029.66,365,1,83.2255023039067,13.383825345586004,3,3,3,R3
14933,2010-09-22 10:47:00,4,1770.0,443,1,19.552471815272654,3.932870772290898,2,1,4,M4
14934,2011-09-19 10:10:00,5,3503.5,81,1,415.7487242270462,63.41230863405692,5,5,5,R5
14935,2011-02-15 14:44:00,2,2849.83,296,1,107.83185042367231,17.074777563550846,3,3,4,F3
14936,2011-11-06 10:30:00,12,12410.81,33,1,1195.370187354988,180.7055281032482,5,5,5,F5
14937,2011-10-14 12:29:00,3,1621.88,56,1,89.85597869138044,14.428396803707066,5,3,4,R5
14938,2010-05-26 13:38:00,2,2322.43,561,1,183.23444114221104,28.385166171331658,2,4,4,M4
14940,2010-10-18 10:47:00,2,531.49,417,1,79.23515453647359,12.785273180471037,3,3,2,M2
14941,2010-05-10 11:30:00,1,182.1,578,0,16.410046872610806,2.5115070308916208,1,1,1,F1
14942,2010-11-03 10:51:00,4,746.56,401,1,50.7456183925061,8.611842758875916,3,2,3,F2
14943,2010-02-14 16:04:00,1,107.62,662,0,11.150735340343386,1.722610301051508,1,1,1,F1
14944,2011-11-10 09:10:00,19,9784.67,29,1,785.2577458742547,119.53866188113821,5,5,5,R5
14945,2010-10-22 11:26:00,1,179.4,413,0,28.353991968078667,4.3030987952118,3,1,1,M1
14946,2011-11-25 13:33:00,1,100.9,13,0,6.340359303727753,1.0010538955591628,5,1,1,R5
14947,2011-09-28 15:48:00,6,1049.79,71,1,103.27260119633142,16.590890179449712,5,3,3,F3
14948,2011-11-16 17:16:00,6,1101.97,22,1,142.40194740845223,22.460292111267837,5,3,3,R5
14949,2010-08-27 15:38:00,4,515.0,468,1,59.499994164213454,9.924999124632018,2,2,2,F2
14950,2011-11-20 13:48:00,1,371.2,18,0,34.121423616000044,5.168213542400006,5,1,2,R5
14951,2011-09-21 15:15:00,1,311.69,78,0,52.79150955532629,7.968726433298944,5,2,2,F2
14952,2011-10-11 10:33:00,32,17629.35,59,1,864.8983400206414,132.1347510030962,5,5,5,F5
14953,2011-11-14 14:59:00,4,1013.77,24,1,298.5643687098326,45.78465530647489,5,4,3,R5
14954,2011-11-27 14:30:00,2,503.44,11,1,107.37886070747206,17.00682910612081,5,3,2,R5
14955,2009-12-07 11:35:00,1,163.77,732,0,31.338534068734077,4.750780110310111,1,1,1,M1
14956,2010-10-14 16:40:00,1,1325.0,420,0,25.757401484400393,3.9136102226600586,3,1,4,F1
14957,2011-03-31 17:59:00,2,333.29,252,1,39.4018158797921,6.810272381968815,4,2,2,R4
14958,2011-07-15 14:20:00,6,957.9399999999999,146,1,96.5147156004663,15.577207340069947,4,3,3,M3
14959,2011-10-06 18:23:00,4,695.42,63,1,124.71502308106575,19.707253462159862,5,3,3,F3
14960,2011-12-01 12:54:00,2,221.27,7,1,47.93768212301947,8.09065231845292,5,2,1,R5
14961,2011-11-29 09:42:00,22,16410.15,10,1,1590.4010188285226,240.4601528242784,5,5,5,R5
14962,2011-03-14 09:42:00,4,366.91,270,1,26.659056497288066,4.998858474593209,4,1,2,M2
14963,2011-11-30 12:16:00,12,3164.48,9,1,645.1358095774054,98.17037143661081,5,5,5,R5
14964,2011-04-06 14:13:00,1,206.21,246,0,20.95868471322899,3.193802706984348,4,1,1,F1
14965,2011-09-04 13:20:00,2,599.0,95,1,120.00778469281741,18.901167703922614,5,3,2,F3
14966,2011-11-25 12:20:00,6,1115.8400000000001,14,1,222.36242217788856,34.45436332668328,5,4,3,R5
14967,2011-10-21 11:06:00,6,1982.6100000000001,49,1,80.63866894140128,13.195800341210193,5,3,4,M4
14968,2011-11-09 13:58:00,2,504.99,29,1,99.71541363215373,15.85731204482306,5,3,2,R5
14969,2010-01-05 12:43:00,1,906.23,703,0,47.38339000453993,7.15750850068099,1,2,3,M3
14970,2011-10-02 13:44:00,12,4919.35,67,1,237.26980132789987,36.990470199184976,5,4,5,F4
14971,2011-11-04 17:07:00,3,1116.57,34,1,204.92181212634722,31.68827181895208,5,4,3,R5
14972,2011-08-03 14:54:00,2,145.07,127,1,20.18755455795852,3.9281331836937783,5,1,1,M1
14973,2011-08-24 15:51:00,3,1314.45,106,1,73.60055925130368,11.990083887695553,5,2,4,M3
14974,2011-11-02 13:01:00,1,114.39,36,0,21.037036620160563,3.205555493024084,5,1,1,M1
14975,2011-10-13 14:08:00,2,472.39,56,1,62.25454408989353,10.238181613484029,5,2,2,M2
14976,2011-10-13 16:37:00,7,790.86,56,1,91.51854989828655,14.877782484742983,5,3,3,R5
14977,2009-12-14 10:37:00,1,31.929999999999996,725,0,5.455321115357702,0.8682981673036553,1,1,1,F1
14978,2011-09-28 13:07:00,10,3142.14,71,1,328.3642921756992,50.55464382635487,5,4,5,R5
14979,2009-12-04 12:54:00,1,439.46,734,0,69.11604364398212,10.417406546597318,1,2,2,M2
14980,2009-12-02 14:09:00,1,150.68,736,0,26.973948979936388,4.096092346990458,1,1,1,M1
14981,2011-04-07 13:45:00,2,372.92,245,1,53.23521974342117,8.885282961513175,4,2,2,F2
14982,2010-05-16 15:52:00,1,237.78,571,0,52.00694612992345,7.851041919488517,2,2,1,F2
14983,2010-01-19 17:32:00,1,183.20000000000002,688,0,34.315042251311176,5.197256337696676,1,1,1,M1
14984,2011-11-20 14:28:00,6,1271.41,18,1,71.88215998851489,11.882323998277235,5,2,3,R5
14985,2011-05-25 14:29:00,2,296.75,197,1,91.04781217776502,14.557171826664753,4,3,1,R4
14986,2010-11-28 15:25:00,2,566.9,375,1,132.65259979122538,20.79788996868381,3,3,2,R3
14987,2011-11-24 09:59:00,8,1713.85,15,1,56.14443625353199,9.6216654380298,5,2,4,R5
14988,2011-05-12 12:05:00,7,2066.6,211,1,362.7875046455488,55.56812569683231,4,5,4,M4
14989,2010-02-16 10:40:00,1,342.4,661,0,41.94087880743324,6.3411318211149865,1,2,2,M2
14990,2010-04-06 13:54:00,2,305.42,611,1,48.26599366793438,8.139899050190158,1,2,2,F2
14991,2010-10-05 13:01:00,1,314.67,429,0,37.364086249928945,5.6546129374893415,3,1,2,M2
14992,2010-09-23 17:48:00,1,210.5,441,0,44.41052657998953,6.711578986998429,2,2,1,M1
14993,2010-05-25 12:47:00,1,36.13,563,0,10.868339851024714,1.6802509776537071,2,1,1,F1
14994,2010-11-22 12:59:00,5,960.63,381,1,290.67411340327584,44.65111701049137,3,4,3,R3
14995,2011-11-01 11:39:00,2,233.23000000000002,38,1,56.52001853290725,9.378002779936088,5,2,1,R5
14996,2010-08-15 13:44:00,2,442.28999999999996,480,1,80.4931599963312,12.97397399944968,2,3,2,M2
14997,2011-10-24 13:28:00,4,776.5999999999999,45,1,131.82224313857924,20.773336470786884,5,3,3,R5
14998,2011-06-22 17:30:00,4,770.73,169,1,138.25302034774748,21.737953052162123,4,3,3,R4
14999,2010-04-26 10:47:00,1,129.48000000000002,592,0,19.44993509450481,2.967490264175721,1,1,1,F1
15000,2011-10-23 11:42:00,1,490.52,47,0,93.40091918044394,14.060137877066591,5,3,2,R5
15001,2010-11-10 13:51:00,2,230.85999999999999,393,1,44.953416400655826,7.643012460098373,3,2,1,R3
15002,2011-08-16 10:44:00,9,4817.28,115,1,663.0060427220955,100.70090640831431,5,5,5,F5
15003,2010-08-23 15:44:00,6,1060.7,472,1,298.80381664090356,45.92057249613553,2,4,3,R2
15004,2011-07-15 14:05:00,1,1246.32,146,0,208.9109447073674,31.38664170610511,4,4,3,F4
15005,2011-11-24 12:25:00,56,14106.2,15,1,3276.2766326199444,495.04149489299164,5,5,5,R5
15006,2011-10-19 15:08:00,2,825.14,50,1,199.3157195525118,30.79735793287677,5,4,3,R5
15007,2011-07-03 16:00:00,1,156.91,158,0,20.291400254982715,3.093710038247407,4,1,1,F1
15008,2010-08-16 13:09:00,2,360.0,479,1,55.286231109644994,9.19293466644675,2,2,2,R2
15009,2011-11-27 13:35:00,3,1261.78,11,1,245.68018387857447,37.80202758178616,5,4,3,R5
15010,2011-11-04 12:42:00,1,308.94,35,0,42.820680998939984,6.473102149840997,5,2,2,R5
15011,2010-11-09 11:10:00,2,416.6,395,1,48.27734039768261,8.141601059652391,3,2,2,M2
15012,2011-10-17 12:22:00,3,860.62,53,1,226.36623252627723,34.90493487894158,5,4,3,F4
15013,2010-08-09 12:05:00,10,1641.3,487,1,479.0671422671944,73.16007134007916,2,5,4,R2
15014,2011-10-27 20:07:00,2,260.17,42,1,44.71061059305234,7.6065915889578495,5,2,1,R5
15015,2010-07-26 13:50:00,13,2365.02,500,1,491.2193970492182,75.13290955738273,2,5,4,R2
15016,2011-06-20 12:06:00,5,630.3,172,1,113.62234118538206,18.093351177807307,4,3,2,F3
15017,2011-11-06 10:33:00,1,125.58,33,0,24.829194423728,3.7743791635591997,5,1,1,M1
15018,2011-11-01 12:47:00,3,607.46,38,1,61.57264027528289,10.185896041292434,5,2,2,R5
15019,2011-03-18 12:35:00,1,266.0,266,0,72.81299430335626,10.971949145503439,4,2,1,F2
15020,2010-11-25 13:29:00,1,203.42,378,0,37.763425443877374,5.714513816581606,3,2,1,R3
15021,2011-12-01 11:53:00,12,2783.83,8,1,647.7690341611053,98.56535512416579,5,5,4,R5
15022,2011-11-28 12:35:00,5,1186.09,11,1,203.9075089133718,31.63612633700577,5,4,3,R5
15023,2011-12-06 17:23:00,20,12170.68,2,1,1536.539049750325,232.28085746254874,5,5,5,R5
15024,2011-11-30 12:06:00,16,4075.51,9,1,630.8214905215177,96.22322357822765,5,5,5,R5
15025,2011-11-06 15:20:00,2,1013.09,32,1,183.73594203113183,28.460391304669777,5,4,3,R5
15026,2011-09-20 13:52:00,5,1061.61,79,1,216.4519896263135,33.51779844394702,5,4,3,F4
15027,2011-11-09 10:16:00,10,3195.6,30,1,234.6112758804865,36.49169138207297,5,4,5,R5
15028,2011-12-01 14:06:00,6,1157.71,7,1,188.65040881373008,29.397561322059513,5,4,3,R5
15029,2010-03-30 12:16:00,1,365.1,619,0,28.127009575617638,4.269051436342646,1,1,2,F1
15030,2011-09-29 10:50:00,8,1979.91,71,1,101.13047679753014,16.36957151962952,5,3,4,M4
15031,2011-12-05 14:19:00,14,3156.58,3,1,525.335787852098,80.30036817781469,5,5,5,R5
15032,2011-03-28 15:03:00,8,13780.65,255,1,407.89495863452265,62.38424379517839,4,5,5,M5
15033,2011-12-05 12:40:00,10,2586.67,4,1,648.9598911706805,98.64398367560207,5,5,4,R5
15034,2011-11-24 12:11:00,14,8313.4,15,1,1200.071825354585,181.51077380318773,5,5,5,R5
15035,2011-09-11 11:08:00,1,252.73000000000002,89,0,42.99466367148748,6.499199550723121,5,2,1,M1
15036,2011-09-28 15:42:00,3,465.55,71,1,126.73741201480091,19.960611802220136,5,3,2,M2
15037,2010-11-28 13:05:00,2,402.51,375,1,72.40354734757102,11.760532102135652,3,2,2,R3
15038,2011-10-12 11:33:00,9,1309.86,58,1,239.71712368198607,37.20756855229791,5,4,4,F4
15039,2011-11-30 11:31:00,93,40031.43,9,1,4298.282757486155,650.1924136229231,5,5,5,R5
15040,2010-06-16 11:40:00,1,7.49,541,0,0.6931471805599453,0.1539720770839918,2,1,1,F1
15041,2011-06-22 16:16:00,2,294.02,169,1,97.50540892421724,15.525811338632584,4,3,1,F3
15042,2011-05-24 16:25:00,2,315.45,198,1,24.57355334589027,4.586033001883541,4,1,2,R4
15043,2011-11-08 14:26:00,6,2873.7999999999997,30,1,111.94722369677433,17.89208355451615,5,3,4,R5
15044,2011-11-20 13:20:00,35,16204.33,18,1,1521.7448175828956,230.81172263743434,5,5,5,R5
15045,2011-07-11 11:33:00,2,735.66,151,1,27.240066450151296,4.986009967522694,4,1,3,R4
15046,2011-11-30 15:50:00,25,7812.389999999999,8,1,739.8869611645233,113.0330441746785,5,5,5,R5
15047,2011-03-15 10:49:00,1,343.62,269,0,48.79884720309441,7.3698270804641615,4,2,2,F2
15048,2011-10-05 14:55:00,4,482.75,64,1,106.65866778523629,16.998800167785443,5,3,2,F3
15049,2011-03-11 12:13:00,1,121.17000000000002,273,0,7.629489916393995,1.1944234874590993,4,1,1,F1
15050,2011-11-14 16:17:00,5,4193.79,24,1,380.66958099103874,58.150437148655804,5,5,5,R5
15051,2011-11-16 15:38:00,9,3935.16,22,1,561.8219854424206,85.52329781636308,5,5,5,R5
15052,2011-01-24 15:52:00,1,215.78,318,0,34.30416920870621,5.195625381305931,3,1,1,M1
15053,2011-12-05 12:08:00,3,697.79,4,1,136.08464831383623,21.36269724707543,5,3,3,R5
15054,2011-11-27 15:02:00,2,302.1,11,1,103.90428040892571,16.485642061338854,5,3,2,R5
15055,2010-08-22 11:06:00,3,560.07,474,1,91.01327341251563,14.601991011877345,2,3,2,R2
15056,2010-07-07 15:58:00,1,133.45,519,0,16.17121926928059,2.4756828903920884,2,1,1,F1
15057,2011-03-09 15:17:00,5,3255.96,274,1,197.78078995271366,30.717118492907048,4,4,5,F4
15058,2011-11-14 14:57:00,16,3410.03,24,1,480.7528153383765,73.71292230075646,5,5,5,R5
15059,2011-10-30 11:35:00,19,3523.57,40,1,661.4632595780835,100.96948893671252,5,5,5,F5
15060,2011-12-01 13:47:00,4,303.09,7,1,117.44943735806399,18.6174156037096,5,3,2,R5
15061,2011-12-06 12:06:00,127,137818.52,3,1,3957.1739036233744,600.7260855435061,5,5,5,R5
15062,2011-09-29 16:51:00,8,2585.62,70,1,355.6792738856272,54.55189108284407,5,5,4,M4
15063,2011-05-10 13:25:00,1,370.79999999999995,212,0,10.814263103722173,1.672139465558326,4,1,2,F1
15064,2010-10-25 14:32:00,4,1254.41,409,1,175.37172986533722,27.30575947980058,3,4,3,R3
15065,2011-11-02 09:45:00,5,3326.86,37,1,336.74062244890837,51.56109336733625,5,4,5,R5
15066,2011-10-17 13:25:00,1,893.59,52,0,81.97335111368376,12.346002667052565,5,3,3,M3
15067,2011-09-22 13:20:00,5,3877.88,77,1,407.89286052432317,62.23392907864847,5,5,5,R5
15068,2011-10-24 14:47:00,4,1176.85,45,1,292.5774272356165,44.88661408534247,5,4,3,R5
15069,2011-06-13 14:16:00,1,1109.53,178,0,127.9901197293759,19.248517959406385,4,3,3,F3
15070,2010-12-02 11:23:00,3,843.25,372,1,74.04129661752444,12.056194492628666,3,2,3,R3
15071,2011-09-07 11:43:00,4,1455.56,93,1,103.05508630016978,16.458262945025464,5,3,4,F3
15072,2010-08-17 15:46:00,1,187.51999999999998,478,0,33.22661550549205,5.033992325823807,2,1,1,M1
15073,2011-11-30 10:44:00,8,2788.02,9,1,331.63780298373126,50.945670447559685,5,4,4,R5
15074,2011-08-26 14:45:00,3,1566.33,104,1,183.92844505579723,28.539266758369582,5,4,4,F4
15075,2011-09-23 12:27:00,1,773.03,77,0,67.60191109279978,10.190286663919968,5,2,3,F2
15076,2011-06-20 08:23:00,3,1447.74,172,1,180.77608500621952,28.066412750932926,4,4,4,R4
15077,2010-08-02 11:13:00,2,2428.08,494,1,82.09568476080197,13.214352714120295,2,3,4,R2
15078,2011-12-02 15:41:00,53,17761.88,6,1,1879.2802688943825,285.34204033415733,5,5,5,R5
15079,2011-05-11 12:45:00,11,3767.35,212,1,308.21548666871644,47.58232300030746,4,4,5,R4
15080,2010-10-08 11:52:00,2,546.25,427,1,69.42664753057676,11.313997129586514,3,2,2,M2
15081,2011-11-17 17:08:00,12,1965.72,21,1,209.97319319911125,32.89597897986668,5,4,4,R5
15082,2010-02-09 10:23:00,1,93.35000000000001,668,0,12.48412096201367,1.9226181443020505,1,1,1,F1
15083,2011-03-28 12:18:00,1,88.2,256,0,8.294049640102028,1.2941074460153041,4,1,1,F1
15084,2010-11-25 11:58:00,2,965.2,379,1,69.29312924139117,11.293969386208676,3,2,3,R3
15085,2009-12-10 11:47:00,1,347.54,729,0,26.293936473809794,3.994090471071469,1,1,2,F1
15086,2010-05-24 12:27:00,2,218.53,564,1,24.10674851364474,4.516012277046711,2,1,1,M1
15087,2011-03-03 10:34:00,1,306.94,281,0,39.20422263595037,5.930633395392555,3,2,2,R4
15088,2011-11-18 13:14:00,2,1160.07,20,1,115.4505490700842,18.21758236051263,5,3,3,R5
15089,2011-11-29 16:31:00,6,2420.84,9,1,311.510770342464,47.82661555136959,5,4,4,R5
15090,2011-02-04 14:03:00,1,381.32,307,0,47.15921948852514,7.123882923278771,3,2,2,M2
15091,2011-10-03 12:47:00,3,1046.6100000000001,67,1,128.21946460210404,20.182919690315604,5,3,3,M3
15092,2011-05-08 14:10:00,3,776.46,214,1,73.51030165749305,11.976545248623957,4,2,3,R4
15093,2011-11-21 13:09:00,23,14326.11,17,1,1026.4466479426935,155.91699719140405,5,5,5,R5
15094,2010-09-02 16:55:00,2,83.0,462,1,9.393078508655353,2.308961776298303,2,1,1,F1
15095,2011-08-28 12:01:00,10,3141.64,103,1,320.52500284433165,49.378750426649745,5,4,5,F4
15096,2011-10-28 10:27:00,1,219.39000000000001,42,0,24.86603549670923,3.7799053245063843,5,1,1,R5
15097,2011-12-05 14:03:00,3,908.35,3,1,100.25954969704695,15.988932454557043,5,3,3,R5
15098,2011-06-10 15:33:00,3,39916.5,181,1,8.914894908906568,2.287234236335985,4,1,5,F1
15099,2011-09-16 13:13:00,1,410.48,83,0,52.945224288617425,7.991783643292613,5,2,2,M2
15100,2011-01-10 10:35:00,7,2894.7,333,1,49.84877393565983,8.627316090348973,3,2,4,F2
15101,2011-12-01 10:18:00,6,1477.94,8,1,127.30290805620612,20.19543620843092,5,3,4,R5
15102,2010-06-27 12:16:00,2,554.67,530,1,62.35596182019953,10.25339427302993,2,2,2,F2
15103,2011-11-08 14:53:00,2,703.36,30,1,75.09977924276275,12.164966886414412,5,2,3,R5
15104,2011-05-27 12:29:00,2,1027.44,196,1,133.8319076794971,20.97478615192457,4,3,3,R4
15105,2011-11-21 16:54:00,9,3094.91,17,1,351.5126136520161,53.976892047802416,5,5,5,R5
15106,2011-11-22 09:16:00,5,1422.52,17,1,232.4994091641595,35.92491137462392,5,4,4,R5
15107,2011-02-01 14:46:00,9,940.35,310,1,82.35545409464359,13.603318114196538,3,3,3,M3
15108,2011-07-21 10:24:00,4,1300.25,141,1,120.18842896588397,19.028264344882594,4,3,4,F3
15109,2011-04-08 09:58:00,3,983.1,245,1,82.56045019438305,13.334067529157458,4,3,3,M3
15110,2011-11-16 11:16:00,6,1505.8500000000001,23,1,95.93693276386807,15.490539914580213,5,3,4,R5
15111,2011-11-10 16:58:00,5,2730.87,28,1,293.0723522508965,45.01085283763447,5,4,4,R5
15112,2010-04-07 14:17:00,1,209.4,610,0,14.786186439511482,2.267927965926722,1,1,1,F1
15113,2011-11-30 08:23:00,3,3609.33,9,1,272.0488461191853,41.75732691787779,5,4,5,R5
15114,2011-11-09 15:05:00,12,3400.12,29,1,598.4494925561075,91.16742388341612,5,5,5,R5
15115,2011-11-21 14:59:00,2,531.85,17,1,69.07592797302291,11.261389195953438,5,2,2,R5
15116,2011-11-22 12:25:00,4,1352.75,17,1,111.9903720275204,17.798555804128057,5,3,4,R5
15117,2011-11-25 08:12:00,8,2485.9700000000003,14,1,321.1970404185871,49.37955606278806,5,4,4,R5
15118,2011-07-28 14:54:00,1,244.8,133,0,7.273092595999522,1.1409638893999283,5,1,1,F1
15119,2011-04-08 09:08:00,1,266.4,245,0,24.046419511601197,3.6569629267401793,4,1,1,F1
15120,2011-07-29 09:48:00,1,358.82,133,0,49.43915292410337,7.4658729386155045,5,2,2,F2
15121,2011-10-20 14:51:00,2,457.72,49,1,54.04973897243481,9.007460845865221,5,2,2,F2
15122,2011-08-17 16:48:00,11,4497.47,113,1,476.14399967584507,72.77159995137676,5,5,5,M5
15123,2011-12-02 13:12:00,5,4656.17,6,1,444.368111549008,67.70521673235119,5,5,5,R5
15124,2011-11-17 10:09:00,4,450.82,22,1,72.92739158857347,11.93910873828602,5,2,2,R5
15125,2011-11-14 13:57:00,24,17024.87,24,1,752.3521337561276,114.85282006341914,5,5,5,R5
15126,2010-06-21 12:31:00,2,449.49,536,1,57.372326420270554,9.505848963040583,2,2,2,M2
15127,2011-10-05 10:30:00,2,711.5,65,1,75.99796552241453,12.29969482836218,5,2,3,R5
15128,2011-10-10 13:54:00,5,1783.68,59,1,294.82339872747207,45.2735098091208,5,4,4,M4
15129,2011-10-20 14:40:00,23,6860.18,49,1,556.1923129436575,85.37884694154863,5,5,5,M5
15130,2011-06-23 10:15:00,1,330.11,169,0,47.870048004501996,7.230507200675299,4,2,2,R4
15131,2010-11-10 12:07:00,1,80.28,394,0,16.581129610887462,2.537169441633119,3,1,1,F1
15132,2011-11-21 17:10:00,5,977.9300000000001,17,1,125.77669669465666,19.9165045041985,5,3,3,R5
15133,2011-08-04 10:44:00,5,1806.9,127,1,134.13110040655073,21.16966506098261,5,3,4,M4
15134,2011-11-25 08:55:00,10,1596.29,14,1,203.0921755043794,31.76382632565691,5,4,4,R5
15135,2011-04-14 19:16:00,2,305.68,238,1,31.15100103358017,5.572650155037024,4,1,2,R4
15136,2011-12-07 12:26:00,4,1286.7,2,1,164.2302735083773,25.634541026256596,5,4,4,R5
15137,2010-07-07 09:41:00,2,823.4,520,1,94.62935354445885,15.094403031668827,2,3,3,M3
15138,2010-11-11 09:16:00,1,502.52,393,0,63.56690329384156,9.585035494076235,3,2,2,R3
15139,2011-04-14 11:39:00,2,178.96,239,1,34.425099142838846,6.0637648714258265,4,2,1,M1
15140,2011-10-18 14:07:00,8,3243.69,51,1,296.19978001795454,45.62996700269318,5,4,5,R5
15141,2010-09-08 11:33:00,7,1388.47,457,1,201.84497890025102,31.426746835037655,2,4,4,F4
15142,2011-10-24 12:51:00,6,2619.92,45,1,365.3818364006334,55.907275460095,5,5,4,R5
15143,2011-04-28 12:03:00,2,563.63,225,1,69.93862798433557,11.390794197650335,4,2,2,R4
15144,2011-12-01 15:12:00,29,12160.31,7,1,903.6806600616261,137.8020990092439,5,5,5,R5
15145,2011-12-05 17:21:00,4,1194.73,3,1,150.24795284142593,23.537192926213887,5,3,3,R5
15146,2011-06-28 12:09:00,2,1327.16,164,1,240.626844782352,36.994026717352796,4,4,4,F4
15147,2011-04-13 15:57:00,1,623.5,239,0,69.67342931946048,10.501014397919073,4,2,2,R4
15148,2011-11-29 08:21:00,1,301.29,10,0,43.67094470765596,6.600641706148394,5,2,2,R5
15149,2011-07-29 10:58:00,5,1554.6100000000001,133,1,113.48094745334335,18.0721421180015,5,3,4,F3
15150,2011-11-22 12:52:00,13,9001.08,16,1,1283.4099832309823,193.96149748464737,5,5,5,R5
15151,2010-10-12 16:37:00,2,2085.61,422,1,137.85723814426746,21.57858572164012,3,3,4,M4
15152,2011-11-30 12:32:00,14,5263.83,9,1,651.7331458870224,99.25997188305335,5,5,5,R5
15153,2011-11-08 17:09:00,1,329.25,30,0,39.858678168941736,6.0288017253412605,5,2,2,R5
15154,2011-09-25 16:05:00,3,1388.41,74,1,181.4440402007795,28.166606030116924,5,4,4,R5
15155,2010-11-21 12:59:00,1,383.96999999999997,382,0,47.087463469722465,7.113119520458369,3,2,2,R3
15156,2011-12-08 18:22:00,3,961.49,0,1,127.90510582045412,20.135765873068117,5,3,3,R5
15157,2011-12-06 11:28:00,5,2654.11,3,1,442.0028861772703,67.35043292659054,5,5,4,R5
15158,2011-10-25 13:53:00,2,606.02,44,1,29.254911431198778,5.288236714679816,5,1,2,R5
15159,2011-12-08 12:05:00,34,22116.73,1,1,2162.171583060658,326.8257374590987,5,5,5,R5
15160,2010-12-17 14:15:00,4,589.27,356,1,58.1216613858258,9.71824920787387,3,2,2,R3
15161,2010-11-16 16:08:00,1,119.92,387,0,43.113377926727075,6.517006689009061,3,2,1,M1
15162,2009-12-08 13:14:00,1,312.9,730,0,23.21185871548725,3.531778807323087,1,1,2,F1
15163,2011-11-21 13:10:00,2,304.47,17,1,49.178315228255066,8.27674728423826,5,2,2,R5
15164,2011-10-02 12:05:00,9,2068.92,68,1,419.0166300538232,64.10249450807348,5,5,4,M4
15165,2010-12-01 14:03:00,1,975.5,372,0,94.66561711961754,14.24984256794263,3,3,3,R3
15166,2010-08-29 12:31:00,1,167.16,467,0,28.250694758039142,4.287604213705871,2,1,1,M1
15167,2011-01-23 12:41:00,5,1659.67,320,1,309.2523781077028,47.437856716155416,3,4,4,F4
15168,2011-11-14 11:26:00,1,106.56,25,0,11.285083392874464,1.7427625089311696,5,1,1,R5
15169,2010-11-22 13:04:00,2,569.22,381,1,97.04691339023371,15.457037008535057,3,3,2,R3
15170,2010-10-29 10:34:00,1,81.15,406,0,8.462103225098277,1.3193154837647416,3,1,1,F1
15171,2011-01-12 15:36:00,1,1289.5,330,0,20.124169481718546,3.0686254222577816,3,1,4,F1
15172,2011-12-01 11:51:00,5,1624.05,8,1,272.3331177423182,41.89996766134773,5,4,4,R5
15173,2010-11-24 10:21:00,7,1494.6,380,1,189.58167231671172,29.58725084750676,3,4,4,R3
15174,2011-01-21 09:06:00,2,481.46,322,1,74.89397795475158,12.134096693212737,3,2,2,M2
15175,2011-09-29 11:31:00,1,224.14,71,0,66.36427761063872,10.004641641595809,5,2,1,F2
15176,2010-02-10 10:36:00,1,988.04,667,0,107.8557085552669,16.228356283290037,1,3,3,M3
15177,2010-10-10 12:48:00,1,948.93,425,0,68.028910691959,10.25433660379385,3,2,3,M3
15178,2011-03-24 15:12:00,1,40.5,259,0,7.193685818395112,1.1290528727592668,4,1,1,F1
15179,2011-11-21 12:53:00,13,7491.92,17,1,799.0006298100158,121.30009447150236,5,5,5,R5
15180,2010-12-07 14:57:00,3,904.4300000000001,366,1,134.81761888630666,21.172642832945996,3,3,3,M3
15181,2011-10-04 13:58:00,5,1200.2,65,1,69.26864126369458,11.440296189554187,5,2,3,R5
15182,2011-07-08 13:37:00,11,2998.952,153,1,267.44151223085964,41.46622683462894,4,4,4,F4
15183,2010-06-10 10:43:00,3,639.93,547,1,74.67191641787059,12.15078746268059,2,2,3,R2
15184,2011-11-10 13:41:00,4,689.95,28,1,119.011434540176,18.8517151810264,5,3,3,R5
15185,2011-09-30 14:06:00,1,310.62,69,0,66.89885585988584,10.084828378982877,5,2,2,F2
15186,2011-11-25 14:58:00,5,1403.2,13,1,124.10135172113266,19.665202758169897,5,3,4,R5
15187,2011-12-08 11:56:00,16,4777.18,1,1,258.3664178694914,40.354962680423704,5,4,5,R5
15188,2009-12-14 13:30:00,1,310.43,724,0,46.09988924301596,6.964983386452394,1,2,2,F2
15189,2011-12-08 13:22:00,46,17524.38,0,1,687.5755430298152,106.23633145447228,5,5,5,R5
15190,2010-10-01 13:09:00,1,834.4399999999999,433,0,113.31229277687507,17.04684391653126,2,3,3,F3
15191,2010-09-02 15:37:00,3,588.05,462,1,71.6283837852364,11.69425756778546,2,2,2,R2
15192,2011-08-12 11:41:00,5,1981.39,119,1,261.1930941567349,40.22896412351023,5,4,4,M4
15193,2011-10-10 08:23:00,1,499.32,60,0,34.08956117461188,5.163434176191782,5,1,2,M2
15194,2011-12-06 15:10:00,28,12427.69,2,1,1317.2468779569579,199.7870316935437,5,5,5,R5
15195,2011-12-07 12:20:00,1,3861.0,2,0,7.247792581767846,1.1371688872651768,5,1,5,R5
15196,2010-10-03 10:50:00,2,316.25,432,1,56.5683765443143,9.385256481647145,2,2,2,F2
15197,2011-11-29 10:00:00,6,1877.51,10,1,162.81876366156018,25.522814549234027,5,4,4,R5
15198,2011-09-08 14:42:00,5,571.35,91,1,69.54869832926886,11.482304749390329,5,2,2,M2
15199,2011-10-11 15:12:00,10,3122.4,58,1,129.8566727162302,20.77850090743453,5,3,5,R5
15200,2010-08-02 09:38:00,1,549.05,494,0,56.95043858314646,8.592565787471969,2,2,2,F2
15201,2011-09-13 14:53:00,7,1842.95,86,1,269.1795268737152,41.52692903105728,5,4,4,M4
15202,2010-10-15 13:05:00,3,6001.49,419,1,2.0794415416798357,1.2619162312519754,3,1,5,F1
15203,2011-11-14 08:16:00,15,4400.18,25,1,852.1861028034948,129.37791542052423,5,5,5,R5
15204,2010-12-17 13:49:00,1,316.58,356,0,27.586292936645634,4.187943940496845,3,1,2,R3
15205,2011-09-15 19:36:00,2,653.24,84,1,81.3458052252512,13.10187078378768,5,3,3,R5
15206,2011-11-29 13:41:00,4,420.29999999999995,9,1,25.150985396375145,4.772647809456272,5,1,2,R5
15207,2010-10-19 13:29:00,3,683.9200000000001,415,1,67.86227108413964,11.129340662620946,3,2,3,F2
15208,2011-12-08 17:24:00,6,970.52,0,1,90.71549087308864,14.707323630963296,5,3,3,R5
15209,2009-12-09 17:26:00,1,178.98000000000002,729,0,24.954046374031943,3.793106956104791,1,1,1,M1
15210,2011-04-28 16:11:00,3,1176.19,224,1,141.17376338268534,22.1260645074028,4,3,3,R4
15211,2011-10-10 13:31:00,2,1277.48,59,1,121.01621363698631,19.05243204554795,5,3,4,F3
15212,2011-04-12 13:45:00,2,208.28,240,1,21.76494270749741,4.1647414061246115,4,1,1,M1
15213,2011-01-25 12:21:00,2,328.35,318,1,56.78560295591565,9.417840443387348,3,2,2,F2
15214,2011-12-08 12:07:00,8,1661.44,1,1,254.85761273965497,39.42864191094824,5,4,4,R5
15215,2011-10-24 11:41:00,7,2422.43,46,1,209.77507484056216,32.61626122608432,5,4,4,F4
15216,2011-09-13 11:41:00,2,486.09,87,1,51.02295883133576,8.553443824700363,5,2,2,F2
15217,2010-05-25 13:51:00,1,426.24,562,0,52.75585324774261,7.96337798716139,2,2,2,M2
15218,2011-11-29 11:48:00,22,11516.57,10,1,902.1326620140011,137.21989930210017,5,5,5,R5
15219,2011-06-16 16:57:00,2,685.45,175,1,56.14773432874188,9.322160149311282,4,2,3,F2
15220,2011-10-19 12:39:00,6,1778.96,51,1,264.5843772294641,40.78765658441961,5,4,4,F4
15221,2010-12-08 13:08:00,4,2465.4500000000003,365,1,72.5951938711165,11.889279080667476,3,2,4,R3
15222,2011-01-25 08:03:00,11,3550.91,318,1,429.15801451180926,65.72370217677138,3,5,5,R3
15223,2011-04-28 11:31:00,5,1417.95,225,1,81.48864438493145,13.273296657739717,4,3,4,R4
15224,2010-12-16 15:02:00,5,871.36,357,1,84.02142742876036,13.653214114314055,3,3,3,M3
15225,2011-04-19 14:51:00,1,409.40000000000003,233,0,48.949650404184524,7.392447560627678,4,2,2,M2
15226,2011-02-02 11:41:00,1,154.41,310,0,16.671411636745212,2.5507117455117814,3,1,1,F1
15227,2011-11-03 11:59:00,9,2488.4900000000002,36,1,248.9004311640593,38.585064674608894,5,4,4,R5
15228,2011-10-04 13:56:00,6,5580.2699999999995,65,1,550.3560283502372,83.65340425253558,5,5,5,M5
15229,2010-05-02 13:50:00,1,160.5,585,0,22.53527952674849,3.4302919290122733,1,1,1,M1
15230,2011-04-14 14:39:00,2,429.6,238,1,61.01676234222801,10.052514351334201,4,2,2,M2
15231,2010-03-28 15:12:00,1,250.26,620,0,35.07745934227116,5.311618901340674,1,1,1,M1
15232,2011-08-18 16:27:00,2,612.06,112,1,94.70647146368243,15.105970719552365,5,3,2,F3
15233,2010-11-03 13:36:00,1,59.400000000000006,400,0,2.5649493574615367,0.4347424036192305,3,1,1,F1
15234,2011-03-08 08:53:00,1,197.0,276,0,35.19660694488934,5.329491041733401,4,1,1,M1
15235,2011-05-06 09:44:00,16,2937.81,217,1,400.56456514602496,61.68468477190373,4,5,4,R4
15236,2011-02-14 10:52:00,1,321.05,298,0,41.763255771420845,6.314488365713126,3,2,2,M2
15237,2011-12-08 09:46:00,4,1412.32,1,1,225.60029261735912,34.840043892603866,5,4,4,R5
15238,2011-11-10 14:28:00,3,1071.99,28,1,119.87699960819664,18.931549941229495,5,3,3,R5
15239,2011-11-29 14:14:00,2,780.59,9,1,119.2508805653528,18.787632084802922,5,3,3,R5
15240,2011-10-26 09:50:00,12,4459.98,44,1,533.6969448424647,81.4545417263697,5,5,5,R5
15241,2011-10-04 09:05:00,11,3050.16,66,1,498.30481776140823,76.09572266421122,5,5,5,R5
15242,2010-10-13 15:33:00,1,302.04,421,0,14.859440306462627,2.278916045969394,3,1,2,F1
15243,2011-09-26 14:12:00,2,927.2800000000001,73,1,125.35737598450729,19.703606397676094,5,3,3,M3
15244,2011-10-05 13:19:00,3,912.08,64,1,103.09874570990152,16.414811856485226,5,3,3,M3
15245,2011-07-28 18:56:00,8,4610.84,133,1,415.34970982467553,63.50245647370132,5,5,5,M5
15246,2011-04-15 14:45:00,3,780.4,237,1,99.5290877133283,15.879363156999245,4,3,3,F3
15247,2011-08-09 12:52:00,3,976.06,121,1,54.328254870476925,9.09923823057154,5,2,3,M3
15248,2010-10-24 13:09:00,3,1893.93,410,1,228.67889720414783,35.251834580622166,3,4,4,M4
15249,2011-11-08 11:45:00,18,9266.0,31,1,1108.4745095424726,167.9711764313709,5,5,5,F5
15250,2010-03-09 07:35:00,1,60.0,640,0,8.49964003216865,1.3249460048252975,1,1,1,F1
15251,2011-11-30 15:02:00,21,20324.54,8,1,808.310625831699,123.09659387475483,5,5,5,R5
15252,2011-11-03 13:30:00,5,2103.41,35,1,278.5484968876758,42.83227453315137,5,4,4,R5
15253,2011-11-23 16:22:00,8,2055.09,15,1,291.1260899115121,44.86891348672681,5,4,4,R5
15254,2011-08-04 15:04:00,3,1088.35,126,1,145.52443673639667,22.778665510459497,5,3,3,M3
15255,2011-10-04 12:43:00,9,3729.42,66,1,432.2194190569838,66.08291285854756,5,5,5,R5
15256,2011-07-14 11:47:00,2,170.4,148,1,22.832885373109285,4.324932805966393,4,1,1,M1
15257,2011-03-01 12:58:00,2,685.9,282,1,19.72508694559957,3.8587630418399357,3,1,3,F1
15258,2011-06-24 12:30:00,2,623.16,168,1,53.22034379934165,8.883051569901248,4,2,2,F2
15259,2010-07-15 08:47:00,4,1182.3799999999999,512,1,127.92967042804321,20.18945056420648,2,3,3,R2
15260,2011-08-31 13:55:00,25,9188.23,99,1,892.3669294573897,135.90503941860845,5,5,5,F5
15261,2011-07-27 15:20:00,4,1508.0,134,1,189.8235033937301,29.473525509059517,5,4,4,F4
15262,2011-01-20 12:16:00,3,418.82,323,1,55.59760725092238,9.289641087638358,3,2,2,M2
15263,2011-08-25 10:26:00,1,156.51,106,0,23.74800512218402,3.6122007683276025,5,1,1,M1
15264,2011-10-06 13:49:00,2,848.4,63,1,110.5874342227489,17.488115133412336,5,3,3,F3
15265,2011-07-11 14:46:00,4,3345.64,150,1,390.3810977744494,59.55716466616741,4,5,5,R4
15266,2011-01-05 13:40:00,5,852.21,337,1,69.47593138896576,11.471389708344864,3,2,3,M3
15267,2011-11-17 15:59:00,5,1717.36,21,1,48.43173769218355,8.314760653827532,5,2,4,R5
15268,2010-08-18 10:33:00,3,961.9000000000001,478,1,52.68238073800818,8.852357110701227,2,2,3,F2
15269,2011-11-16 09:32:00,3,1225.3600000000001,23,1,82.82734943617027,13.37410241542554,5,3,3,R5
15270,2011-11-24 09:24:00,21,8524.86,15,1,458.2745283782973,70.59117925674458,5,5,5,R5
15271,2011-12-02 14:11:00,24,4709.54,6,1,833.0902780357117,126.96354170535675,5,5,5,R5
15272,2011-10-13 12:59:00,6,2085.48,56,1,305.31035487301,46.89655323095149,5,4,4,M4
15273,2010-04-19 11:31:00,1,228.96,599,0,5.37989735354046,0.8569846030310689,1,1,1,F1
15274,2011-12-05 16:57:00,2,716.57,3,1,111.71830149590576,17.657745224385867,5,3,3,R5
15275,2011-11-02 11:20:00,1,615.14,37,0,90.29753260878462,13.594629891317693,5,3,2,R5
15276,2011-10-04 16:39:00,4,649.53,65,1,175.96250340957252,27.39437551143588,5,4,3,R5
15277,2011-10-24 10:08:00,2,476.34,46,1,65.7713601514415,10.765704022716225,5,2,2,R5
15278,2010-05-27 10:03:00,4,496.15999999999997,561,1,79.36273627339791,12.904410441009686,2,3,2,M2
15279,2010-12-20 10:48:00,5,1580.54,354,1,186.2887687037492,28.993315305562383,3,4,4,R3
15280,2011-06-20 17:14:00,3,406.21999999999997,171,1,110.54163185157984,17.531244777736973,4,3,2,F3
15281,2011-10-12 09:10:00,16,8543.57,58,1,1120.125937172183,169.61889057582746,5,5,5,F5
15282,2010-05-18 16:27:00,1,348.59,569,0,64.70546800561318,9.755820200841978,2,2,2,F2
15283,2010-11-14 14:54:00,3,148.33,389,1,12.108680299521524,2.7663020449282287,3,1,1,F1
15284,2010-07-27 13:25:00,1,24.75,499,0,1.791759469228055,0.3187639203842082,2,1,1,F1
15285,2010-10-28 09:46:00,1,94.92,407,0,17.743517634765237,2.7115276452147854,3,1,1,F1
15286,2011-10-21 11:08:00,1,240.55,49,0,8.730367211692958,1.3595550817539437,5,1,1,F1
15287,2011-11-17 15:34:00,5,856.03,21,1,95.03397671048621,15.305096506572932,5,3,3,R5
15288,2011-10-27 16:58:00,10,3883.13,42,1,328.7291085308563,50.60936627962844,5,4,5,R5
15289,2011-11-10 13:49:00,5,1593.09,28,1,256.9808470854881,39.59712706282321,5,4,4,R5
15290,2011-12-05 11:39:00,26,10496.28,4,1,832.5259077239028,126.97888615858541,5,5,5,R5
15291,2011-11-14 11:02:00,40,13846.56,25,1,598.2937642016888,92.5440646302533,5,5,5,R5
15292,2011-05-22 15:00:00,1,180.94,200,0,25.720621335912767,3.9080932003869147,4,1,1,R4
15293,2010-02-12 11:54:00,1,247.5,665,0,43.435230319759945,6.565284547963992,1,2,1,M1
15294,2010-10-25 11:45:00,1,233.35,410,0,28.198240006884433,4.279736001032664,3,1,1,F1
15295,2010-02-23 13:03:00,1,217.23999999999998,653,0,63.07144573481653,9.51071686022248,1,2,1,F2
15296,2011-10-20 11:47:00,12,10342.83,50,1,1149.0893660638442,173.76340490957662,5,5,5,F5
15297,2011-11-29 16:32:00,3,641.94,9,1,80.01137032321358,12.951705548482039,5,3,3,R5
15298,2011-12-07 17:17:00,23,9459.37,1,1,1094.3997083374522,166.10995625061784,5,5,5,R5
15299,2011-10-03 14:19:00,10,7991.54,66,1,65.8818222822768,11.18227334234152,5,2,5,M5
15300,2011-10-06 17:08:00,1,496.44,63,0,62.786122071265645,9.467918310689846,5,2,2,F2
15301,2011-10-20 09:57:00,17,7603.4400000000005,50,1,859.4649878107248,130.56974817160872,5,5,5,F5
15302,2009-12-09 13:11:00,1,308.0,729,0,27.823557746191618,4.223533661928743,1,1,2,F1
15303,2011-02-22 13:59:00,3,1224.18,289,1,132.21114580806156,20.781671871209234,3,3,3,F3
15304,2011-10-10 10:23:00,9,919.5500000000001,60,1,48.50126200759868,8.525189301139802,5,2,3,M3
15305,2010-06-02 13:50:00,1,93.6,554,0,10.371645729982717,1.6057468594974076,2,1,1,F1
15306,2011-10-06 12:56:00,9,3484.73,63,1,388.3798403000798,59.50697604501197,5,5,5,R5
15307,2011-09-05 11:38:00,1,205.3,95,0,16.134031990256673,2.4701047985385007,5,1,1,F1
15308,2011-03-10 13:08:00,1,310.47,273,0,38.06005961343424,5.759008942015136,4,2,2,R4
15309,2010-04-08 11:11:00,4,797.96,610,1,109.86108126463348,17.47916218969502,1,3,3,F3
15310,2010-08-18 11:38:00,1,1634.64,478,0,144.63868160680437,21.745802241020655,2,3,4,R2
15311,2011-12-09 12:00:00,208,116771.16,0,1,7896.544095730853,1195.681614359628,5,5,5,R5
15312,2011-09-25 13:10:00,12,2930.19,74,1,366.70483496035496,56.405725244053244,5,5,4,R5
15313,2011-08-21 16:02:00,1,52.0,109,0,3.258096538021482,0.5387144807032224,5,1,1,F1
15314,2011-05-24 14:39:00,3,820.4499999999999,198,1,128.7381730535375,20.260725958030626,4,3,3,R4
15315,2011-10-06 12:51:00,2,570.5,63,1,112.16925423851511,17.72538813577727,5,3,2,F3
15316,2011-01-17 11:34:00,1,165.0,326,0,4.61512051684126,0.742268077526189,3,1,1,F1
15317,2010-01-31 15:55:00,1,129.75,676,0,11.027052582559815,1.7040578873839722,1,1,1,F1
15318,2011-12-06 11:30:00,1,312.62,3,0,97.40960522662688,14.661440783994031,5,3,2,R5
15319,2011-03-01 12:48:00,1,204.5,283,0,35.16790670869106,5.325186006303659,3,1,1,M1
15320,2011-10-26 13:27:00,1,267.13,43,0,43.778506212666564,6.616775931899984,5,2,1,R5
15321,2011-09-30 09:40:00,12,6709.7300000000005,70,1,726.3305380081055,110.34958070121581,5,5,5,F5
15322,2011-09-15 09:34:00,2,1390.86,85,1,187.50957584186975,29.026436376280465,5,4,4,F4
15323,2010-05-26 10:01:00,3,434.6,562,1,52.918267716991934,8.88774015754879,2,2,2,M2
15324,2010-01-07 14:37:00,1,140.22000000000003,700,0,17.975229776040866,2.7462844664061294,1,1,1,F1
15325,2011-08-28 11:55:00,8,1602.01,103,1,363.29179411198044,55.69376911679706,5,5,4,M4
15326,2011-01-10 11:38:00,5,1700.52,333,1,288.7269083338797,44.35903625008195,3,4,4,F4
15327,2011-10-18 11:55:00,1,208.75,52,0,22.885238088653477,3.4827857132980213,5,1,1,F1
15328,2010-10-28 09:05:00,1,107.24,407,0,18.011272747867604,2.7516909121801403,3,1,1,F1
15329,2011-10-31 15:36:00,11,2984.33,38,1,303.7627587649641,46.914413814744606,5,4,4,R5
15330,2011-11-07 17:50:00,2,714.96,31,1,56.11820821195869,9.317731231793804,5,2,3,R5
15331,2010-07-28 09:42:00,3,767.91,499,1,114.41186357458476,18.11177953618771,2,3,3,F3
15332,2010-12-08 14:43:00,6,6553.74,365,1,506.00496879528674,77.000745319293,3,5,5,M5
15333,2011-05-15 13:27:00,1,1028.56,207,0,43.013292420210306,6.5019938630315455,4,2,3,R4
15334,2011-07-06 11:22:00,3,351.67,156,1,119.57559263652001,18.886338895478,4,3,2,F3
15335,2011-10-17 12:50:00,1,173.97,53,0,36.25503016582543,5.488254524873814,5,1,1,M1
15336,2010-11-03 12:39:00,1,240.5,401,0,25.505457277913013,3.8758185916869516,3,1,1,F1
15337,2010-10-24 15:29:00,1,373.02,410,0,43.88692542556227,6.6330388138343395,3,2,2,M2
15338,2010-01-31 14:25:00,1,283.43,676,0,65.51403443203667,9.877105164805501,1,2,1,F2
15339,2011-10-04 12:51:00,7,1827.84,65,1,311.27240772946277,47.84086115941941,5,4,4,M4
15340,2010-05-27 10:27:00,1,105.5,561,0,16.98483107201299,2.597724660801948,2,1,1,F1
15341,2011-09-20 09:40:00,2,2402.7200000000003,80,1,86.64857611095815,13.897286416643722,5,3,4,M4
15342,2011-08-02 10:19:00,1,406.09,129,0,57.40468292435619,8.660702438653429,5,2,2,F2
15343,2011-09-13 13:55:00,1,364.5,86,0,31.099553899608722,4.714933084941308,5,1,2,M2
15344,2011-12-09 10:45:00,3,563.94,0,1,39.69085506317868,6.903628259476802,5,2,2,R5
15345,2011-10-25 11:28:00,1,393.54,45,0,29.303340080031287,4.4455010120046925,5,1,2,R5
15346,2011-01-11 11:18:00,3,596.12,332,1,72.253398882923,11.78800983243845,3,2,2,R3
15347,2010-12-08 15:25:00,4,1363.6,365,1,103.63015972341226,16.54452395851184,3,3,4,F3
15348,2011-09-28 13:17:00,1,158.04,71,0,20.74329145996543,3.1614937189948145,5,1,1,F1
15349,2011-07-04 16:06:00,2,473.81,157,1,96.45222486954887,15.36783373043233,4,3,2,M2
15350,2010-12-01 13:33:00,2,663.25,372,1,78.48238620937727,12.67235793140659,3,3,3,R3
15351,2011-11-27 12:52:00,10,3738.29,11,1,495.8767284771881,75.68150927157821,5,5,5,R5
15352,2010-06-09 11:28:00,1,114.95,548,0,28.079236329366964,4.261885449405044,2,1,1,M1
15353,2011-03-30 12:15:00,7,3175.95,254,1,522.1537270365793,79.47305905548689,4,5,5,F5
15354,2010-04-15 16:24:00,3,284.4,602,1,2.0794415416798357,1.2619162312519754,1,1,1,F1
15355,2011-11-10 13:44:00,2,277.05,28,1,19.280401124338127,3.7920601686507194,5,1,1,R5
15356,2011-11-08 13:11:00,13,3464.95,30,1,874.2747618619045,132.59121427928568,5,5,5,F5
15358,2011-12-05 09:04:00,42,17050.41,4,1,2776.602917807496,419.3904376711244,5,5,5,R5
15359,2010-02-15 10:47:00,8,181.35,662,1,32.176628124663274,6.026494218699491,1,2,1,M1
15360,2011-10-31 09:35:00,1,427.93,39,0,36.304973885722276,5.495746082858341,5,1,2,M2
15361,2010-12-13 09:52:00,4,689.07,361,1,30.791033121373133,5.61865496820597,3,1,3,R3
15362,2010-09-17 10:37:00,2,613.08,448,1,79.77201688805752,12.865802533208628,2,3,2,R2
15363,2010-12-02 12:28:00,2,1004.11,372,1,116.1485165137152,18.32227747705728,3,3,3,R3
15364,2011-09-05 09:46:00,2,913.19,95,1,79.63522872081282,12.845284308121922,5,3,3,M3
15365,2011-11-14 08:29:00,13,4557.13,25,1,476.88445849594495,72.98266877439174,5,5,5,R5
15366,2011-09-25 15:01:00,7,2389.08,74,1,364.226116510221,55.78391747653315,5,5,4,M4
15367,2011-10-13 14:13:00,11,5081.33,56,1,625.9055410190283,95.23583115285423,5,5,5,F5
15368,2011-11-18 14:42:00,2,722.74,20,1,22.31325512399826,4.246988268599739,5,1,3,R5
15369,2010-08-04 13:54:00,11,6251.26,491,1,226.05045000733753,35.257567501100624,2,4,5,M5
15370,2011-10-30 10:58:00,8,3739.01,40,1,322.16856340507667,49.525284510761495,5,4,5,R5
15371,2010-02-15 13:14:00,1,59.400000000000006,661,0,2.5649493574615367,0.4347424036192305,1,1,1,F1
15372,2011-07-25 16:39:00,8,6017.06,136,1,250.81820005219816,38.82273000782972,4,4,5,M5
15373,2011-12-01 15:05:00,17,3421.39,7,1,283.3872286825921,44.15808430238881,5,4,5,R5
15374,2011-08-03 09:59:00,2,307.32,128,1,30.614576854605147,5.492186528190771,5,1,2,R4
15375,2010-01-18 15:38:00,1,60.959999999999994,689,0,14.240410251793417,2.1860615377690125,1,1,1,F1
15376,2011-10-30 15:04:00,3,1233.3600000000001,39,1,198.48457413350985,30.722686120026477,5,4,3,R5
15377,2010-11-22 08:55:00,4,1211.75,382,1,50.25517594627568,8.538276391941352,3,2,3,F2
15378,2010-09-03 11:30:00,2,246.5,462,1,29.4213704385055,5.313205565775824,2,1,1,R2
15379,2011-06-23 13:13:00,8,4877.84,168,1,612.6290820886128,93.09436231329192,4,5,5,F5
15380,2011-12-01 12:13:00,11,3479.0600000000004,8,1,129.00461073468182,20.700691610202274,5,3,5,R5
15381,2011-05-10 11:55:00,5,1890.5700000000002,213,1,77.39907210980826,12.65986081647124,4,3,4,M4
15382,2011-11-25 10:58:00,12,13733.550000000001,14,1,1597.8880813638325,241.08321220457486,5,5,5,R5
15384,2011-06-23 10:57:00,4,2027.79,169,1,306.0172459017193,46.9025868852579,4,4,4,M4
15385,2011-10-30 15:11:00,3,942.08,39,1,55.69563461783881,9.304345192675823,5,2,3,M3
15386,2011-06-06 13:47:00,1,394.14,185,0,80.28439907619303,12.092659861428954,4,2,2,R4
15387,2010-08-04 16:05:00,1,468.65,491,0,54.57422054975608,8.236133082463413,2,2,2,R2
15388,2011-03-14 13:53:00,1,140.54,269,0,22.033206694092094,3.3549810041138137,4,1,1,M1
15389,2011-06-20 16:18:00,5,2733.8,171,1,37.36234044550059,6.654351066825089,4,2,4,R4
15390,2010-11-08 15:19:00,2,1216.66,395,1,184.95149723444297,28.642724585166448,3,4,3,R3
15391,2010-05-04 15:04:00,1,289.87,583,0,19.533274337083025,2.9799911505624537,1,1,1,F1
15392,2011-12-05 11:01:00,7,2911.62,4,1,357.39760318787495,54.75964047818124,5,5,4,R5
15393,2011-11-23 16:48:00,5,891.34,15,1,93.65638303829506,15.09845745574426,5,3,3,R5
15394,2011-11-30 11:49:00,11,5286.8,9,1,507.83531069586104,77.52529660437915,5,5,5,R5
15395,2011-01-18 12:40:00,1,107.45,325,0,8.55333223803211,1.3329998357048165,3,1,1,F1
15396,2011-08-19 10:56:00,2,796.38,112,1,37.44117860581219,6.516176790871828,5,2,3,M3
15397,2011-02-23 09:25:00,1,94.0,289,0,8.699514748210191,1.3549272122315288,3,1,1,F1
15398,2011-11-23 16:47:00,2,1345.53,15,1,168.1164907850279,26.117473617754186,5,4,4,R5
15399,2011-12-08 13:04:00,3,815.77,0,1,119.93744863424537,18.940617295136803,5,3,3,R5
15400,2011-09-08 13:57:00,8,1302.3,91,1,80.23524666031261,13.235286999046892,5,3,4,R5
15401,2010-09-13 13:42:00,2,216.95000000000002,451,1,25.168402120843933,4.67526031812659,2,1,1,M1
15402,2011-07-14 12:17:00,6,1830.54,148,1,257.4373386707975,39.71560080061962,4,4,4,M4
15403,2010-08-05 12:21:00,2,170.88,491,1,31.89974162866662,5.684961244299992,2,1,1,M1
15404,2010-11-29 11:03:00,1,257.06,375,0,44.44227219835369,6.716340829753054,3,2,1,R3
15405,2011-06-03 14:44:00,2,659.84,188,1,62.282160641310526,10.24232409619658,4,2,3,R4
15406,2011-11-08 13:22:00,4,975.87,30,1,175.30402298227818,27.295603447341726,5,4,3,R5
15407,2011-11-06 11:55:00,4,1056.44,33,1,175.24940563913785,27.287410845870678,5,4,3,R5
15408,2011-03-20 15:02:00,1,267.18,263,0,41.441725896765554,6.266258884514833,4,2,1,R4
15409,2009-12-18 15:35:00,1,131.25,720,0,17.251230131998156,2.637684519799723,1,1,1,F1
15410,2011-09-16 14:47:00,10,4685.72,83,1,374.29567010692784,57.44435051603917,5,5,5,M5
15411,2011-11-13 15:19:00,4,1358.88,25,1,156.34490250877795,24.45173537631669,5,4,4,R5
15412,2011-06-21 15:24:00,1,190.53,170,0,17.213151623423652,2.6319727435135474,4,1,1,F1
15413,2010-01-17 11:33:00,5,6798.72,691,1,108.62024514549084,17.343036771823627,1,3,5,M5
15414,2011-11-30 09:50:00,3,774.9000000000001,9,1,85.47049258789806,13.77057388818471,5,3,3,R5
15415,2011-01-30 14:13:00,1,572.8100000000001,312,0,107.34102831243416,16.151154246865126,3,3,2,F3
15416,2011-10-06 09:38:00,7,4572.82,64,1,509.47044850388477,77.5705672755827,5,5,5,R5
15417,2011-09-15 15:26:00,1,508.8,84,0,66.9080509802947,10.086207647044207,5,2,2,M2
15418,2010-10-10 13:38:00,2,452.32,424,1,92.1449133805211,14.721737007078165,3,3,2,M2
15419,2011-11-15 09:23:00,1,135.86,24,0,24.002963323041037,3.6504444984561553,5,1,1,R5
15420,2010-10-01 15:46:00,6,743.0,433,1,145.69694171727454,22.95454125759118,2,3,3,F3
15421,2011-10-12 09:20:00,10,3805.34,58,1,555.3639200119744,84.60458800179616,5,5,5,F5
15422,2011-01-20 16:17:00,7,1619.97,322,1,194.70037955222367,30.355056932833552,3,4,4,F4
15423,2011-11-01 14:01:00,3,266.89,37,1,27.264573680362314,5.039686052054347,5,1,1,R5
15424,2011-03-30 13:02:00,3,597.78,253,1,95.7518553445609,15.312778301684135,4,3,2,F3
15425,2010-11-04 18:13:00,4,1944.57,399,1,252.56533150647599,38.8847997259714,3,4,4,M4
15426,2011-11-20 15:36:00,9,2615.39,18,1,547.693157183413,83.40397357751193,5,5,4,R5
15427,2011-11-06 14:29:00,3,1483.14,32,1,380.19842353512166,57.979763530268244,5,5,4,R5
15428,2011-11-24 16:54:00,4,762.75,14,1,84.35786154650032,13.653679231975048,5,3,3,R5
15429,2011-11-13 12:28:00,2,397.35,26,1,107.11150002818422,16.966725004227634,5,3,2,R5
15430,2010-08-29 10:42:00,2,954.75,467,1,77.90527509340916,12.585791264011373,2,3,3,M3
15431,2010-07-25 12:44:00,1,153.24,502,0,7.502738210754851,1.1754107316132276,2,1,1,F1
15432,2011-11-16 16:30:00,2,320.76,22,1,29.376075368373037,5.3064113052559545,5,1,2,R5
15433,2011-05-10 10:45:00,2,533.3,213,1,104.95677622007979,16.643516433011968,4,3,2,F3
15434,2011-12-01 13:33:00,11,2567.06,7,1,288.2200287677835,44.58300431516752,5,4,4,R5
15435,2011-11-17 16:39:00,1,149.29,21,0,28.74534114634001,4.361801171951001,5,1,1,R5
15436,2011-11-27 16:05:00,3,1122.53,11,1,313.1030129496737,47.91545194245105,5,4,3,R5
15437,2011-03-22 13:11:00,2,393.45,261,1,66.73427420882648,10.910141131323972,4,2,2,M2
15438,2011-07-31 14:19:00,1,156.57999999999998,130,0,27.508082364380606,4.176212354657091,5,1,1,M1
15439,2010-10-31 10:38:00,4,1269.05,404,1,122.25642294287191,19.338463441430786,3,3,3,F3
15440,2011-10-16 12:16:00,3,383.68,54,1,75.31433013214755,12.247149519822132,5,2,2,R5
15441,2010-11-08 15:50:00,3,1254.21,395,1,123.80253455562311,19.520380183343466,3,3,3,R3
15442,2011-04-05 12:24:00,1,594.0,248,0,8.221747728346623,1.2832621592519935,4,1,2,F1
15443,2011-12-08 10:40:00,14,5175.93,1,1,883.0646741698139,133.95970112547207,5,5,5,R5
15444,2011-11-30 17:37:00,2,1418.26,8,1,284.92098579645835,43.63814786946875,5,4,4,R5
15445,2011-03-20 15:06:00,2,284.5,263,1,27.71718654145211,5.057577981217816,4,1,1,R4
15446,2010-11-28 11:59:00,3,406.95,376,1,121.35903444234735,19.153855166352102,3,3,2,R3
15447,2011-01-13 11:26:00,5,492.88,330,1,57.90586346848862,9.735879520273294,3,2,2,M2
15448,2011-01-31 10:42:00,2,788.81,312,1,107.17041071816486,16.97556160772473,3,3,3,F3
15449,2011-11-13 15:02:00,3,974.52,25,1,150.50243641629504,23.525365462444256,5,3,3,R5
15450,2011-11-09 17:11:00,1,429.84,29,0,72.71064481400836,10.956596722101255,5,2,2,R5
15451,2010-10-01 13:40:00,2,233.21,433,1,48.52143115257597,8.178214672886396,2,2,1,F2
15452,2011-11-10 12:13:00,6,1799.1100000000001,29,1,322.3903969546164,49.45855954319245,5,4,4,R5
15453,2011-12-08 10:59:00,7,1388.37,1,1,328.395924453549,50.40938866803235,5,4,4,R5
15454,2010-12-12 14:21:00,2,307.69,361,1,55.94106880772476,9.291160321158713,3,2,2,F2
15455,2010-04-21 12:43:00,1,38.25,597,0,1.791759469228055,0.3187639203842082,1,1,1,F1
15456,2011-03-01 13:51:00,10,2119.27,282,1,449.7756140673689,68.76634211010533,3,5,4,M4
15457,2011-03-22 15:31:00,1,237.07,261,0,66.90796066389227,10.08619409958384,4,2,1,F2
15458,2011-11-14 13:08:00,2,370.43999999999994,24,1,40.55655079430904,6.983482619146355,5,2,2,R5
15459,2010-10-18 15:25:00,2,202.82999999999998,416,1,18.06364073338492,3.609546110007738,3,1,1,F1
15460,2010-12-20 16:08:00,1,216.76,353,0,51.319093512367864,7.747864026855179,3,2,1,F2
15461,2010-09-05 12:31:00,2,429.7,460,1,9.490317840042412,2.3235476760063616,2,1,2,F1
15462,2011-09-06 13:11:00,4,737.05,93,1,98.74085280013205,15.811127920019807,5,3,3,F3
15463,2011-11-10 12:57:00,1,126.14,28,0,18.07998987138645,2.761998480707967,5,1,1,R5
15464,2011-01-05 15:56:00,1,1048.85,337,0,159.06114757752147,23.90917213662822,3,4,3,M3
15465,2011-11-20 10:11:00,32,12655.65,19,1,524.3075404788859,81.04613107183287,5,5,5,R5
15466,2011-09-15 14:08:00,4,1571.01,84,1,349.6655915368086,53.44983873052129,5,5,4,R5
15467,2011-11-30 14:17:00,3,524.88,8,1,90.93438804175155,14.590158206262732,5,3,2,R5
15468,2011-10-19 13:49:00,3,1430.48,50,1,182.40855674730003,28.311283512095002,5,4,4,R5
15469,2011-10-20 16:21:00,3,874.25,49,1,79.58544929351883,12.887817394027826,5,3,3,M3
15470,2010-05-13 09:35:00,1,63.419999999999995,575,0,15.77766701811299,2.4166500527169483,1,1,1,F1
15471,2011-12-07 14:12:00,3,1316.56,1,1,218.12827288484624,33.66924093272693,5,4,4,R5
15472,2011-08-18 15:17:00,1,371.56,112,0,100.41581500090848,15.112372250136271,5,3,2,M2
15473,2011-11-25 15:15:00,8,2046.0,13,1,55.25922586941868,9.488883880412802,5,2,4,R5
15474,2010-04-23 11:14:00,1,163.1,595,0,22.213507414687367,3.382026112203105,1,1,1,M1
15475,2011-09-23 15:20:00,1,454.10999999999996,76,0,71.09554685182077,10.714332027773116,5,2,2,M2
15476,2010-11-24 15:17:00,4,2209.98,379,1,197.32737167031132,30.5991057505467,3,4,4,R3
15477,2010-02-28 10:37:00,1,368.4,649,0,9.370501524100124,1.4555752286150185,1,1,2,F1
15478,2011-10-30 14:19:00,3,2024.98,39,1,157.97113072940346,24.64566960941052,5,4,4,M4
15479,2009-12-06 15:08:00,1,147.4,732,0,13.927237961904304,2.139085694285645,1,1,1,F1
15480,2011-08-15 14:32:00,5,6279.0,115,1,431.8475796738159,65.82713695107238,5,5,5,M5
15481,2010-11-03 14:52:00,1,1993.34,400,0,134.05478066674345,20.15821710001152,3,3,4,M4
15482,2011-11-24 10:46:00,19,14592.56,15,1,488.26955446344175,74.99043316951627,5,5,5,R5
15483,2011-07-01 13:07:00,10,862.2,160,1,314.80249010371506,48.52037351555725,4,4,3,M3
15484,2011-12-08 15:03:00,6,4656.0,0,1,584.044412270514,88.7066618405771,5,5,5,R5
15485,2011-11-09 14:31:00,7,5771.51,29,1,407.298455013199,62.24476825197984,5,5,5,R5
15486,2010-06-30 13:15:00,1,102.0,526,0,3.713572066704308,0.6070358100056462,2,1,1,F1
15487,2010-01-29 12:07:00,1,231.32,679,0,31.640021259479578,4.7960031889219366,1,1,1,M1
15488,2011-09-08 10:11:00,5,431.92,92,1,28.549097106619442,5.332364565992916,5,1,2,M2
15489,2011-11-17 08:53:00,8,2419.61,22,1,254.2195625959501,39.332934389392506,5,4,4,R5
15490,2010-10-05 13:11:00,1,217.6,429,0,32.20013491431161,4.880020237146741,3,1,1,M1
15491,2011-09-05 15:56:00,6,3100.09,94,1,335.19947626806027,51.37992144020903,5,4,5,F4
15492,2011-11-11 14:53:00,2,659.4599999999999,27,1,87.5329987766081,14.029949816491214,5,3,3,R5
15493,2011-11-07 12:04:00,9,4314.9800000000005,32,1,634.5980895489544,96.43971343234315,5,5,5,F5
15494,2011-11-18 14:51:00,5,3780.05,20,1,647.7003014710764,98.20504522066145,5,5,5,R5
15495,2010-11-25 13:46:00,1,246.5,378,0,42.87429058008751,6.481143587013126,3,2,1,R3
15496,2010-03-18 13:16:00,1,146.14000000000001,630,0,32.48280720941599,4.922421081412398,1,1,1,M1
15497,2011-11-22 11:51:00,9,8657.39,17,1,374.5711208511319,57.435668127669786,5,5,5,R5
15498,2011-12-07 12:48:00,44,26039.58,2,1,2321.946629008259,351.2919943512389,5,5,5,R5
15499,2009-12-16 12:17:00,1,161.6,723,0,35.28709620079944,5.343064430119916,1,1,1,M1
15500,2011-12-01 13:47:00,4,1131.56,7,1,133.12390042592511,20.968585063888767,5,3,3,R5
15501,2010-10-31 11:15:00,2,402.5,404,1,81.27337297285193,13.09100594592779,3,3,2,M2
15502,2011-11-24 12:48:00,14,13993.47,15,1,834.2886274036214,126.6432941105432,5,5,5,R5
15503,2010-12-12 10:57:00,2,267.15,362,1,90.00490147051487,14.40073522057723,3,3,1,R3
15504,2011-09-19 13:45:00,4,423.85,80,1,74.50796320760955,12.176194481141431,5,2,2,M2
15505,2011-10-18 07:56:00,5,3610.96,52,1,281.8370013888535,43.32555020832802,5,4,5,R5
15506,2011-11-17 12:11:00,6,2040.03,22,1,431.1821068192396,65.77731602288593,5,5,4,R5
15507,2011-06-21 11:19:00,1,492.36,171,0,63.50217806463918,9.575326709695878,4,2,2,F2
15508,2011-06-03 15:43:00,6,1000.27,188,1,133.64433763016746,21.14665064452512,4,3,3,R4
15509,2010-11-24 14:48:00,1,166.51,379,0,29.130294668603902,4.419544200290585,3,1,1,M1
15510,2011-01-13 12:10:00,1,250.0,330,0,1.0986122886681098,0.21479184330021645,3,1,1,F1
15511,2011-11-28 09:43:00,5,909.23,11,1,147.4068559474528,23.16102839211792,5,3,3,R5
15512,2011-07-07 10:20:00,4,331.58,155,1,48.41622677196315,8.262434015794472,4,2,2,F2
15513,2011-11-06 14:36:00,35,27750.55,32,1,1484.8084698408077,225.27127047612115,5,5,5,F5
15514,2011-11-27 14:40:00,18,6598.55,11,1,681.3482326407492,103.90223489611238,5,5,5,R5
15515,2010-11-17 13:39:00,1,171.81,386,0,17.34435610998764,2.651653416498146,3,1,1,F1
15516,2011-10-26 10:51:00,3,62.43,44,1,14.252660362338931,3.0878990543508396,5,1,1,F1
15517,2011-04-20 14:02:00,1,267.03,232,0,56.95075670531418,8.592613505797127,4,2,1,F2
15518,2011-10-06 13:05:00,15,4218.94,63,1,752.5724747727473,114.4358712159121,5,5,5,F5
15519,2010-11-21 14:35:00,2,344.61,382,1,39.63196104380976,6.844794156571464,3,2,2,R3
15520,2011-12-08 10:58:00,1,343.5,1,0,46.93359255364944,7.0900388830474155,5,2,2,R5
15521,2011-10-30 13:42:00,16,7106.69,39,1,856.3294873225607,130.04942309838412,5,5,5,F5
15522,2011-11-07 11:26:00,2,398.84,32,1,111.26264055846408,17.589396083769614,5,3,2,R5
15523,2011-09-16 16:29:00,16,17359.99,83,1,730.3672329454029,111.15508494181041,5,5,5,F5
15524,2011-11-15 12:09:00,2,591.4,24,1,11.053743074356076,2.5580614611534114,5,1,2,R5
15525,2011-12-07 14:43:00,4,1295.7,1,1,280.66680963213037,43.10002144481955,5,4,4,R5
15526,2011-11-06 15:04:00,2,148.44,32,1,6.959398512133976,1.9439097768200966,5,1,1,F1
15527,2011-11-21 12:17:00,23,5575.64,18,1,554.7694220048517,85.16541330072775,5,5,5,R5
15528,2011-03-30 16:14:00,1,229.33,253,0,31.972363346616163,4.845854501992424,4,1,1,M1
15529,2011-11-17 11:29:00,12,5111.95,22,1,1276.2765614268994,192.84148421403492,5,5,5,R5
15530,2011-11-18 12:25:00,5,1813.72,21,1,277.9316951519332,42.73975427278997,5,4,4,R5
15531,2011-12-01 18:43:00,2,2007.44,7,1,334.77182322096917,51.115773483145375,5,4,4,R5
15532,2011-11-14 14:51:00,10,3771.9,24,1,600.4019204923771,91.36028807385657,5,5,5,R5
15533,2011-11-20 15:35:00,3,807.57,18,1,105.40796106947467,16.761194160421198,5,3,3,R5
15534,2009-12-14 12:48:00,1,162.25,725,0,16.235607538746333,2.4853411308119497,1,1,1,F1
15535,2011-06-19 16:02:00,6,1087.82,172,1,138.40350644058947,21.86052596608842,4,3,3,R4
15536,2010-10-26 16:31:00,1,259.09,408,0,42.556728171787356,6.433509225768103,3,2,1,R3
15537,2011-06-29 13:10:00,1,110.92,162,0,18.244970245872786,2.7867455368809178,4,1,1,F1
15538,2010-06-20 10:49:00,6,3358.3999999999996,537,1,53.617307405491744,9.142596110823762,2,2,5,F2
15539,2011-12-02 13:36:00,1,538.46,6,0,92.49042677083028,13.923564015624542,5,3,2,R5
15540,2011-11-28 13:51:00,2,460.68,10,1,77.6922139457466,12.55383209186199,5,3,2,R5
15541,2011-08-17 14:58:00,1,85.13000000000001,113,0,27.975004327088936,4.24625064906334,5,1,1,M1
15542,2010-07-15 13:32:00,3,918.45,511,1,228.46093508406136,35.2191402626092,2,4,3,M3
15543,2011-02-24 15:26:00,2,242.84,287,1,67.13784801762694,10.97067720264404,3,2,1,M1
15544,2011-11-30 16:43:00,20,8162.43,8,1,1383.0673782395752,209.2601067359363,5,5,5,R5
15545,2011-10-16 13:24:00,2,428.05,53,1,103.16384288988222,16.374576433482332,5,3,2,M2
15546,2010-04-12 11:51:00,2,1079.1000000000001,606,1,33.071966558130086,5.860794983719512,1,2,3,M3
15547,2011-12-02 12:52:00,26,10154.39,6,1,1946.6385252520956,294.09577878781437,5,5,5,R5
15548,2010-04-23 12:20:00,1,158.09,595,0,24.637201380307378,3.7455802070461064,1,1,1,M1
15549,2011-09-23 16:22:00,8,2345.96,76,1,266.87403814238763,41.23110572135814,5,4,4,F4
15550,2011-12-05 15:38:00,12,2218.8,3,1,337.0820333828525,51.96230500742787,5,4,4,R5
15551,2011-11-03 12:37:00,7,1710.08,36,1,244.229650418545,37.78444756278174,5,4,4,R5
15552,2011-05-06 14:47:00,2,252.52,216,1,45.021268563974736,7.65319028459621,4,2,1,R4
15553,2011-10-10 14:02:00,1,437.23,59,0,96.55217209227001,14.532825813840502,5,3,2,M2
15554,2011-03-07 09:00:00,1,217.2,277,0,23.51748146357219,3.577622219535828,4,1,1,F1
15555,2011-11-27 16:19:00,36,12112.35,11,1,2598.405999287062,392.3608998930593,5,5,5,R5
15556,2011-11-15 16:08:00,1,279.77,23,0,57.94076978254865,8.741115467382297,5,2,1,R5
15557,2011-11-11 12:46:00,1,473.65000000000003,28,0,40.580224824023375,6.137033723603506,5,2,2,R5
15558,2010-03-10 15:25:00,1,214.13,638,0,28.300763026437025,4.295114453965553,1,1,1,M1
15559,2010-05-20 14:06:00,1,1109.4,567,0,124.99008719516178,18.798513079274265,2,3,3,F3
15560,2010-11-07 10:15:00,2,153.52,397,1,20.221644597567856,3.9332466896351788,3,1,1,M1
15561,2011-11-28 11:07:00,8,1934.3899999999999,11,1,215.4043734537876,33.51065601806813,5,4,4,R5
15562,2010-12-23 09:55:00,3,673.3800000000001,351,1,60.78637837288431,10.067956755932647,3,2,3,R3
15563,2011-11-17 14:50:00,7,2867.0,21,1,545.3929003104898,82.95893504657346,5,5,4,R5
15564,2010-09-02 15:52:00,2,70.74000000000001,462,1,9.640758221439924,2.3461137332159887,2,1,1,F1
15565,2011-10-20 14:33:00,2,173.16,49,1,15.50154444490579,3.2252316667358683,5,1,1,F1
15566,2010-11-12 12:11:00,2,227.87,392,1,27.69316832202502,5.053975248303752,3,1,1,R3
15567,2011-11-21 10:48:00,1,186.01,18,0,20.127307619262968,3.0690961428894448,5,1,1,R5
15568,2011-12-07 11:27:00,3,758.29,2,1,103.9337248666934,16.54005873000401,5,3,3,R5
15569,2011-08-28 10:15:00,10,3586.35,103,1,205.3359772758396,32.10039659137594,5,4,5,F4
15570,2011-12-02 14:47:00,25,9311.04,6,1,1216.5289610278492,184.52934415417738,5,5,5,R5
15571,2011-11-28 10:02:00,14,4051.63,11,1,784.249240287358,119.1373860431037,5,5,5,R5
15572,2011-12-05 10:09:00,10,4068.67,4,1,583.5086936205901,88.8263040430885,5,5,5,R5
15573,2011-11-08 11:38:00,5,1207.18,31,1,240.55882958450186,37.13382443767527,5,4,3,R5
15574,2011-06-15 12:01:00,6,1518.7,177,1,352.92552001711346,54.03882800256701,4,5,4,R4
15575,2010-03-30 12:50:00,1,30.1,619,0,3.1780538303479458,0.5267080745521918,1,1,1,F1
15576,2011-11-02 12:03:00,1,940.6700000000001,37,0,84.48636431897079,12.722954647845619,5,3,3,M3
15577,2011-07-11 17:03:00,5,397.98,150,1,60.62255986233353,10.14338397935003,4,2,2,M2
15578,2011-06-30 13:03:00,1,127.1,161,0,15.35572700135642,2.353359050203463,4,1,1,F1
15579,2011-10-02 12:45:00,5,1302.5,68,1,217.26917852060978,33.640376778091465,5,4,4,F4
15580,2010-11-28 11:00:00,8,1381.19,376,1,303.0990102342794,46.6648515351419,3,4,4,R3
15581,2011-08-11 09:38:00,38,7794.59,120,1,915.2152419949583,139.98228629924375,5,5,5,F5
15582,2011-11-15 09:55:00,3,682.9100000000001,24,1,99.08849243346876,15.813273865020314,5,3,3,R5
15583,2010-11-28 15:04:00,1,107.86,375,0,38.05968492303922,5.758952738455883,3,2,1,M1
15584,2011-11-16 10:55:00,6,1277.5,23,1,223.6634830301329,34.64952245451993,5,4,4,R5
15585,2011-06-16 08:38:00,1,455.3,176,0,70.31894162502209,10.597841243753313,4,2,2,M2
15586,2010-04-26 11:00:00,3,1139.1,592,1,118.58525632601945,18.737788448902915,1,3,3,F3
15587,2011-10-20 13:37:00,7,1522.0800000000002,49,1,49.26429821211399,8.539644731817098,5,2,4,F2
15588,2010-01-31 12:19:00,1,579.6,677,0,12.875503299472802,1.9813254949209202,1,1,2,F1
15589,2011-03-29 09:54:00,3,478.53000000000003,255,1,59.20359092838038,9.830538639257057,4,2,2,M2
15590,2010-11-22 14:49:00,5,1496.6,381,1,195.5988670922052,30.389830063830782,3,4,4,R3
15591,2010-05-06 09:23:00,3,217.9,582,1,13.818780206831896,3.0228170310247844,1,1,1,F1
15592,2011-10-24 08:59:00,1,388.58,46,0,61.16922289991586,9.225383434987378,5,2,2,F2
15593,2011-09-30 11:46:00,1,199.8,70,0,12.824746787307683,1.9737120180961525,5,1,1,F1
15594,2011-11-24 08:53:00,5,1771.78,15,1,220.03996325996448,34.05599448899467,5,4,4,R5
15595,2010-08-09 12:27:00,1,357.6,487,0,14.221392245957654,2.1832088368936478,2,1,2,F1
15596,2011-08-31 10:55:00,9,3130.04,100,1,341.97561275579756,52.54634191336963,5,4,5,F4
15597,2011-11-04 13:26:00,2,563.37,34,1,85.66382673688186,13.749574010532278,5,3,2,R5
15598,2011-10-17 16:04:00,2,548.02,52,1,84.60050450450129,13.590075675675193,5,3,2,R5
15599,2011-11-13 11:44:00,3,1250.06,26,1,207.28225001201972,32.042337501802955,5,4,3,R5
15600,2010-10-07 14:30:00,4,1199.31,427,1,146.70189524203528,23.00528428630529,3,3,3,M3
15601,2011-11-28 15:15:00,30,14960.12,10,1,2074.6875413570524,313.50313120355787,5,5,5,R5
15602,2011-12-01 14:14:00,16,3230.51,7,1,336.42230598951386,52.06334589842707,5,4,5,R5
15603,2011-09-22 10:04:00,2,88.48,78,1,13.450067284333684,2.917510092650053,5,1,1,F1
15604,2011-10-18 14:47:00,1,216.39,51,0,38.84615290650363,5.876922935975545,5,2,1,R5
15605,2011-11-03 14:17:00,9,1936.8,35,1,199.06553781879344,31.109830672819015,5,4,4,M4
15606,2011-10-09 15:47:00,17,5230.99,60,1,331.3909739453009,51.35864609179514,5,4,5,M5
15607,2011-01-07 12:44:00,9,1708.97,336,1,266.2926758210795,41.19390137316193,3,4,4,F4
15608,2011-11-11 13:20:00,5,1785.98,27,1,243.04061226926592,37.506091840389885,5,4,4,R5
15609,2011-06-08 13:00:00,1,298.48,183,0,31.948144162836144,4.842221624425421,4,1,1,R4
15610,2011-10-19 10:36:00,1,112.46000000000001,51,0,14.548397067173234,2.2322595600759847,5,1,1,F1
15611,2011-11-30 12:36:00,26,2997.28,9,1,169.57300751808222,27.535951127712334,5,4,4,R5
15612,2011-11-03 14:52:00,2,195.15,35,1,11.472103470449973,2.620815520567496,5,1,1,F1
15613,2010-04-08 12:51:00,1,433.71999999999997,609,0,75.03976831024895,11.305965246537342,1,2,2,M2
15614,2010-09-28 10:46:00,4,3147.36,437,1,213.1466032954565,32.97199049431847,2,4,5,F4
15615,2011-11-29 14:42:00,47,21373.97,9,1,2235.672605774251,338.5008908661377,5,5,5,R5
15616,2010-09-27 13:10:00,1,317.11,437,0,27.05114129066996,4.107671193600494,2,1,2,F1
15617,2010-11-08 16:07:00,3,828.5500000000001,395,1,94.6044200417274,15.14066300625911,3,3,3,R3
15618,2011-11-07 08:34:00,4,776.851,32,1,100.76075771735779,16.114113657603667,5,3,3,R5
15619,2011-11-29 08:14:00,1,336.40000000000003,10,0,10.398945699170998,1.6098418548756497,5,1,2,R5
15620,2011-10-14 12:41:00,4,1942.36,56,1,273.20538931043,41.9808083965645,5,4,4,M4
15621,2011-12-05 14:01:00,4,1293.03,3,1,50.21905164694446,8.53285774704167,5,2,4,R5
15622,2011-10-27 16:44:00,17,7852.61,42,1,914.6432437548673,138.8464865632301,5,5,5,F5
15623,2011-07-21 17:26:00,8,2437.05,140,1,225.111775551622,34.9667663327433,4,4,4,F4
15624,2011-08-15 11:38:00,4,588.13,116,1,71.20780303506295,11.681170455259442,5,2,2,M2
15625,2011-08-28 10:21:00,9,3236.4,103,1,469.17121224454405,71.62568183668161,5,5,5,F5
15626,2011-09-26 10:03:00,3,1067.52,74,1,202.09946068755454,31.264919103133177,5,4,3,M3
15627,2010-09-08 14:14:00,2,566.9,456,1,62.05540323945429,10.208310485918144,2,2,2,F2
15628,2011-12-05 10:24:00,17,5652.26,4,1,751.5281758525786,114.37922637788677,5,5,5,R5
15629,2010-09-15 13:46:00,4,2240.9,449,1,205.7747752596198,31.866216288942965,2,4,4,M4
15630,2011-10-25 15:36:00,3,1481.4,44,1,191.68953357193166,29.703430035789747,5,4,4,R5
15631,2010-03-07 14:52:00,1,596.67,641,0,93.63478671317642,14.095218006976465,1,3,2,F3
15632,2011-11-24 09:51:00,8,3285.31,15,1,393.13806099536805,60.1707091493052,5,5,5,R5
15633,2010-07-18 13:54:00,13,4352.46,508,1,393.56573233156814,60.484859849735216,2,5,5,R2
15634,2011-11-22 16:28:00,2,554.65,16,1,63.42041704704042,10.413062557056062,5,2,2,R5
15635,2010-11-09 08:58:00,1,100.35,395,0,2.4849066497880004,0.4227359974682,3,1,1,F1
15636,2011-09-11 11:17:00,4,1444.58,89,1,125.85775476768121,19.87866321515218,5,3,4,F3
15637,2011-10-18 08:28:00,5,797.59,52,1,90.77454047104764,14.666181070657148,5,3,3,R5
15638,2010-11-26 11:52:00,6,2265.2,378,1,86.1691671847513,14.025375077712697,3,3,4,R3
15639,2011-07-28 14:30:00,3,1065.08,133,1,163.64091055611564,25.496136583417346,5,4,3,M3
15640,2011-12-05 14:35:00,29,23957.58,3,1,1936.6402604364462,292.7460390654669,5,5,5,R5
15641,2011-08-26 14:04:00,12,5345.55,104,1,779.6869268396034,118.3530390259405,5,5,5,F5
15642,2009-12-10 11:51:00,1,105.78000000000002,729,0,22.89308869503828,3.4839633042557416,1,1,1,M1
15643,2011-06-01 07:38:00,3,664.0,191,1,61.83603648402863,10.225405472604296,4,2,3,R4
15644,2011-06-26 14:54:00,4,813.0,165,1,259.8830854560017,39.98246281840026,4,4,3,F4
15645,2011-11-21 11:55:00,3,1055.17,18,1,111.35658488968724,17.653487733453083,5,3,3,R5
15646,2011-07-05 09:53:00,5,974.61,157,1,199.40089475722212,30.960134213583316,4,4,3,M3
15647,2010-10-20 15:09:00,1,169.0,414,0,26.79265649206041,4.068898473809061,3,1,1,M1
15648,2011-05-19 15:53:00,2,657.35,203,1,51.4120039348353,8.611800590225295,4,2,3,R4
15649,2011-01-07 13:34:00,4,2170.35,335,1,35.84939792091411,6.377409688137116,3,2,4,M4
15650,2010-07-06 10:41:00,2,553.88,521,1,60.89822677483022,10.034734016224533,2,2,2,F2
15651,2011-11-03 08:41:00,5,1259.06,36,1,151.38607047053665,23.7579105705805,5,4,3,R5
15652,2011-09-09 14:22:00,5,1420.34,90,1,155.88217238242382,24.432325857363573,5,4,4,R5
15653,2011-09-08 10:49:00,2,877.4399999999999,92,1,22.975481962862347,4.346322294429352,5,1,3,M3
15654,2011-11-30 13:08:00,2,922.53,8,1,58.65523951699733,9.698285927549598,5,2,3,R5
15655,2011-04-10 15:25:00,1,560.67,242,0,74.76134363309234,11.264201544963852,4,2,2,R4
15656,2011-10-25 14:56:00,4,748.5,44,1,87.47219649056373,14.120829473584559,5,3,3,R5
15657,2011-11-17 12:19:00,1,30.0,22,0,3.2188758248682006,0.53283137373023,5,1,1,R5
15658,2011-06-02 15:22:00,8,2423.4700000000003,189,1,199.5675776130032,31.135136641950478,4,4,4,R4
15659,2011-10-27 09:23:00,3,532.49,43,1,39.29625080892639,6.844437621338958,5,2,2,R5
15660,2011-11-14 16:58:00,15,2812.99,24,1,385.0513148557883,59.30769722836824,5,5,4,R5
15661,2011-01-26 13:56:00,8,1215.95,316,1,109.00779240271808,17.55116886040771,3,3,3,F3
15662,2010-02-16 16:47:00,2,283.73,660,1,26.72983449056902,4.909475173585352,1,1,1,F1
15663,2011-08-25 15:50:00,1,138.14,105,0,20.57879942634344,3.136819913951516,5,1,1,F1
15664,2011-10-20 10:57:00,4,1254.03,50,1,139.0923760981999,21.863856414729984,5,3,3,R5
15665,2011-06-24 14:57:00,5,4015.12,167,1,572.4319929354249,86.91479894031373,4,5,5,F5
15666,2010-08-24 16:14:00,2,632.9399999999999,471,1,119.63974708541188,18.845962062811783,2,3,2,F3
15667,2011-10-31 10:56:00,1,301.32,39,0,37.92182691884663,5.738274037826994,5,2,2,R5
15668,2011-05-06 10:39:00,1,76.32000000000001,217,0,4.290459441148391,0.6935689161722587,4,1,1,F1
15669,2011-10-30 16:03:00,4,684.34,39,1,70.95520939877991,11.643281409816987,5,2,3,R5
15670,2011-02-16 10:50:00,2,325.2,296,1,36.25773119285695,6.338659678928542,3,2,2,M2
15671,2011-11-21 12:43:00,7,2657.13,18,1,212.3295875752729,32.999438136290934,5,4,4,R5
15672,2009-12-14 16:52:00,1,45.300000000000004,724,0,4.02535169073515,0.6538027536102725,1,1,1,F1
15673,2011-09-12 16:12:00,9,6414.79,87,1,661.8649134962382,100.52973702443572,5,5,5,F5
15674,2011-09-27 15:17:00,13,6948.2300000000005,72,1,766.6453517134191,116.44680275701288,5,5,5,F5
15675,2011-09-19 13:48:00,4,542.04,80,1,82.84889428366263,13.427334142549395,5,3,2,M2
15676,2011-11-21 12:40:00,3,3435.76,18,1,451.61711646663497,68.69256746999524,5,5,5,R5
15677,2011-10-21 15:36:00,3,1305.63,48,1,155.63909074156146,24.295863611234218,5,4,4,R5
15678,2011-10-18 09:25:00,3,1893.89,52,1,208.87513975411548,32.281270963117315,5,4,4,M4
15679,2011-11-15 16:19:00,4,781.28,23,1,234.94685416028886,36.24202812404333,5,4,3,R5
15680,2011-11-30 13:46:00,10,4507.58,8,1,624.8623263614713,95.0293489542207,5,5,5,R5
15681,2011-11-14 16:30:00,14,2989.7,24,1,238.7572490097995,37.31358735146992,5,4,4,R5
15682,2010-04-19 15:30:00,2,318.24,598,1,53.89745321921706,8.98461798288256,1,2,2,F2
15683,2011-08-14 12:56:00,2,524.54,116,1,62.70444466268153,10.305666699402229,5,2,2,M2
15684,2010-06-10 18:51:00,3,173.95,546,1,18.5827995934288,3.7374199390143197,2,1,1,M1
15685,2010-09-15 13:43:00,1,55.980000000000004,449,0,18.65156386736075,2.8477345801041123,2,1,1,F1
15686,2010-10-15 13:50:00,1,90.0,419,0,4.290459441148391,0.6935689161722587,3,1,1,F1
15687,2011-12-01 08:33:00,9,2993.1,8,1,323.6886958318983,49.803304374784744,5,4,4,R5
15688,2010-10-17 12:06:00,1,190.57,418,0,37.500241544556836,5.675036231683525,3,1,1,M1
15689,2011-08-12 09:37:00,3,521.03,119,1,51.359745265174396,8.65396178977616,5,2,2,F2
15690,2011-12-05 15:59:00,2,239.76,3,1,57.011233500096715,9.451685025014507,5,2,1,R5
15691,2011-04-01 15:13:00,4,571.3,251,1,37.13833986350329,6.570750979525493,4,2,2,R4
15692,2011-11-11 14:12:00,1,191.04,27,0,28.99204918232065,4.398807377348097,5,1,1,R5
15693,2010-02-18 14:37:00,1,37.5,658,0,3.4339872044851463,0.565098080672772,1,1,1,F1
15694,2011-12-09 09:44:00,24,10810.81,0,1,401.54382124427514,62.23157318664127,5,5,5,R5
15695,2011-03-18 08:32:00,4,1131.04,266,1,118.95475669119021,18.84321350367853,4,3,3,F3
15696,2011-11-06 14:02:00,13,3906.57,32,1,400.78661417469345,61.56799212620401,5,5,5,R5
15697,2010-01-19 09:10:00,1,246.75,689,0,29.55386036081951,4.483079054122926,1,1,1,F1
15698,2010-03-25 17:38:00,1,46.2,623,0,6.456769655572163,1.0185154483358245,1,1,1,F1
15699,2011-11-22 08:26:00,1,309.65,17,0,30.85351652842866,4.678027479264299,5,1,2,R5
15700,2011-06-20 16:53:00,2,696.68,171,1,121.43086521308199,19.1146297819623,4,3,3,F3
15701,2011-12-07 14:39:00,4,1542.14,1,1,313.67842506718245,48.051763760077364,5,4,4,R5
15702,2010-08-20 14:50:00,2,140.39000000000001,475,1,29.260972992246018,5.289145948836902,2,1,1,M1
15703,2011-03-20 10:51:00,1,211.5,264,0,13.204236409012587,2.030635461351888,4,1,1,F1
15704,2011-07-22 13:35:00,6,3817.96,139,1,405.2619090405902,61.88928635608852,4,5,5,R4
15705,2011-05-22 15:37:00,1,143.1,200,0,10.232179601838379,1.5848269402757569,4,1,1,F1
15706,2011-10-07 10:09:00,4,1060.56,63,1,95.009516532895,15.25142747993425,5,3,3,M3
15707,2011-11-04 14:35:00,4,945.58,34,1,241.3575998856292,37.20363998284438,5,4,3,M3
15708,2011-10-30 10:54:00,9,4378.72,40,1,529.7276877750211,80.70915316625316,5,5,5,R5
15709,2011-03-01 10:38:00,2,327.85,283,1,37.96720312248945,6.595080468373417,3,2,2,F2
15710,2010-10-18 17:05:00,1,898.87,416,0,170.67533933140697,25.651300899711046,3,4,3,M3
15711,2010-06-01 12:14:00,2,420.25,556,1,50.84051637834526,8.526077456751787,2,2,2,F2
15712,2011-11-30 14:09:00,12,3472.4100000000003,8,1,327.80770847262664,50.571156270893994,5,4,5,R5
15713,2011-07-19 13:34:00,4,1010.79,142,1,118.52989239185065,18.779483858777596,4,3,3,M3
15714,2011-11-28 11:26:00,5,784.8100000000001,11,1,82.18176780297168,13.377265170445751,5,3,3,R5
15715,2010-06-02 09:56:00,5,658.02,555,1,68.8402730609377,11.376040959140656,2,2,3,F2
15716,2011-07-17 11:59:00,11,3056.81,145,1,478.2228906242737,73.08343359364105,4,5,5,M4
15717,2011-04-19 13:21:00,5,607.0,233,1,53.89116754646871,9.133675131970307,4,2,2,F2
15718,2010-06-17 16:20:00,1,293.79,539,0,28.743724292095862,4.361558643814379,2,1,1,F1
15719,2011-11-07 12:29:00,31,10223.06,32,1,2161.8231044725094,326.62346567087644,5,5,5,F5
15720,2011-11-15 14:48:00,2,741.92,23,1,156.60777022529464,24.391165533794197,5,4,3,R5
15721,2011-11-28 12:14:00,1,507.08,11,0,112.78041146928875,16.967061720393314,5,3,2,R5
15722,2011-11-04 11:43:00,11,5258.1,35,1,382.41130059556076,58.71169508933411,5,5,5,R5
15723,2010-12-10 11:12:00,4,947.65,364,1,150.0697627694511,23.510464415417665,3,3,3,M3
15724,2011-05-22 14:40:00,3,310.85,200,1,33.93060993839255,6.039591490758882,4,2,2,R4
15725,2011-11-24 14:51:00,1,415.25,14,0,60.914759718963865,9.18721395784458,5,2,2,R5
15726,2010-11-14 16:12:00,1,321.91,389,0,38.09680044108401,5.764520066162601,3,2,2,R3
15727,2011-11-23 12:36:00,15,9445.51,16,1,1330.3438135564447,201.1015720334667,5,5,5,R5
15728,2010-11-25 10:39:00,2,544.6,379,1,28.557660318447113,5.183649047767066,3,1,2,R3
15729,2011-05-11 12:36:00,3,192.55,212,1,17.543610725231492,3.5815416087847236,4,1,1,R4
15730,2011-10-05 12:31:00,5,1726.58,65,1,236.27246078584142,36.49086911787621,5,4,4,F4
15731,2010-06-04 10:10:00,1,125.3,553,0,21.928657696437135,3.33929865446557,2,1,1,M1
15732,2011-05-11 14:24:00,10,1682.07,211,1,246.8105614470817,38.32158421706225,4,4,4,R4
15733,2011-03-02 09:05:00,1,162.3,282,0,17.927027674222987,2.739054151133448,3,1,1,F1
15734,2011-08-17 10:50:00,4,2263.3,114,1,95.3793324125469,15.306899861882036,5,3,4,M4
15735,2010-10-14 13:38:00,1,327.68,420,0,43.957033615590944,6.643555042338641,3,2,2,F2
15736,2010-09-30 14:20:00,2,1815.72,434,1,230.74763903143992,35.51214585471598,2,4,4,F4
15737,2011-11-25 11:21:00,8,1205.1200000000001,14,1,143.12712195149427,22.66906829272414,5,3,3,R5
15738,2011-11-21 08:26:00,41,13372.970000000001,18,1,1355.2597933453435,206.13896900180154,5,5,5,R5
15739,2011-10-04 13:42:00,1,449.12,65,0,27.48145720175271,4.172218580262906,5,1,2,M2
15740,2011-10-21 14:29:00,1,154.88,48,0,21.730727511974244,3.3096091267961363,5,1,1,M1
15741,2010-09-07 16:21:00,2,208.62,457,1,21.68204693084147,4.15230703962622,2,1,1,M1
15742,2010-03-30 15:25:00,1,156.87,618,0,31.699122911993946,4.804868436799092,1,1,1,M1
15743,2011-11-23 17:19:00,4,784.46,15,1,96.54680835662539,15.482021253493809,5,3,3,R5
15744,2011-09-23 09:52:00,1,34.8,77,0,11.002516421089453,1.7003774631634179,5,1,1,F1
15745,2011-11-20 13:45:00,4,1094.59,18,1,113.53422591125002,18.0301338866875,5,3,3,R5
15746,2011-07-28 15:21:00,1,196.88,133,0,49.149968051019215,7.422495207652882,5,2,1,M1
15747,2011-11-27 12:26:00,9,2562.61,12,1,360.65514158304137,55.3482712374562,5,5,4,R5
15748,2011-10-30 12:51:00,3,614.7600000000001,39,1,42.4642820650471,7.319642309757065,5,2,2,R5
15749,2011-04-18 13:20:00,3,44534.3,234,1,73.78167532743598,12.017251299115397,4,2,5,M5
15750,2011-12-07 12:34:00,18,6797.191,2,1,1134.7389944078295,171.91084916117444,5,5,5,R5
15751,2010-09-05 12:44:00,11,1380.44,460,1,161.10786782038255,25.516180173057382,2,4,4,R2
15752,2011-10-31 11:37:00,9,4207.54,39,1,948.4281162652755,143.51421743979134,5,5,5,F5
15753,2011-02-08 12:41:00,1,79.2,304,0,4.976733742420574,0.7965100613630861,3,1,1,F1
15754,2011-10-19 14:40:00,9,3037.61,50,1,312.4539905292792,48.118098579391884,5,4,5,R5
15755,2011-11-29 14:57:00,17,5993.12,9,1,829.4087194517532,126.06130791776296,5,5,5,R5
15756,2011-10-09 13:30:00,4,532.96,60,1,149.45165940548915,23.417748910823374,5,3,2,R5
15757,2011-10-05 12:14:00,6,2940.36,65,1,394.8456093668025,60.32684140502036,5,5,4,R5
15758,2011-11-15 10:48:00,1,205.25,24,0,16.195473271979665,2.4793209907969493,5,1,1,R5
15759,2011-05-05 15:13:00,7,830.9300000000001,217,1,43.350587187458494,7.652588078118773,4,2,3,R4
15760,2010-03-19 11:45:00,2,13916.34,630,1,1.3862943611198906,1.1079441541679835,1,1,5,F1
15761,2010-09-23 09:33:00,1,143.05,442,0,9.185022563991893,1.427753384598784,2,1,1,F1
15762,2011-10-05 16:15:00,2,583.75,64,1,70.09116360019773,11.41367454002966,5,2,2,R5
15763,2011-11-08 09:44:00,2,1086.92,31,1,92.9671189585806,14.84506784378709,5,3,3,R5
15764,2011-09-12 17:58:00,8,4503.08,87,1,572.7253848505549,87.10880772758323,5,5,5,F5
15765,2010-02-11 10:25:00,1,370.63,666,0,60.91891330763667,9.187836996145501,1,2,2,F2
15766,2011-10-06 17:03:00,3,831.06,63,1,64.11809692383291,10.567714538574936,5,2,3,M3
15768,2011-08-16 10:48:00,34,15601.09,115,1,1555.3175596068695,235.79763394103043,5,5,5,F5
15769,2011-12-02 13:52:00,46,88704.32,6,1,1165.0497327386365,177.85745991079548,5,5,5,R5
15770,2010-04-06 11:47:00,1,321.45,612,0,26.674324969419352,4.0511487454129025,1,1,2,F1
15771,2010-04-14 13:56:00,3,1006.54,603,1,67.94827720900554,11.14224158135083,1,2,3,M3
15772,2010-10-17 13:33:00,1,280.88,417,0,29.432172951874257,4.464825942781138,3,1,1,F1
15773,2011-12-04 12:48:00,2,774.52,5,1,67.58419459514229,11.037629189271344,5,2,3,R5
15774,2011-10-02 12:04:00,6,1329.94,68,1,151.96593454525012,23.89489018178752,5,4,4,R5
15775,2011-04-08 12:56:00,2,150.5,244,1,24.73782326556231,4.610673489834347,4,1,1,M1
15776,2011-07-29 13:46:00,1,241.62,132,0,33.485506537245385,5.072825980586807,5,1,1,M1
15777,2011-04-12 16:43:00,7,1762.61,240,1,91.36087789652997,14.854131684479496,4,3,4,M4
15778,2010-10-04 15:10:00,1,307.95,430,0,29.81749154076686,4.522623731115028,2,1,2,F1
15779,2010-09-02 16:40:00,2,124.08000000000001,462,1,9.21830854162536,2.282746281243804,2,1,1,F1
15780,2011-06-09 12:01:00,3,475.28000000000003,183,1,55.14657011425591,9.221985517138387,4,2,2,F2
15781,2011-11-14 14:57:00,3,345.46,24,1,41.88329009502575,7.232493514253862,5,2,2,R5
15782,2011-11-30 10:49:00,4,4014.1,9,1,175.73526533269737,27.360289799904603,5,4,5,R5
15783,2011-11-29 09:50:00,1,246.3,10,0,29.92988900649065,4.5394833509735975,5,1,1,R5
15784,2010-08-29 10:38:00,2,848.3299999999999,467,1,89.90120821888947,14.38518123283342,2,3,3,M3
15785,2011-11-07 11:33:00,16,5969.93,32,1,604.9316981103756,92.33975471655633,5,5,5,F5
15786,2011-10-24 14:13:00,5,8514.82,45,1,1125.0436672326903,169.80655008490353,5,5,5,F5
15787,2011-11-13 14:55:00,3,948.05,25,1,237.39051094278778,36.55857664141816,5,4,3,R5
15788,2010-07-19 12:48:00,1,221.82999999999998,508,0,26.86495344587818,4.079743016881727,2,1,1,R2
15789,2010-12-16 14:35:00,6,1962.01,357,1,368.0185490639373,56.30278235959059,3,5,4,M4
15790,2011-11-29 14:53:00,1,220.85,9,0,38.60782891077376,5.841174336616064,5,2,1,R5
15791,2011-10-27 10:14:00,5,3608.34,43,1,394.9776404559689,60.29664606839533,5,5,5,R5
15792,2010-11-05 08:21:00,2,933.84,399,1,129.57796451084613,20.33669467662692,3,3,3,M3
15793,2011-11-25 09:31:00,8,2399.57,14,1,107.68497977301892,17.352746965952836,5,3,4,R5
15794,2009-12-03 13:04:00,2,777.0,735,1,39.28149222913028,6.792223834369541,1,2,3,M3
15795,2011-07-13 10:43:00,8,1979.8700000000001,149,1,294.1510860899745,45.322662913496174,4,4,4,M4
15796,2011-12-08 19:55:00,17,5175.83,0,1,512.8238882748818,78.57358324123226,5,5,5,R5
15797,2011-08-18 17:04:00,6,2821.08,112,1,52.73326608019033,9.009989912028551,5,2,4,F2
15798,2010-08-04 09:13:00,3,1535.37,492,1,195.1470179858318,30.22205269787477,2,4,4,R2
15799,2011-09-25 12:46:00,4,1424.29,75,1,292.4155623212308,44.862334348184625,5,4,4,F4
15800,2011-08-24 14:23:00,7,1242.58,106,1,255.751283606398,39.5126925409597,5,4,3,F4
15801,2011-10-24 13:52:00,3,1063.95,45,1,136.83400499536603,21.475100749304904,5,3,3,R5
15802,2011-07-20 11:38:00,1,451.42,142,0,0.6931471805599453,0.1539720770839918,4,1,2,F1
15803,2011-10-19 14:56:00,4,1929.66,50,1,144.2426925053557,22.636403875803357,5,3,4,M4
15804,2011-12-09 12:31:00,13,4206.39,0,1,556.8097910776895,84.97146866165343,5,5,5,R5
15805,2011-11-16 16:32:00,30,10189.23,22,1,1235.8904656385419,187.68356984578128,5,5,5,R5
15806,2011-10-24 14:35:00,3,784.58,45,1,86.2059105236707,13.880886578550605,5,3,3,R5
15807,2011-10-20 14:10:00,5,1817.52,49,1,212.11210001722566,32.86681500258385,5,4,4,M4
15808,2011-02-06 14:33:00,21,18409.93,305,1,1666.418230570004,251.8127345855006,3,5,5,F5
15809,2011-11-03 16:40:00,7,1274.44,35,1,122.26676864061703,19.490015296092555,5,3,4,R5
15810,2011-09-22 09:38:00,8,2999.04,78,1,375.1380494754046,57.470707421310685,5,5,4,R5
15811,2011-11-17 15:31:00,7,3890.52,21,1,522.6527880288943,79.54791820433414,5,5,5,R5
15812,2011-08-24 14:19:00,12,5201.47,106,1,264.67633412030506,41.101450118045754,5,4,5,M5
15813,2011-05-16 08:13:00,2,1303.9099999999999,207,1,96.87198623934914,15.43079793590237,4,3,4,R4
15814,2011-11-23 08:17:00,6,2634.44,16,1,249.25501977827142,38.4882529667407,5,4,4,R5
15815,2011-10-07 12:42:00,5,2100.6,63,1,157.16907302413736,24.625360953620604,5,4,4,M4
15816,2010-06-15 13:36:00,2,144.14999999999998,541,1,16.881246392086894,3.432186958813034,2,1,1,M1
15817,2010-10-15 11:07:00,3,2766.4,420,1,339.2661078248513,51.83991617372769,3,4,4,M4
15818,2010-04-30 12:58:00,1,340.5,587,0,29.25959454341893,4.438939181512839,1,1,2,F1
15819,2011-10-21 14:50:00,10,3934.79,48,1,615.273552414743,93.59103286221145,5,5,5,F5
15820,2011-01-24 12:00:00,1,206.98,319,0,25.24608878667362,3.836913318001043,3,1,1,F1
15821,2011-10-26 15:48:00,2,570.96,43,1,83.52009153100198,13.428013729650297,5,3,2,R5
15822,2011-12-06 14:50:00,6,1840.06,2,1,162.681346200749,25.502201930112353,5,4,4,R5
15823,2010-12-02 15:08:00,3,3897.17,371,1,357.04533855433374,54.506800783150055,3,5,5,R3
15824,2010-09-12 13:20:00,2,890.94,452,1,72.99448334070689,11.849172501106034,2,2,3,M3
15825,2011-06-20 13:27:00,1,532.94,171,0,43.63420415537352,6.595130623306027,4,2,2,R4
15826,2011-10-14 16:05:00,4,2598.28,55,1,297.98528073233143,45.697792109849715,5,4,4,R5
15827,2011-09-27 15:35:00,28,3794.07,72,1,439.3867960639663,68.10801940959495,5,5,5,R5
15828,2010-11-29 16:41:00,1,1108.82,374,0,117.98458379644715,17.74768756946707,3,3,3,R3
15829,2011-09-01 16:45:00,2,636.14,98,1,146.97463154569058,22.946194731853588,5,3,3,F3
15830,2011-11-02 10:40:00,1,576.0,37,0,86.54463350670959,13.031695026006439,5,3,2,R5
15831,2011-10-12 13:14:00,3,801.76,57,1,135.8473171368789,21.327097570531834,5,3,3,R5
15832,2011-03-30 15:29:00,1,836.79,253,0,117.42307813522642,17.663461720283962,4,3,3,F3
15833,2009-12-02 11:59:00,1,80.4,737,0,8.61031916940572,1.341547875410858,1,1,1,F1
15834,2011-09-30 14:41:00,7,3772.9900000000002,69,1,551.8024682678929,83.92037024018393,5,5,5,F5
15835,2011-10-26 15:47:00,4,954.09,43,1,109.00993398731644,17.351490098097464,5,3,3,F3
15836,2011-10-20 17:13:00,1,137.37,49,0,11.19238956764737,1.7288584351471055,5,1,1,F1
15837,2011-10-06 09:01:00,2,777.01,64,1,100.78779219802536,16.018168829703804,5,3,3,F3
15838,2011-11-28 14:00:00,34,74163.0,10,1,976.9196467540816,149.03794701311222,5,5,5,R5
15839,2011-11-06 13:54:00,3,1048.49,32,1,145.1446221778525,22.721693326677876,5,3,3,R5
15840,2011-10-12 09:08:00,2,355.56,58,1,67.7355782838682,11.06033674258023,5,2,2,R5
15841,2011-09-28 12:15:00,9,2742.41,72,1,272.83251289003084,42.17487693350463,5,4,4,F4
15842,2010-11-11 14:08:00,2,548.8,392,1,55.72250524805262,9.258375787207893,3,2,2,F2
15843,2011-02-09 10:19:00,1,118.95000000000002,303,0,10.689760711085556,1.6534641066628335,3,1,1,F1
15844,2011-10-24 15:19:00,1,130.73999999999998,45,0,27.40203233069014,4.160304849603521,5,1,1,M1
15845,2011-11-22 09:42:00,11,4426.28,17,1,412.50064692660646,63.22509703899096,5,5,5,R5
15846,2010-11-19 14:40:00,1,107.01,384,0,32.76112338605901,4.964168507908852,3,1,1,M1
15847,2011-11-01 14:41:00,5,822.57,37,1,97.87219911513391,15.730829867270087,5,3,3,R5
15848,2010-03-28 10:54:00,1,139.94,621,0,27.94570493674244,4.241855740511366,1,1,1,M1
15850,2011-11-20 14:14:00,6,1058.72,18,1,346.4177950308396,53.06266925462594,5,4,3,R5
15851,2010-07-01 12:34:00,1,109.73,526,0,15.895951599977193,2.4343927399965786,2,1,1,F1
15852,2011-06-06 11:22:00,3,257.26,186,1,30.542798636682704,5.531419795502406,4,1,1,R4
15853,2011-10-19 10:38:00,1,110.8,51,0,37.964577024176876,5.744686553626531,5,2,1,M1
15854,2011-12-05 13:39:00,21,5583.81,3,1,376.5370200616856,58.33055300925283,5,5,5,R5
15855,2011-07-26 10:20:00,6,1052.72,136,1,170.21654934696383,26.632482402044577,4,4,3,M3
15856,2011-12-05 17:09:00,52,34220.340000000004,3,1,2920.0334532072893,441.4050179810934,5,5,5,R5
15857,2011-11-21 12:18:00,2,570.48,18,1,74.79232109825493,12.118848164738239,5,2,2,R5
15858,2011-11-24 12:48:00,13,3960.37,15,1,755.401412804429,114.76021192066435,5,5,5,R5
15859,2010-10-03 12:52:00,1,438.46,431,0,43.15133939623792,6.522700909435688,2,2,2,M2
15860,2011-10-30 11:25:00,17,2505.21,40,1,423.6739201044714,65.2010880156707,5,5,4,R5
15861,2011-11-27 15:59:00,12,4401.79,11,1,1207.092452766093,182.46386791491395,5,5,5,R5
15862,2011-12-01 13:28:00,13,2928.29,7,1,618.6822561953572,94.25233842930359,5,5,4,R5
15863,2011-11-14 12:49:00,5,358.7,25,1,69.25617897847135,11.438426846770703,5,2,2,R5
15864,2011-11-17 13:32:00,7,2180.76,21,1,80.9979128762775,13.299686931441624,5,3,4,R5
15865,2011-10-30 12:43:00,5,2248.92,40,1,248.58029048358526,38.33704357253779,5,4,4,R5
15866,2011-08-30 14:09:00,1,230.53,100,0,43.073280987476345,6.510992148121451,5,2,1,M1
15867,2011-12-04 13:32:00,31,9063.95,4,1,1455.822118130107,220.72331771951605,5,5,5,R5
15868,2010-05-05 14:11:00,1,94.53,582,0,10.114558522616068,1.5671837783924103,1,1,1,F1
15869,2011-03-07 17:23:00,3,323.65999999999997,276,1,59.15876850788986,9.82381527618348,4,2,2,F2
15870,2011-11-07 10:58:00,4,862.61,32,1,174.61457507984744,27.192186261977117,5,4,3,R5
15871,2010-09-28 14:16:00,1,33.099999999999994,436,0,3.4657359027997265,0.569860385419959,2,1,1,F1
15872,2011-11-25 11:55:00,4,795.68,14,1,212.17204900047545,32.825807350071315,5,4,3,R5
15873,2010-07-28 12:41:00,4,313.91999999999996,499,1,31.23978834590716,5.685968251886074,2,1,2,R2
15874,2011-10-07 12:31:00,21,11284.76,63,1,774.4368262689172,118.01552394033757,5,5,5,F5
15875,2010-03-03 16:51:00,1,111.72,645,0,28.765651555015992,4.3648477332523985,1,1,1,M1
15876,2010-10-26 18:58:00,2,1449.1399999999999,408,1,41.439155348176236,7.115873302226435,3,2,4,R3
15877,2011-12-08 11:53:00,2,493.28,1,1,128.99412021447029,20.249118032170543,5,3,2,R5
15878,2010-05-27 12:17:00,2,330.77,561,1,67.62666697210224,11.044000045815336,2,2,2,F2
15879,2010-10-31 16:21:00,4,1157.3,403,1,207.36063272476548,32.10409490871482,3,4,3,F4
15880,2010-12-05 13:00:00,1,686.5600000000001,368,0,193.99903707127595,29.149855560691392,3,4,3,R3
15881,2011-01-31 16:59:00,5,501.39000000000004,311,1,42.926314913366696,7.488947237005004,3,2,2,M2
15882,2011-05-25 11:35:00,8,1495.98,198,1,159.25109604532483,25.087664406798723,4,4,4,R4
15883,2011-12-07 17:05:00,2,396.48,1,1,70.38705567656207,11.458058351484311,5,2,2,R5
15884,2010-10-03 15:55:00,2,249.70000000000002,431,1,29.180125654377697,5.277018848156654,2,1,1,M1
15885,2011-09-08 10:43:00,15,1951.82,92,1,186.58155003814466,29.537232505721697,5,4,4,M4
15886,2011-10-10 14:25:00,4,1052.8700000000001,59,1,108.85384779979164,17.328077169968743,5,3,3,F3
15887,2010-10-29 08:36:00,3,1027.15,406,1,91.90470690417993,14.73570603562699,3,3,3,M3
15888,2011-09-20 12:30:00,3,429.16,80,1,51.13207150176601,8.619810725264902,5,2,2,M2
15889,2011-07-06 11:10:00,8,1806.28,156,1,398.89438712654555,61.034158068981824,4,5,4,M4
15890,2010-11-10 12:46:00,5,535.65,394,1,20.56032874944453,4.134049312416679,3,1,2,R3
15891,2011-04-27 12:35:00,1,524.52,226,0,104.21792425650172,15.682688638475257,4,3,2,R4
15892,2010-02-08 16:23:00,1,128.2,668,0,29.2832091336929,4.442481370053935,1,1,1,M1
15893,2010-08-15 11:12:00,1,305.28000000000003,481,0,5.666426688112432,0.8999640032168649,2,1,2,F1
15894,2011-03-31 13:50:00,2,420.29,252,1,93.59406470043984,14.939109705065977,4,3,2,M2
15895,2011-07-13 10:27:00,1,179.17,149,0,14.146527943902523,2.171979191585378,4,1,1,F1
15897,2011-05-29 13:50:00,2,222.05,193,1,35.33974340047291,6.200961510070936,4,2,1,R4
15898,2011-12-08 15:23:00,25,5596.31,0,1,849.2198443466164,129.43297665199248,5,5,5,R5
15899,2010-12-06 10:36:00,1,112.5,368,0,16.610968035455382,2.541645205318307,3,1,1,F1
15900,2011-11-16 12:19:00,4,900.4,23,1,181.50261958547918,28.225392937821876,5,4,3,R5
15901,2011-11-23 12:43:00,7,703.22,16,1,207.8165202704083,32.32247804056124,5,4,3,R5
15902,2010-11-24 16:57:00,1,145.01,379,0,28.600867618887364,4.340130142833104,3,1,1,M1
15903,2011-11-30 08:08:00,12,8939.84,9,1,397.19225477533746,60.978838216300616,5,5,5,R5
15904,2011-12-01 14:50:00,1,164.68,7,0,34.67374755748085,5.251062133622128,5,1,1,R5
15905,2010-06-14 16:00:00,1,114.69,542,0,26.72436692120422,4.058655038180633,2,1,1,M1
15906,2011-11-20 12:24:00,10,2555.64,19,1,278.592427619906,43.0888641429859,5,4,4,R5
15907,2011-12-06 12:21:00,3,967.45,3,1,238.73309580694183,36.75996437104127,5,4,3,R5
15908,2010-08-06 11:56:00,2,764.57,490,1,50.31983010095495,8.447974515143242,2,2,3,F2
15909,2011-06-19 10:38:00,1,191.94,173,0,17.796161368250658,2.7194242052375985,4,1,1,F1
15910,2011-12-09 10:51:00,15,2681.8,0,1,803.5191584921668,122.077873773825,5,5,4,R5
15911,2010-03-26 12:06:00,8,1702.34,623,1,320.59647544684356,49.289471317026525,1,4,4,M4
15912,2011-06-14 14:29:00,9,1074.7,177,1,149.49833784782442,23.674750677173662,4,4,3,R4
15913,2010-06-23 16:31:00,1,6.300000000000001,533,0,1.3862943611198906,0.2579441541679836,2,1,1,F1
15914,2010-11-26 16:10:00,2,205.99,377,1,20.92825180457793,4.0392377706866895,3,1,1,R3
15915,2010-11-03 11:13:00,1,429.21,401,0,141.27133019543913,21.24069952931587,3,3,2,M2
15916,2011-11-23 13:46:00,13,3427.17,15,1,484.25749545648915,74.08862431847338,5,5,5,R5
15917,2011-04-06 10:40:00,5,560.63,247,1,136.4551824281987,21.518277364229803,4,3,2,R4
15918,2011-06-02 11:42:00,3,582.88,190,1,86.62651727469974,13.94397759120496,4,3,2,R4
15919,2011-11-20 11:28:00,2,910.61,19,1,227.23793324680088,34.98568998702013,5,4,3,R5
15920,2011-07-08 15:31:00,9,571.64,153,1,107.0199081589718,17.30298622384577,4,3,2,F3
15921,2011-06-20 11:03:00,4,802.11,172,1,101.38192493869478,16.207288740804216,4,3,3,F3
15922,2010-12-01 13:51:00,1,739.0,372,0,50.56753515189587,7.635130272784379,3,2,3,R3
15923,2010-12-02 12:16:00,1,254.16,372,0,54.82752713611838,8.274129070417757,3,2,1,F2
15924,2009-12-08 15:00:00,1,102.82,730,0,17.52455022249275,2.678682533373912,1,1,1,F1
15925,2011-05-29 15:35:00,1,207.15,193,0,24.791927524555508,3.7687891286833257,4,1,1,R4
15926,2010-06-15 15:23:00,1,134.44,541,0,21.11196545705808,3.2167948185587116,2,1,1,M1
15927,2010-03-02 13:25:00,1,123.39,646,0,20.660158968904312,3.1490238453356465,1,1,1,F1
15928,2010-02-21 15:16:00,1,293.53,655,0,28.567547207790703,4.335132081168605,1,1,1,F1
15929,2010-03-05 14:56:00,1,594.0,643,0,4.795790545596741,0.7693685818395112,1,1,2,F1
15930,2011-10-03 14:52:00,1,426.63,66,0,40.10046827948148,6.065070241922222,5,2,2,M2
15931,2010-10-07 16:46:00,1,239.9,427,0,29.881514743603883,4.532227211540582,3,1,1,F1
15932,2011-12-05 17:13:00,8,2495.87,3,1,329.4094837098209,50.61142255647313,5,4,4,R5
15933,2011-11-18 13:14:00,3,1107.46,20,1,173.49744637849327,26.97461695677399,5,4,3,R5
15934,2010-10-18 10:13:00,2,2190.66,417,1,115.55327534909651,18.23299130236448,3,3,4,F3
15935,2011-04-14 13:27:00,2,416.86,238,1,26.485741598815984,4.872861239822397,4,1,2,M2
15936,2010-11-25 16:39:00,2,282.79,378,1,42.948049058489694,7.342207358773454,3,2,1,R3
15937,2011-10-06 15:48:00,1,145.35,63,0,16.425215284077566,2.513782292611635,5,1,1,F1
15938,2011-08-19 12:56:00,9,734.81,111,1,92.22974792821341,15.084462189232012,5,3,3,F3
15939,2011-09-11 11:30:00,16,9060.39,89,1,491.966771839525,75.39501577592874,5,5,5,M5
15940,2011-02-01 16:18:00,1,35.8,310,0,1.6094379124341003,0.29141568686511504,3,1,1,F1
15941,2010-03-12 14:45:00,1,405.0,636,0,14.151617727956774,2.1727426591935157,1,1,2,F1
15942,2011-07-29 09:01:00,1,337.44,133,0,37.052668172389346,5.607900225858401,5,1,2,M2
15943,2010-02-28 12:49:00,2,271.28999999999996,649,1,32.22011196057922,5.733016794086882,1,2,1,M1
15944,2011-03-08 10:33:00,4,2164.24,276,1,98.96250223360914,15.84437533504137,4,3,4,M4
15945,2010-12-09 13:14:00,4,827.27,364,1,65.25550522867248,10.788325784300872,3,2,3,R3
15946,2010-07-25 12:18:00,3,2304.18,502,1,101.0811255711047,16.112168835665706,2,3,4,R2
15947,2011-09-18 10:46:00,1,1708.24,82,0,80.9797531494093,12.196962972411397,5,2,4,M4
15948,2011-12-01 15:32:00,3,1509.0900000000001,7,1,203.8680979903388,31.530214698550818,5,4,4,R5
15949,2011-11-23 09:09:00,2,364.72,16,1,50.40789436826946,8.461184155240419,5,2,2,R5
15950,2011-11-08 11:09:00,10,7180.71,31,1,769.5983963465325,116.73975945197986,5,5,5,F5
15951,2011-12-01 08:34:00,3,1013.17,8,1,114.62695194005131,18.144042791007696,5,3,3,R5
15952,2011-11-06 11:18:00,4,806.57,33,1,123.33089200395,19.4996338005925,5,3,3,R5
15953,2011-11-24 15:32:00,18,3669.5499999999997,14,1,344.08649355559396,53.31297403333909,5,4,5,R5
15954,2010-04-29 13:35:00,1,190.75,588,0,35.011211177584975,5.301681676637746,1,1,1,M1
15955,2011-11-15 14:15:00,22,8658.36,23,1,851.5933313339319,129.63899970008978,5,5,5,R5
15956,2010-06-06 13:06:00,2,617.6,550,1,40.96061201253054,7.04409180187958,2,2,2,F2
15957,2011-11-08 12:14:00,3,930.1,31,1,180.03068030235903,27.95460204535385,5,4,3,R5
15958,2011-09-26 13:41:00,4,492.99,73,1,76.72217981267917,12.508326971901875,5,3,2,M2
15959,2010-01-26 16:38:00,3,579.49,681,1,88.28829412791052,14.193244119186579,1,3,2,M2
15960,2010-11-30 15:57:00,4,410.95,373,1,55.716338273655346,9.357450741048302,3,2,2,R3
15961,2010-11-25 15:59:00,1,451.28999999999996,378,0,46.73302779494888,7.0599541692423315,3,2,2,R3
15962,2010-09-16 13:48:00,1,295.83,448,0,79.84635620172007,12.026953430258011,2,2,1,R2
15963,2011-11-20 11:33:00,2,470.76,19,1,64.4835659135767,10.572534887036504,5,2,2,R5
15964,2010-02-14 15:30:00,1,272.96000000000004,662,0,30.94297716165776,4.691446574248664,1,1,1,F1
15965,2011-11-22 16:44:00,13,3013.09,16,1,500.8448488677807,76.5767273301671,5,5,5,R5
15966,2010-09-15 10:44:00,1,426.53000000000003,450,0,61.52671637493395,9.279007456240093,2,2,2,M2
15967,2011-11-16 15:41:00,12,3041.6,22,1,544.9834754743455,83.14752132115181,5,5,5,R5
15968,2010-11-16 13:04:00,1,418.05,387,0,93.57907250262527,14.086860875393791,3,3,2,M2
15969,2011-12-07 11:06:00,5,1127.05,2,1,66.3747099082473,11.006206486237096,5,2,3,R5
15970,2011-02-09 12:08:00,2,1017.32,303,1,61.944769742950356,10.191715461442554,3,2,3,M3
15971,2011-11-22 12:50:00,18,5902.83,17,1,149.49679763083913,24.124519644625867,5,4,5,R5
15972,2010-09-09 13:20:00,5,1810.27,455,1,189.24801031616224,29.437201547424337,2,4,4,M4
15973,2010-12-08 11:42:00,3,988.44,366,1,39.767776710198504,6.915166506529776,3,2,3,M3
15974,2011-10-31 13:13:00,7,3442.15,38,1,413.66394578201204,63.1995918673018,5,5,5,R5
15975,2011-09-16 13:33:00,1,371.01,83,0,54.847701736543826,8.277155260481575,5,2,2,F2
15976,2011-06-27 13:00:00,6,1746.6399999999999,164,1,416.4452024826687,63.5667803724003,4,5,4,M4
15977,2011-11-22 13:29:00,2,1054.73,16,1,135.5666507663562,21.23499761495343,5,3,3,R5
15978,2011-09-23 15:21:00,3,3279.42,76,1,353.5643444533603,53.98465166800404,5,5,5,R5
15979,2010-04-16 11:35:00,1,329.22,602,0,63.28360043267109,9.542540064900665,1,2,2,F2
15980,2011-09-12 09:41:00,7,6593.68,88,1,391.95041941032605,59.942562911548904,5,5,5,M5
15981,2011-11-15 08:00:00,21,9362.77,24,1,767.3562608648101,116.9534391297215,5,5,5,R5
15982,2010-04-13 15:47:00,1,324.51,604,0,53.33343150104833,8.05001472515725,1,2,2,F2
15983,2011-11-17 17:34:00,8,3958.8199999999997,21,1,544.2732380767087,82.8409857115063,5,5,5,R5
15984,2011-12-07 12:16:00,30,8759.32,2,1,1155.3368908026212,175.60053362039318,5,5,5,R5
15985,2011-08-08 16:31:00,7,2715.28,122,1,297.54907597782653,45.78236139667398,5,4,4,F4
15986,2011-11-09 15:17:00,2,354.42,29,1,64.58381628993261,10.587572443489892,5,2,2,R5
15987,2011-11-27 15:38:00,8,1682.13,11,1,239.1779855465796,37.076697831986934,5,4,4,R5
15988,2011-11-20 13:23:00,3,770.09,18,1,149.0392141013036,23.305882115195537,5,3,3,R5
15989,2010-11-29 12:03:00,2,372.51,375,1,78.38569499626007,12.65785424943901,3,3,2,R3
15990,2011-10-26 15:58:00,7,2010.05,43,1,290.6310211724621,44.74465317586932,5,4,4,M4
15991,2010-06-23 15:50:00,1,150.55,533,0,10.9289913693836,1.6893487054075398,2,1,1,F1
15992,2011-12-06 11:00:00,3,896.6,3,1,120.86974513315822,19.08046176997373,5,3,3,R5
15993,2011-12-01 10:45:00,7,2797.57,8,1,726.5801826391231,110.13702739586846,5,5,4,R5
15994,2011-10-16 12:28:00,3,1202.18,54,1,155.1804173497746,24.227062602466187,5,4,3,R5
15995,2010-10-21 13:57:00,1,696.19,413,0,135.40627581744252,20.360941372616377,3,3,3,F3
15996,2011-09-12 15:14:00,7,1686.9,87,1,269.03758292086155,41.50563743812923,5,4,4,F4
15998,2011-11-03 12:45:00,16,8308.34,36,1,1898.7617336290298,286.4142600443545,5,5,5,F5
15999,2009-12-04 12:31:00,1,20.4,735,0,3.2188758248682006,0.53283137373023,1,1,1,F1
16000,2011-12-07 12:17:00,3,12393.7,2,1,56.46792849228275,9.420189273842414,5,2,5,R5
16001,2010-11-23 17:10:00,1,583.39,380,0,70.18427723793727,10.577641585690591,3,2,2,R3
16002,2010-03-24 13:08:00,1,169.21,624,0,37.34633503516176,5.651950255274263,1,1,1,M1
16003,2011-11-10 09:57:00,10,5613.83,29,1,465.95583376594794,71.19337506489218,5,5,5,R5
16004,2010-08-22 11:48:00,5,2146.39,474,1,216.63008705314644,33.54451305797196,2,4,4,F4
16005,2011-11-27 13:47:00,10,2436.22,11,1,559.3095536378129,85.19643304567192,5,5,4,R5
16006,2011-05-12 13:12:00,2,347.17,210,1,84.74601283687316,13.611901925530974,4,3,2,R4
16007,2011-10-23 11:05:00,7,3075.14,47,1,859.7606743847788,130.11410115771682,5,5,5,F5
16008,2011-11-16 10:32:00,15,5384.13,23,1,589.535694013837,89.98035410207554,5,5,5,R5
16009,2011-11-17 16:51:00,4,992.71,21,1,125.2438630422377,19.786579456335655,5,3,3,R5
16010,2011-04-08 10:14:00,11,1724.06,245,1,376.31691940364857,57.79753791054728,4,5,4,M4
16011,2011-12-01 16:31:00,29,5880.46,7,1,836.3785639762773,127.7067845964416,5,5,5,R5
16012,2011-11-04 13:25:00,5,2989.79,34,1,433.6347958033183,66.09521937049774,5,5,4,R5
16013,2011-12-06 10:36:00,84,57446.44,3,1,912.7040217791819,141.90560326687728,5,5,5,R5
16014,2011-11-02 12:04:00,5,1130.27,37,1,265.54851314986524,40.88227697247978,5,4,3,R5
16015,2011-12-06 10:58:00,3,705.39,3,1,263.65279924382605,40.497919886573904,5,4,3,R5
16016,2011-12-06 14:35:00,11,2533.94,2,1,438.69903016867306,67.15485452530095,5,5,4,R5
16017,2011-10-23 12:56:00,5,1553.83,46,1,210.7476938510233,32.6621540776535,5,4,4,F4
16018,2011-10-31 14:13:00,4,698.13,38,1,97.53726900782031,15.630590351173046,5,3,3,R5
16019,2011-10-24 11:51:00,27,17465.85,46,1,980.5192132918912,149.22788199378368,5,5,5,F5
16020,2011-11-23 11:18:00,3,851.01,16,1,106.21873342518704,16.882810013778055,5,3,3,R5
16021,2010-11-09 14:48:00,2,532.25,394,1,133.99445568396183,20.999168352594275,3,3,2,R3
16022,2011-03-24 13:16:00,1,628.28,259,0,99.8957394854767,15.034360922821504,4,3,2,F3
16023,2011-10-24 16:34:00,3,719.81,45,1,131.02498719753592,20.603748079630385,5,3,3,R5
16024,2011-11-27 13:26:00,3,484.2,11,1,128.24099046202085,20.186148569303125,5,3,2,R5
16025,2011-11-10 11:45:00,1,439.65999999999997,29,0,68.03297299824347,10.25494594973652,5,2,2,R5
16026,2011-10-27 13:53:00,1,236.09,42,0,63.529995198642446,9.579499279796368,5,2,1,R5
16027,2011-09-09 10:47:00,15,2048.36,91,1,112.82934853479978,18.474402280219966,5,3,4,M4
16028,2010-04-23 11:45:00,1,82.2,595,0,7.362010551259734,1.15430158268896,1,1,1,F1
16029,2011-11-01 10:27:00,107,122209.14,38,1,1708.0745793161602,262.36118689742403,5,5,5,F5
16030,2011-02-03 11:28:00,1,331.24,309,0,59.27949995592642,8.941924993388962,3,2,2,F2
16031,2011-09-08 13:07:00,2,548.94,91,1,123.18603988495124,19.37790598274269,5,3,2,F3
16032,2010-09-09 18:00:00,6,1970.45,455,1,382.1186018660768,58.417790279911515,2,5,4,M4
16033,2011-12-04 12:44:00,27,10836.13,5,1,1725.352204490451,260.9528306735677,5,5,5,R5
16034,2011-05-27 16:17:00,6,928.72,195,1,115.06328930515797,18.359493395773697,4,3,3,M3
16035,2010-05-28 15:09:00,1,217.73,559,0,18.52135831170581,2.828203746755871,2,1,1,F1
16036,2011-09-13 14:53:00,4,2556.84,86,1,286.00161977320744,43.900242965981114,5,4,4,F4
16037,2011-03-15 09:13:00,5,1509.34,269,1,168.1877931093028,26.27816896639542,4,4,4,R4
16038,2011-12-02 12:40:00,3,471.78000000000003,7,1,55.30150541554358,9.245225812331539,5,2,2,R5
16039,2010-10-12 10:44:00,2,456.4,423,1,79.8889128277071,12.883336924156065,3,3,2,M2
16040,2011-10-05 13:47:00,7,2416.9,64,1,260.63010950112977,40.244516425169465,5,4,4,F4
16041,2011-11-09 12:25:00,3,3166.4,30,1,29.854240534970373,5.428136080245556,5,1,5,R5
16042,2011-11-17 17:50:00,8,2265.12,21,1,292.1527806639689,45.022917099595325,5,4,4,R5
16043,2011-11-02 12:50:00,8,1856.5900000000001,37,1,170.7945672915827,26.819185093737403,5,4,4,M4
16044,2010-09-30 18:12:00,1,340.84000000000003,434,0,40.31728573684272,6.097592860526408,2,2,2,M2
16045,2011-08-12 12:41:00,8,3434.9300000000003,119,1,359.8178108531176,55.17267162796763,5,5,5,F4
16046,2010-05-26 13:18:00,1,235.78,561,0,44.50967103743017,6.726450655614524,2,2,1,M1
16047,2010-01-26 16:34:00,1,107.14,681,0,0.6931471805599453,0.1539720770839918,1,1,1,F1
16048,2010-12-01 15:28:00,4,1075.23,372,1,111.12548567705657,17.668822851558485,3,3,3,F3
16049,2011-10-30 13:19:00,6,1899.68,39,1,507.998447937476,77.2997671906214,5,5,4,M4
16050,2011-06-19 11:44:00,3,300.7,173,1,52.85142927325462,8.877714390988192,4,2,2,F2
16051,2010-01-27 09:38:00,1,188.44,681,0,23.880644191989663,3.632096628798449,1,1,1,F1
16052,2011-10-16 15:13:00,1,362.06,53,0,62.488303200227016,9.423245480034053,5,2,2,F2
16053,2011-11-07 11:21:00,6,3634.84,32,1,430.1259690946884,65.61889536420325,5,5,5,R5
16054,2011-07-17 13:08:00,4,2111.88,144,1,202.87625799605604,31.431438699408403,4,4,4,M4
16055,2011-05-03 09:26:00,1,134.8,220,0,9.911455722185305,1.536718358327796,4,1,1,F1
16056,2011-10-25 15:19:00,1,664.85,44,0,97.67782140885639,14.701673211328458,5,3,3,R5
16057,2011-11-23 15:23:00,10,3854.85,15,1,433.8404785061177,66.37607177591765,5,5,5,R5
16058,2010-10-29 16:48:00,1,62.7,405,0,4.51085950651685,0.7266289259775275,3,1,1,F1
16059,2011-10-05 09:56:00,12,3217.77,65,1,565.7885236259687,86.26827854389529,5,5,5,F5
16060,2010-11-04 12:10:00,3,541.95,400,1,52.1062955310229,8.765944329653436,3,2,2,F2
16061,2010-10-04 15:29:00,1,89.65,430,0,5.455321115357702,0.8682981673036553,2,1,1,F1
16062,2011-11-30 12:15:00,8,2863.45,9,1,426.99018809123265,65.24852821368489,5,5,4,R5
16063,2011-03-24 14:56:00,1,335.32,259,0,53.10381367205235,8.015572050807853,4,2,2,F2
16064,2009-12-14 16:11:00,1,111.0,724,0,22.846570424459124,3.4769855636688685,1,1,1,M1
16065,2010-12-09 13:03:00,8,2382.62,364,1,533.7674167029736,81.26511250544604,3,5,4,R3
16066,2011-11-23 11:54:00,5,1521.87,16,1,183.70106561951607,28.60515984292741,5,4,4,R5
16067,2010-05-26 12:33:00,3,3395.29,562,1,190.602861345957,29.54042920189355,2,4,5,F4
16068,2010-04-25 11:52:00,1,122.93,593,0,31.02172408840214,4.703258613260321,1,1,1,M1
16069,2010-10-18 10:32:00,1,457.7,417,0,41.8780293046614,6.3317043956992105,3,2,2,M2
16070,2011-11-17 15:50:00,2,852.15,21,1,85.05165208434533,13.6577478126518,5,3,3,R5
16071,2011-10-26 11:14:00,4,1076.8,44,1,160.69364623910175,25.104046935865263,5,4,3,R5
16072,2011-02-24 14:32:00,4,4328.89,287,1,626.505360525735,94.97580407886025,3,5,5,F5
16073,2011-02-15 15:41:00,1,122.39999999999999,296,0,3.8918202981106265,0.633773044716594,3,1,1,F1
16074,2010-11-14 13:19:00,1,265.25,389,0,23.057307028651948,3.508596054297792,3,1,1,F1
16075,2010-07-25 11:31:00,2,736.9300000000001,502,1,75.31367779446474,12.19705166916971,2,2,3,R2
16076,2011-12-06 14:59:00,10,2234.73,2,1,276.2558521967262,42.73837782950893,5,4,4,R5
16077,2010-03-24 10:42:00,1,2300.4,625,0,35.36980978713261,5.355471468069891,1,1,4,M4
16078,2011-03-01 09:47:00,2,362.99,283,1,62.19931350515426,10.22989702577314,3,2,2,F2
16079,2011-11-23 12:48:00,3,1352.0,16,1,66.20116854937079,10.88017528240562,5,2,4,R5
16080,2011-09-19 10:42:00,4,602.5600000000001,81,1,68.40568955820108,11.26085343373016,5,2,2,R5
16081,2011-10-14 13:06:00,8,4460.18,55,1,623.7603537506991,94.76405306260486,5,5,5,F5
16082,2010-02-07 15:16:00,1,106.75,669,0,16.635288163006514,2.545293224450977,1,1,1,F1
16083,2011-08-31 10:47:00,4,2351.42,100,1,202.0309848298531,31.304647724477967,5,4,4,M4
16084,2011-02-13 16:05:00,1,436.18,298,0,62.50752290707533,9.4261284360613,3,2,2,M2
16085,2011-11-16 13:24:00,12,2343.53,22,1,489.38924195303554,74.80838629295532,5,5,4,R5
16086,2011-10-11 13:09:00,10,2864.9900000000002,58,1,302.4382480798331,46.665737211974964,5,4,4,R5
16087,2010-11-15 16:44:00,5,1739.92,388,1,40.74627458945667,7.1619411884185,3,2,4,R3
16088,2010-05-13 10:16:00,2,1437.43,575,1,23.898696477237763,4.484804471585664,1,1,4,F1
16089,2010-11-18 13:51:00,2,271.44,385,1,53.31015911009627,8.89652386651444,3,2,1,R3
16090,2010-03-25 13:05:00,1,205.91,623,0,25.134650831250287,3.820197624687543,1,1,1,F1
16091,2011-07-08 08:45:00,2,315.06,154,1,38.394071294552774,6.659110694182916,4,2,2,R4
16092,2011-08-17 10:46:00,6,1587.94,114,1,222.1275798662688,34.41913697994031,5,4,4,F4
16093,2011-08-25 11:09:00,1,17.0,106,0,3.044522437723423,0.5066783656585134,5,1,1,F1
16094,2011-11-28 12:45:00,11,3695.56,11,1,404.31567051408484,61.99735057711272,5,5,5,R5
16095,2010-09-09 16:54:00,1,447.05,455,0,65.28594929328241,9.842892393992363,2,2,2,M2
16096,2011-03-20 13:38:00,4,1584.97,263,1,140.70836725043742,22.10625508756561,4,3,4,F3
16097,2011-04-13 13:47:00,1,185.04999999999998,239,0,19.664881878614842,2.9997322817922263,4,1,1,F1
16098,2011-09-13 09:59:00,14,4448.1,87,1,346.0858826032078,53.412882390481165,5,5,5,M5
16099,2011-10-20 13:13:00,7,1573.2,49,1,178.38228457537215,27.907342686305824,5,4,4,R5
16100,2010-09-03 11:39:00,1,582.64,462,0,91.50334942269147,13.775502413403721,2,3,2,R2
16101,2011-09-30 10:18:00,4,3229.16,70,1,419.81223867488643,63.97183580123296,5,5,5,R5
16102,2011-10-28 13:19:00,3,1842.14,41,1,154.26899503541136,24.090349255311704,5,4,4,M4
16103,2011-12-02 14:16:00,22,6191.71,6,1,486.68103820064243,74.90215573009635,5,5,5,R5
16104,2011-10-09 10:23:00,9,2778.61,61,1,338.1650749540484,51.97476124310726,5,4,4,R5
16105,2011-04-05 10:13:00,5,2386.19,248,1,302.55658499372106,46.43348774905815,4,4,4,M4
16106,2011-10-05 10:37:00,1,108.38,65,0,15.490906046700733,2.37363590700511,5,1,1,F1
16107,2011-11-22 09:40:00,7,3204.1600000000003,17,1,97.90965255670909,15.836447883506363,5,3,5,R5
16108,2011-09-16 11:48:00,4,2235.92,84,1,307.10599280303046,47.065898920454565,5,4,4,M4
16109,2011-05-05 09:17:00,3,939.48,218,1,104.88763747478434,16.68314562121765,4,3,3,M3
16110,2011-10-25 14:35:00,4,1819.27,44,1,440.64283506675616,67.09642526001342,5,5,4,M4
16111,2010-10-07 19:51:00,1,562.48,427,0,91.89719465545879,13.834579198318819,3,3,2,M2
16112,2011-07-19 14:28:00,4,195.73999999999998,142,1,50.73092801633896,8.609639202450843,4,2,1,F2
16113,2011-06-09 16:16:00,1,161.38,182,0,35.4813575110764,5.37220362666146,4,1,1,M1
16114,2011-06-22 10:13:00,1,135.75000000000003,170,0,14.671193167885871,2.2506789751828804,4,1,1,F1
16115,2011-11-30 11:32:00,12,2575.14,9,1,577.7845806030249,88.06768709045372,5,5,4,R5
16116,2011-05-12 12:01:00,1,612.78,211,0,65.62803071024582,9.894204606536874,4,2,2,R4
16117,2011-06-03 11:42:00,3,654.4,189,1,122.2621495250975,19.289322428764624,4,3,3,R4
16118,2010-02-25 09:40:00,1,4376.25,652,0,158.12376812426558,23.768565218639836,1,4,5,M5
16119,2011-12-01 15:11:00,8,1720.81,7,1,134.2585569483764,21.338783542256458,5,3,4,R5
16120,2011-10-11 14:22:00,6,3056.91,58,1,242.61846505099177,37.49276975764876,5,4,5,F4
16121,2011-10-13 12:59:00,5,1477.09,56,1,390.6160782285792,59.64241173428688,5,5,4,R5
16122,2011-09-27 15:34:00,6,1001.34,72,1,168.10126667020114,26.315190000530173,5,4,3,M3
16123,2011-10-19 09:18:00,1,307.78,51,0,36.58112015916222,5.537168023874332,5,1,2,R5
16124,2011-01-26 14:45:00,4,1772.49,316,1,171.40274167575012,26.71041125136252,3,4,4,M4
16125,2010-12-07 15:48:00,14,4587.65,366,1,519.5516631675296,79.43274947512943,3,5,5,R3
16126,2011-11-10 16:03:00,15,14646.800000000001,28,1,933.9040144387989,141.63560216581985,5,5,5,R5
16127,2011-10-31 13:58:00,2,801.31,38,1,113.42863873106354,17.91429580965953,5,3,3,R5
16128,2011-11-22 11:14:00,11,3801.05,17,1,435.53843313872125,66.68076497080818,5,5,5,R5
16129,2010-10-28 14:29:00,3,1396.05,406,1,235.31542086737247,36.247313130105866,3,4,4,F4
16130,2010-10-13 15:14:00,4,987.48,421,1,89.96948767201118,14.495423150801678,3,3,3,M3
16131,2011-10-19 11:53:00,12,9957.42,51,1,631.5774125655495,96.1366118848324,5,5,5,F5
16132,2010-06-13 13:49:00,2,664.1999999999999,543,1,45.432647088083854,7.714897063212577,2,2,3,F2
16133,2011-12-06 11:24:00,56,22992.260000000002,3,1,1439.815508533092,219.57232627996382,5,5,5,R5
16134,2011-11-18 10:05:00,5,2145.34,21,1,285.0396605404307,43.805949081064604,5,4,4,R5
16135,2011-03-22 12:30:00,2,819.45,262,1,84.96071510327232,13.644107265490849,4,3,3,M3
16136,2011-10-11 09:10:00,4,946.8,59,1,114.75171347524727,18.21275702128709,5,3,3,M3
16137,2010-01-28 15:04:00,1,422.7,679,0,57.2536430088609,8.638046451329135,1,2,2,M2
16138,2010-11-26 12:13:00,3,910.35,378,1,82.35471813796254,13.303207720694381,3,3,3,M3
16139,2011-11-21 08:37:00,5,1111.15,18,1,129.14385006557185,20.421577509835778,5,3,3,R5
16140,2011-10-05 12:15:00,3,1557.6000000000001,65,1,186.78257766741197,28.967386650111795,5,4,4,R5
16141,2011-09-12 13:11:00,2,955.94,87,1,95.48399661418615,15.222599492127923,5,3,3,M3
16142,2011-04-04 10:16:00,1,535.34,249,0,83.71682013935718,12.607523020903578,4,3,2,M2
16143,2011-12-06 14:13:00,12,4910.83,2,1,501.2704932713284,76.59057399069926,5,5,5,R5
16144,2011-04-07 10:09:00,1,175.2,246,0,2.833213344056216,0.4749820016084324,4,1,1,F1
16145,2011-12-01 10:33:00,19,6805.4400000000005,8,1,933.3090966710082,141.74636450065123,5,5,5,R5
16146,2011-07-05 14:20:00,4,946.38,156,1,100.20275893642886,16.030413840464327,4,3,3,M3
16147,2011-07-29 09:57:00,5,2398.91,133,1,300.5042758121606,46.12564137182408,5,4,4,M4
16148,2011-02-16 14:01:00,2,386.62,295,1,28.595713574688332,5.1893570362032495,3,1,2,M2
16149,2011-12-05 11:29:00,3,422.22,4,1,84.30346339660488,13.595519509490734,5,3,2,R5
16150,2011-10-28 12:39:00,10,4395.59,42,1,506.44600288847954,77.26690043327193,5,5,5,R5
16152,2011-03-16 09:47:00,1,1829.04,268,0,77.26024974859405,11.639037462289108,4,2,4,M4
16153,2011-10-21 10:50:00,11,5133.49,49,1,546.8926258639609,83.38389387959413,5,5,5,R5
16155,2010-11-23 12:03:00,5,796.9,381,1,108.18429474751268,17.2776442121269,3,3,3,R3
16156,2011-12-01 12:42:00,20,6218.18,8,1,634.824258826697,97.02363882400455,5,5,5,R5
16157,2011-11-24 11:41:00,3,656.69,15,1,45.67433037697532,7.801149556546298,5,2,3,R5
16158,2010-07-05 13:55:00,9,628.32,521,1,54.04935582601229,9.357403373901843,2,2,2,F2
16159,2011-03-03 12:27:00,4,1232.79,281,1,121.3727637598237,19.205914563973554,3,3,3,F3
16160,2011-10-05 14:19:00,2,1025.44,64,1,74.57494363949992,12.086241545924988,5,2,3,M3
16161,2011-12-08 12:10:00,43,12831.8,1,1,1906.2467518453914,288.88701277680866,5,5,5,R5
16162,2011-04-01 15:03:00,1,37.4,251,0,2.1972245773362196,0.3795836866004329,4,1,1,F1
16163,2011-04-21 15:15:00,6,2849.58,231,1,144.55299068860478,22.782948603290716,4,3,4,R4
16164,2011-11-22 15:04:00,3,822.48,16,1,85.26904440328208,13.740356660492314,5,3,3,R5
16165,2010-07-22 14:17:00,1,79.9,504,0,1.0986122886681098,0.21479184330021645,2,1,1,F1
16166,2010-10-07 15:44:00,2,435.83,427,1,45.80862496832484,7.771293745248726,3,2,2,M2
16167,2010-10-21 15:33:00,5,1386.1200000000001,413,1,140.0863527394808,22.062952910922117,3,3,4,F3
16168,2011-11-29 12:45:00,66,10636.47,10,1,735.8499893422061,114.4774984013309,5,5,5,R5
16169,2011-12-01 15:28:00,4,1822.97,7,1,222.8593785259113,34.42890677888669,5,4,4,R5
16170,2011-10-20 08:21:00,20,6869.0,50,1,1088.5994667357602,165.08992001036404,5,5,5,F5
16171,2011-10-11 14:51:00,1,73.2,58,0,6.456769655572163,1.0185154483358245,5,1,1,F1
16172,2011-09-05 13:22:00,8,1884.55,94,1,277.4942004994606,42.82413007491908,5,4,4,M4
16173,2011-11-24 10:53:00,6,1418.32,15,1,157.8508163957952,24.77762245936928,5,4,4,R5
16174,2011-08-05 13:26:00,7,2246.75,125,1,177.26277019631874,27.73941552944781,5,4,4,M4
16175,2011-09-06 14:32:00,7,1836.44,93,1,210.86204361416844,32.77930654212526,5,4,4,M4
16176,2010-10-14 13:54:00,4,2052.69,420,1,166.98876351715418,26.048314527573126,3,4,4,M4
16177,2011-10-20 12:57:00,8,2247.31,49,1,246.62321914416864,38.19348287162529,5,4,4,F4
16178,2011-07-24 16:05:00,2,612.6,137,1,58.65203565002695,9.697805347504042,4,2,2,F2
16179,2011-10-10 09:41:00,1,215.83,60,0,23.423745587698637,3.5635618381547953,5,1,1,F1
16180,2011-08-31 16:28:00,13,16249.87,99,1,951.3810644144977,144.15715966217468,5,5,5,F5
16181,2011-09-27 13:38:00,1,305.54,72,0,26.90450479219698,4.085675718829547,5,1,2,F1
16182,2011-09-28 13:23:00,9,9971.65,71,1,228.7854211329684,35.56781316994526,5,4,5,M5
16183,2011-10-03 14:59:00,4,1077.81,66,1,86.17671562003696,13.926507343005543,5,3,3,M3
16184,2011-10-06 17:43:00,6,1158.79,63,1,100.98459674925795,16.247689512388693,5,3,3,F3
16185,2011-11-23 09:41:00,3,644.72,16,1,82.25605730142911,13.288408595214367,5,3,3,R5
16186,2011-11-17 12:43:00,26,9026.11,22,1,1311.3300995544014,198.79951493316022,5,5,5,R5
16187,2011-11-08 09:50:00,15,6911.4400000000005,31,1,798.5531384876856,121.33297077315284,5,5,5,F5
16188,2011-10-26 12:19:00,5,1087.66,44,1,172.46968453408428,26.920452680112643,5,4,3,R5
16189,2011-11-24 11:47:00,2,215.48,15,1,24.559631102110366,4.5839446653165545,5,1,1,R5
16190,2011-10-30 15:59:00,8,2723.55,39,1,254.4417464118855,39.36626196178282,5,4,4,R5
16191,2011-12-07 11:26:00,24,15688.02,2,1,733.5882304575345,112.03823456863016,5,5,5,R5
16192,2009-12-04 12:28:00,1,351.3,735,0,31.4241018198503,4.763615272977544,1,1,2,M2
16193,2011-04-17 11:45:00,2,630.43,236,1,84.05350488464258,13.508025732696387,4,3,2,R4
16194,2010-11-29 13:28:00,1,308.59999999999997,374,0,19.79020400305643,3.0185306004584644,3,1,2,F1
16195,2009-12-16 14:09:00,1,323.25,722,0,32.76074274655312,4.964111411982968,1,1,2,F1
16196,2010-08-08 11:40:00,1,93.3,488,0,8.03495502450216,1.255243253675324,2,1,1,F1
16197,2010-08-27 12:56:00,9,2016.71,468,1,230.15005019341504,35.77250752901225,2,4,4,F4
16198,2011-09-25 14:58:00,2,1030.0410000000002,74,1,77.6644358914821,12.549665383722315,5,3,3,M3
16199,2010-11-12 12:55:00,7,942.75,391,1,31.482922912845577,5.872438436926836,3,2,3,M3
16200,2011-12-05 14:40:00,12,5643.45,3,1,905.5118829387874,137.2267824408181,5,5,5,R5
16201,2011-12-06 16:02:00,5,2112.12,2,1,297.3006272605272,45.64509408907908,5,4,4,R5
16202,2010-12-14 10:43:00,9,2501.9900000000002,360,1,265.8140853223367,41.12211279835051,3,4,4,R3
16203,2011-10-12 12:31:00,6,1114.54,58,1,151.3744926004428,23.80617389006642,5,4,3,R5
16204,2011-11-16 13:40:00,3,944.24,22,1,174.51827728030506,27.12774159204576,5,4,3,R5
16205,2011-11-09 09:32:00,7,1830.61,30,1,302.1315725497822,46.46973588246733,5,4,4,R5
16206,2011-10-16 10:41:00,13,2602.32,54,1,379.8708632997077,58.43062949495615,5,5,4,R5
16207,2011-11-14 13:51:00,1,394.38,24,0,35.64260955257768,5.396391432886652,5,1,2,R5
16208,2011-10-26 11:36:00,10,3440.45,44,1,428.38443960222844,65.55766594033426,5,5,5,R5
16209,2011-09-12 11:58:00,9,4146.78,88,1,177.8786643261132,27.931799648916982,5,4,5,R5
16210,2011-12-08 12:36:00,35,38489.51,1,1,817.5665059351614,125.1849758902742,5,5,5,R5
16211,2011-09-12 12:11:00,3,1090.59,88,1,77.87656312588014,12.631484468882022,5,3,3,M3
16212,2011-11-20 13:00:00,4,1293.71,18,1,147.90707875828377,23.186061813742565,5,3,4,R5
16213,2011-09-22 10:03:00,1,159.0,78,0,12.913539311144326,1.987030896671649,5,1,1,F1
16214,2011-06-22 11:30:00,4,2038.25,170,1,215.66859113850722,33.35028867077608,4,4,4,M4
16215,2011-09-20 10:18:00,1,242.35,80,0,26.92301229938718,4.088451844908077,5,1,1,F1
16216,2011-03-17 15:34:00,1,914.9300000000001,266,0,69.06449691740102,10.409674537610153,4,2,3,M3
16217,2011-04-18 13:31:00,2,304.25,234,1,27.022438079525195,4.953365711928779,4,1,2,R4
16218,2011-11-10 09:59:00,13,4439.97,29,1,464.0961890650116,71.06442835975173,5,5,5,R5
16219,2010-07-27 11:44:00,1,40.8,500,0,3.8918202981106265,0.633773044716594,2,1,1,F1
16221,2011-11-03 11:43:00,9,2235.5099999999998,36,1,379.3725272662095,58.155879089931425,5,5,4,R5
16222,2011-01-25 13:38:00,2,1345.22,317,1,196.93690367141858,30.440535550712788,3,4,4,F4
16223,2010-11-30 11:50:00,2,1102.3500000000001,374,1,181.99956687766795,28.19993503165019,3,4,3,R3
16224,2011-10-13 17:51:00,5,1616.54,56,1,275.1019640257551,42.31529460386326,5,4,4,F4
16225,2011-10-26 08:30:00,15,2867.4100000000003,44,1,442.1320791789549,67.86981187684323,5,5,4,R5
16226,2011-05-20 14:41:00,5,672.1700000000001,202,1,83.62336988780945,13.593505483171418,4,3,3,R4
16227,2011-04-28 13:33:00,3,1027.22,224,1,82.54994033306848,13.332491049960272,4,3,3,M3
16228,2010-11-19 14:20:00,3,890.8100000000001,384,1,105.49427850243278,16.774141775364917,3,3,3,F3
16229,2011-09-13 17:16:00,6,2867.86,86,1,349.66368543125725,53.54955281468858,5,5,4,M4
16230,2011-06-03 10:06:00,2,542.03,189,1,82.80146445805444,13.320219668708166,4,3,2,R4
16231,2010-11-25 15:00:00,4,1078.22,378,1,159.29533450863858,24.894300176295786,3,4,3,R3
16232,2011-10-27 12:16:00,7,2712.97,43,1,278.1959370487574,42.879390557313606,5,4,4,R5
16233,2011-09-29 17:27:00,9,1965.71,70,1,160.56209691995335,25.334314537993002,5,4,4,M4
16234,2010-08-20 14:33:00,3,333.18,475,1,35.22202678848415,6.233304018272623,2,2,2,R2
16235,2011-10-30 10:56:00,9,2053.71,40,1,208.3857199797836,32.50785799696754,5,4,4,M4
16236,2011-09-22 14:10:00,1,432.2,77,0,44.99584930030937,6.799377395046404,5,2,2,M2
16237,2010-09-28 17:02:00,1,136.65,436,0,13.821727194574645,2.1232590791861967,2,1,1,F1
16238,2010-10-13 12:36:00,1,63.66,422,0,16.082843325329165,2.4624264987993745,3,1,1,F1
16239,2011-10-14 08:29:00,6,1492.2,56,1,99.67327602673294,16.05099140400994,5,3,4,F3
16240,2011-11-15 14:30:00,2,3718.8,23,1,315.923507305799,48.28852609586984,5,4,5,R5
16241,2011-11-30 11:08:00,16,4329.31,9,1,1030.7313636719025,156.2097045507854,5,5,5,R5
16242,2011-12-01 15:12:00,14,7474.4,7,1,1108.239900941404,167.7359851412106,5,5,5,R5
16243,2011-11-06 12:32:00,2,409.1,33,1,52.67162101101694,8.800743151652542,5,2,2,R5
16244,2011-05-12 10:18:00,2,2579.38,211,1,338.778203476892,51.71673052153379,4,4,4,R4
16245,2011-11-16 10:14:00,3,1413.66,23,1,202.5399483221904,31.33099224832856,5,4,4,R5
16246,2010-09-06 12:04:00,2,827.25,459,1,117.41771051462656,18.512656577193987,2,3,3,F3
16247,2011-06-22 14:23:00,1,114.56,169,0,27.297478778158762,4.144621816723814,4,1,1,M1
16248,2011-10-09 11:32:00,1,152.94,61,0,17.335606293824533,2.6503409440736796,5,1,1,F1
16249,2011-10-18 10:07:00,5,1800.07,52,1,163.0291972350298,25.504379585254473,5,4,4,M4
16250,2011-03-23 15:07:00,3,791.38,260,1,96.68162620297927,15.452243930446892,4,3,3,F3
16251,2010-07-15 14:55:00,1,128.31,511,0,21.983768377535956,3.3475652566303933,2,1,1,M1
16252,2010-11-22 11:57:00,1,295.09000000000003,382,0,41.505068527672776,6.275760279150916,3,2,1,R3
16253,2011-10-04 09:09:00,7,7310.15,66,1,825.4289975812886,124.96434963719328,5,5,5,F5
16254,2010-11-26 13:22:00,3,985.14,377,1,126.97162442337493,19.99574366350624,3,3,3,R3
16255,2011-11-23 12:40:00,15,4906.8,16,1,814.5117712998664,123.72676569497995,5,5,5,R5
16256,2011-03-18 12:18:00,3,1629.37,266,1,99.96364396538466,15.944546594807699,4,3,4,F3
16257,2011-06-16 10:11:00,1,46.95,176,0,1.3862943611198906,0.2579441541679836,4,1,1,F1
16258,2011-10-25 13:30:00,15,11942.52,44,1,899.9708734410635,136.54563101615955,5,5,5,F5
16259,2010-10-25 14:27:00,3,361.94,409,1,87.21459566527216,14.032189349790825,3,3,2,M2
16260,2011-10-20 09:40:00,1,1035.45,50,0,43.1933050565231,6.528995758478465,5,2,3,M3
16261,2011-11-22 17:23:00,6,1059.45,16,1,188.32204573688992,29.348306860533487,5,4,3,R5
16262,2010-11-26 13:22:00,1,755.15,377,0,100.09168973502682,15.063753460254024,3,3,3,R3
16263,2010-10-12 14:52:00,1,351.01,422,0,38.504200838527126,5.825630125779068,3,2,2,M2
16264,2010-09-27 15:00:00,2,837.53,437,1,130.08619628509481,20.412929442764224,2,3,3,M3
16265,2011-11-30 16:41:00,12,6935.17,8,1,717.7832726067644,109.06749089101464,5,5,5,R5
16266,2011-09-27 12:08:00,14,1757.95,73,1,186.37732401219446,29.456598601829167,5,4,4,M4
16267,2010-04-27 14:10:00,1,186.66,590,0,22.34316966511873,3.4014754497678092,1,1,1,F1
16268,2011-09-29 18:30:00,2,667.65,70,1,102.90288097041586,16.33543214556238,5,3,3,F3
16269,2010-09-28 11:50:00,1,717.57,437,0,121.62708705345098,18.294063058017645,2,3,3,F3
16270,2010-12-21 14:26:00,1,1141.24,352,0,125.51541750513064,18.877312625769598,3,3,3,F3
16271,2011-12-07 12:45:00,10,3463.02,2,1,590.06129638293,89.80919445743949,5,5,5,R5
16272,2011-08-15 10:54:00,1,411.7,116,0,51.55869130274689,7.783803695412033,5,2,2,M2
16273,2010-03-01 13:24:00,2,336.03999999999996,647,1,20.094845159854252,3.914226773978138,1,1,2,F1
16274,2010-12-01 15:35:00,1,715.9,372,0,131.27669649087136,19.741504473630705,3,3,3,R3
16275,2011-05-27 12:41:00,3,2151.11,196,1,246.09211229750008,37.863816844625006,4,4,4,R4
16276,2011-06-16 09:34:00,3,2629.3900000000003,176,1,84.67801110221468,13.651701665332203,4,3,4,R4
16277,2009-12-06 11:27:00,1,188.69,733,0,19.76147016264762,3.0142205243971425,1,1,1,F1
16278,2011-08-31 17:12:00,3,1117.84,99,1,92.73673567097568,14.860510350646353,5,3,3,M3
16279,2011-11-18 15:00:00,9,5705.08,20,1,767.0348847168256,116.30523270752383,5,5,5,R5
16280,2009-12-14 15:49:00,1,238.05,724,0,29.271534487568253,4.440730173135238,1,1,1,F1
16281,2011-09-28 14:57:00,3,3424.02,71,1,132.22715103412298,20.784072655118447,5,3,5,F3
16282,2011-01-04 11:42:00,3,1307.58,339,1,85.9247421321417,13.838711319821256,3,3,4,R3
16283,2011-12-04 12:08:00,8,4403.82,5,1,880.9185345208621,133.33778017812932,5,5,5,R5
16284,2011-11-08 16:12:00,3,1029.77,30,1,207.38099712290455,32.057149568435676,5,4,3,R5
16285,2010-03-03 16:03:00,1,176.9,645,0,32.710380068731965,4.956557010309794,1,1,1,M1
16286,2010-08-19 14:48:00,2,328.95,476,1,31.07077312475796,5.560615968713694,2,1,2,R2
16287,2011-06-23 09:08:00,5,1006.98,169,1,122.60788181407861,19.441182272111792,4,3,3,M3
16288,2010-08-26 14:45:00,1,129.85,469,0,8.642944396721798,1.3464416595082698,2,1,1,F1
16289,2010-09-03 14:02:00,1,136.31,461,0,29.168648135580828,4.425297220337124,2,1,1,M1
16290,2010-09-01 11:52:00,4,2069.3,464,1,215.8268943855316,33.37403415782974,2,4,4,M4
16291,2010-01-26 16:26:00,1,117.72,681,0,0.6931471805599453,0.1539720770839918,1,1,1,F1
16292,2011-08-10 12:24:00,5,1253.76,121,1,130.5103055536724,20.62654583305086,5,3,3,F3
16293,2011-11-18 09:58:00,15,4657.95,21,1,488.0653618596755,74.75980427895132,5,5,5,R5
16294,2010-08-20 12:01:00,1,126.05000000000001,476,0,15.924539056829106,2.4386808585243656,2,1,1,F1
16295,2011-11-30 08:17:00,4,1328.55,9,1,168.72653138513905,26.308979707770856,5,4,4,R5
16296,2010-03-23 13:11:00,4,1313.67,625,1,154.46986762338858,24.170480143508286,1,4,4,M3
16297,2011-03-16 08:29:00,1,301.9,268,0,43.5563788076102,6.58345682114153,4,2,2,F2
16298,2011-11-17 11:59:00,7,1085.7,22,1,89.71981251343637,14.607971877015455,5,3,3,R5
16299,2010-08-19 17:46:00,1,193.65,476,0,25.36729166945907,3.8550937504188605,2,1,1,M1
16300,2010-10-05 13:14:00,3,1392.43,429,1,275.16397638192524,42.22459645728878,3,4,4,F4
16301,2009-12-03 10:20:00,1,107.33,736,0,11.680979049966478,1.8021468574949717,1,1,1,F1
16302,2011-08-05 09:44:00,1,233.22,126,0,28.99053675870408,4.398580513805612,5,1,1,F1
16303,2011-11-14 10:49:00,7,7928.27,25,1,696.0713271202735,105.56069906804102,5,5,5,R5
16304,2010-01-14 08:30:00,1,381.66,694,0,52.29298258041583,7.893947387062374,1,2,2,F2
16305,2011-07-24 12:18:00,1,361.21999999999997,138,0,54.43280679887888,8.214921019831833,4,2,2,F2
16306,2011-05-10 12:12:00,7,1192.82,213,1,159.6556824839176,25.09835237258764,4,4,3,R4
16307,2010-10-06 14:31:00,3,1194.92,428,1,190.3438795632211,29.501581934483163,3,4,3,F4
16308,2011-11-02 11:24:00,7,5120.0,37,1,53.73306431938752,9.209959647908128,5,2,5,R5
16309,2011-08-25 15:35:00,2,706.57,105,1,98.01615405671168,15.602423108506752,5,3,3,F3
16310,2010-10-21 14:47:00,2,460.08,413,1,60.93493848770746,10.04024077315612,3,2,2,M2
16311,2011-11-22 08:54:00,2,616.26,17,1,85.15448421555206,13.67317263233281,5,3,2,R5
16312,2010-10-03 14:15:00,1,171.15,431,0,15.65606019136176,2.398409028704264,2,1,1,F1
16313,2011-12-06 13:02:00,2,274.15000000000003,2,1,34.31879845685258,6.047819768527887,5,2,1,R5
16314,2010-11-15 12:06:00,3,1491.4,389,1,138.1182404559985,21.667736068399773,3,3,4,R3
16315,2011-01-13 11:57:00,2,402.71,330,1,41.343847142918904,7.101577071437835,3,2,2,M2
16316,2011-10-06 13:48:00,13,5744.91,63,1,656.3496278495534,99.90244417743301,5,5,5,F5
16317,2011-08-12 12:46:00,5,2192.51,119,1,251.82481364656235,38.82372204698435,5,4,4,F4
16318,2011-11-04 13:05:00,1,328.15,34,0,42.64833875121378,6.447250812682066,5,2,2,R5
16319,2011-05-06 11:27:00,1,404.40000000000003,217,0,9.656627474604601,1.4984941211906901,4,1,2,F1
16320,2011-06-20 15:25:00,6,5628.99,171,1,589.4883729657275,89.52325594485912,4,5,5,M5
16321,2011-09-28 14:55:00,7,604.5500000000001,71,1,54.12792139116165,9.269188208674247,5,2,2,F2
16322,2011-12-08 15:41:00,2,326.75,0,1,63.15191932098705,10.372787898148058,5,2,2,R5
16323,2011-05-27 14:48:00,2,353.66,195,1,14.372537282880975,3.055880592432146,4,1,2,F1
16324,2011-08-03 12:58:00,3,428.68,127,1,120.09658375352495,18.96448756302874,5,3,2,M2
16325,2011-10-24 08:48:00,12,3597.5,46,1,361.8836113116605,55.68254169674907,5,5,5,R5
16326,2011-12-04 10:11:00,24,4826.99,5,1,530.8619682212739,81.62929523319107,5,5,5,R5
16327,2011-11-25 13:23:00,16,10731.34,13,1,1726.9761882624396,260.64642823936595,5,5,5,R5
16328,2010-05-25 14:02:00,1,310.83,562,0,34.77279269811298,5.265918904716947,2,1,2,F1
16329,2010-10-08 12:44:00,4,1703.07,427,1,181.0093459787388,28.151401896810818,3,4,4,M4
16330,2011-11-22 12:24:00,7,634.33,17,1,118.48837393897894,18.92325609084684,5,3,2,R5
16331,2010-10-03 13:47:00,6,2037.7,431,1,85.47296692291303,13.920945038436956,2,3,4,M4
16332,2011-11-11 14:22:00,11,2010.41,27,1,315.9690363545507,48.745355453182604,5,4,4,R5
16333,2011-12-02 12:19:00,22,26626.8,7,1,281.64635751053584,44.14695362658037,5,4,5,R5
16334,2010-08-04 16:38:00,1,277.48,491,0,64.77899420714915,9.766849131072373,2,2,1,R2
16335,2010-06-06 11:35:00,7,2774.0,551,1,446.87619711457705,68.18142956718654,2,5,4,M4
16336,2010-10-15 12:32:00,4,3517.69,420,1,189.73707085460913,29.46056062819137,3,4,5,F4
16337,2011-11-03 10:03:00,1,151.05,36,0,21.010967384208556,3.201645107631283,5,1,1,F1
16338,2011-07-05 13:56:00,1,214.79999999999998,156,0,22.565814471010064,3.4348721706515093,4,1,1,F1
16339,2011-02-28 13:41:00,1,109.95,283,0,15.079338935523399,2.3119008403285095,3,1,1,F1
16340,2011-08-24 14:53:00,3,1526.06,106,1,489.75136305354465,74.4127044580317,5,5,4,F5
16341,2011-11-15 09:12:00,7,3850.79,24,1,438.2317014562192,66.88475521843287,5,5,5,R5
16342,2011-09-25 14:36:00,4,322.41,74,1,31.31511888372277,5.697267832558415,5,1,2,R5
16343,2011-11-23 17:45:00,3,687.0699999999999,15,1,119.52720969541512,18.879081454312267,5,3,3,R5
16344,2011-07-04 15:50:00,4,842.42,157,1,120.312509538521,19.04687643077815,4,3,3,F3
16345,2011-10-26 16:03:00,2,1198.74,43,1,185.17410168608765,28.67611525291315,5,4,3,R5
16346,2010-11-19 15:55:00,1,224.51,384,0,42.879818479457455,6.481972771918618,3,2,1,R3
16347,2011-11-28 13:14:00,11,3509.41,10,1,496.934928452024,75.8902392678036,5,5,5,R5
16348,2011-11-07 15:44:00,8,1798.22,31,1,344.6088702348284,52.89133053522425,5,4,4,R5
16349,2011-02-22 12:40:00,1,53.5,290,0,6.238324625039508,0.9857486937559261,3,1,1,F1
16350,2011-11-18 15:53:00,9,2253.89,20,1,251.53334915443997,38.980002373165995,5,4,4,R5
16351,2011-01-11 10:26:00,13,3330.0299999999997,332,1,448.1260983579569,68.66891475369353,3,5,5,R3
16352,2011-11-22 10:32:00,2,494.44,17,1,67.35399236809505,11.003098855214258,5,2,2,R5
16353,2011-12-06 12:23:00,38,9999.460000000001,3,1,494.2219662583823,76.83329493875735,5,5,5,R5
16354,2011-10-07 14:28:00,5,1129.51,62,1,195.7448700869125,30.411730513036876,5,4,3,R5
16355,2010-11-29 14:21:00,1,416.35,374,0,62.64815570536806,9.44722335580521,3,2,2,M2
16356,2011-05-26 11:51:00,6,415.87,197,1,80.55651672170167,13.183477508255251,4,3,2,R4
16357,2011-11-06 16:04:00,4,868.37,32,1,95.79565322237072,15.369347983355608,5,3,3,R5
16358,2011-12-08 15:09:00,5,2919.65,0,1,386.8166153191288,59.07249229786932,5,5,4,R5
16359,2011-12-02 17:04:00,16,2697.75,6,1,261.1891431150368,40.77837146725552,5,4,4,R5
16360,2011-12-05 12:16:00,6,3512.53,4,1,810.3734231716056,122.65601347574083,5,5,5,R5
16361,2011-11-30 12:32:00,4,896.66,9,1,145.0542172878151,22.758132593172267,5,3,3,R5
16362,2011-11-07 13:01:00,6,946.94,31,1,140.1241617013179,22.118624255197684,5,3,3,R5
16363,2011-10-17 14:14:00,1,109.36000000000001,52,0,11.869235342280247,1.830385301342037,5,1,1,F1
16364,2011-11-28 11:27:00,2,707.04,11,1,88.87966878967745,14.231950318451618,5,3,3,R5
16365,2011-11-22 11:24:00,15,3307.2,17,1,197.6633273813499,31.19949910720248,5,4,5,R5
16366,2011-11-21 08:19:00,4,1548.1299999999999,18,1,178.82087257906946,27.82313088686042,5,4,4,R5
16367,2011-11-02 13:13:00,3,1362.4,36,1,345.111369036174,52.71670535542609,5,4,4,R5
16368,2011-12-07 13:12:00,3,640.21,1,1,114.87214290738031,18.180821436107045,5,3,3,R5
16369,2011-11-21 16:25:00,7,2664.81,17,1,343.3219847201603,52.64829770802404,5,4,4,R5
16370,2011-09-18 15:55:00,4,1320.56,81,1,269.2569010466722,41.38853515700083,5,4,4,F4
16371,2010-09-17 12:09:00,1,157.2,448,0,22.765974667826658,3.4648962001739982,2,1,1,M1
16372,2011-11-06 13:08:00,5,1328.61,32,1,343.00290135827976,52.50043520374196,5,4,4,R5
16373,2010-11-22 15:50:00,2,309.49,381,1,39.49232036130066,6.823848054195099,3,2,2,R3
16374,2011-10-04 15:21:00,5,1771.45,65,1,369.487011740324,56.4730517610486,5,5,4,M4
16375,2010-08-26 14:25:00,2,104.0,469,1,22.35719117877591,4.253578676816386,2,1,1,M1
16376,2011-12-01 11:38:00,2,987.01,8,1,185.1037629973819,28.665564449607285,5,4,3,R5
16377,2011-03-17 15:41:00,2,1308.48,266,1,50.518504908099324,8.477775736214898,4,2,4,F2
16378,2011-04-06 15:07:00,3,362.95,246,1,55.92685619477636,9.339028429216455,4,2,2,F2
16379,2011-12-05 15:38:00,4,2157.4,3,1,273.8235522670019,42.073532840050284,5,4,4,R5
16380,2011-10-09 15:40:00,1,1780.59,60,0,96.94129011509685,14.591193517264527,5,3,4,M4
16381,2010-11-09 09:56:00,2,258.7,395,1,53.83079835531059,8.974619753296588,3,2,1,F2
16382,2010-10-27 16:23:00,2,353.1,407,1,53.67384671666482,8.951077007499723,3,2,2,F2
16383,2011-09-26 12:45:00,7,2974.84,74,1,551.9767198127068,83.94650797190602,5,5,4,F5
16384,2011-09-11 11:19:00,4,1358.95,89,1,183.69009140681422,28.55351371102213,5,4,4,F4
16385,2011-10-10 13:12:00,5,1030.61,59,1,183.67828740942747,28.60174311141412,5,4,3,M3
16386,2011-11-11 12:28:00,3,1102.59,28,1,202.00122638921403,31.250183958382102,5,4,3,R5
16387,2011-01-21 11:34:00,5,918.55,322,1,123.79808615438459,19.61971292315769,3,3,3,M3
16388,2010-02-24 10:20:00,1,186.05,653,0,24.71699991754874,3.7575499876323106,1,1,1,M1
16389,2011-10-17 14:41:00,4,1382.07,52,1,98.09874156544075,15.71481123481611,5,3,4,R5
16390,2010-06-21 10:11:00,3,467.5,536,1,36.14684206854556,6.372026310281834,2,2,2,M2
16391,2010-11-04 12:27:00,4,1103.61,400,1,310.2247565578192,47.53371348367288,3,4,3,R3
16392,2011-03-15 12:11:00,3,763.05,269,1,186.65971376471495,28.94895706470724,4,4,3,F4
16393,2011-12-07 12:51:00,23,5561.66,1,1,1090.225426195601,165.48381392934016,5,5,5,R5
16394,2011-10-14 09:48:00,5,1555.34,56,1,248.494102902888,38.32411543543319,5,4,4,F4
16395,2011-10-10 12:50:00,14,3537.85,60,1,840.2759125672768,127.54138688509151,5,5,5,F5
16396,2010-08-20 14:17:00,1,137.8,475,0,18.76368713640514,2.8645530704607705,2,1,1,F1
16397,2010-03-21 15:36:00,1,127.88,627,0,15.937442461665015,2.440616369249752,1,1,1,F1
16398,2011-07-08 15:16:00,2,1705.8,153,1,158.37368269738465,24.6560524046077,4,4,4,M4
16399,2011-11-20 16:12:00,3,641.82,18,1,140.54863858890008,22.03229578833501,5,3,3,R5
16400,2011-09-06 12:27:00,9,3159.44,94,1,469.5904376981573,71.68856565472359,5,5,5,M4
16401,2011-12-08 18:15:00,23,6849.15,0,1,849.2956962014986,129.3443544302248,5,5,5,R5
16402,2011-03-20 12:25:00,2,511.4,264,1,111.75338862636013,17.66300829395402,4,3,2,F3
16403,2011-01-31 13:39:00,1,177.5,311,0,25.082487137894216,3.812373070684132,3,1,1,M1
16404,2011-09-30 14:55:00,1,443.05,69,0,41.83466661847624,6.325199992771436,5,2,2,M2
16405,2011-02-10 15:24:00,2,167.25,301,1,10.042553600659126,2.406383040098869,3,1,1,F1
16406,2011-11-21 11:57:00,3,552.68,18,1,144.34545663938147,22.601818495907217,5,3,2,R5
16407,2011-11-27 11:05:00,14,2821.65,12,1,387.57105615085345,59.63565842262801,5,5,4,R5
16408,2010-04-27 14:08:00,1,231.93,590,0,72.22810172580378,10.884215258870567,1,2,1,M1
16409,2011-11-03 16:45:00,12,5709.04,35,1,1091.0476790822581,165.0571518623387,5,5,5,F5
16410,2009-12-05 14:51:00,1,130.32,733,0,19.900034674606747,3.035005201191012,1,1,1,F1
16411,2011-11-20 13:23:00,4,910.1899999999999,18,1,239.8914616332326,36.98371924498489,5,4,3,R5
16412,2011-10-17 12:35:00,5,647.23,53,1,140.05056916570183,22.057585374855275,5,3,3,R5
16413,2011-10-14 12:08:00,2,528.98,56,1,98.79317588907777,15.718976383361666,5,3,2,F3
16414,2011-11-18 09:42:00,5,559.71,21,1,75.68881376372623,12.403322064558935,5,3,2,R5
16415,2011-10-26 13:35:00,3,719.44,43,1,182.8135215863792,28.37202823795688,5,4,3,R5
16416,2011-11-13 12:50:00,9,2972.88,26,1,383.10940589733565,58.71641088460034,5,5,4,R5
16417,2010-08-04 09:08:00,1,35.7,492,0,1.9459101490553132,0.341886522358297,2,1,1,F1
16418,2011-10-26 12:39:00,5,1101.94,44,1,190.0758074489491,29.561371117342365,5,4,3,R5
16419,2011-08-19 12:33:00,8,1487.42,112,1,162.88504908150153,25.632757362225227,5,4,4,M4
16420,2010-11-08 15:15:00,1,75.0,395,0,7.659642954564683,1.1989464431847026,3,1,1,F1
16421,2010-11-28 13:31:00,3,526.27,375,1,48.30689594342639,8.196034391513958,3,2,2,R3
16422,2011-11-22 14:00:00,109,63651.47,16,1,2771.610327702248,421.99154915533717,5,5,5,R5
16423,2011-11-15 09:21:00,1,346.12,24,0,44.81616993071881,6.772425489607821,5,2,2,R5
16424,2011-06-01 13:40:00,2,443.06,190,1,32.48655674312047,5.77298351146807,4,2,2,M2
16425,2011-02-10 14:30:00,1,302.7,301,0,41.480460202080835,6.2720690303121245,3,2,2,F2
16426,2011-12-07 14:01:00,10,1908.25,1,1,450.91609349732266,68.9374140245984,5,5,4,R5
16427,2011-03-21 17:10:00,2,241.06,262,1,24.65796291811387,4.59869443771708,4,1,1,F1
16428,2010-10-22 12:22:00,3,660.28,413,1,163.4332678557113,25.464990178356693,3,4,3,R3
16429,2011-08-25 13:54:00,1,284.55,105,0,2.890371757896165,0.4835557636844247,5,1,1,F1
16430,2011-10-13 14:47:00,7,1117.94,56,1,61.54485995230527,10.38172899284579,5,2,3,R5
16431,2011-05-10 14:09:00,3,642.81,212,1,121.59471807950507,19.18920771192576,4,3,3,R4
16432,2011-10-06 13:59:00,1,287.4,63,0,20.979202740109642,3.196880411016446,5,1,1,F1
16433,2011-11-11 14:09:00,2,384.52,27,1,60.52129287913162,9.978193931869743,5,2,2,R5
16434,2011-11-10 14:28:00,12,2741.74,28,1,329.51805972829607,50.827708959244404,5,4,4,R5
16435,2010-07-15 18:22:00,3,1011.5699999999999,511,1,150.3256389999462,23.498845849991927,2,3,3,M3
16436,2010-02-09 13:19:00,3,329.34,667,1,65.54082543532792,10.781123815299189,1,2,2,F2
16437,2010-11-23 16:59:00,2,301.25,380,1,41.189019479073906,7.078352921861085,3,2,2,R3
16438,2011-12-04 10:51:00,5,798.35,5,1,173.3707616955014,27.055614254325207,5,4,3,R5
16439,2009-12-17 14:22:00,1,310.70000000000005,721,0,19.316403701880287,2.9474605552820425,1,1,2,F1
16440,2011-12-02 12:02:00,6,3856.9700000000003,7,1,569.8351500408492,86.57527250612736,5,5,5,R5
16441,2011-10-03 17:48:00,5,1034.43,66,1,144.13468294032342,22.670202441048513,5,3,3,M3
16442,2011-12-08 11:43:00,5,899.47,1,1,241.98073187484087,37.34710978122612,5,4,3,R5
16443,2010-07-07 11:57:00,1,162.24,520,0,4.574710978503383,0.7362066467755074,2,1,1,F1
16444,2011-10-24 13:50:00,17,3656.58,45,1,576.4329929937292,88.11494894905937,5,5,5,F5
16445,2011-11-06 12:32:00,4,602.73,33,1,170.77716285654083,26.616574428481123,5,4,2,R5
16446,2011-12-09 09:15:00,2,168472.5,0,1,12.68844941083905,2.803267411625858,5,1,5,R5
16447,2011-07-27 12:45:00,3,775.14,135,1,87.40367199558142,14.060550799337214,4,3,3,M3
16448,2011-05-25 16:28:00,2,367.87,197,1,70.55676288543445,11.483514432815168,4,2,2,R4
16449,2011-05-26 10:25:00,2,707.69,197,1,84.21163439994541,13.53174515999181,4,3,3,R4
16450,2011-07-13 11:47:00,3,1505.73,149,1,107.59668510940641,17.08950276641096,4,3,4,F3
16451,2011-09-13 09:17:00,3,1013.15,87,1,133.97628455760665,21.046442683640997,5,3,3,M3
16452,2010-03-19 12:39:00,2,332.17,630,1,40.684046030027574,7.002606904504136,1,2,2,F2
16453,2010-06-27 12:46:00,2,251.71,530,1,28.698988398254475,5.204848259738171,2,1,1,R2
16454,2011-10-26 11:40:00,4,30.950000000000003,44,1,4.276666119016055,1.6414999178524083,5,1,1,F1
16455,2011-10-07 12:17:00,11,4384.37,63,1,515.786632645217,78.71799489678254,5,5,5,R5
16456,2011-09-01 13:50:00,13,6862.91,98,1,757.3716145100578,115.05574217650867,5,5,5,F5
16457,2011-05-05 13:19:00,1,208.36,217,0,21.561492200442725,3.2842238300664084,4,1,1,F1
16458,2011-12-07 09:34:00,30,5715.34,2,1,811.7883429729092,124.06825144593637,5,5,5,R5
16459,2009-12-10 12:42:00,1,71.78999999999999,729,0,11.086257149210962,1.7129385723816442,1,1,1,F1
16460,2011-11-11 13:46:00,3,814.72,27,1,201.48110163628473,31.17216524544271,5,4,3,R5
16461,2011-06-15 12:07:00,3,1615.22,177,1,327.0698787779655,50.01048181669482,4,4,4,R4
16462,2011-09-27 10:24:00,3,136.0,73,1,5.41610040220442,1.762415060330663,5,1,1,F1
16463,2011-11-18 14:01:00,4,1422.4,20,1,205.82044191444746,31.873066287167116,5,4,4,R5
16464,2011-11-20 12:11:00,3,1314.68,19,1,299.9968368583682,45.94952552875523,5,4,4,R5
16465,2010-10-15 09:27:00,2,746.24,420,1,109.79974618906334,17.3699619283595,3,3,3,F3
16466,2011-11-06 11:35:00,15,3838.59,33,1,520.8860914585084,79.68291371877626,5,5,5,R5
16467,2010-07-19 11:49:00,7,2869.16,508,1,115.68453733442429,18.502680600163647,2,3,4,F3
16468,2011-09-26 14:13:00,3,787.52,73,1,87.9094482309627,14.136417234644405,5,3,3,R5
16469,2011-11-16 12:25:00,5,828.91,23,1,179.68590505605817,28.002885758408727,5,4,3,R5
16470,2011-10-19 12:11:00,11,2458.6,51,1,559.2053197816108,85.23079796724161,5,5,4,F5
16471,2011-03-10 09:41:00,4,1189.98,274,1,141.47553975362658,22.221330963043986,4,3,3,M3
16472,2010-10-01 13:56:00,2,789.6,433,1,70.95923397440599,11.5438850961609,2,2,3,M3
16473,2011-06-28 09:10:00,4,470.83,164,1,65.22682960943469,10.784024441415204,4,2,2,M2
16474,2011-12-02 13:02:00,7,1871.5,6,1,404.4482995481974,61.817244932229606,5,5,4,R5
16475,2011-09-12 14:37:00,4,544.3,87,1,64.06357676401849,10.609536514602773,5,2,2,M2
16476,2010-10-04 10:29:00,1,350.35,431,0,47.704933435207856,7.205740015281178,2,2,2,F2
16477,2011-10-07 09:44:00,11,4320.02,63,1,588.2291841702386,89.58437762553578,5,5,5,F5
16478,2011-11-14 15:51:00,3,331.0,24,1,40.93454118417659,7.090181177626488,5,2,2,R5
16479,2011-11-29 13:40:00,2,300.83,9,1,44.44346700298728,7.566520050448092,5,2,2,R5
16480,2011-09-25 11:40:00,1,769.29,75,0,94.78246979851214,14.267370469776822,5,3,3,R5
16481,2010-01-26 13:09:00,1,453.38,681,0,38.48226502323042,5.822339753484562,1,2,2,M2
16482,2011-11-24 12:33:00,1,220.62,15,0,49.19873311627921,7.429809967441881,5,2,1,R5
16483,2011-05-31 13:08:00,1,139.35,191,0,22.010810741122853,3.3516216111684276,4,1,1,M1
16484,2011-06-19 12:06:00,2,404.3,173,1,51.715042125716735,8.65725631885751,4,2,2,F2
16485,2011-09-23 15:50:00,5,2294.68,76,1,268.4139457072768,41.31209185609152,5,4,4,M4
16486,2010-06-20 12:16:00,1,134.36,537,0,9.50039462857302,1.475059194285953,2,1,1,F1
16487,2010-05-11 13:38:00,2,209.4,576,1,46.86743323793594,7.93011498569039,1,2,1,F2
16488,2011-11-06 13:42:00,3,498.8,32,1,77.6898030308442,12.603470454626631,5,3,2,R5
16489,2010-11-24 14:40:00,2,303.7,379,1,11.021902468500418,2.553285370275063,3,1,2,F1
16490,2010-09-29 16:30:00,1,205.41000000000003,435,0,28.290117172204972,4.293517575830745,2,1,1,M1
16491,2011-10-24 10:18:00,2,1533.16,46,1,208.35380500404972,32.153070750607455,5,4,4,R5
16492,2010-06-17 08:20:00,1,385.56,540,0,52.30147470122938,7.895221205184407,2,2,2,F2
16493,2011-09-21 11:10:00,7,2132.09,79,1,270.6781747175796,41.75172620763694,5,4,4,M4
16494,2011-02-16 12:49:00,1,826.53,296,0,119.5701861706333,17.985527925594997,3,3,3,F3
16495,2011-12-06 13:20:00,3,684.41,2,1,109.78520890239524,17.417781335359283,5,3,3,R5
16496,2011-12-01 10:31:00,6,2330.77,8,1,325.96843331424424,49.99526499713663,5,4,4,R5
16497,2011-10-21 10:55:00,23,6695.28,49,1,701.2053966949435,107.13080950424153,5,5,5,F5
16498,2011-07-01 15:07:00,2,100.97,160,1,19.769666929851798,3.8654500394777696,4,1,1,M1
16499,2010-12-14 13:31:00,8,2578.34,359,1,306.98578899596356,47.24786834939453,3,4,4,R3
16500,2011-12-05 12:04:00,9,843.9100000000001,4,1,79.53661754276327,13.18049263141449,5,3,3,R5
16501,2010-11-21 14:10:00,1,1237.23,382,0,234.6928426469978,35.25392639704967,3,4,3,R3
16502,2010-03-29 13:44:00,2,266.5,619,1,52.140237706269836,8.721035655940476,1,2,1,F2
16503,2011-08-25 11:46:00,11,3614.34,106,1,405.8439366460848,62.226590496912706,5,5,5,R5
16504,2011-11-14 15:18:00,1,484.38,24,0,135.6455009351027,20.396825140265403,5,3,2,R5
16505,2011-11-08 12:14:00,1,777.6,31,0,19.906934969682297,3.036040245452344,5,1,3,F1
16506,2011-11-20 12:17:00,2,90.30000000000001,19,1,8.074337694089515,2.1111506541134273,5,1,1,R5
16507,2010-05-16 12:56:00,1,152.76,571,0,47.90100613858283,7.235150920787424,2,2,1,M1
16508,2010-03-19 13:41:00,1,248.8,629,0,47.81489222631577,7.2222338339473655,1,2,1,F2
16509,2011-02-16 09:25:00,1,363.7,296,0,20.9968679199307,3.199530187989605,3,1,2,F1
16510,2010-12-02 13:39:00,6,2100.0,371,1,252.77437224304146,39.016155836456214,3,4,4,M4
16511,2011-11-18 10:41:00,6,1819.02,21,1,349.3469849416572,53.50204774124857,5,5,4,R5
16513,2011-12-05 10:18:00,4,874.59,4,1,84.29494039562054,13.64424105934308,5,3,3,R5
16515,2011-10-18 13:10:00,10,3216.3,51,1,387.39045345789316,59.408568018683965,5,5,5,R5
16516,2011-11-09 14:59:00,1,101.69999999999999,29,0,13.899405834953301,2.134910875242995,5,1,1,R5
16517,2011-03-07 13:50:00,1,162.7,276,0,26.685965842903983,4.052894876435597,4,1,1,M1
16518,2011-10-09 15:04:00,4,959.37,60,1,130.32847068550694,20.54927060282604,5,3,3,M3
16519,2011-11-14 15:41:00,4,556.26,24,1,59.01241233211375,9.851861849817062,5,2,2,R5
16520,2011-06-06 13:24:00,6,2482.62,185,1,514.8415353855178,78.32623030782766,4,5,4,R4
16521,2010-10-20 13:09:00,3,1148.01,414,1,269.02963528912,41.30444529336799,3,4,3,F4
16522,2010-09-30 10:54:00,2,433.36,435,1,39.013439230044256,6.752015884506638,2,2,2,M2
16523,2011-12-08 09:06:00,28,11916.33,1,1,896.8284857437019,136.7242728615553,5,5,5,R5
16524,2010-09-19 13:37:00,2,308.14,445,1,67.13545697289585,10.970318545934377,2,2,2,F2
16525,2011-12-07 15:07:00,48,24582.64,1,1,1132.8831129427733,173.132466941416,5,5,5,R5
16526,2011-06-21 12:02:00,2,717.21,171,1,64.67165523395852,10.600748285093777,4,2,3,R4
16527,2011-09-19 16:21:00,2,1272.44,80,1,154.277486033961,24.04162290509415,5,4,4,R5
16528,2011-12-06 12:45:00,1,244.41,3,0,36.94784443895395,5.592176665843092,5,1,1,R5
16529,2011-06-02 17:23:00,4,2012.0,189,1,212.9829875287412,32.94744812931118,4,4,4,M4
16530,2010-02-09 15:30:00,1,48.349999999999994,667,0,4.867534450455582,0.7801301675683373,1,1,1,F1
16531,2011-11-17 16:29:00,11,2298.33,21,1,328.5293860692958,50.62940791039436,5,4,4,R5
16532,2011-11-22 11:08:00,5,8756.64,17,1,36.036667698428474,6.4555001547642705,5,2,5,R5
16533,2011-11-20 13:08:00,3,1095.56,18,1,218.2582987848204,33.688744817723055,5,4,3,R5
16534,2010-03-07 15:47:00,1,635.9,641,0,55.254912051119675,8.338236807667952,1,2,3,F2
16535,2011-12-04 15:18:00,3,1001.59,4,1,154.2079482303653,24.081192234554795,5,4,3,R5
16536,2011-08-21 15:54:00,1,548.97,109,0,80.8704066108333,12.180560991624995,5,2,2,M2
16537,2010-03-08 13:41:00,1,23.35,640,0,10.271596874100524,1.5907395311150787,1,1,1,F1
16538,2010-06-16 16:59:00,3,399.62,540,1,66.13381273664345,10.870071910496518,2,2,2,M2
16539,2011-12-07 08:41:00,10,3732.01,2,1,305.49514467924735,47.124271701887096,5,4,5,R5
16540,2010-10-21 17:22:00,1,226.70000000000002,413,0,41.83269636854736,6.324904455282104,3,2,1,M1
16541,2009-12-04 13:22:00,1,424.03,734,0,53.53779833303115,8.080669749954673,1,2,2,M2
16542,2011-10-17 10:47:00,2,257.32,53,1,31.513256835158597,5.626988525273789,5,1,1,R5
16543,2010-04-27 11:38:00,1,292.21,591,0,48.92387925786665,7.388581888679997,1,2,1,F2
16544,2010-07-08 11:11:00,4,376.70000000000005,519,1,26.221077314325015,4.933161597148752,2,1,2,M2
16545,2011-06-28 10:37:00,2,689.82,164,1,27.586216727480014,5.037932509122001,4,1,3,R4
16546,2011-02-22 11:20:00,5,5606.47,290,1,324.91971409959086,49.78795711493863,3,4,5,M5
16547,2010-06-11 13:02:00,1,111.71,545,0,31.740049532737117,4.811007429910568,2,1,1,M1
16548,2010-04-19 16:15:00,1,30.15,598,0,4.1588830833596715,0.6738324625039508,1,1,1,F1
16549,2011-11-29 15:06:00,34,13182.19,9,1,3402.463297020793,512.8694945531189,5,5,5,R5
16550,2011-08-23 11:12:00,18,9435.13,108,1,1465.64084586691,221.54612688003652,5,5,5,F5
16551,2011-09-05 09:38:00,7,2237.12,95,1,235.39366698791008,36.45905004818651,5,4,4,F4
16552,2011-04-11 10:04:00,2,475.02000000000004,242,1,48.00208049842734,8.100312074764101,4,2,2,F2
16553,2011-06-29 15:42:00,33,16644.01,162,1,1026.3814826024138,156.40722239036208,4,5,5,F5
16554,2011-10-28 14:51:00,8,2841.72,41,1,335.0444595820272,51.45666893730407,5,4,4,R5
16555,2011-11-04 14:31:00,6,1915.68,34,1,194.63873073519207,30.29580961027881,5,4,4,M4
16556,2011-10-04 11:36:00,17,8012.58,66,1,1000.6447635723848,151.74671453585773,5,5,5,F5
16557,2011-11-15 14:04:00,2,281.85,23,1,20.10916086372642,3.916374129558963,5,1,1,R5
16558,2011-12-09 10:20:00,38,13873.51,0,1,1677.1428799028545,254.27143198542817,5,5,5,R5
16559,2010-11-07 13:52:00,1,185.20000000000002,396,0,25.635907004000128,3.8953860506000186,3,1,1,M1
16560,2011-11-13 10:35:00,8,3048.38,26,1,386.88124207342264,59.232186311013386,5,5,5,R5
16561,2011-12-04 11:50:00,2,511.12,5,1,64.55503191325069,10.583254786987602,5,2,2,R5
16562,2010-08-20 11:45:00,1,223.85999999999999,476,0,66.26414156653402,9.989621234980104,2,2,1,R2
16563,2011-10-17 11:51:00,6,4422.76,53,1,262.000331612278,40.40004974184169,5,4,5,F4
16564,2010-05-19 14:41:00,1,87.8,568,0,10.300382709961225,1.5950574064941838,2,1,1,F1
16565,2010-12-10 15:21:00,4,773.05,363,1,27.387254440934242,5.108088166140136,3,1,3,R3
16566,2011-11-24 16:34:00,5,614.66,14,1,48.93821015576815,8.390731523365222,5,2,2,R5
16567,2011-05-29 13:57:00,2,865.6,193,1,97.50220969324732,15.525331453987098,4,3,3,R4
16568,2010-10-08 10:54:00,2,1020.9000000000001,427,1,16.634055850201445,3.3951083775302164,3,1,3,F1
16569,2011-12-06 15:32:00,5,1455.23,2,1,107.13781301535165,17.120671952302747,5,3,4,R5
16570,2011-11-24 17:02:00,20,7434.31,14,1,621.8792389660581,95.08188584490871,5,5,5,R5
16571,2011-11-13 11:46:00,10,4248.74,26,1,645.41697580494,98.11254637074099,5,5,5,R5
16572,2011-08-04 16:34:00,3,1009.6,126,1,120.98785319066162,19.098177978599242,5,3,3,M3
16573,2011-09-16 09:13:00,2,663.61,84,1,84.17397669667851,13.526096504501776,5,3,3,R5
16574,2011-09-29 13:39:00,3,1301.78,70,1,207.48937904535504,32.07340685680325,5,4,4,F4
16576,2010-10-15 13:37:00,2,540.87,419,1,69.93160780176296,11.389741170264445,3,2,2,M2
16577,2010-02-11 09:45:00,1,380.0,666,0,41.37894413888832,6.256841620833248,1,2,2,M2
16578,2010-03-23 15:11:00,1,156.6,625,0,23.08454421715383,3.512681632573074,1,1,1,M1
16579,2010-10-10 11:58:00,1,295.05,425,0,29.365574019171124,4.454836102875668,3,1,1,F1
16581,2011-06-10 10:05:00,1,105.84,182,0,23.88668662886794,3.6330029943301905,4,1,1,M1
16582,2011-08-18 17:02:00,1,313.62,112,0,18.81069317878107,2.87160397681716,5,1,2,F1
16583,2010-12-01 12:03:00,2,531.4,373,1,68.85677166981885,11.228515750472829,3,2,2,R3
16584,2011-09-20 13:45:00,5,3163.67,79,1,219.2533457578279,33.93800186367418,5,4,5,F4
16585,2010-04-25 10:34:00,2,341.59,593,1,37.72258787647995,6.558388181471992,1,2,2,M2
16586,2011-04-05 09:32:00,3,1462.78,248,1,67.76119628732306,11.11417944309846,4,2,4,R4
16587,2011-04-21 15:51:00,1,225.15,231,0,21.461756448509668,3.26926346727645,4,1,1,F1
16588,2010-11-18 17:56:00,4,1361.28,385,1,167.51943937005333,26.127915905508,3,4,4,R3
16589,2011-09-29 14:50:00,4,612.36,70,1,108.1836535264351,17.227548028965263,5,3,2,F3
16590,2010-11-04 09:06:00,2,605.9,400,1,60.28793524525078,9.943190286787617,3,2,2,F2
16591,2011-10-02 10:43:00,1,213.5,68,0,14.41126539251557,2.211689808877335,5,1,1,F1
16592,2011-12-05 13:49:00,28,7807.91,3,1,1050.9620211456502,159.84430317184754,5,5,5,R5
16593,2011-10-20 12:41:00,8,1071.1399999999999,50,1,109.1849775597627,17.577746633964402,5,3,3,F3
16594,2011-09-25 14:08:00,1,181.09,74,0,40.18678811550869,6.078018217326303,5,2,1,M1
16595,2011-10-09 13:15:00,5,1810.18,60,1,537.9399888359862,81.74099832539792,5,5,4,M4
16596,2011-11-24 10:02:00,4,579.63,15,1,57.83067781807147,9.67460167271072,5,2,2,R5
16597,2011-12-05 15:44:00,1,90.04,3,0,18.927225953803656,2.889083893070548,5,1,1,R5
16598,2011-02-27 11:42:00,1,145.04999999999998,285,0,20.217190247218475,3.082578537082771,3,1,1,F1
16599,2010-11-19 12:45:00,1,172.8,385,0,28.217258012720198,4.282588701908029,3,1,1,M1
16600,2011-12-05 16:00:00,13,2153.41,3,1,378.90021069534464,58.28503160430169,5,5,4,R5
16601,2011-10-30 11:09:00,3,684.25,40,1,101.28970977744952,16.143456466617426,5,3,3,R5
16602,2011-11-03 15:54:00,2,763.33,35,1,90.7440543227768,14.51160814841652,5,3,3,R5
16603,2011-09-26 10:06:00,2,482.47,74,1,82.91860500604825,13.337790750907239,5,3,2,M2
16604,2010-05-26 09:10:00,2,432.45,562,1,30.362178606587186,5.454326790988077,2,1,2,M2
16605,2009-12-15 19:03:00,1,60.48,723,0,4.976733742420574,0.7965100613630861,1,1,1,F1
16606,2010-10-31 13:57:00,2,357.66,403,1,40.20985859356283,6.931478789034424,3,2,2,R3
16607,2011-11-22 10:24:00,25,5706.87,17,1,743.6594276453284,113.59891414679925,5,5,5,R5
16608,2010-09-12 11:44:00,2,1288.72,453,1,176.24453433143472,27.33668014971521,2,4,4,R2
16609,2011-11-24 13:32:00,7,5493.46,14,1,571.5032821784691,86.87549232677036,5,5,5,R5
16610,2011-05-04 13:13:00,1,75.66,218,0,14.770656936362997,2.2655985404544494,4,1,1,F1
16611,2011-06-06 15:46:00,6,1785.13,185,1,216.1027134940161,33.51540702410241,4,4,4,F4
16612,2011-11-07 07:38:00,9,3245.43,32,1,351.82064113661335,54.023096170492,5,5,5,R5
16613,2011-09-30 15:52:00,1,618.59,69,0,66.81796414032907,10.07269462104936,5,2,2,F2
16614,2011-06-10 11:36:00,3,1179.79,182,1,87.75929794886035,14.113894692329053,4,3,3,R4
16615,2010-03-23 15:13:00,1,291.5,625,0,42.38325946676753,6.407488920015129,1,2,1,F2
16616,2011-11-24 16:31:00,2,500.42,14,1,78.52414065239185,12.678621097858777,5,3,2,R5
16617,2011-04-18 10:35:00,1,151.85,235,0,12.559844379229448,1.9339766568844172,4,1,1,F1
16618,2011-11-08 13:52:00,5,2647.59,30,1,234.0201674230161,36.15302511345241,5,4,4,R5
16619,2011-03-21 08:18:00,4,1938.33,263,1,240.76995969241236,37.11549395386185,4,4,4,M4
16620,2011-12-06 12:19:00,6,1758.93,3,1,223.75047005831178,34.66257050874676,5,4,4,R5
16621,2011-10-19 11:38:00,4,813.48,51,1,63.60099330596754,10.54014899589513,5,2,3,R5
16622,2010-06-14 10:44:00,1,225.4,543,0,17.9621591036556,2.7443238655483397,2,1,1,F1
16623,2011-04-08 10:09:00,4,1015.24,245,1,108.40550200286664,17.260825300429996,4,3,3,F3
16624,2011-09-20 12:39:00,2,810.5699999999999,80,1,83.11726030841513,13.36758904626227,5,3,3,M3
16625,2011-03-10 12:50:00,5,1654.03,274,1,224.307163189282,34.6960744783923,4,4,4,F4
16626,2011-12-09 11:56:00,17,4413.1,0,1,394.9776904329672,60.896653564945076,5,5,5,R5
16627,2011-09-21 14:38:00,1,322.8,78,0,35.94380397620938,5.441570596431407,5,1,2,R5
16628,2011-11-10 12:45:00,7,2318.1,29,1,284.7516714298554,43.8627507144783,5,4,4,R5
16629,2011-09-27 10:34:00,2,417.73,73,1,89.5966204317633,14.339493064764495,5,3,2,M2
16630,2010-10-28 14:30:00,1,106.80000000000001,406,0,11.567650364659475,1.7851475546989213,3,1,1,F1
16631,2010-08-15 11:20:00,7,1892.52,481,1,170.2902881684623,26.693543225269345,2,4,4,M4
16632,2010-08-11 11:39:00,2,406.4,485,1,63.10228595524694,10.36534289328704,2,2,2,R2
16633,2011-11-22 13:41:00,6,2883.1,16,1,287.3069846367476,44.19604769551213,5,4,4,R5
16634,2011-05-01 12:09:00,6,1814.61,222,1,187.8576398355276,29.27864597532914,4,4,4,M4
16635,2010-10-29 09:41:00,1,473.0,406,0,59.64367214762061,8.996550822143092,3,2,2,F2
16636,2010-09-27 13:13:00,4,3802.04,437,1,222.76885422501007,34.41532813375151,2,4,5,F4
16637,2011-11-07 13:17:00,4,1154.47,31,1,167.9227487020721,26.188412305310816,5,4,3,R5
16638,2011-11-17 11:09:00,15,2430.53,22,1,314.5339703462807,48.7300955519421,5,4,4,R5
16639,2011-11-08 13:20:00,4,1747.98,30,1,172.7669364528147,26.915040467922204,5,4,4,R5
16640,2010-11-07 10:48:00,1,179.4,397,0,31.66579504487029,4.799869256730543,3,1,1,M1
16641,2011-08-26 12:49:00,2,554.5,105,1,84.2785155295235,13.541777329428525,5,3,2,M2
16642,2011-12-05 11:31:00,3,1077.45,4,1,129.03901458689492,20.305852188034237,5,3,3,R5
16643,2011-04-08 08:24:00,2,923.11,245,1,119.76935143047602,18.865402714571406,4,3,3,M3
16644,2011-06-15 12:39:00,2,833.78,177,1,157.5256938386632,24.52885407579948,4,4,3,R4
16645,2009-12-04 09:49:00,1,160.39,735,0,28.664326761862544,4.3496490142793816,1,1,1,M1
16646,2010-09-16 13:28:00,1,678.8,448,0,81.77311846445967,12.315967769668951,2,2,3,R2
16647,2011-06-23 11:47:00,4,541.9,169,1,73.23145009058528,11.984717513587793,4,2,2,R4
16648,2011-10-28 08:58:00,3,672.8,42,1,94.9380420597778,15.190706308966671,5,3,3,R5
16649,2010-07-07 15:41:00,1,306.58000000000004,519,0,27.935647144861942,4.240347071729291,2,1,2,F1
16650,2011-09-29 09:51:00,7,1916.11,71,1,252.56571958231015,39.03485793734652,5,4,4,M4
16651,2010-05-02 11:46:00,1,136.2,586,0,13.177088277093574,2.0265632415640358,1,1,1,F1
16652,2011-10-12 09:38:00,16,17550.39,58,1,806.5844183094372,122.58766274641556,5,5,5,F5
16653,2011-11-23 14:51:00,2,1212.66,15,1,152.89587112268754,23.83438066840313,5,4,3,R5
16654,2011-07-21 15:23:00,8,1711.47,140,1,165.9613231314197,26.094198469712953,4,4,4,M4
16655,2011-11-22 11:25:00,13,6548.37,17,1,1011.0731732791581,153.11097599187374,5,5,5,R5
16656,2011-11-17 14:43:00,30,16833.170000000002,21,1,572.4219746970016,88.16329620455024,5,5,5,R5
16657,2011-11-30 11:48:00,4,933.62,9,1,288.72781231996885,44.30917184799532,5,4,3,R5
16658,2010-12-06 13:47:00,6,814.07,367,1,97.84767704924545,15.777151557386818,3,3,3,R3
16659,2011-06-03 15:03:00,1,39.12,188,0,7.110696122978827,1.116604418446824,4,1,1,F1
16660,2011-11-23 14:53:00,7,1879.55,15,1,75.41056350762913,12.461584526144371,5,3,4,R5
16661,2010-06-17 15:24:00,4,986.63,539,1,92.89840474067168,14.934760711100752,2,3,3,M3
16662,2010-11-10 16:56:00,1,163.8,393,0,22.82174095733918,3.473261143600877,3,1,1,M1
16663,2009-12-10 13:12:00,1,165.0,728,0,4.61512051684126,0.742268077526189,1,1,1,F1
16664,2010-05-19 17:11:00,1,109.2,568,0,10.786924459539204,1.6680386689308806,2,1,1,F1
16665,2010-12-12 14:03:00,1,135.39999999999998,361,0,12.649757966458036,1.9474636949687054,3,1,1,F1
16666,2011-11-20 14:01:00,2,225.94,18,1,86.65676278878061,13.898514418317092,5,3,1,R5
16667,2011-10-02 15:26:00,2,570.13,67,1,79.94191121277974,12.891286681916961,5,3,2,R5
16668,2011-11-24 17:43:00,13,862.42,14,1,133.96116547994407,21.54417482199161,5,3,3,R5
16669,2011-11-16 12:26:00,3,1374.8700000000001,23,1,249.48781337544477,38.37317200631671,5,4,4,R5
16670,2011-11-23 09:34:00,20,8030.150000000001,16,1,1032.8839188759584,156.73258783139377,5,5,5,R5
16671,2011-11-11 13:40:00,3,1692.27,27,1,27.18988443818674,5.028482665728011,5,1,4,R5
16672,2011-12-07 16:29:00,20,8134.9400000000005,1,1,343.717283844449,53.35759257666735,5,5,5,R5
16673,2010-01-29 14:22:00,1,188.83,678,0,31.897932582779777,4.834689887416967,1,1,1,M1
16674,2011-10-16 11:31:00,2,319.61,54,1,95.31741004295671,15.197611506443506,5,3,2,R5
16675,2010-09-24 12:15:00,2,608.86,441,1,52.14153918635037,8.721230877952555,2,2,2,F2
16676,2011-11-06 12:01:00,6,2361.9,33,1,238.78044815860514,36.91706722379077,5,4,4,R5
16677,2010-10-24 14:53:00,2,880.62,410,1,103.40506422169648,16.41075963325447,3,3,3,F3
16678,2011-12-07 12:17:00,12,3109.99,2,1,417.5081418537836,64.02622127806754,5,5,5,R5
16679,2010-12-08 13:51:00,3,793.06,365,1,47.08904527627907,8.013356791441861,3,2,3,R3
16680,2011-10-27 17:35:00,3,821.45,42,1,68.22028930981621,11.183043396472431,5,2,3,R5
16681,2011-09-28 11:11:00,7,1921.84,72,1,157.12395347698026,24.71859302154704,5,4,4,M4
16682,2011-12-05 12:13:00,5,1028.0,4,1,97.9772327708927,15.746584915633905,5,3,3,R5
16683,2010-06-24 10:36:00,1,320.25,533,0,39.793038503462924,6.018955775519438,2,2,2,R2
16684,2011-12-05 14:06:00,55,147142.77,3,1,3135.757993828927,473.91369907433904,5,5,5,R5
16685,2011-10-09 13:58:00,2,324.24,60,1,95.65742206821203,15.248613310231804,5,3,2,R5
16686,2011-10-23 13:49:00,16,5070.92,46,1,1230.3538435062464,186.153076525937,5,5,5,F5
16687,2010-11-14 11:46:00,1,157.63,390,0,21.516074512049045,3.2774111768073566,3,1,1,M1
16688,2011-12-08 15:24:00,4,1260.86,0,1,148.09696712095382,23.21454506814307,5,3,3,R5
16689,2011-09-25 11:39:00,2,422.59999999999997,75,1,35.384849444194785,6.207727416629217,5,2,2,M2
16690,2011-09-28 15:02:00,4,353.03,71,1,42.158150928179275,7.323722639226891,5,2,2,F2
16691,2010-10-17 15:03:00,2,178.83,417,1,21.807008372782924,4.171051255917439,3,1,1,M1
16692,2011-03-28 14:46:00,4,1914.6999999999998,255,1,16.922652712812013,3.5383979069218023,4,1,4,M4
16693,2011-10-02 11:10:00,5,1199.46,68,1,216.30696777970445,33.49604516695566,5,4,3,F4
16694,2009-12-16 15:45:00,1,98.30000000000001,722,0,4.605170185988091,0.7407755278982137,1,1,1,F1
16695,2010-05-27 12:36:00,2,193.15,561,1,50.26480298960682,8.439720448441022,2,2,1,F2
16696,2011-07-27 14:23:00,4,657.9000000000001,134,1,25.649576482472792,4.8474364723709185,5,1,3,F1
16697,2011-04-12 17:12:00,1,112.75,240,0,16.871098404751454,2.5806647607127178,4,1,1,F1
16698,2011-04-27 10:52:00,2,1998.0,226,1,25.12448955336812,4.668673433005218,4,1,4,M4
16699,2010-11-24 14:38:00,7,994.6,379,1,125.19481023448296,19.929221535172445,3,3,3,R3
16700,2011-12-01 11:00:00,25,9167.710000000001,8,1,1298.8365874695212,196.87548812042817,5,5,5,R5
16701,2011-12-01 11:10:00,26,9916.73,8,1,866.6260504178931,132.093907562684,5,5,5,R5
16702,2010-10-20 14:10:00,4,1110.83,414,1,156.46765606087712,24.470148409131568,3,4,3,M3
16704,2010-03-31 14:02:00,2,695.66,617,1,109.08015070396104,17.262022605594158,1,3,3,F3
16705,2011-12-09 12:08:00,42,43515.051,0,1,2034.6768626282294,308.10152939423443,5,5,5,R5
16706,2011-11-02 13:50:00,3,531.35,36,1,120.26399216108099,18.989598824162147,5,3,2,R5
16707,2010-11-04 14:39:00,4,551.11,399,1,106.64707821470839,16.99706173220626,3,3,2,F3
16708,2011-10-25 12:20:00,1,656.63,45,0,62.04632279012567,9.35694841851885,5,2,3,R5
16709,2011-09-16 10:56:00,14,9087.460000000001,84,1,660.2826550884464,100.54239826326696,5,5,5,F5
16710,2011-11-20 14:50:00,22,6349.09,18,1,1365.942926355794,206.7914389533691,5,5,5,R5
16711,2011-12-06 16:32:00,9,2868.48,2,1,108.28718894891016,17.493078342336524,5,3,4,R5
16712,2011-11-30 13:48:00,13,4266.99,8,1,701.1533964366631,106.62300946549946,5,5,5,R5
16713,2011-11-21 12:36:00,32,14560.69,18,1,2005.8874829718243,303.28312244577364,5,5,5,R5
16714,2011-05-05 11:09:00,4,1529.8,218,1,213.29084697205488,32.99362704580823,4,4,4,F4
16715,2011-09-22 18:15:00,2,625.52,77,1,93.52400061526775,14.928600092290162,5,3,2,F3
16716,2011-03-18 10:03:00,3,2149.6800000000003,266,1,37.08321753751217,6.512482630626826,4,2,4,M4
16717,2011-11-16 12:16:00,14,6986.2300000000005,23,1,759.0329349374123,115.35494024061184,5,5,5,R5
16718,2010-12-05 13:03:00,5,3647.53,368,1,472.189941854464,71.87849127816959,3,5,5,R3
16719,2011-11-25 09:27:00,14,3973.3,14,1,611.9834834654291,93.29752251981436,5,5,5,R5
16720,2011-11-13 16:22:00,3,795.48,25,1,155.70131357443364,24.305197036165044,5,4,3,R5
16721,2011-03-22 16:08:00,1,292.47,261,0,55.89567216356598,8.434350824534897,4,2,1,F2
16722,2011-11-22 13:28:00,22,8989.08,16,1,1208.440871978328,183.1661307967492,5,5,5,R5
16723,2011-09-09 13:01:00,4,1301.63,90,1,197.10844785556142,30.56626717833421,5,4,4,F4
16724,2010-10-31 11:40:00,1,147.35,404,0,25.919492336704245,3.937923850505636,3,1,1,M1
16725,2011-02-10 16:52:00,14,1882.11,301,1,352.53211335533314,54.37981700329997,3,5,4,M4
16726,2011-11-13 14:53:00,7,2088.41,25,1,403.06793059001365,61.610189588502045,5,5,4,R5
16727,2010-12-10 13:48:00,4,1437.42,363,1,317.3350537357926,48.60025806036889,3,4,4,R3
16728,2011-10-24 14:36:00,4,1054.67,45,1,280.60512956992204,43.090769435488305,5,4,3,R5
16729,2011-11-01 14:29:00,21,7239.92,37,1,1257.096542327204,190.4144813490806,5,5,5,F5
16730,2011-10-18 14:11:00,3,743.11,51,1,172.11559317130113,26.767338975695168,5,4,3,R5
16731,2010-03-01 15:05:00,1,174.05,647,0,52.92437335504866,7.988656003257298,1,2,1,M1
16732,2011-11-08 09:54:00,4,4387.64,31,1,491.3633401299852,74.70450101949778,5,5,5,R5
16733,2010-06-28 10:12:00,1,259.68,529,0,26.84753164342149,4.077129746513223,2,1,1,F1
16734,2011-10-18 13:44:00,3,650.51,51,1,83.34367884426558,13.451551826639838,5,3,3,R5
16735,2011-09-22 11:49:00,14,6270.56,78,1,748.0371879511173,113.70557819266759,5,5,5,F5
16736,2010-07-22 10:09:00,5,2956.56,505,1,274.16199931426087,42.17429989713913,2,4,4,R2
16737,2011-10-17 13:03:00,2,835.1999999999999,52,1,11.332853376224865,2.59992800643373,5,1,3,F1
16738,2011-02-15 09:46:00,1,3.75,297,0,1.3862943611198906,0.2579441541679836,3,1,1,F1
16739,2011-06-16 09:17:00,2,786.43,176,1,85.26374445267041,13.689561667900561,4,3,3,R4
16740,2010-11-09 13:34:00,1,236.81,394,0,40.95654025049714,6.193481037574571,3,2,1,R3
16741,2010-03-24 15:15:00,1,173.06,624,0,22.1502990270484,3.37254485405726,1,1,1,M1
16742,2011-10-24 12:02:00,14,2852.6099999999997,46,1,257.8974490211998,40.184617353179966,5,4,4,R5
16743,2011-11-10 13:13:00,14,4253.26,28,1,774.8395178526487,117.72592767789729,5,5,5,R5
16744,2011-11-28 13:06:00,7,1304.76,10,1,287.3366823477756,44.250502352166336,5,4,4,R5
16745,2011-09-14 11:58:00,17,7194.3,86,1,819.8118594557795,124.62177891836691,5,5,5,F5
16746,2011-12-05 12:33:00,42,18066.4,4,1,2052.513151408619,310.77697271129284,5,5,5,R5
16747,2011-11-02 11:37:00,2,836.06,37,1,99.3789675142198,15.806845127132968,5,3,3,R5
16748,2011-11-22 10:17:00,14,3637.33,17,1,424.0509911341726,65.10764867012588,5,5,5,R5
16749,2010-04-27 13:06:00,2,4387.08,590,1,216.59598751650265,33.389398127475395,1,4,5,F4
16750,2011-10-26 12:48:00,5,623.93,44,1,99.2007812865808,15.93011719298712,5,3,2,R5
16751,2011-11-09 10:48:00,1,1764.72,30,0,77.97413577521063,11.746120366281595,5,2,4,R5
16752,2010-12-02 12:18:00,1,415.0,372,0,30.340374617902693,4.6010561926854034,3,1,2,M2
16753,2011-10-12 13:14:00,1,223.92000000000002,57,0,47.6074895759427,7.191123436391405,5,2,1,R5
16754,2010-12-02 17:38:00,29,67502.47,371,1,788.1455027857941,120.4718254178691,3,5,5,F5
16755,2011-08-17 13:21:00,7,2900.58,113,1,522.8157017821333,79.57235526731998,5,5,4,F5
16756,2011-05-09 09:33:00,7,1312.3700000000001,214,1,167.384944434792,26.257741665218802,4,4,4,R4
16757,2011-01-25 11:59:00,2,270.48,318,1,37.58047126319923,6.537070689479884,3,2,1,R3
16758,2011-10-05 14:47:00,1,369.34000000000003,64,0,40.45556657541684,6.118334986312526,5,2,2,R5
16759,2011-12-02 12:42:00,3,789.79,7,1,104.5071222435302,16.62606833652953,5,3,3,R5
16760,2010-10-05 15:55:00,1,228.0,429,0,39.88990382640878,6.033485573961317,3,2,1,M1
16761,2011-09-04 11:15:00,1,316.62,96,0,40.170845816594074,6.075626872489111,5,2,2,R5
16762,2011-11-20 11:43:00,3,1501.38,19,1,171.68920215480077,26.703380323220113,5,4,4,R5
16763,2011-05-25 11:52:00,2,964.6999999999999,198,1,99.79039376585993,15.868559064878989,4,3,3,R4
16764,2011-12-06 11:41:00,13,2799.25,3,1,675.2240844899742,102.73361267349613,5,5,4,R5
16765,2011-02-18 15:41:00,2,454.75,293,1,78.4402352840365,12.666035292605475,3,3,2,M2
16766,2011-03-11 15:22:00,2,1145.6,272,1,91.8924239839981,14.683863597599714,4,3,3,M3
16767,2011-11-09 09:42:00,15,8073.8,30,1,915.1083308119363,138.81624962179046,5,5,5,F5
16768,2011-10-23 10:38:00,9,1708.12,47,1,219.994163659188,34.2491245488782,5,4,4,F4
16769,2011-03-24 13:41:00,4,1141.75,259,1,124.06339636673694,19.60950945501054,4,3,3,F3
16770,2011-10-13 12:21:00,9,1932.13,57,1,426.1537373618841,65.17306060428261,5,5,4,M4
16771,2011-11-06 13:28:00,10,3967.6,32,1,647.5816052065765,98.43724078098646,5,5,5,F5
16772,2010-10-12 13:19:00,3,3723.5499999999997,422,1,143.4490930016659,22.467363950249883,3,3,5,F3
16773,2011-10-13 14:37:00,3,421.24,56,1,74.05723855133289,12.058585782699934,5,2,2,M2
16774,2011-10-03 12:41:00,8,1594.45,67,1,215.66672803568957,33.55000920535343,5,4,4,F4
16775,2011-11-29 15:22:00,16,3056.89,9,1,359.4567649161015,55.518514737415224,5,5,5,R5
16776,2011-10-10 13:04:00,2,619.85,59,1,172.18434967566162,26.727652451349243,5,4,2,R5
16777,2011-09-20 13:41:00,5,1307.76,79,1,175.9245833062683,27.438687495940243,5,4,4,R5
16778,2011-09-26 13:48:00,2,245.94,73,1,37.99385272479602,6.599077908719402,5,2,1,R5
16779,2011-12-07 14:54:00,53,33268.24,1,1,2692.705982654416,407.35589739816237,5,5,5,R5
16780,2011-08-31 16:09:00,3,605.55,99,1,126.89226306180223,19.98383945927033,5,3,2,F3
16781,2010-12-02 14:26:00,2,934.25,371,1,90.85707005083688,14.528560507625532,3,3,3,M3
16782,2011-11-29 13:20:00,38,10438.41,9,1,1861.701066165103,281.95515992476544,5,5,5,R5
16783,2010-09-29 11:53:00,1,391.95,436,0,47.33679207519732,7.150518811279598,2,2,2,M2
16784,2011-11-20 12:20:00,5,896.53,19,1,203.70270686786247,31.60540603017937,5,4,3,R5
16785,2010-10-26 10:36:00,1,533.78,409,0,72.37026918388369,10.905540377582554,3,2,2,M2
16786,2010-11-11 08:25:00,1,51.839999999999996,393,0,4.290459441148391,0.6935689161722587,3,1,1,F1
16787,2010-11-07 11:01:00,4,1035.43,397,1,157.77463504215902,24.666195256323853,3,4,3,M3
16788,2011-08-08 14:53:00,5,1950.3,122,1,475.1414686843939,72.32122030265907,5,5,4,M4
16789,2011-12-01 15:12:00,1,80.8,7,0,9.675645480440364,1.5013468220660546,5,1,1,R5
16790,2011-12-06 11:53:00,6,1545.6200000000001,3,1,207.68693963043702,32.253040944565555,5,4,4,R5
16791,2011-11-10 19:12:00,15,4038.69,28,1,789.1649403509772,119.92474105264657,5,5,5,R5
16792,2011-03-02 14:41:00,5,623.46,281,1,132.11646948125005,20.86747042218751,3,3,2,F3
16793,2011-10-13 15:08:00,1,243.84,56,0,35.089846848877094,5.3134770273315635,5,1,1,R5
16794,2011-12-08 17:54:00,15,2090.91,0,1,624.496414270114,95.22446214051709,5,5,4,R5
16795,2010-12-09 14:08:00,3,2492.39,364,1,560.4822028076261,85.02233042114392,3,5,4,R3
16796,2011-09-11 14:01:00,1,305.62,88,0,43.242413079512026,6.536361961926803,5,2,2,R5
16797,2010-11-11 19:14:00,5,1827.77,392,1,426.87567470625277,65.0813512059379,3,5,4,M4
16798,2010-06-03 19:01:00,3,848.71,553,1,131.04629486574254,20.60694422986138,2,3,3,M3
16799,2010-10-03 14:28:00,2,495.98,431,1,97.7622116366438,15.564331745496569,2,3,2,M2
16800,2011-11-28 14:06:00,1,1201.49,10,0,198.141949342066,29.7712924013099,5,4,3,R5
16801,2011-06-29 15:33:00,4,1619.73,162,1,129.8526589976193,20.477898849642894,4,3,4,F3
16802,2010-01-29 13:44:00,2,582.61,678,1,101.38755409288302,16.108133113932453,1,3,2,F3
16803,2011-10-05 14:28:00,1,332.3,64,0,54.06264535221721,8.159396802832582,5,2,2,F2
16804,2011-11-16 16:43:00,3,536.99,22,1,78.25842779663581,12.688764169495373,5,3,2,R5
16805,2011-06-19 11:23:00,5,1097.24,173,1,309.98556731897486,47.547835097846225,4,4,3,R4
16806,2011-08-28 15:27:00,4,801.49,102,1,137.39268309748687,21.60890246462303,5,3,3,M3
16807,2011-07-20 12:00:00,6,2123.88,142,1,320.0070257462858,49.101053861942866,4,4,4,M4
16808,2011-09-01 19:34:00,2,288.42,98,1,43.63520577535634,7.445280866303451,5,2,1,F2
16809,2011-11-16 15:45:00,9,1727.43,22,1,388.92828510414654,59.589242765621975,5,5,4,R5
16810,2011-05-31 15:32:00,2,842.0400000000001,191,1,76.97923864686997,12.446885797030497,4,3,3,R4
16811,2011-12-05 11:39:00,2,547.07,4,1,70.6674293519032,11.50011440278548,5,2,2,R5
16812,2010-12-14 12:35:00,4,2392.0,360,1,250.15286133364077,38.522929200046114,3,4,4,F4
16813,2011-12-01 14:03:00,10,1692.98,7,1,537.9357681713927,81.9903652257089,5,5,4,R5
16814,2011-11-25 13:27:00,36,12499.710000000001,13,1,1377.5782261694612,209.2367339254192,5,5,5,R5
16815,2010-09-12 10:59:00,2,410.97,453,1,94.6305578448903,15.094583676733546,2,3,2,M2
16816,2011-08-28 14:16:00,4,417.06,102,1,63.11228295493525,10.466842443240287,5,2,2,M2
16817,2011-12-07 11:03:00,13,2804.9,2,1,339.80811271354594,52.421216907031884,5,4,4,R5
16818,2011-11-29 10:41:00,11,3349.57,10,1,442.03473397597276,67.6552100963959,5,5,5,R5
16819,2010-08-31 17:37:00,2,182.59,464,1,30.79931274668553,5.519896912002829,2,1,1,M1
16820,2011-09-05 12:06:00,1,497.61,95,0,59.60118990244988,8.990178485367483,5,2,2,F2
16821,2010-11-23 10:04:00,1,113.35,381,0,6.984716320118266,1.0977074480177398,3,1,1,F1
16822,2010-01-22 14:22:00,1,181.39,685,0,27.021666176746614,4.1032499265119915,1,1,1,M1
16823,2011-04-26 15:00:00,7,2260.09,226,1,307.7577601229632,47.31366401844448,4,4,4,M4
16824,2011-11-24 12:38:00,3,686.24,15,1,86.70517291035155,13.955775936552733,5,3,3,R5
16825,2011-11-01 11:51:00,5,1826.89,38,1,158.250416223938,24.7875624335907,5,4,4,R5
16826,2011-10-19 14:05:00,1,341.7,50,0,42.09092945980399,6.363639418970598,5,2,2,R5
16827,2010-11-11 14:04:00,5,392.13,392,1,19.785771897421153,4.017865784613173,3,1,2,R3
16828,2011-09-07 15:10:00,2,128.5,92,1,15.835163612544596,3.2752745418816893,5,1,1,M1
16829,2011-07-06 10:48:00,2,513.32,156,1,53.74370776131483,8.961556164197225,4,2,2,F2
16830,2011-11-01 11:35:00,4,1207.5,38,1,159.194826648783,24.87922399731745,5,4,3,R5
16831,2010-05-24 09:08:00,1,91.8,564,0,12.413346943679704,1.9120020415519556,2,1,1,F1
16832,2011-06-08 15:36:00,5,417.61,183,1,37.57521688363806,6.686282532545709,4,2,2,M2
16833,2011-12-08 14:39:00,6,2409.04,0,1,196.31442007551968,30.547163011327953,5,4,4,R5
16834,2011-04-26 09:37:00,2,898.96,227,1,130.71468007376745,20.507202011065118,4,3,3,M3
16835,2011-08-03 13:50:00,6,1538.41,127,1,157.38714476043646,24.70807171406547,5,4,4,M4
16836,2011-10-31 10:05:00,4,782.37,39,1,99.79888005042412,15.969832007563618,5,3,3,R5
16837,2011-11-08 14:27:00,11,3170.98,30,1,336.97990654129137,51.8969859811937,5,4,5,R5
16838,2011-05-26 13:13:00,4,1159.61,196,1,119.94136782571759,18.991205173857637,4,3,3,R4
16839,2011-12-01 09:03:00,44,22310.49,8,1,1072.4830866921445,163.87246300382168,5,5,5,R5
16840,2010-04-15 15:48:00,2,139.85,602,1,21.61523826116936,4.142285739175404,1,1,1,M1
16841,2011-11-03 11:51:00,12,4006.06,36,1,578.4001089652833,88.16001634479248,5,5,5,R5
16842,2011-08-31 10:42:00,3,1264.19,100,1,144.9743661660817,22.696154924912253,5,3,3,F3
16843,2011-10-28 09:06:00,35,19571.43,42,1,1844.843103179731,279.2764654769597,5,5,5,F5
16844,2010-05-26 10:29:00,2,614.34,562,1,68.10370730629386,11.11555609594408,2,2,2,F2
16845,2010-03-31 13:09:00,1,253.88,617,0,40.14591677547124,6.071887516320686,1,2,1,M1
16846,2011-10-20 13:55:00,3,842.41,49,1,104.9175923807382,16.68763885711073,5,3,3,F3
16847,2011-10-27 13:29:00,2,614.89,42,1,66.00772344214538,10.801158516321806,5,2,2,R5
16848,2011-10-18 08:42:00,4,1411.62,52,1,186.2738890436293,28.941083356544397,5,4,4,R5
16849,2011-06-06 09:16:00,1,124.57,186,0,12.380614015005166,1.907092102250775,4,1,1,F1
16850,2011-01-10 11:09:00,1,332.41,333,0,46.53911375756794,7.03086706363519,3,2,2,R3
16851,2011-12-05 13:32:00,3,342.45,3,1,49.421333144666754,8.363199971700013,5,2,2,R5
16852,2011-11-29 13:22:00,2,144.91000000000003,9,1,14.847983044127838,3.127197456619176,5,1,1,R5
16854,2010-10-18 16:31:00,2,1408.96,416,1,182.46443406162277,28.269665109243416,3,4,4,R3
16855,2011-11-16 12:03:00,2,328.4,23,1,38.63702503970478,6.695553755955716,5,2,2,R5
16856,2011-11-25 08:59:00,3,358.49,14,1,41.47260245105588,7.170890367658382,5,2,2,R5
16857,2010-09-23 10:49:00,1,352.8,442,0,28.914190676461956,4.387128601469293,2,1,2,F1
16858,2010-12-06 09:52:00,10,4668.28,368,1,302.8246935626024,46.72370403439036,3,4,5,R3
16859,2011-07-18 12:19:00,7,1932.41,144,1,283.34706679594586,43.652060019391875,4,4,4,M4
16860,2010-09-13 10:05:00,3,1610.62,452,1,94.9376125226455,15.190641878396825,2,3,4,F3
16861,2011-10-11 09:05:00,5,946.59,59,1,114.32113233385789,18.198169850078685,5,3,3,M3
16862,2010-06-10 13:05:00,4,662.33,546,1,86.49681920655628,13.974522880983441,2,3,3,F3
16863,2011-11-08 15:26:00,3,998.52,30,1,141.0030527178761,22.100457907681413,5,3,3,R5
16864,2010-10-01 16:16:00,2,409.25,433,1,44.4194393769877,7.562915906548154,2,2,2,M2
16865,2010-11-03 11:34:00,1,130.95,401,0,28.430693916936857,4.314604087540528,3,1,1,M1
16866,2011-07-22 10:06:00,3,207.73999999999998,140,1,18.28654757029395,3.692982135544092,4,1,1,F1
16867,2010-01-19 09:11:00,1,76.74000000000001,689,0,14.035207376112362,2.155281106416854,1,1,1,F1
16868,2010-11-10 13:17:00,3,393.39,393,1,55.13015416438561,9.219523124657842,3,2,2,F2
16869,2011-11-17 12:02:00,4,825.42,22,1,180.13771644187733,28.020657466281598,5,4,3,R5
16870,2010-08-27 13:53:00,1,450.15999999999997,468,0,61.364253737311316,9.254638060596697,2,2,2,M2
16871,2011-11-17 19:27:00,6,2812.34,21,1,293.08524967574186,45.062787451361274,5,4,4,R5
16872,2011-09-23 16:05:00,6,1213.13,76,1,55.89579316495449,9.484368974743175,5,2,3,F2
16873,2011-12-05 12:05:00,12,14617.39,4,1,1328.8910250740075,200.73365376110112,5,5,5,R5
16874,2010-11-25 13:08:00,1,217.74,378,0,36.304048927549864,5.495607339132479,3,1,1,R3
16875,2011-10-03 13:39:00,11,4234.53,66,1,490.8369063108051,74.97553594662075,5,5,5,R5
16876,2010-11-01 11:59:00,1,136.01,403,0,44.66613831015858,6.749920746523786,3,2,1,M1
16877,2011-11-27 13:47:00,6,853.72,11,1,178.70755331051086,27.90613299657663,5,4,3,R5
16878,2011-09-16 17:39:00,1,13.3,83,0,3.7841896339182615,0.6176284450877393,5,1,1,F1
16880,2011-11-09 11:33:00,8,1840.86,30,1,265.2065639662738,40.98098459494106,5,4,4,R5
16881,2011-10-04 10:33:00,1,432.0,66,0,6.398594934535208,1.009789240180281,5,1,2,F1
16882,2011-10-04 10:42:00,3,705.12,66,1,86.27863452674576,13.891795179011865,5,3,3,R5
16883,2011-06-05 12:51:00,19,2396.59,186,1,363.8318632475968,56.324779487139516,4,5,4,R4
16884,2011-11-02 11:52:00,4,1073.92,37,1,130.25522950035128,20.53828442505269,5,3,3,R5
16885,2011-11-24 13:40:00,4,710.74,14,1,146.58886932492166,22.98833039873825,5,3,3,R5
16886,2010-09-09 15:08:00,1,134.0,455,0,14.43781941523812,2.2156729122857177,2,1,1,F1
16887,2011-11-04 14:07:00,3,660.72,34,1,138.27178658231455,21.69076798734718,5,3,3,R5
16888,2010-11-04 12:39:00,3,437.15,400,1,60.632476180215555,10.044871427032334,3,2,2,M2
16889,2011-05-29 11:05:00,6,2530.9,194,1,404.6238644847391,61.793579672710855,4,5,4,R4
16890,2010-08-20 11:23:00,3,285.41,476,1,35.84551228379997,6.326826842569996,2,2,1,R2
16891,2011-12-08 11:15:00,11,2056.82,1,1,427.35693374059366,65.45354006108904,5,5,4,R5
16892,2011-12-08 13:18:00,7,762.1,0,1,147.77070235910645,23.31560535386597,5,3,3,R5
16893,2010-12-08 12:06:00,2,401.77,366,1,108.88335130604462,17.232502695906692,3,3,2,F3
16894,2010-07-25 15:43:00,3,1324.06,501,1,197.03478891076398,30.505218336614593,2,4,4,R2
16895,2011-10-06 12:15:00,5,1121.42,64,1,180.10369209155473,28.06555381373321,5,4,3,R5
16896,2010-06-02 15:40:00,1,103.95,554,0,12.476649250079015,1.9214973875118522,2,1,1,F1
16897,2011-02-13 15:02:00,2,289.78,298,1,37.80171882081915,6.570257823122871,3,2,1,F2
16898,2011-11-13 15:44:00,5,1016.37,25,1,296.5068246106296,45.52602369159444,5,4,3,R5
16899,2011-12-02 12:03:00,8,1721.02,7,1,245.3566324059889,38.00349486089833,5,4,4,R5
16900,2011-11-23 10:32:00,3,887.11,16,1,161.43907650408414,25.16586147561262,5,4,3,R5
16901,2009-12-10 16:30:00,1,204.26,728,0,21.776373183189886,3.3164559774784825,1,1,1,F1
16902,2011-08-15 14:17:00,1,1706.88,115,0,108.83623553399146,16.375435330098718,5,3,4,F3
16903,2011-11-10 15:32:00,3,1062.28,28,1,241.12253633382355,37.11838045007352,5,4,3,R5
16904,2011-12-05 13:10:00,21,5132.37,3,1,1047.0387939599293,158.9058190939894,5,5,5,R5
16905,2011-12-04 14:01:00,17,5034.15,4,1,546.8112451255917,83.67168676883874,5,5,5,R5
16906,2011-09-19 11:49:00,7,1448.8,81,1,231.19033834224413,35.828550751336614,5,4,4,F4
16907,2011-11-10 18:04:00,9,1707.9,28,1,235.961497622092,36.6442246433138,5,4,4,R5
16908,2009-12-17 13:35:00,1,252.59,721,0,23.643356073655525,3.5965034110483285,1,1,1,F1
16909,2011-09-28 16:45:00,1,379.14,71,0,44.28518774056156,6.692778161084234,5,2,2,M2
16910,2011-12-05 12:51:00,8,1510.06,3,1,484.93918322715564,73.94087748407334,5,5,4,R5
16911,2010-03-14 12:18:00,2,255.25,635,1,50.41643782550318,8.462465673825477,1,2,1,F2
16912,2011-11-11 12:18:00,15,4480.31,28,1,375.2843818345922,57.84265727518882,5,5,5,R5
16913,2011-02-22 12:56:00,3,423.90999999999997,289,1,28.155251878205362,5.173287781730805,3,1,2,M2
16914,2011-11-03 15:27:00,1,208.46,35,0,38.72403603123855,5.858605404685782,5,2,1,R5
16915,2011-11-30 16:39:00,11,1543.18,8,1,81.46379671726655,13.569569507589984,5,3,4,R5
16916,2011-11-16 12:08:00,4,1123.4,23,1,281.8067018319991,43.27100527479986,5,4,3,R5
16917,2011-03-08 11:55:00,2,1857.83,276,1,120.07507862252513,18.91126179337877,4,3,4,M4
16918,2011-10-21 12:50:00,16,3213.29,49,1,690.0179887696389,105.10269831544583,5,5,5,F5
16919,2011-07-06 13:35:00,24,5125.91,155,1,889.340782587548,135.4011173881322,4,5,5,F5
16920,2010-10-24 14:07:00,1,355.45,410,0,32.12282200138485,4.868423300207727,3,1,2,M2
16921,2011-10-09 16:22:00,3,446.67,60,1,108.2416252975251,17.186243794628766,5,3,2,F3
16922,2010-05-16 11:24:00,1,611.08,572,0,132.06761139434033,19.86014170915105,2,3,2,F3
16923,2011-11-27 13:00:00,32,13378.36,11,1,1771.7549225775836,268.16323838663754,5,5,5,R5
16924,2011-11-18 12:53:00,3,846.75,20,1,136.9832728879628,21.49749093319442,5,3,3,R5
16925,2010-06-17 15:03:00,1,125.65,539,0,28.000997184002383,4.250149577600357,2,1,1,M1
16926,2010-12-03 13:42:00,5,1421.35,370,1,120.31492108269916,19.097238162404874,3,3,4,R3
16927,2011-08-16 11:10:00,3,543.05,115,1,21.136509132372538,4.12047636985588,5,1,2,F1
16928,2011-09-20 15:10:00,29,4113.23,79,1,588.1611507799565,90.47417261699347,5,5,5,F5
16929,2011-12-06 08:37:00,7,1295.39,3,1,184.8141438383183,28.872121575747748,5,4,4,R5
16930,2011-11-13 16:13:00,3,380.55,25,1,93.62460823569494,14.993691235354241,5,3,2,R5
16931,2011-12-04 13:15:00,23,5233.62,4,1,1322.4538528023395,200.31807792035093,5,5,5,R5
16932,2011-10-17 14:12:00,3,440.71,52,1,119.89627238588044,18.934440857882063,5,3,2,M2
16933,2011-12-08 12:54:00,9,3181.25,0,1,459.7576082107616,70.21364123161423,5,5,5,R5
16934,2011-10-16 12:40:00,6,2110.9900000000002,54,1,250.94011650712284,38.74101747606842,5,4,4,M4
16935,2010-11-23 09:16:00,3,535.1,381,1,97.91688777455155,15.637533166182733,3,3,2,R3
16936,2011-11-14 11:04:00,2,551.17,25,1,151.93639996461397,23.690459994692098,5,4,2,R5
16937,2010-07-28 17:56:00,1,202.1,498,0,57.635263521491126,8.69528952822367,2,2,1,F2
16938,2011-12-01 10:20:00,9,7043.18,8,1,1196.4063638783327,180.71095458174992,5,5,5,R5
16939,2010-08-08 12:24:00,3,449.0,488,1,66.28597898868121,10.892896848302183,2,2,2,R2
16940,2011-10-18 13:15:00,8,6427.66,51,1,1183.1210167404138,178.6681525110621,5,5,5,F5
16941,2010-04-07 11:13:00,1,33.0,611,0,3.8918202981106265,0.633773044716594,1,1,1,F1
16942,2011-11-27 12:40:00,9,1920.59,12,1,340.4145156580756,52.31217734871134,5,4,4,R5
16943,2011-05-12 11:57:00,5,1299.49,211,1,53.009859482431175,9.001478922364676,4,2,4,R4
16944,2010-04-09 11:03:00,1,101.36,609,0,9.84977027003014,1.527465540504521,1,1,1,F1
16945,2011-11-18 11:39:00,33,8548.16,21,1,1129.0560412476898,171.80840618715348,5,5,5,R5
16946,2010-11-21 14:06:00,5,1222.04,382,1,143.46928637606206,22.570392956409307,3,3,3,R3
16947,2011-04-18 09:38:00,5,955.21,235,1,122.81346900699558,19.472020351049338,4,3,3,M3
16948,2011-07-24 12:46:00,7,868.77,138,1,132.01714654209192,20.95257198131379,4,3,3,M3
16949,2011-12-06 11:07:00,6,1286.27,3,1,143.0975027989244,22.564625419838663,5,3,4,R5
16950,2011-10-14 09:06:00,10,3784.37,56,1,374.51062883635666,57.4765943254535,5,5,5,R5
16951,2011-07-28 12:05:00,3,1277.75,134,1,230.08063033287982,35.46209454993197,5,4,4,F4
16952,2011-08-22 13:03:00,5,798.78,108,1,114.4164200186108,18.21246300279162,5,3,3,F3
16953,2011-11-09 15:54:00,1,20.8,29,0,2.3978952727983707,0.40968429091975556,5,1,1,R5
16954,2011-12-09 09:46:00,20,6081.88,0,1,562.9811327575369,86.24716991363053,5,5,5,R5
16955,2011-06-08 10:36:00,6,1309.41,184,1,131.7112947034945,20.856694205524175,4,3,4,R4
16956,2011-11-22 08:56:00,1,308.74,17,0,31.34140657823194,4.75121098673479,5,1,2,R5
16957,2011-04-14 13:56:00,2,416.64,238,1,37.85676742149118,6.578515113223676,4,2,2,M2
16958,2010-09-30 14:25:00,1,809.44,434,0,130.82807744625617,19.674211616938425,2,3,3,F3
16959,2011-09-13 15:03:00,1,117.35000000000001,86,0,14.014099087222101,2.152114863083315,5,1,1,F1
16960,2011-11-01 11:35:00,8,2043.43,38,1,569.8217071361299,86.67325607041948,5,5,4,M4
16961,2011-08-15 13:46:00,3,794.56,115,1,112.50955305417963,17.826432958126944,5,3,3,F3
16962,2010-10-26 11:36:00,1,251.04,409,0,34.09354328081834,5.16403149212275,3,1,1,R3
16963,2011-06-05 13:48:00,1,110.55000000000001,186,0,12.388810782209344,1.9083216173314015,4,1,1,F1
16964,2009-12-06 12:53:00,2,207.85,732,1,11.31325426984116,2.5969881404761743,1,1,1,F1
16965,2011-04-27 12:08:00,1,201.19,226,0,44.981448212435616,6.797217231865342,4,2,1,M1
16966,2011-12-01 13:40:00,7,2154.97,7,1,112.65511487399849,18.048267231099775,5,3,4,R5
16967,2011-06-03 14:24:00,1,319.02,188,0,57.30513624802164,8.645770437203247,4,2,2,F2
16968,2011-12-05 15:02:00,2,439.43,3,1,69.24846379074597,11.287269568611896,5,2,2,R5
16969,2011-10-31 13:12:00,3,650.41,38,1,106.42082973078462,16.91312445961769,5,3,3,F3
16970,2010-03-23 13:50:00,1,71.4,625,0,3.8918202981106265,0.633773044716594,1,1,1,F1
16971,2011-11-01 15:06:00,1,357.21,37,0,36.733230562275345,5.559984584341302,5,1,2,R5
16972,2010-11-22 10:59:00,2,786.25,382,1,92.05931350493522,14.708897025740283,3,3,3,R3
16973,2010-11-18 13:56:00,1,127.0,385,0,14.387371636790224,2.2081057455185333,3,1,1,F1
16974,2010-07-05 10:18:00,2,365.5,522,1,17.524407518247056,3.5286611277370588,2,1,2,F1
16975,2010-10-12 17:53:00,3,926.12,422,1,108.57963616305659,17.236945424458487,3,3,3,M3
16976,2011-03-17 16:33:00,1,251.51999999999998,266,0,7.123672785204607,1.1185509177806912,4,1,1,F1
16977,2010-11-09 13:17:00,4,496.0,394,1,43.49239433543205,7.523859150314808,3,2,2,R3
16978,2011-09-23 12:50:00,3,768.88,77,1,102.37251162505288,16.30587674375793,5,3,3,F3
16979,2011-12-06 12:21:00,9,2859.74,3,1,271.72455929366095,42.00868389404914,5,4,4,R5
16980,2011-03-29 16:36:00,3,1473.3300000000002,254,1,209.7290113592141,32.40935170388211,4,4,4,F4
16982,2011-10-10 12:28:00,1,384.06,60,0,47.33218308904753,7.14982746335713,5,2,2,M2
16983,2011-11-27 12:10:00,11,3710.22,12,1,477.6505716328026,72.99758574492039,5,5,5,R5
16984,2011-09-12 13:43:00,9,10754.8,87,1,1491.1831829548025,224.92747744322037,5,5,5,F5
16985,2011-11-22 13:33:00,23,10923.16,16,1,566.3773317025657,86.90659975538486,5,5,5,R5
16986,2011-11-10 11:55:00,11,4888.75,29,1,360.1090715221642,55.36636072832462,5,5,5,R5
16987,2011-12-06 17:26:00,11,2535.9,2,1,302.98638322503473,46.797957483755205,5,4,4,R5
16988,2011-12-04 16:02:00,2,382.67,4,1,38.721868303770385,6.7082802455655575,5,2,2,R5
16989,2011-12-02 16:39:00,6,1133.25,6,1,50.82732768124194,8.724099152186291,5,2,3,R5
16990,2011-05-05 08:30:00,2,344.0,218,1,9.23024103368252,2.284536155052378,4,1,2,F1
16991,2010-10-14 14:08:00,1,1041.21,420,0,167.1256655211932,25.11884982817898,3,4,3,M3
16992,2011-11-29 11:50:00,13,5476.5,10,1,528.1739554852367,80.6760933227855,5,5,5,R5
16993,2010-09-02 12:16:00,2,1950.9499999999998,463,1,63.65319268746009,10.447978903119013,2,2,4,M4
16996,2011-11-09 16:43:00,9,2123.61,29,1,184.01165211068465,28.851747816602696,5,4,4,R5
16997,2011-02-24 17:28:00,3,702.0,287,1,38.94495253548881,6.791742880323321,3,2,3,F2
16998,2011-07-13 09:44:00,5,402.0,149,1,14.136234437617347,3.170435165642602,4,1,2,F1
16999,2011-11-16 13:53:00,2,484.82,22,1,51.88918508923696,8.683377763385543,5,2,2,R5
17000,2010-11-08 13:35:00,2,406.3,395,1,53.84182787985876,8.976274181978814,3,2,2,F2
17001,2011-12-09 09:38:00,19,6640.8,0,1,678.7592376865751,103.56388565298627,5,5,5,R5
17002,2011-09-15 12:40:00,7,2571.55,85,1,211.5266966863582,32.87900450295373,5,4,4,F4
17003,2010-11-02 13:15:00,4,830.16,401,1,161.10147505909,25.1652212588635,3,4,3,M3
17004,2011-10-24 14:25:00,4,2425.16,45,1,168.3872276181398,26.25808414272097,5,4,4,R5
17005,2010-08-26 10:57:00,2,742.36,470,1,65.8248159147072,10.77372238720608,2,2,3,R2
17006,2011-12-05 12:09:00,8,1636.32,4,1,185.72332050693893,29.058498076040838,5,4,4,R5
17007,2011-10-20 10:47:00,7,1120.1,50,1,143.16105328984992,22.62415799347749,5,3,3,R5
17008,2010-10-06 15:19:00,1,81.36,428,0,3.2188758248682006,0.53283137373023,3,1,1,F1
17009,2010-06-06 16:01:00,1,242.06,550,0,32.96299483211465,4.994449224817197,2,1,1,M1
17010,2011-11-21 14:49:00,1,195.36,17,0,24.540394242454948,3.7310591363682417,5,1,1,R5
17011,2011-11-09 13:30:00,3,671.7,29,1,80.65158334737731,13.047737502106598,5,3,3,R5
17012,2009-12-14 17:34:00,1,384.16,724,0,66.72150034088153,10.058225051132231,1,2,2,M2
17014,2011-12-01 14:09:00,3,586.33,7,1,86.82788070284023,13.974182105426035,5,3,2,R5
17015,2011-11-11 10:45:00,3,1842.56,28,1,418.3985511982825,63.70978267974237,5,5,4,R5
17016,2010-05-12 12:32:00,1,552.4,576,0,69.5893365971648,10.48840048957472,1,2,2,F2
17017,2011-12-07 09:32:00,29,14110.61,2,1,1278.554105553225,194.03311583298375,5,5,5,R5
17018,2011-10-30 11:42:00,6,2287.7,40,1,92.42221985972559,14.963332978958839,5,3,4,R5
17019,2011-11-28 13:06:00,11,4012.2,10,1,930.1979365922865,140.87969048884298,5,5,5,R5
17020,2010-06-15 13:06:00,2,935.62,541,1,169.18700814621047,26.278051221931573,2,4,3,M3
17021,2010-09-23 20:01:00,6,1182.22,441,1,120.4757680767617,19.171365211514257,2,3,3,F3
17022,2011-11-08 17:09:00,2,260.0,30,1,36.80878210809721,6.421317316214581,5,2,1,R5
17023,2010-10-18 15:37:00,3,800.18,416,1,112.78259335713048,17.86738900356957,3,3,3,F3
17024,2011-10-25 13:47:00,3,95.85,44,1,9.521494800613105,2.3782242200919654,5,1,1,F1
17025,2011-10-10 09:06:00,5,1510.6399999999999,60,1,126.59280211116888,20.03892031667533,5,3,4,F3
17026,2011-06-07 14:28:00,3,208.98,184,1,18.334446504912798,3.700166975736919,4,1,1,F1
17027,2011-09-22 12:24:00,9,1327.1100000000001,78,1,227.0636524764326,35.309547871464886,5,4,4,F4
17028,2010-05-07 15:33:00,3,1593.83,580,1,197.46072422454588,30.569108633681882,1,4,4,F4
17029,2011-08-21 11:06:00,7,2137.3,110,1,82.74393515959972,13.561590273939958,5,3,4,M4
17030,2011-10-07 08:49:00,1,146.87,63,0,24.09933339295449,3.6649000089431736,5,1,1,M1
17031,2011-11-28 10:23:00,6,2773.85,11,1,153.8624804606161,24.179372069092416,5,4,4,R5
17032,2010-06-10 12:16:00,8,3004.6,547,1,435.1072056745724,66.46608085118586,2,5,5,M4
17033,2011-09-14 14:34:00,4,1332.79,85,1,103.49780957396594,16.524671436094888,5,3,4,F3
17034,2011-11-23 15:14:00,5,1283.92,15,1,138.24590454603893,21.78688568190584,5,3,4,R5
17035,2011-04-08 11:23:00,4,613.59,245,1,70.45736359874579,11.568604539811867,4,2,2,R4
17036,2010-11-21 14:26:00,1,176.9,382,0,20.323923446688276,3.098588517003241,3,1,1,F1
17037,2011-09-13 12:49:00,1,1267.32,87,0,160.68867542415566,24.15330131362335,5,4,3,R5
17038,2011-11-09 13:50:00,2,743.17,29,1,107.56342119010624,17.034513178515937,5,3,3,R5
17039,2010-04-14 12:56:00,1,1954.99,603,0,114.43037310171482,17.214555965257222,1,3,4,F3
17040,2011-07-25 10:19:00,2,463.25,137,1,38.14785561188429,6.622178341782643,4,2,2,M2
17041,2011-11-13 11:21:00,6,1686.28,26,1,278.0313229587187,42.8046984438078,5,4,4,R5
17042,2011-12-07 12:26:00,5,1044.3799999999999,2,1,207.32066795824923,32.148100193737385,5,4,3,R5
17043,2011-11-07 15:33:00,8,2616.55,31,1,339.832108178017,52.174816226702546,5,4,4,R5
17044,2011-11-14 14:28:00,12,11962.3,24,1,488.75169884205883,74.71275482630881,5,5,5,R5
17045,2011-08-18 17:09:00,5,827.6800000000001,112,1,77.09505465425696,12.614258198138543,5,3,3,M3
17046,2011-07-05 14:24:00,5,1906.07,156,1,233.8225771211309,36.12338656816963,4,4,4,M4
17047,2011-09-15 13:27:00,6,2289.23,84,1,287.91026384507114,44.28653957676067,5,4,4,M4
17048,2011-08-14 11:49:00,7,2071.68,117,1,226.00874572225163,35.05131185833774,5,4,4,F4
17049,2011-12-07 10:48:00,19,9947.48,2,1,1067.6027496362524,161.89041244543785,5,5,5,R5
17050,2011-09-04 13:48:00,11,4691.79,95,1,599.4748089155579,91.27122133733367,5,5,5,F5
17051,2011-05-29 14:13:00,4,714.39,193,1,187.3234611494222,29.09851917241333,4,4,3,R4
17052,2011-11-11 14:50:00,1,413.75,27,0,106.55209387344459,16.03281408101669,5,3,2,R5
17053,2011-08-01 10:23:00,1,498.48,130,0,29.88142082484354,4.532213123726531,5,1,2,M2
17054,2011-11-11 12:56:00,5,1356.33,27,1,166.54153142720423,26.031229714080634,5,4,4,R5
17055,2010-09-20 12:21:00,1,239.55,445,0,34.99059189038224,5.298588783557336,2,1,1,M1
17056,2009-12-01 12:55:00,1,128.60000000000002,737,0,9.480672806092851,1.4721009209139277,1,1,1,F1
17057,2010-04-22 19:21:00,1,294.74,595,0,54.78044274785928,8.267066412178893,1,2,1,F2
17058,2011-09-19 10:13:00,3,1179.89,81,1,130.70743605037023,20.556115407555534,5,3,3,F3
17059,2011-11-10 12:27:00,9,5602.53,29,1,1078.3785605966675,163.00678408950012,5,5,5,R5
17060,2011-03-18 13:27:00,1,234.24,265,0,15.325323696103364,2.3487985544155046,4,1,1,F1
17061,2011-09-27 11:24:00,11,5232.2300000000005,73,1,225.9268588437412,35.239028826561174,5,4,5,F4
17062,2011-01-30 11:01:00,6,1208.22,313,1,267.67926082391733,41.251889123587596,3,4,3,F4
17063,2011-11-18 16:19:00,13,3638.53,20,1,446.5063448389567,68.4259517258435,5,5,5,R5
17064,2011-10-12 10:18:00,3,859.35,58,1,100.96255277441642,16.094382916162463,5,3,3,F3
17065,2010-03-12 11:41:00,2,194.7,637,1,23.013251325643402,4.351987698846511,1,1,1,M1
17066,2009-12-13 13:24:00,1,228.34,725,0,31.11904467343166,4.717856701014749,1,1,1,M1
17067,2009-12-15 08:39:00,3,454.54,724,1,37.4905475070509,6.573582126057635,1,2,2,M2
17068,2011-11-27 13:14:00,47,9161.08,11,1,1542.6169806744724,234.54254710117087,5,5,5,R5
17069,2011-11-11 17:13:00,14,5794.28,27,1,692.154396334185,105.32315945012775,5,5,5,R5
17070,2011-08-17 17:01:00,2,445.32,113,1,104.65033967272929,16.59755095090939,5,3,2,M2
17071,2011-11-11 16:31:00,13,3801.2000000000003,27,1,429.6550057736267,65.89825086604401,5,5,5,R5
17072,2010-03-24 16:33:00,1,282.05,624,0,49.803855700834106,7.5205783551251155,1,2,1,F2
17073,2011-11-22 11:47:00,4,1446.09,17,1,247.17151344087736,38.0757270161316,5,4,4,R5
17074,2010-05-26 12:04:00,1,203.05,562,0,6.733401891837359,1.0600102837756038,2,1,1,F1
17075,2011-11-22 11:58:00,10,2241.73,17,1,279.8620334012533,43.27930501018799,5,4,4,R5
17076,2011-11-03 17:53:00,6,1242.75,35,1,107.34719818888438,17.202079728332656,5,3,3,F3
17077,2010-05-10 16:36:00,1,306.0,577,0,3.6109179126442243,0.5916376868966337,1,1,2,F1
17078,2011-11-03 19:17:00,2,378.2,35,1,85.14284409640682,13.671426614461023,5,3,2,R5
17079,2011-09-22 15:34:00,1,118.80000000000001,77,0,5.1298987149230735,0.8194848072384611,5,1,1,F1
17080,2011-11-17 12:59:00,7,957.53,21,1,84.24689002014559,13.787033503021838,5,3,3,R5
17081,2011-11-14 12:56:00,6,964.39,24,1,191.09334910917403,29.764002366376104,5,4,3,R5
17082,2011-11-06 15:17:00,6,4732.03,32,1,437.398324174105,66.70974862611574,5,5,5,R5
17083,2011-08-22 15:43:00,9,4049.79,108,1,313.01491308428064,48.2022369626421,5,4,5,F4
17084,2011-11-04 14:54:00,3,5202.97,34,1,635.7056778162276,96.30585167243414,5,5,5,F5
17085,2011-08-08 14:15:00,28,7891.41,122,1,1368.713516410261,207.50702746153917,5,5,5,F5
17086,2011-12-02 13:54:00,6,2050.08,6,1,256.08314746090855,39.51247211913628,5,4,4,R5
17087,2009-12-02 10:41:00,1,221.53,737,0,24.731267889346448,3.759690183401967,1,1,1,F1
17088,2011-11-11 14:23:00,4,1991.01,27,1,228.90198404587238,35.33529760688086,5,4,4,R5
17089,2010-11-18 15:33:00,1,128.45,385,0,8.713417653379183,1.3570126480068776,3,1,1,F1
17090,2011-12-05 13:44:00,13,3149.48,3,1,221.7536789757802,34.71305184636702,5,4,5,R5
17091,2011-12-07 10:43:00,19,7811.1,2,1,940.3110241706538,142.79665362559805,5,5,5,R5
17092,2011-10-20 19:51:00,11,5594.96,49,1,822.9946587282465,124.79919880923696,5,5,5,F5
17093,2010-04-26 10:22:00,1,235.88,592,0,28.271085447686875,4.290662817153031,1,1,1,F1
17094,2011-01-21 13:09:00,2,402.20000000000005,321,1,45.36870526999227,7.70530579049884,3,2,2,M2
17095,2011-11-17 12:21:00,7,2572.25,22,1,297.79810168779125,45.81971525316868,5,4,4,R5
17096,2011-11-24 15:01:00,11,3759.18,14,1,393.7393471065364,60.41090206598045,5,5,5,R5
17097,2011-12-07 17:05:00,9,1340.45,1,1,319.431222316441,49.164683347466145,5,4,4,R5
17098,2010-11-23 12:13:00,3,591.0699999999999,381,1,34.40029463923501,6.110044195885251,3,2,2,R3
17099,2010-06-24 16:25:00,1,582.17,532,0,81.781827919389,12.317274187908351,2,2,2,R2
17100,2011-11-21 16:36:00,2,971.74,17,1,158.1449119030626,24.62173678545939,5,4,3,R5
17101,2011-11-29 13:57:00,7,2507.05,9,1,180.48037643200615,28.222056464800925,5,4,4,R5
17102,2011-03-23 10:08:00,1,25.5,261,0,1.0986122886681098,0.21479184330021645,4,1,1,F1
17103,2009-12-17 14:08:00,1,424.3,721,0,81.0723466802315,12.210852002034725,1,2,2,M2
17104,2010-10-12 12:21:00,1,474.03,423,0,37.84174964279321,5.726262446418981,3,2,2,M2
17105,2011-07-03 15:53:00,2,665.78,158,1,166.5313901045966,25.87970851568949,4,4,3,R4
17106,2010-11-15 14:11:00,1,491.23,388,0,61.81932794376138,9.322899191564208,3,2,2,R3
17107,2011-11-06 14:14:00,10,16075.42,32,1,1258.6558374348363,190.09837561522545,5,5,5,F5
17108,2010-02-14 12:22:00,1,174.95,663,0,12.984149036875424,1.9976223555313135,1,1,1,F1
17109,2011-11-10 16:59:00,8,1295.46,28,1,213.79465566245966,33.26919834936894,5,4,4,R5
17110,2011-06-27 12:58:00,3,510.7,164,1,62.11842737013069,10.267764105519603,4,2,2,M2
17111,2011-10-23 15:59:00,2,476.58,46,1,100.37066384250981,15.955599576376471,5,3,2,R5
17112,2010-07-25 11:14:00,1,205.17,502,0,58.38751753028739,8.808127629543108,2,2,1,F2
17113,2010-05-14 13:59:00,6,2322.59,573,1,266.2098831069537,41.03148246604305,1,4,4,M4
17114,2011-12-04 12:17:00,8,808.62,5,1,111.98146512515272,17.997219768772908,5,3,3,R5
17115,2011-12-01 14:30:00,7,2761.4900000000002,7,1,224.02946110392054,34.754419165588075,5,4,4,R5
17116,2010-03-01 16:29:00,1,389.78,647,0,85.9492464285694,12.94238696428541,1,3,2,M2
17117,2011-02-24 13:54:00,1,116.19999999999999,287,0,17.101412906323738,2.6152119359485604,3,1,1,F1
17118,2011-01-26 12:19:00,1,157.02,317,0,26.977943897183135,4.09669158457747,3,1,1,M1
17119,2011-12-06 14:40:00,2,606.91,2,1,73.52818369392202,11.929227554088303,5,2,2,R5
17120,2011-04-20 15:21:00,1,307.46,232,0,33.79264028430946,5.118896042646419,4,1,2,R4
17121,2010-11-02 11:47:00,1,314.74,402,0,26.544066200608942,4.031609930091341,3,1,2,F1
17122,2011-08-12 14:33:00,4,570.5,118,1,75.28330497584882,12.292495746377323,5,2,2,M2
17123,2011-07-01 10:47:00,3,977.17,161,1,107.2680007456389,17.040200111845834,4,3,3,F3
17124,2011-06-07 14:02:00,1,298.89,184,0,44.95999438058951,6.793999157088425,4,2,1,R4
17125,2011-10-20 14:41:00,1,259.35,49,0,48.676259590545115,7.351438938581767,5,2,1,R5
17126,2011-07-10 13:52:00,9,2070.44,151,1,528.3507112560503,80.50260668840754,4,5,4,M4
17127,2010-10-07 09:54:00,5,1155.0300000000002,428,1,78.43806470126682,12.815709705190024,3,3,3,M3
17128,2011-01-09 12:02:00,1,157.09,334,0,21.191424014393,3.2287136021589498,3,1,1,M1
17129,2010-07-07 13:46:00,1,31.85,519,0,2.4849066497880004,0.4227359974682,2,1,1,F1
17131,2011-12-04 12:52:00,5,2463.17,4,1,246.07303870002664,37.96095580500399,5,4,4,R5
17132,2010-09-13 16:31:00,2,1272.8,451,1,161.8712651413905,25.180689771208577,2,4,4,R2
17133,2011-11-24 12:27:00,12,14622.33,15,1,249.63890998994216,38.84583649849132,5,4,5,R5
17134,2011-08-25 09:53:00,3,637.1,106,1,56.11298570577235,9.366947855865854,5,2,3,F2
17135,2011-11-23 16:48:00,10,1954.16,15,1,315.4684643582016,48.62026965373023,5,4,4,R5
17136,2010-02-15 13:13:00,1,231.68,661,0,34.308564919851406,5.19628473797771,1,1,1,M1
17137,2010-10-19 14:51:00,6,1133.63,415,1,236.93069842432703,36.63960476364905,3,4,3,F4
17138,2011-03-09 11:54:00,7,4417.27,275,1,499.757806361792,76.11367095426878,4,5,5,F5
17139,2011-11-24 10:12:00,25,19584.46,15,1,1881.701449951316,284.3052174926974,5,5,5,R5
17140,2011-04-06 13:33:00,1,465.32,246,0,37.65735351801499,5.698603027702249,4,1,2,M2
17141,2010-10-17 14:54:00,4,754.33,417,1,178.29925247089434,27.74488787063415,3,4,3,M3
17142,2011-04-14 18:22:00,4,1283.75,238,1,123.63094040829837,19.544641061244754,4,3,4,F3
17143,2010-10-18 15:27:00,2,924.11,416,1,142.95538678262608,22.343308017393912,3,3,3,M3
17144,2011-12-08 17:57:00,2,984.57,0,1,85.98030469244814,13.797045703867221,5,3,3,R5
17145,2010-07-15 09:02:00,4,3120.91,512,1,412.15146216203397,62.82271932430509,2,5,5,R2
17146,2011-08-26 12:44:00,13,5860.24,105,1,568.4757045593154,86.72135568389731,5,5,5,M5
17147,2011-11-17 12:32:00,9,3199.95,22,1,293.15617394574764,45.223426091862144,5,4,5,R5
17148,2011-10-19 09:59:00,1,124.88,51,0,20.559210253282494,3.133881537992374,5,1,1,F1
17149,2010-09-14 14:56:00,1,143.10000000000002,450,0,8.317766166719343,1.2976649250079015,2,1,1,F1
17150,2010-11-28 11:27:00,6,1375.65,376,1,141.6980871348498,22.354713070227472,3,3,4,R3
17151,2009-12-04 14:56:00,1,231.90000000000003,734,0,9.640758221439924,1.4961137332159886,1,1,1,F1
17152,2011-05-29 12:19:00,4,2016.5,194,1,48.260091652848814,8.239013747927322,4,2,4,M4
17153,2011-11-15 13:42:00,1,213.78,23,0,28.386203251881536,4.30793048778223,5,1,1,R5
17154,2011-09-25 13:42:00,1,329.34,74,0,66.6412553365326,10.046188300479889,5,2,2,F2
17155,2011-11-22 12:38:00,7,892.46,17,1,145.09026056668324,22.913539085002487,5,3,3,R5
17156,2010-08-05 11:30:00,1,591.87,491,0,88.68889507535505,13.353334261303258,2,3,2,R2
17157,2011-12-02 09:10:00,19,5151.9,7,1,341.1030353036308,52.91545529554462,5,4,5,R5
17158,2011-11-07 15:15:00,5,1980.0,31,1,241.35388420348724,37.25308263052308,5,4,4,R5
17159,2011-11-18 10:52:00,5,2099.59,21,1,292.95505992061743,44.99325898809261,5,4,4,R5
17160,2011-11-08 14:05:00,17,10209.16,30,1,1634.6177514236354,246.8426627135453,5,5,5,F5
17161,2010-09-21 16:44:00,1,856.01,443,0,119.12180594771559,17.918270892157338,2,3,3,F3
17162,2011-11-11 11:34:00,10,1715.46,28,1,215.0337527128196,33.555062906922934,5,4,4,R5
17163,2011-11-18 08:57:00,4,699.78,21,1,84.65331418328687,13.69799712749303,5,3,3,R5
17164,2011-11-07 09:14:00,7,2467.35,32,1,331.34145063897165,50.851217595845746,5,4,4,R5
17165,2011-02-28 16:39:00,6,1794.32,283,1,192.68088621258542,30.002132931887814,3,4,4,M4
17166,2011-11-01 09:46:00,2,206.34,38,1,23.017842145066496,4.352676321759974,5,1,1,R5
17167,2010-11-25 10:05:00,3,867.11,379,1,124.50320252747137,19.625480379120706,3,3,3,R3
17168,2010-07-29 12:33:00,1,400.2,498,0,46.85477792517152,7.078216688775727,2,2,2,R2
17169,2011-10-13 10:25:00,3,1156.73,57,1,157.48824171114492,24.573236256671738,5,4,3,R5
17170,2010-11-30 15:55:00,2,178.68,373,1,26.659396247304258,4.8989094370956385,3,1,1,R3
17171,2011-02-23 16:37:00,2,384.59,288,1,51.11343309429811,8.567014964144716,3,2,2,F2
17172,2011-09-22 09:36:00,3,956.5699999999999,78,1,130.25394564989466,20.4880918474842,5,3,3,M3
17173,2011-12-04 14:40:00,8,3766.6,4,1,221.4036845543791,34.41055268315686,5,4,5,R5
17174,2011-05-06 11:47:00,1,59.9,217,0,9.420763358881013,1.463114503832152,4,1,1,F1
17175,2011-10-26 15:31:00,4,1443.69,43,1,147.7128677322782,23.15693015984173,5,3,4,R5
17176,2011-05-22 12:41:00,3,902.3199999999999,201,1,103.08583655842392,16.41287548376359,4,3,3,R4
17177,2010-07-22 14:53:00,1,119.5,504,0,23.972469247146304,3.645870387071945,2,1,1,M1
17178,2009-12-08 16:20:00,1,436.71,730,0,41.26143777410096,6.239215666115144,1,2,2,M2
17179,2011-06-14 16:48:00,6,1507.26,177,1,231.17228935161174,35.77584340274176,4,4,4,F4
17180,2011-10-14 15:46:00,11,2256.98,55,1,545.2292363885446,83.13438545828167,5,5,4,M4
17181,2011-10-13 14:48:00,3,465.37,56,1,41.92167784793235,7.238251677189853,5,2,2,M2
17182,2010-10-13 10:09:00,2,321.3,422,1,13.29302893284923,2.893954339927385,3,1,2,F1
17183,2011-12-02 10:07:00,6,3347.31,7,1,186.79237851403315,29.118856777104973,5,4,5,R5
17184,2010-05-19 14:24:00,2,198.41000000000003,568,1,23.65612795686348,4.448419193529522,2,1,1,M1
17185,2010-04-27 12:15:00,3,229.46,591,1,53.94775675118916,9.042163512678375,1,2,1,F2
17186,2011-10-24 10:20:00,2,144.0,46,1,9.23024103368252,2.284536155052378,5,1,1,F1
17187,2011-04-27 12:39:00,2,467.71,226,1,53.75610257166526,8.963415385749789,4,2,2,F2
17188,2011-11-28 13:53:00,13,4592.93,10,1,435.72161861944846,66.80824279291727,5,5,5,R5
17189,2011-08-25 19:39:00,5,957.63,105,1,180.07165431314797,28.060748146972195,5,4,3,M3
17190,2011-10-12 11:33:00,7,1743.04,58,1,237.6428124749193,36.7964218712379,5,4,4,F4
17191,2011-11-11 16:58:00,15,4836.05,27,1,799.870913632128,121.53063704481919,5,5,5,R5
17192,2010-06-21 16:07:00,1,77.83,535,0,17.892749652283435,2.7339124478425147,2,1,1,F1
17193,2011-11-04 12:47:00,9,2310.04,35,1,142.0761764281913,22.561426464228695,5,3,4,R5
17194,2011-03-11 12:05:00,3,812.5,273,1,88.16692875145282,14.175039312717923,4,3,3,M3
17195,2010-02-22 13:05:00,1,562.98,654,0,79.31783153857123,11.947674730785684,1,2,2,M2
17196,2010-10-08 11:31:00,1,352.9,427,0,94.87296839212743,14.280945258819115,3,3,2,M2
17197,2011-11-10 10:32:00,1,1013.01,29,0,55.96161026505798,8.444241539758696,5,2,3,R5
17198,2011-11-16 10:39:00,3,1213.88,23,1,198.3184235583269,30.697763533749036,5,4,3,R5
17199,2010-05-06 13:53:00,1,145.12,581,0,27.172396697191147,4.1258595045786715,1,1,1,M1
17200,2010-11-17 13:04:00,4,356.71,386,1,39.807866891228464,6.971180033684269,3,2,2,R3
17201,2011-10-17 11:55:00,4,1242.04,53,1,258.4859367461809,39.77289051192714,5,4,3,F4
17202,2010-10-15 11:25:00,1,160.65,420,0,14.987865752157392,2.2981798628236083,3,1,1,F1
17203,2011-11-04 12:27:00,10,5575.88,35,1,487.1518060737343,74.37277091106014,5,5,5,M5
17204,2011-06-17 14:46:00,9,5504.6900000000005,174,1,427.9755411281348,65.44633116922022,4,5,5,M5
17205,2011-10-17 12:46:00,3,999.35,53,1,131.45338320870093,20.66800748130514,5,3,3,M3
17206,2011-10-17 13:25:00,1,204.24,52,0,16.99913405720332,2.599870108580498,5,1,1,F1
17207,2010-02-25 19:08:00,1,303.21999999999997,651,0,81.78842189831006,12.318263284746509,1,2,2,F2
17208,2010-11-09 12:50:00,1,115.35,395,0,31.210864723663537,4.73162970854953,3,1,1,M1
17209,2010-02-28 16:01:00,3,611.6,648,1,61.544772466063066,10.18171586990946,1,2,2,F2
17210,2010-11-12 12:15:00,1,253.37,392,0,81.35769179227998,12.253653768841998,3,2,1,R3
17211,2011-11-13 12:03:00,13,4046.65,26,1,644.7930167207861,98.16895250811791,5,5,5,R5
17212,2011-03-31 19:42:00,3,794.41,252,1,86.62496378739732,13.943744568109599,4,3,3,M3
17213,2011-10-30 14:53:00,13,5182.3,39,1,557.0816501968421,85.01224752952632,5,5,5,R5
17214,2011-10-10 13:17:00,6,1069.1200000000001,59,1,122.20044670243215,19.430067005364823,5,3,3,F3
17215,2010-09-01 13:39:00,1,186.15,463,0,20.493666934615653,3.1240500401923477,2,1,1,F1
17216,2010-06-03 13:03:00,1,65.05,553,0,12.306750213283618,1.8960125319925425,2,1,1,F1
17217,2011-04-19 17:19:00,2,218.0,233,1,28.44078220354029,5.166117330531043,4,1,1,R4
17218,2011-12-05 13:52:00,18,4192.68,3,1,728.835338847059,111.02530082705886,5,5,5,R5
17219,2011-11-08 11:25:00,2,259.13,31,1,69.71188594126727,11.35678289119009,5,2,1,R5
17220,2011-11-15 13:47:00,21,4481.75,23,1,940.6122280599269,142.94183420898906,5,5,5,R5
17221,2011-12-02 13:35:00,5,978.52,6,1,163.45302675177933,25.5679540127669,5,4,3,R5
17222,2011-10-05 13:58:00,6,1605.01,64,1,207.65222921260138,32.24783438189021,5,4,4,F4
17223,2011-02-02 15:57:00,3,873.53,309,1,105.96041402400219,16.84406210360033,3,3,3,F3
17224,2010-07-26 13:30:00,1,100.86,500,0,12.732645626263803,1.9598968439395705,2,1,1,F1
17225,2010-05-07 11:38:00,1,131.15,581,0,8.770283819098399,1.3655425728647599,1,1,1,F1
17226,2011-02-04 11:52:00,3,900.12,308,1,111.58663032987863,17.687994549481793,3,3,3,M3
17227,2011-11-21 10:51:00,12,2022.03,18,1,260.4661286772955,40.469919301594324,5,4,4,R5
17228,2011-11-24 10:24:00,13,3177.24,15,1,674.2974387248554,102.5946158087283,5,5,5,R5
17229,2011-09-04 13:56:00,2,318.76,95,1,64.56379960858366,10.58456994128755,5,2,2,F2
17230,2011-03-20 16:12:00,18,9924.95,263,1,565.4750491165249,86.52125736747874,4,5,5,M5
17231,2011-11-27 15:18:00,25,7197.04,11,1,1486.3876811038576,225.00815216557865,5,5,5,R5
17232,2011-12-07 12:21:00,2,421.52,2,1,61.622738415169714,10.143410762275456,5,2,2,R5
17233,2011-11-04 14:06:00,3,560.86,34,1,92.82763027958099,14.874144541937149,5,3,2,R5
17234,2011-06-10 11:20:00,1,149.89000000000001,182,0,20.778422889398044,3.1667634334097063,4,1,1,F1
17235,2011-11-14 15:51:00,8,1904.8799999999999,24,1,194.68131090955023,30.40219663643253,5,4,4,R5
17236,2011-11-27 12:00:00,12,1929.26,12,1,212.4548798209025,33.26823197313537,5,4,4,R5
17237,2011-11-28 15:02:00,4,1002.08,10,1,125.21107944639962,19.781661916959944,5,3,3,R5
17238,2011-12-07 11:35:00,32,7783.1,2,1,1494.856188100692,226.62842821510378,5,5,5,R5
17239,2011-01-31 09:41:00,4,1189.45,312,1,78.83734473234294,12.82560170985144,3,3,3,M3
17240,2010-04-22 15:44:00,1,130.6,595,0,18.326369064480623,2.7989553596720933,1,1,1,F1
17241,2010-11-19 13:01:00,12,2744.14,384,1,261.1373419390421,40.57060129085631,3,4,4,R3
17242,2011-08-23 14:55:00,5,2889.28,107,1,231.2295349537404,35.734430243061055,5,4,4,F4
17243,2011-12-08 13:26:00,69,20889.86,0,1,1900.8018141840523,289.37027212760785,5,5,5,R5
17244,2011-10-17 15:19:00,5,1826.04,52,1,233.22015204222777,36.03302280633416,5,4,4,F4
17245,2011-05-19 10:43:00,2,371.63,204,1,54.55460284870344,9.083190427305516,4,2,2,R4
17246,2010-06-11 12:36:00,2,38.92,546,1,8.476371196895983,2.1714556795343976,2,1,1,F1
17247,2011-11-24 15:21:00,1,282.19,14,0,50.885457527293006,7.68281862909395,5,2,1,R5
17248,2011-08-11 13:34:00,2,546.16,119,1,123.30440974220657,19.395661461330988,5,3,2,F3
17249,2010-10-07 11:33:00,1,68.03,428,0,30.125147722981158,4.568772158447174,3,1,1,M1
17250,2011-12-06 12:15:00,2,384.52,3,1,65.20834697585715,10.681252046378573,5,2,2,R5
17251,2010-12-12 11:06:00,3,812.4300000000001,362,1,118.19222789998665,18.678834184997996,3,3,3,F3
17252,2011-08-15 09:45:00,2,353.86,116,1,85.43076181537991,13.714614272306987,5,3,2,M2
17253,2011-11-21 12:59:00,1,178.26,17,0,20.166935270755783,3.075040290613367,5,1,1,R5
17254,2011-12-05 12:46:00,3,470.73,4,1,164.80171825726921,25.67025773859038,5,4,2,R5
17255,2011-10-30 12:18:00,4,799.13,40,1,220.11382143397017,34.01707321509552,5,4,3,F4
17256,2011-08-24 13:30:00,5,498.93,106,1,51.464119820227815,8.769617973034173,5,2,2,F2
17257,2010-09-29 12:51:00,2,192.73,435,1,24.5154807817384,4.57732211726076,2,1,1,M1
17258,2010-11-08 12:37:00,2,417.3,396,1,76.75716165126313,12.41357424768947,3,3,2,M2
17259,2011-07-14 15:01:00,6,1889.34,147,1,392.1227082292944,59.918406234394155,4,5,4,M4
17260,2010-10-24 13:21:00,1,120.95,410,0,8.902455592206882,1.3853683388310323,3,1,1,F1
17261,2010-07-18 11:49:00,1,230.44,509,0,47.06668437099737,7.110002655649605,2,2,1,R2
17262,2011-10-18 12:56:00,11,2757.62,51,1,61.47662405649562,10.571493608474345,5,2,4,R5
17263,2011-05-15 14:32:00,1,63.440000000000005,207,0,20.913326965834543,3.186999044875181,4,1,1,F1
17264,2010-10-11 12:52:00,1,279.59,423,0,82.40123306554689,12.410184959832034,3,3,1,R3
17265,2011-07-24 10:49:00,2,562.9,138,1,148.91929737898263,23.237894606847398,4,3,2,M2
17266,2011-12-07 14:12:00,5,517.73,1,1,121.28457960332776,19.242686940499162,5,3,2,R5
17267,2011-08-04 17:22:00,2,317.62,126,1,44.356936510835006,7.55354047662525,5,2,2,F2
17268,2011-08-24 10:06:00,11,1733.8899999999999,107,1,93.79862896090893,15.41979434413634,5,3,4,M4
17269,2010-11-19 11:12:00,1,537.46,385,0,139.67162988081986,21.00074448212298,3,3,2,R3
17270,2010-08-27 14:09:00,2,604.4,468,1,80.39771898588891,12.959657847883337,2,3,2,R2
17271,2009-12-03 13:49:00,1,210.39,735,0,50.685786332163936,7.65286794982459,1,2,1,F2
17272,2011-10-28 16:37:00,4,2148.63,41,1,300.1629945388322,46.02444918082483,5,4,4,M4
17273,2010-10-11 15:57:00,1,141.12,423,0,28.076341370894365,4.261451205634154,3,1,1,M1
17274,2011-11-04 13:16:00,2,577.38,34,1,100.80718890092447,16.021078335138668,5,3,2,R5
17275,2010-11-21 13:26:00,1,114.52,382,0,25.74460147347771,3.911690221021656,3,1,1,M1
17276,2010-11-02 16:20:00,1,508.39,401,0,71.45951129768783,10.768926694653175,3,2,2,M2
17277,2011-04-26 12:47:00,2,1065.3500000000001,227,1,123.51589970875762,19.427384956313645,4,3,3,F3
17278,2011-04-12 13:10:00,2,271.24,240,1,38.59317011072208,6.688975516608311,4,2,1,R4
17279,2011-10-13 11:58:00,1,187.82999999999998,57,0,11.95914856555056,1.843872284832584,5,1,1,F1
17280,2010-09-27 16:46:00,1,118.85999999999999,437,0,15.150769223094246,2.3226153834641368,2,1,1,F1
17281,2010-11-30 18:05:00,6,797.8499999999999,373,1,22.92077357418908,4.538116036128362,3,1,3,R3
17282,2011-08-01 14:29:00,5,2339.66,129,1,292.88121598030983,44.98218239704647,5,4,4,M4
17283,2010-11-26 11:53:00,1,188.46,378,0,29.794369123346005,4.519155368501901,3,1,1,R3
17284,2011-10-10 14:38:00,8,2793.16,59,1,608.3268820786518,92.44903231179777,5,5,4,F5
17285,2010-03-21 13:38:00,2,428.34,627,1,55.98035934883083,9.297053902324624,1,2,2,M2
17286,2011-11-18 12:47:00,3,395.48,21,1,101.02141354155292,16.103212031232935,5,3,2,R5
17287,2011-11-13 13:27:00,21,4111.96,25,1,690.006721621809,105.35100824327134,5,5,5,R5
17288,2011-11-30 16:09:00,11,2499.98,8,1,386.01454544422137,59.2521818166332,5,5,4,R5
17289,2011-11-08 12:01:00,9,2079.39,31,1,376.37488086199374,57.70623212929906,5,5,4,R5
17290,2011-12-06 12:38:00,8,1501.44,3,1,248.50474356090618,38.47571153413592,5,4,4,R5
17291,2011-02-04 13:04:00,1,550.8000000000001,307,0,4.290459441148391,0.6935689161722587,3,1,2,F1
17292,2010-08-24 17:14:00,2,271.75,471,1,24.74297904527446,4.611446856791169,2,1,1,R2
17293,2011-12-01 14:37:00,17,3774.23,7,1,449.85856491920856,69.12878473788128,5,5,5,R5
17294,2010-02-08 16:12:00,2,467.78999999999996,668,1,39.226685112648006,6.7840027668972,1,2,2,M2
17295,2011-11-11 10:49:00,3,556.95,28,1,96.72972864649296,15.459459296973945,5,3,2,R5
17296,2009-12-09 14:01:00,1,338.13,729,0,50.0114003890769,7.551710058361534,1,2,2,F2
17297,2011-11-22 14:43:00,1,131.78,16,0,40.64549773813567,6.14682466072035,5,2,1,R5
17298,2011-08-30 16:43:00,5,957.5600000000001,100,1,139.21140010086245,21.93171001512937,5,3,3,M3
17299,2011-11-28 12:01:00,6,1016.08,11,1,204.46839701026857,31.770259551540285,5,4,3,R5
17300,2010-11-14 10:56:00,2,393.64,390,1,75.13295443727259,12.169943165590889,3,2,2,R3
17301,2011-11-18 13:43:00,2,330.43,20,1,113.9853183095084,17.99779774642626,5,3,2,R5
17302,2011-11-25 09:36:00,5,1135.63,14,1,141.52972169716242,22.27945825457436,5,3,3,R5
17303,2010-12-13 13:32:00,1,250.04,360,0,56.24932103216187,8.487398154824282,3,2,1,F2
17304,2010-06-23 16:23:00,1,111.5,533,0,10.89529383688643,1.6842940755329643,2,1,1,F1
17305,2010-03-01 12:47:00,1,2135.46,648,0,39.78773345590748,6.018160018386121,1,2,4,M4
17306,2011-11-29 12:14:00,21,9782.35,10,1,333.75999712966234,51.913999569449345,5,4,5,R5
17307,2010-11-09 13:40:00,11,3999.8900000000003,394,1,185.16951036577984,29.125426554866976,3,4,5,R3
17308,2010-11-11 13:19:00,2,4511.76,392,1,44.75420591642816,7.613130887464224,3,2,5,R3
17309,2011-09-05 15:20:00,3,330.59000000000003,94,1,56.50285560263695,9.425428340395543,5,2,2,F2
17310,2010-11-17 16:00:00,2,1025.1,386,1,10.341839252978511,2.451275887946777,3,1,3,F1
17311,2011-09-22 14:11:00,6,3566.56,77,1,349.8104741695888,53.57157112543832,5,5,5,R5
17312,2011-07-24 11:52:00,3,644.3,138,1,29.725651215458857,5.408847682318829,4,1,3,R4
17313,2011-11-08 15:45:00,1,2328.84,30,0,94.8642344214067,14.279635163211006,5,3,4,R5
17314,2011-11-15 09:41:00,17,4904.43,24,1,619.7659984455489,94.61489976683232,5,5,5,R5
17315,2011-12-08 12:15:00,43,9650.6,1,1,1137.5158125652729,173.57737188479095,5,5,5,R5
17316,2010-10-15 14:35:00,1,124.45,419,0,27.79155425691518,4.218733138537277,3,1,1,M1
17317,2011-10-24 17:19:00,3,2600.34,45,1,40.41025760540826,7.0115386408112395,5,2,4,R5
17318,2009-12-14 13:11:00,1,164.28,724,0,22.8468145948913,3.4770221892336948,1,1,1,M1
17319,2010-02-08 15:47:00,1,29.1,668,0,4.990432586778736,0.7985648880168105,1,1,1,F1
17320,2011-08-31 13:31:00,6,2895.77,99,1,314.4268770893049,48.26403156339573,5,4,4,F4
17321,2011-12-01 13:41:00,6,1741.18,7,1,314.964316588926,48.34464748833889,5,4,4,R5
17322,2010-11-28 14:41:00,5,922.59,375,1,221.95227815222736,34.3428417228341,3,4,3,F4
17323,2011-11-24 17:29:00,12,1565.59,14,1,511.84898649096755,78.17734797364513,5,5,4,R5
17324,2011-11-22 10:34:00,12,2301.87,17,1,259.0278473012692,40.25417709519038,5,4,4,R5
17325,2011-03-04 13:09:00,3,609.5699999999999,279,1,90.49188459305178,14.523782688957768,3,3,2,F3
17326,2010-10-27 15:38:00,2,321.95,407,1,76.60042331151075,12.390063496726613,3,3,2,R3
17327,2010-10-26 09:54:00,2,152.35,409,1,8.955448122347391,2.243317218352109,3,1,1,F1
17328,2010-02-04 17:11:00,1,104.7,672,0,11.953937880865364,1.8430906821298048,1,1,1,F1
17329,2011-11-25 14:24:00,5,1004.4300000000001,13,1,146.51674920713785,23.02751238107068,5,3,3,R5
17330,2011-11-17 08:56:00,4,423.8,22,1,18.56140740344698,3.784211110517047,5,1,2,R5
17331,2011-08-08 11:55:00,1,175.2,123,0,2.833213344056216,0.4749820016084324,5,1,1,F1
17332,2010-06-29 16:10:00,5,838.27,527,1,160.21561500198519,25.082342250297778,2,4,3,M3
17333,2011-09-15 10:11:00,1,494.25,85,0,72.1700469664703,10.875507044970545,5,2,2,M2
17334,2011-02-10 14:59:00,3,635.15,301,1,80.73321852463367,13.059982778695051,3,3,3,M2
17335,2010-11-21 10:17:00,2,508.0,383,1,59.167573126088406,9.775135968913261,3,2,2,R3
17336,2010-08-24 15:37:00,1,81.12,471,0,3.8918202981106265,0.633773044716594,2,1,1,F1
17337,2011-07-11 14:55:00,4,2027.8700000000001,150,1,547.3845423911373,83.10768135867059,4,5,4,M4
17338,2011-11-22 14:23:00,17,12142.57,16,1,2022.4705292814551,305.0205793922183,5,5,5,R5
17339,2011-09-06 13:29:00,3,362.36,93,1,31.096929428181316,5.614539414227197,5,1,2,M2
17340,2011-11-10 10:45:00,18,22404.82,29,1,1879.8913920175635,283.6837088026345,5,5,5,R5
17341,2011-07-06 12:33:00,5,1889.83,156,1,414.1303467682293,63.16955201523439,4,5,4,M4
17342,2010-11-25 11:07:00,4,1227.54,379,1,79.54397529241605,12.931596293862407,3,3,3,R3
17343,2010-12-19 15:07:00,6,1259.94,354,1,131.8936614726598,20.88404922089897,3,3,3,R3
17344,2011-10-24 12:56:00,2,468.11,45,1,78.5073106442262,12.67609659663393,5,3,2,M2
17345,2011-11-24 15:03:00,10,1604.68,14,1,337.23437411619244,51.88515611742886,5,4,4,R5
17346,2011-12-06 12:18:00,26,5323.0,3,1,1215.3010735169494,184.39516102754243,5,5,5,R5
17347,2011-09-14 13:12:00,1,228.96,85,0,5.37989735354046,0.8569846030310689,5,1,1,F1
17348,2011-11-25 11:25:00,9,2476.41,14,1,643.774153379748,97.8161230069622,5,5,4,R5
17349,2011-06-13 14:29:00,5,852.25,178,1,135.92314400492643,21.438471600738964,4,3,3,M3
17350,2011-12-01 15:47:00,7,1906.041,7,1,263.9007676793987,40.7351151519098,5,4,4,R5
17351,2011-11-03 18:45:00,12,1988.23,35,1,111.99623183592765,18.199434775389147,5,3,4,M4
17352,2010-01-12 16:13:00,1,36.25,695,0,6.327936783729195,0.9991905175593792,1,1,1,F1
17353,2011-08-02 17:19:00,4,3242.0,128,1,70.21662874640747,11.53249431196112,5,2,5,F2
17354,2011-10-20 10:34:00,4,3143.46,50,1,226.42563801568008,34.96384570235201,5,4,5,F4
17355,2010-11-18 13:18:00,1,285.11,385,0,52.07703808625177,7.861555712937765,3,2,1,R3
17356,2011-02-01 11:07:00,5,946.47,311,1,180.87988717841944,28.181983076762915,3,4,3,M3
17357,2011-11-15 16:30:00,2,388.14,23,1,52.29180807678018,8.743771211517027,5,2,2,R5
17358,2011-02-09 16:57:00,5,866.05,302,1,166.32714530916928,25.999071796375393,3,4,3,M3
17359,2011-11-28 14:37:00,2,284.46,10,1,56.44228114870094,9.366342172305142,5,2,1,R5
17360,2011-11-22 13:11:00,6,1231.3799999999999,16,1,243.50382649758455,37.625573974637675,5,4,3,R5
17361,2011-10-21 15:43:00,5,880.64,48,1,97.28999183057621,15.643498774586432,5,3,3,M3
17362,2011-04-14 14:43:00,7,1024.04,238,1,192.62541422167607,30.04381213325141,4,4,3,M3
17363,2010-11-09 17:11:00,3,940.86,394,1,88.7258486313481,14.258877294702216,3,3,3,M3
17364,2011-12-09 09:00:00,28,12070.42,0,1,1679.295842368501,254.09437635527516,5,5,5,R5
17365,2011-11-27 12:13:00,15,8224.98,12,1,1575.0076640790414,237.8011496118562,5,5,5,R5
17366,2010-10-03 16:04:00,2,1096.24,431,1,170.3273647048121,26.44910470572182,2,4,3,M3
17367,2011-04-15 14:21:00,1,168.4,237,0,43.922308142276734,6.63834622134151,4,2,1,M1
17368,2011-11-16 15:26:00,14,2826.14,22,1,340.33684077243953,52.55052611586593,5,4,4,R5
17369,2010-09-10 09:49:00,1,979.1999999999999,455,0,7.050122520269059,1.1075183780403588,2,1,3,F1
17370,2011-09-28 10:14:00,4,446.18,72,1,88.20453591336707,14.23068038700506,5,3,2,M2
17371,2011-11-22 13:30:00,6,662.55,16,1,133.42539398027964,21.113809097041948,5,3,3,R5
17372,2011-10-30 11:37:00,28,4377.56,40,1,787.8668327570995,120.38002491356492,5,5,5,F5
17373,2011-10-30 15:28:00,7,1167.5,39,1,185.7954564947485,29.019318474212277,5,4,3,R5
17374,2011-05-05 09:05:00,3,727.11,218,1,59.045017117021224,9.806752567553184,4,2,3,R4
17375,2011-05-24 15:45:00,4,660.55,198,1,126.3598827833042,19.95398241749563,4,3,3,R4
17376,2011-09-30 12:36:00,4,453.64,70,1,80.03518229270676,13.005277343906014,5,3,2,M2
17377,2011-11-16 11:17:00,78,18319.41,23,1,2503.3434072028367,380.20151108042546,5,5,5,R5
17378,2010-11-30 18:46:00,1,10.95,373,0,0.6931471805599453,0.1539720770839918,3,1,1,F1
17379,2011-11-28 13:56:00,1,404.66,10,0,131.60128621334482,19.790192932001723,5,3,2,R5
17380,2010-10-01 16:42:00,3,645.0,433,1,32.20777625451777,5.7811664381776655,2,2,3,M2
17381,2011-12-01 11:59:00,38,40002.37,8,1,882.6462557235102,135.09693835852653,5,5,5,R5
17382,2011-10-05 13:05:00,8,902.28,64,1,55.07747916971074,9.461621875456611,5,2,3,M3
17383,2011-12-05 17:36:00,2,309.99,3,1,60.09169041578568,9.913753562367852,5,2,2,R5
17384,2011-11-20 15:48:00,3,507.55,18,1,31.789320278839853,5.718398041825978,5,2,2,R5
17385,2011-11-25 11:02:00,1,261.11,14,0,67.96440331657577,10.244660497486366,5,2,1,R5
17386,2011-12-02 11:28:00,7,2812.77,7,1,118.35328726622207,18.90299308993331,5,3,4,R5
17387,2011-11-20 11:00:00,2,784.11,19,1,134.17064629392962,21.025596944089443,5,3,3,R5
17388,2011-09-23 10:31:00,11,2691.57,77,1,129.9781055121548,20.84671582682322,5,3,4,M4
17389,2011-12-09 09:38:00,61,57224.68,0,1,1353.5263609991362,206.87895414987045,5,5,5,R5
17390,2010-10-15 11:29:00,1,149.3,420,0,13.931692312253684,2.1397538468380524,3,1,1,F1
17391,2011-06-29 09:58:00,2,508.8,163,1,15.100091356313154,3.1650137034469727,4,1,2,F1
17392,2011-02-06 12:48:00,3,626.56,306,1,110.15831748058538,17.473747622087807,3,3,2,F3
17393,2010-10-25 11:10:00,2,381.15,410,1,60.98229423418406,10.04734413512761,3,2,2,M2
17394,2011-05-04 13:22:00,1,203.86999999999998,218,0,10.963393662322158,1.6945090493483237,4,1,1,F1
17395,2010-07-19 15:34:00,1,97.5,507,0,8.775703886567738,1.3663555829851608,2,1,1,F1
17396,2011-10-31 14:12:00,14,8807.1,38,1,170.7386496294201,27.110797444413016,5,4,5,M5
17397,2011-11-17 14:08:00,3,1233.18,21,1,194.95549822901742,30.19332473435261,5,4,3,R5
17398,2011-08-17 09:48:00,3,653.38,114,1,71.92133760024484,11.738200640036727,5,2,3,F2
17400,2011-08-05 15:38:00,8,4677.05,125,1,691.9943163376793,104.99914745065189,5,5,5,F5
17401,2010-06-16 16:54:00,1,114.85,540,0,14.26953723268687,2.19043058490303,2,1,1,F1
17402,2011-12-05 10:15:00,23,5096.18,4,1,300.8571248126405,47.07856872189607,5,4,5,R5
17403,2011-11-03 15:18:00,2,400.57,35,1,60.187653889880394,9.928148083482059,5,2,2,R5
17404,2011-12-05 16:26:00,23,47781.12,3,1,1325.6116975947623,200.79175463921436,5,5,5,R5
17405,2011-12-08 17:12:00,3,1031.41,0,1,171.58904026076266,26.688356039114396,5,4,3,R5
17406,2011-01-10 15:07:00,13,4905.05,332,1,487.14778574161204,74.52216786124181,3,5,5,M5
17407,2010-10-24 11:57:00,1,552.9,411,0,65.31715868922677,9.847573803384016,3,2,2,F2
17408,2011-06-29 12:53:00,3,316.09000000000003,162,1,18.13455745596458,3.6701836183946863,4,1,2,F1
17409,2011-06-08 10:36:00,10,7793.51,184,1,324.62364807153915,49.99354721073087,4,4,5,M5
17410,2011-11-23 15:46:00,5,1214.72,15,1,133.81059666275786,21.12158949941368,5,3,3,R5
17411,2011-11-27 14:25:00,5,1425.38,11,1,152.18428867995272,23.877643301992908,5,4,4,R5
17412,2011-12-07 11:36:00,16,4417.52,2,1,528.7432644656362,80.91148966984542,5,5,5,R5
17413,2010-10-31 12:33:00,2,560.14,404,1,27.002691513006912,4.950403726951036,3,1,2,R3
17414,2011-10-27 12:13:00,6,2249.52,43,1,98.92481886196876,15.938722829295315,5,3,4,R5
17415,2011-09-21 12:50:00,1,507.84,79,0,27.240466530172633,4.136069979525894,5,1,2,M2
17416,2011-11-10 12:47:00,22,17298.45,29,1,1512.3416521934394,228.7512478290159,5,5,5,R5
17417,2010-06-09 10:00:00,1,164.18,548,0,26.211628759505405,3.9817443139258106,2,1,1,M1
17418,2011-10-28 13:00:00,3,670.0600000000001,41,1,98.8298215237018,15.77447322855527,5,3,3,R5
17419,2011-11-28 13:47:00,18,6500.52,10,1,685.2208306673073,104.48312460009609,5,5,5,R5
17420,2011-10-20 14:52:00,6,1084.43,49,1,122.63704300787562,19.495556451181344,5,3,3,R5
17421,2010-11-18 16:57:00,3,1059.41,385,1,148.85414659005798,23.278121988508694,3,3,3,R3
17422,2011-11-23 13:27:00,11,3594.76,15,1,539.9083450672088,82.33625176008131,5,5,5,R5
17423,2011-10-24 13:36:00,3,1118.95,45,1,115.35068879454685,18.252603319182025,5,3,3,F3
17425,2011-11-20 15:30:00,2,759.17,18,1,94.13035087139261,15.01955263070889,5,3,3,R5
17426,2011-12-01 18:07:00,13,8077.77,7,1,988.771782423996,149.76576736359942,5,5,5,R5
17427,2011-09-29 11:29:00,1,100.8,71,0,5.616771097666572,0.8925156646499858,5,1,1,F1
17428,2011-12-09 09:45:00,45,31819.760000000002,0,1,1950.5410022583155,295.6311503387473,5,5,5,R5
17429,2011-08-03 13:22:00,5,1357.46,127,1,230.1862427838354,35.57793641757531,5,4,4,F4
17430,2011-11-07 09:24:00,4,735.17,32,1,99.88736853198287,15.98310527979743,5,3,3,R5
17431,2011-01-30 14:36:00,1,403.3,312,0,75.7769959601214,11.41654939401821,3,2,2,M2
17432,2011-11-21 17:33:00,9,1751.39,17,1,366.97242132954767,56.29586319943215,5,5,4,R5
17433,2011-09-12 14:24:00,2,569.96,87,1,123.50852494709163,19.426278742063747,5,3,2,F3
17434,2011-12-07 13:16:00,7,2373.82,1,1,316.04806022675865,48.557209034013795,5,4,4,R5
17435,2010-10-24 13:55:00,1,331.35,410,0,33.393093822830295,5.058964073424544,3,1,2,R3
17436,2011-12-08 12:30:00,5,534.06,1,1,40.29810784800705,7.094716177201057,5,2,2,R5
17437,2010-06-28 11:11:00,1,373.17,529,0,76.83296303326512,11.574944454989767,2,2,2,M2
17438,2011-03-31 10:26:00,5,1422.77,253,1,131.6417980064327,20.796269700964906,4,3,4,F3
17439,2010-02-22 12:48:00,1,325.74,655,0,27.408810656492427,4.161321598473863,1,1,2,F1
17440,2011-07-06 11:54:00,4,323.58,156,1,22.072761473030457,4.310914220954569,4,1,2,F1
17441,2009-12-07 13:32:00,1,293.35,731,0,49.29373735170305,7.4440606027554574,1,2,1,F2
17442,2011-11-03 09:17:00,15,4620.3,36,1,650.0015867746984,99.05023801620474,5,5,5,F5
17443,2011-05-04 10:47:00,1,534.24,219,0,6.22455842927536,0.983683764391304,4,1,2,F1
17444,2011-07-15 12:05:00,3,2940.04,147,1,331.46234058535003,50.6693510878025,4,4,4,M4
17446,2011-06-16 10:42:00,2,120.9,176,1,27.696916748000916,5.054537512200136,4,1,1,M1
17447,2011-10-30 14:18:00,2,541.53,39,1,88.93956111127926,14.24093416669189,5,3,2,R5
17448,2010-07-30 14:07:00,46,14556.97,496,1,2510.221536411525,379.6332304617288,2,5,5,F5
17449,2011-12-07 16:56:00,13,4951.15,1,1,834.4267904457284,126.61401856685926,5,5,5,R5
17450,2011-12-01 13:29:00,51,246973.09,7,1,1839.0795213862268,279.211928207934,5,5,5,R5
17451,2011-12-08 15:02:00,7,1721.4,0,1,238.4336253260701,36.91504379891052,5,4,4,R5
17453,2011-11-22 09:42:00,2,486.71999999999997,17,1,42.06793868231552,7.210190802347327,5,2,2,R5
17454,2011-05-31 13:58:00,10,1547.94,191,1,214.79437002593937,33.5191555038909,4,4,4,F4
17455,2011-05-20 12:31:00,1,131.7,203,0,17.231223379051496,2.634683506857724,4,1,1,F1
17456,2010-12-09 15:23:00,2,1225.42,364,1,164.64978059271013,25.59746708890652,3,4,3,R3
17457,2011-08-05 12:48:00,14,5984.8099999999995,126,1,217.63237035310686,34.14485555296603,5,4,5,M5
17458,2011-11-24 13:01:00,2,529.58,14,1,112.26893092376463,17.740339638564695,5,3,2,R5
17459,2011-10-27 13:25:00,2,657.3,42,1,147.09030559339823,22.963545839009736,5,3,3,R5
17460,2011-09-06 15:04:00,16,2228.27,93,1,247.38796194604032,38.70819429190604,5,4,4,F4
17461,2011-11-17 10:21:00,3,757.46,22,1,179.7821589014955,27.917323835224323,5,4,3,R5
17462,2011-10-10 13:56:00,2,675.69,59,1,55.33473506026556,9.200210259039833,5,2,3,F2
17463,2011-11-23 13:40:00,7,2557.91,15,1,466.5152229027008,71.12728343540512,5,5,4,R5
17464,2011-07-04 13:19:00,3,1000.94,157,1,89.04055308268305,14.306082962402458,4,3,3,M3
17465,2010-10-10 11:56:00,7,2542.79,425,1,312.746702228637,48.06200533429555,3,4,4,M4
17466,2011-11-29 13:15:00,2,763.28,9,1,79.29302794025119,12.79395419103768,5,3,3,R5
17467,2010-11-09 12:58:00,1,102.6,394,0,6.851184927493743,1.0776777391240615,3,1,1,F1
17468,2011-11-29 15:33:00,3,194.8,9,1,25.402299824656048,4.760344973698407,5,1,1,R5
17469,2011-11-23 13:15:00,17,5051.25,15,1,558.8116706342098,85.47175059513145,5,5,5,R5
17470,2011-10-26 12:42:00,11,2804.87,44,1,444.7585833404513,68.0637875010677,5,5,4,R5
17471,2010-08-22 11:53:00,1,321.65000000000003,474,0,39.44064783658932,5.966097175488398,2,2,2,R2
17472,2011-06-01 14:57:00,4,935.1,190,1,241.14588343536576,37.171882515304866,4,4,3,M3
17473,2010-10-27 11:45:00,2,607.0,408,1,70.4245978243686,11.46368967365529,3,2,2,R3
17474,2010-04-19 10:43:00,1,1047.0,599,0,20.8793173590278,3.18189760385417,1,1,3,F1
17475,2011-09-21 14:55:00,1,194.37,78,0,34.3769381012585,5.206540715188775,5,1,1,M1
17476,2010-11-09 10:21:00,2,489.86,395,1,55.18145737325635,9.177218605988452,3,2,2,F2
17477,2010-04-06 10:06:00,2,1144.3,612,1,75.24755864282527,12.18713379642379,1,2,3,M3
17478,2010-10-27 15:01:00,2,1272.8,407,1,96.88114744503333,15.432172116755,3,3,4,F3
17479,2010-03-17 09:26:00,1,389.26000000000005,632,0,47.14360166844847,7.12154025026727,1,2,2,M2
17480,2011-09-23 11:39:00,2,902.03,77,1,129.33589487992973,20.30038423198946,5,3,3,M3
17481,2011-12-06 12:28:00,4,1255.59,3,1,187.67992325057995,29.15198848758699,5,4,3,R5
17482,2010-08-09 15:33:00,2,778.19,486,1,80.4072105994108,12.96108158991162,2,3,3,R2
17483,2011-10-05 13:10:00,4,591.73,64,1,61.6010053163414,10.240150797451209,5,2,2,R5
17484,2010-05-12 15:41:00,2,209.57,575,1,37.79675963260766,6.569513944891148,1,2,1,M1
17486,2011-03-23 14:00:00,1,396.87,260,0,50.03407255092445,7.555110882638667,4,2,2,M2
17487,2009-12-11 15:06:00,1,160.55,727,0,13.110128839735985,2.0165193259603975,1,1,1,F1
17488,2010-03-08 14:07:00,1,336.5,640,0,35.72623272067194,5.4089349081007905,1,1,2,M2
17489,2011-10-12 08:56:00,2,376.64,58,1,77.52164345021194,12.528246517531791,5,3,2,R5
17490,2011-12-09 09:08:00,9,2750.5,0,1,270.8157610535626,41.87236415803439,5,4,4,R5
17491,2011-12-08 16:18:00,17,5981.07,0,1,483.73829311646074,74.2107439674691,5,5,5,R5
17492,2011-04-05 15:21:00,3,1122.42,247,1,93.25332498291505,14.937998747437257,4,3,3,M3
17493,2010-11-19 16:57:00,1,100.91000000000001,384,0,15.561749511890518,2.3842624267835775,3,1,1,F1
17494,2010-07-26 10:06:00,1,54.699999999999996,501,0,6.2285110035911835,0.9842766505386775,2,1,1,F1
17495,2011-12-02 12:08:00,3,806.72,7,1,94.97077948576062,15.195616922864094,5,3,3,R5
17496,2010-12-16 08:39:00,4,1412.89,358,1,155.84833985161413,24.37725097774212,3,4,4,R3
17497,2010-11-14 14:17:00,2,287.25,389,1,13.858000919985178,2.9787001379977767,3,1,1,F1
17498,2011-09-25 12:25:00,1,272.22,75,0,45.78289990970108,6.917434986455161,5,2,1,R5
17499,2011-02-23 09:14:00,2,1341.39,289,1,180.17697776660313,27.92654666499047,3,4,4,F4
17500,2011-11-22 14:25:00,3,1138.0,16,1,7.138866999945524,2.0208300499918286,5,1,3,R5
17501,2011-05-03 09:47:00,2,288.6,220,1,36.84711913912604,6.427067870868906,4,2,1,R4
17502,2011-11-30 13:13:00,4,689.1,8,1,68.89869922372118,11.334804883558176,5,2,3,R5
17503,2011-12-07 09:18:00,2,558.96,2,1,91.6426438352421,14.646396575286314,5,3,2,R5
17504,2011-05-17 12:59:00,18,9565.12,205,1,856.3558217200167,130.15337325800252,4,5,5,F5
17505,2011-07-01 12:50:00,5,2435.48,161,1,237.6960689434375,36.70441034151562,4,4,4,F4
17506,2011-09-25 11:39:00,1,302.2,75,0,30.58735559203076,4.638103338804614,5,1,2,R5
17507,2011-03-23 11:48:00,2,605.58,261,1,121.90284703783294,19.185427055674943,4,3,2,F3
17508,2011-03-04 08:10:00,8,4579.23,280,1,534.1740713587724,81.32611070381586,3,5,5,F5
17509,2011-10-13 10:26:00,8,6115.14,57,1,821.8539276647092,124.47808914970638,5,5,5,F5
17510,2011-11-15 10:00:00,2,514.56,24,1,84.51243976865527,13.57686596529829,5,3,2,R5
17511,2011-12-07 10:12:00,60,175603.55,2,1,7177.955731694429,1080.4933597541642,5,5,5,R5
17512,2011-11-11 12:11:00,18,5467.820000000001,28,1,544.3997626086299,83.35996439129448,5,5,5,R5
17513,2011-09-28 16:42:00,3,1158.8,71,1,54.01046698635616,9.051570047953424,5,2,3,F2
17514,2011-08-03 15:45:00,2,542.83,127,1,113.17524400775112,17.87628660116267,5,3,2,F3
17515,2011-11-08 14:04:00,9,1617.46,30,1,225.9019859764991,35.13529789647487,5,4,4,R5
17516,2011-11-24 16:51:00,6,957.55,14,1,212.36582107038473,32.9548731605577,5,4,3,R5
17517,2011-02-04 11:48:00,1,153.94,308,0,24.54021301625326,3.7310319524379887,3,1,1,M1
17518,2010-10-10 12:40:00,2,329.42,425,1,87.87410154530527,14.08111523179579,3,3,2,F3
17519,2011-11-22 16:43:00,15,5109.47,16,1,533.5597020523103,81.58395530784654,5,5,5,R5
17520,2011-10-17 12:04:00,1,546.81,53,0,69.21159298119248,10.431738947178873,5,2,2,R5
17521,2011-11-10 11:22:00,5,1278.06,29,1,176.5009295548359,27.525139433225384,5,4,4,R5
17522,2011-12-08 12:31:00,5,1070.71,1,1,168.17207914112115,26.275811871168173,5,4,3,R5
17523,2011-11-28 13:20:00,4,652.74,10,1,62.74188821497538,10.411283232246307,5,2,3,R5
17524,2010-12-13 14:32:00,3,539.14,360,1,77.53477914556822,12.580216871835233,3,3,2,R3
17525,2010-12-15 12:05:00,3,1161.9,359,1,59.9997830316975,9.949967454754626,3,2,3,R3
17526,2011-12-05 11:05:00,12,4166.04,4,1,209.9014834635557,32.88522251953335,5,4,5,R5
17527,2011-10-17 12:32:00,4,939.37,53,1,104.731653261255,16.709747989188248,5,3,3,M3
17528,2011-12-08 13:27:00,8,3628.5,0,1,494.23280469190064,75.3349207037851,5,5,5,R5
17529,2010-04-08 17:51:00,2,1240.25,609,1,169.90544427210042,26.385816640815065,1,4,3,M3
17530,2011-12-08 18:42:00,12,3141.51,0,1,719.9211007312409,109.38816510968613,5,5,5,R5
17531,2011-06-02 19:17:00,3,1266.82,189,1,114.53375158076886,18.130062737115328,4,3,3,F3
17532,2010-11-19 08:13:00,1,65.34,385,0,8.31752199628717,1.2976282994430755,3,1,1,F1
17533,2010-10-01 09:14:00,1,34.8,434,0,3.2188758248682006,0.53283137373023,2,1,1,F1
17534,2011-10-17 12:47:00,5,1668.83,53,1,203.72879783420535,31.609319675130802,5,4,4,R5
17535,2011-03-04 15:20:00,1,164.4,279,0,31.08490760242844,4.712736140364266,3,1,1,M1
17536,2011-06-15 13:23:00,3,364.83,176,1,34.251427736805965,6.087714160520894,4,2,2,R4
17537,2011-11-10 10:56:00,2,897.62,29,1,131.5631167531927,20.634467512978908,5,3,3,R5
17538,2011-11-14 12:12:00,1,98.42,25,0,23.288849628112317,3.5433274442168474,5,1,1,R5
17539,2010-04-01 12:07:00,4,1226.57,617,1,214.83777026368804,33.225665539553205,1,4,3,F4
17540,2011-11-15 11:56:00,6,1590.6000000000001,24,1,141.48607419102538,22.322911128653807,5,3,4,R5
17541,2010-07-18 11:36:00,1,124.46,509,0,25.556589351596116,3.883488402739417,2,1,1,M1
17542,2011-03-15 11:45:00,3,341.7,269,1,82.95738140553534,13.393607210830302,4,3,2,M2
17543,2010-06-08 12:41:00,1,120.05,549,0,19.16507107764281,2.9247606616464212,2,1,1,F1
17544,2010-11-14 15:08:00,3,960.69,389,1,134.83224010542997,21.174836015814495,3,3,3,M3
17545,2011-10-27 14:04:00,6,1448.54,42,1,285.52573180076433,43.92885977011464,5,4,4,R5
17547,2010-11-29 09:41:00,2,727.85,375,1,62.19084725090539,10.22862708763581,3,2,3,R3
17548,2011-04-20 12:01:00,4,731.26,233,1,89.69829282642198,14.454743923963296,4,3,3,R4
17549,2011-11-16 09:59:00,2,148.86,23,1,19.803835368754694,3.8705753053132037,5,1,1,R5
17550,2011-05-26 14:09:00,9,2547.64,196,1,394.6446011346984,60.44669017020476,4,5,4,R4
17551,2010-12-15 14:12:00,1,306.84,358,0,57.85179601409096,8.727769402113644,3,2,2,F2
17552,2011-10-10 17:00:00,12,3085.29,59,1,380.1931549646443,58.42897324469664,5,5,5,R5
17553,2011-08-02 10:00:00,4,3757.6,129,1,32.34764192628314,5.85214628894247,5,2,5,R4
17554,2011-12-08 14:15:00,5,1952.45,0,1,206.91284443038592,32.086926664557886,5,4,4,R5
17555,2011-11-20 12:22:00,5,1057.74,19,1,305.9144966778014,46.937174501670206,5,4,3,R5
17556,2011-05-18 10:48:00,2,300.67,205,1,32.163342798861194,5.724501419829179,4,2,1,R4
17557,2011-11-25 12:57:00,4,575.46,13,1,73.25525047810528,11.988287571715793,5,2,2,R5
17558,2010-11-11 14:36:00,1,259.17,392,0,28.75776366633857,4.363664549950785,3,1,1,R3
17559,2010-07-15 12:02:00,1,167.62,512,0,35.78340546741857,5.417510820112785,2,1,1,M1
17560,2011-09-06 09:18:00,8,1895.8,94,1,167.34098873839523,26.30114831075928,5,4,4,M4
17561,2011-11-20 12:53:00,4,722.34,18,1,191.98992209655543,29.798488314483315,5,4,3,R5
17562,2011-11-25 14:21:00,7,1122.38,13,1,157.28858352398902,24.743287528598355,5,4,3,R5
17563,2010-05-10 14:54:00,2,392.38,577,1,62.494006532456936,10.27410097986854,1,2,2,M2
17564,2011-11-15 13:27:00,3,454.01,23,1,62.822372099594865,10.37335581493923,5,2,2,R5
17565,2010-05-02 11:54:00,1,131.83,586,0,31.654542927741723,4.798181439161258,1,1,1,M1
17566,2011-12-01 19:54:00,2,901.21,7,1,186.9766815876624,28.94650223814936,5,4,3,R5
17567,2011-12-02 15:48:00,9,5356.03,6,1,540.7238548654409,82.35857822981613,5,5,5,R5
17568,2010-03-16 16:45:00,1,382.79,632,0,99.36148885046393,14.95422332756959,1,3,2,M2
17569,2011-01-11 14:15:00,1,344.14,331,0,46.10964767636282,6.966447151454423,3,2,2,R3
17570,2010-11-23 11:56:00,1,100.0,381,0,0.6931471805599453,0.1539720770839918,3,1,1,F1
17571,2011-10-20 15:57:00,5,1703.75,49,1,367.2936140291569,56.14404210437353,5,5,4,R5
17572,2011-09-29 17:53:00,10,723.01,70,1,79.26420796118025,13.189631194177037,5,3,3,R5
17573,2011-11-10 13:01:00,3,380.6,28,1,58.075327377575135,9.661299106636271,5,2,2,R5
17574,2011-04-11 09:47:00,1,185.65,242,0,18.387792485618093,2.8081688728427134,4,1,1,F1
17575,2010-02-10 13:48:00,1,171.7,666,0,11.483754087669949,1.7725631131504924,1,1,1,F1
17576,2011-12-01 17:56:00,41,9056.81,7,1,1432.6702075052938,217.75053112579408,5,5,5,R5
17577,2010-03-04 13:01:00,2,348.75,644,1,44.96057747024897,7.644086620537345,1,2,2,F2
17578,2011-05-05 18:38:00,7,1047.33,217,1,120.94763109541137,19.292144664311706,4,3,3,R4
17579,2011-12-05 12:28:00,4,753.28,4,1,125.28777442548589,19.79316616382288,5,3,3,R5
17580,2011-04-01 12:41:00,5,545.27,252,1,104.60310012482552,16.740465018723828,4,3,2,F3
17581,2011-12-09 12:21:00,43,18757.75,0,1,2021.3516152051611,306.15274228077413,5,5,5,R5
17582,2011-04-17 13:18:00,5,1450.7,235,1,169.05054440453878,26.40758166068082,4,4,4,R4
17583,2010-05-28 14:24:00,1,135.95,559,0,14.938688621910952,2.2908032932866425,2,1,1,F1
17584,2011-12-02 17:12:00,6,5309.42,6,1,319.17988447695876,48.97698267154381,5,4,5,R5
17585,2011-08-22 13:30:00,7,2093.3,108,1,574.6318186108671,87.34477279163005,5,5,4,M4
17586,2010-03-30 13:12:00,1,167.4,618,0,17.280400509297937,2.6420600763946904,1,1,1,F1
17587,2010-03-21 14:16:00,1,181.66,627,0,36.7379290830569,5.560689362458534,1,1,1,M1
17588,2011-08-31 13:37:00,7,2939.55,99,1,168.39285112253012,26.40892766837952,5,4,4,M4
17589,2011-10-10 16:58:00,18,14049.87,59,1,2285.9215618468525,344.5882342770278,5,5,5,F5
17590,2011-12-07 12:55:00,3,1479.22,1,1,271.60224126038185,41.69033618905727,5,4,4,R5
17591,2011-09-27 13:42:00,8,2776.67,72,1,337.8075403377418,51.87113105066126,5,4,4,M4
17592,2009-12-01 10:49:00,1,148.3,738,0,17.734144622106797,2.7101216933160193,1,1,1,F1
17593,2011-12-06 10:30:00,11,8095.8,3,1,967.8915532119381,146.53373298179073,5,5,5,R5
17594,2011-09-15 16:34:00,4,2497.88,84,1,264.4773861287417,40.671607919311256,5,4,4,F4
17595,2011-11-27 16:08:00,2,388.79,11,1,91.20179435007243,14.580269152510866,5,3,2,R5
17596,2011-11-16 14:11:00,13,4920.67,22,1,926.6832642653656,140.45248963980484,5,5,5,R5
17597,2011-05-10 11:54:00,5,3484.09,213,1,331.5944966074803,50.78917449112205,4,4,5,R4
17598,2010-11-23 17:43:00,1,409.98,380,0,25.100228884210026,3.8150343326315035,3,1,2,R3
17599,2010-08-19 12:50:00,1,52.05,477,0,4.499809670330265,0.7249714505495398,2,1,1,F1
17600,2011-11-22 09:43:00,1,161.67000000000002,17,0,28.177233358342196,4.276585003751329,5,1,1,R5
17601,2011-04-14 18:02:00,2,421.48,238,1,84.86187277559436,13.629280916339155,4,3,2,M2
17602,2011-12-07 13:53:00,14,7451.13,1,1,1533.9757361974591,231.59636042961887,5,5,5,R5
17603,2011-09-22 14:18:00,4,1793.48,77,1,178.04414764340675,27.706622146511013,5,4,4,M4
17604,2011-05-06 13:43:00,6,945.9300000000001,216,1,227.8391533733143,35.27587300599714,4,4,3,F4
17605,2010-04-28 14:45:00,1,160.75,589,0,22.16917160086732,3.3753757401300977,1,1,1,M1
17606,2009-12-02 13:32:00,1,87.30000000000001,736,0,12.294500102738104,1.8941750154107155,1,1,1,F1
17607,2010-11-28 13:11:00,1,333.81,375,0,52.65036134099897,7.947554201149845,3,2,2,R3
17608,2011-11-06 13:06:00,4,498.53,32,1,211.20545216548973,32.68081782482346,5,4,2,R5
17609,2011-10-30 12:28:00,11,1894.34,40,1,486.85475044337926,74.37821256650687,5,5,4,M4
17610,2010-06-17 16:34:00,5,1529.49,539,1,263.80991390053396,40.62148708508009,2,4,4,F4
17611,2011-12-02 13:29:00,28,8371.98,6,1,1609.366915794636,243.6050373691954,5,5,5,R5
17612,2011-10-17 14:59:00,18,5394.86,52,1,727.7030401735547,110.8554560260332,5,5,5,F5
17613,2011-11-17 10:51:00,14,4559.150000000001,22,1,598.830774083051,91.32461611245765,5,5,5,R5
17614,2011-10-13 16:01:00,1,390.07,56,0,112.97732341867415,16.99659851280112,5,3,2,F3
17615,2011-08-01 14:06:00,6,733.2,129,1,92.43013220224994,14.964519830337492,5,3,3,F3
17616,2011-06-19 10:11:00,4,1060.8,173,1,21.564906909981097,4.234736036497165,4,1,3,M3
17617,2010-05-30 12:48:00,1,395.33,558,0,47.10179335145525,7.115269002718287,2,2,2,M2
17618,2011-12-04 11:50:00,11,4073.2400000000002,5,1,545.6555314819998,83.19832972229996,5,5,5,R5
17619,2011-01-31 14:18:00,1,218.52,311,0,70.96058331576933,10.6940874973654,3,2,1,M1
17620,2011-10-11 12:08:00,1,81.44,59,0,10.24441413950672,1.586662120926008,5,1,1,F1
17621,2011-11-18 17:11:00,6,3175.12,20,1,174.7809241610836,27.31713862416254,5,4,5,R5
17622,2010-04-21 12:36:00,2,1130.21,597,1,84.62656867944335,13.593985301916502,1,3,3,M3
17623,2011-11-07 11:32:00,7,2383.67,32,1,273.1610241826517,42.12415362739775,5,4,4,R5
17624,2011-11-25 10:52:00,4,1568.63,14,1,213.08762859490037,32.96314428923505,5,4,4,R5
17625,2011-11-21 13:36:00,8,6067.8,17,1,1061.0972284655852,160.3645842698378,5,5,5,R5
17626,2010-04-16 12:15:00,1,254.0,602,0,42.84720000826991,6.477080001240486,1,2,1,M1
17627,2010-08-18 11:27:00,1,296.36,478,0,36.08164180641598,5.462246270962397,2,1,1,R2
17628,2011-09-19 15:21:00,1,75.75,80,0,12.652359748158592,1.9478539622237887,5,1,1,F1
17629,2011-12-04 10:56:00,10,2455.52,5,1,351.23893321325016,53.98583998198752,5,5,4,R5
17630,2011-06-23 11:58:00,2,503.59999999999997,169,1,42.66196826740489,7.299295240110732,4,2,2,M2
17631,2011-12-08 09:47:00,7,998.49,1,1,136.16096643261542,21.574144964892316,5,3,3,R5
17633,2011-11-08 13:25:00,7,2057.39,30,1,214.68545111426099,33.35281766713914,5,4,4,R5
17634,2011-11-03 13:09:00,9,2361.9700000000003,35,1,353.4568986673482,54.26853480010222,5,5,4,R5
17635,2010-10-11 15:12:00,3,1265.58,423,1,165.79484120279673,25.81922618041951,3,4,3,M3
17636,2011-11-20 14:40:00,1,285.56,18,0,43.22612420759985,6.5339186311399775,5,2,1,R5
17637,2011-11-08 12:51:00,2,547.0600000000001,30,1,71.04966279300224,11.557449418950336,5,2,2,R5
17638,2010-03-02 14:32:00,2,842.4,646,1,14.902423002940388,3.1353634504410586,1,1,3,F1
17639,2011-03-08 15:22:00,6,615.17,275,1,128.4669183030174,20.37003774545261,4,3,2,F3
17640,2011-09-14 09:13:00,6,3168.94,86,1,198.7048525803617,30.905727887054255,5,4,5,F4
17642,2011-08-12 09:11:00,5,1824.49,119,1,266.4456330278402,41.01684495417602,5,4,4,M4
17643,2010-12-01 14:38:00,2,541.25,372,1,75.87481155341943,12.281221733012915,3,2,2,R3
17644,2011-12-08 13:43:00,20,6028.6,0,1,724.2387229323247,110.4358084398487,5,5,5,R5
17646,2011-05-04 13:17:00,12,4149.79,218,1,375.6404715532004,57.74607073298006,4,5,5,R4
17647,2011-10-05 15:38:00,3,331.65999999999997,64,1,21.68204693084147,4.20230703962622,5,1,2,F1
17648,2011-10-10 09:41:00,5,2216.37,60,1,237.12944047551093,36.61941607132663,5,4,4,F4
17649,2011-07-24 15:53:00,3,1578.89,137,1,191.2419551756026,29.63629327634039,4,4,4,F4
17650,2011-11-18 14:52:00,1,166.08,20,0,22.517626087874522,3.427643913181178,5,1,1,R5
17651,2011-11-28 10:29:00,16,5703.52,11,1,785.9989186188848,119.49983779283271,5,5,5,R5
17652,2011-11-14 12:55:00,12,4867.72,24,1,550.2478255454645,83.93717383181966,5,5,5,R5
17653,2011-11-03 12:46:00,4,1207.56,36,1,106.00498307566411,16.900747461349617,5,3,3,F3
17654,2011-03-07 13:17:00,1,117.55,276,0,21.9429463830157,3.3414419574523544,4,1,1,M1
17655,2011-11-29 11:34:00,9,3652.48,10,1,266.6307602699246,41.24461404048869,5,4,5,R5
17656,2011-09-27 13:04:00,5,1674.69,72,1,209.99585391414917,32.54937808712237,5,4,4,F4
17657,2010-10-05 14:52:00,1,126.0,429,0,15.478488668605863,2.371773300290879,3,1,1,F1
17658,2011-11-14 12:07:00,2,595.42,25,1,57.498057740763585,9.524708661114538,5,2,2,R5
17659,2011-11-22 13:29:00,14,3834.79,16,1,412.6090859392714,63.391362890890704,5,5,5,R5
17660,2011-07-21 13:37:00,2,359.47,140,1,92.35335487266329,14.753003230899493,4,3,2,M2
17662,2010-02-16 09:38:00,2,412.92,661,1,30.768007781323565,5.515201167198534,1,1,2,M2
17663,2011-11-14 08:56:00,17,5175.83,25,1,492.2810305814107,75.49215458721159,5,5,5,R5
17664,2011-11-21 11:29:00,4,1166.23,18,1,194.35633870147709,30.15345080522156,5,4,3,R5
17665,2010-08-03 13:12:00,1,563.1,492,0,58.736686156799095,8.860502923519865,2,2,2,R2
17666,2011-12-06 09:06:00,5,2047.8,3,1,149.24477274682053,23.43671591202308,5,3,4,R5
17667,2011-10-04 14:32:00,9,3950.7,65,1,491.8798174785866,75.03197262178799,5,5,5,R5
17668,2011-12-08 13:25:00,2,347.75,0,1,24.463788524212184,4.569568278631827,5,1,2,R5
17669,2011-10-28 08:53:00,10,6142.35,42,1,399.77426734831954,61.266140102247924,5,5,5,M5
17670,2011-04-26 09:12:00,1,205.7,227,0,25.09933141948746,3.8148997129231184,4,1,1,F1
17671,2011-11-24 12:21:00,5,2403.34,15,1,208.95650509804597,32.39347576470689,5,4,4,R5
17672,2011-10-20 14:18:00,7,5778.63,49,1,491.60212310942046,74.89031846641306,5,5,5,M5
17673,2011-12-08 12:50:00,13,4233.58,1,1,880.1710115665078,133.47565173497617,5,5,5,R5
17674,2011-09-26 13:35:00,2,851.7,73,1,113.57393368459412,17.93609005268912,5,3,3,F3
17675,2011-12-08 18:03:00,70,38259.6,0,1,2798.5778028694876,424.08667043042317,5,5,5,R5
17676,2011-12-05 15:16:00,10,2765.84,3,1,395.1547730258851,60.57321595388276,5,5,4,R5
17677,2011-12-08 09:56:00,54,36692.91,1,1,2035.3434957142672,308.80152435714007,5,5,5,R5
17678,2011-03-21 11:52:00,2,599.76,263,1,68.2652481898941,11.139787228484114,4,2,2,F2
17679,2011-10-18 07:43:00,7,3577.61,52,1,236.68466916552578,36.65270037482886,5,4,5,F4
17680,2011-11-16 12:42:00,3,497.45,23,1,40.59642151404387,7.03946322710658,5,2,2,R5
17681,2010-04-21 17:22:00,5,731.2,596,1,44.02520553997069,7.653780830995603,1,2,3,F2
17682,2011-11-29 15:59:00,11,4456.78,9,1,543.5785788410263,82.88678682615394,5,5,5,R5
17683,2010-11-19 10:11:00,3,819.01,385,1,118.20722445985014,18.681083668977518,3,3,3,R3
17684,2011-10-27 11:10:00,1,239.41,43,0,33.22871294166949,5.034306941250423,5,1,1,R5
17685,2011-11-23 11:36:00,12,5943.17,16,1,569.1635755683151,86.77453633524725,5,5,5,R5
17686,2011-12-02 15:39:00,9,8296.81,6,1,885.9565508945542,134.14348263418313,5,5,5,R5
17687,2010-10-15 12:30:00,1,432.68,420,0,55.18388092584838,8.327582138877258,3,2,2,M2
17688,2010-11-11 10:41:00,1,304.2,393,0,34.3422539524527,5.201338092867905,3,1,2,R3
17689,2010-11-16 13:22:00,2,317.08,387,1,57.53868461682892,9.530802692524338,3,2,2,R3
17690,2011-11-09 15:17:00,20,7448.1,29,1,726.0996160477483,110.71494240716224,5,5,5,R5
17691,2010-12-16 17:20:00,4,780.0500000000001,357,1,101.83037091742752,16.274555637614124,3,3,3,F3
17692,2011-08-04 14:01:00,12,2975.8,126,1,405.5434676579718,62.231520148695765,5,5,4,M4
17693,2011-07-25 15:48:00,1,200.47,136,0,40.31082160779641,6.096623241169461,4,2,1,M1
17694,2011-07-21 12:00:00,3,1695.97,141,1,216.31135851430525,33.39670377714578,4,4,4,F4
17695,2011-07-31 10:40:00,5,1746.04,131,1,191.9818410766989,29.847276161504837,5,4,4,M4
17696,2011-11-01 13:43:00,27,7679.59,37,1,936.0962860304725,142.56444290457088,5,5,5,F5
17697,2011-04-17 15:40:00,1,338.95,235,0,31.062474321943263,4.709371148291489,4,1,2,R4
17698,2011-03-24 11:34:00,1,154.95,260,0,19.375827122351087,2.956374068352663,4,1,1,F1
17699,2010-08-20 09:39:00,2,442.0,476,1,41.36504123371933,7.104756185057899,2,2,2,M2
17700,2011-11-23 11:51:00,14,6679.97,16,1,769.9296935867593,116.98945403801389,5,5,5,R5
17701,2011-04-01 12:25:00,1,417.95,252,0,37.56656984540525,5.684985476810787,4,1,2,M2
17702,2011-11-09 16:03:00,6,3144.04,29,1,369.791450659075,56.56871759886124,5,5,5,R5
17703,2011-11-04 15:51:00,4,1094.84,34,1,190.29058330488937,29.543587495733405,5,4,3,R5
17704,2011-06-24 09:40:00,2,885.19,168,1,68.52684173891552,11.179026260837329,4,2,3,M3
17705,2011-12-06 13:45:00,11,2083.9,2,1,270.2087066609736,41.88130599914603,5,4,4,R5
17706,2011-12-05 13:34:00,31,20749.98,3,1,1706.1133186479606,258.2669977971941,5,5,5,R5
17707,2011-06-07 15:03:00,8,609.3000000000001,184,1,66.56611943292059,11.184917914938088,4,2,2,R4
17708,2011-06-05 10:12:00,4,887.9300000000001,187,1,114.84459247117074,18.22668887067561,4,3,3,M3
17709,2011-06-23 11:55:00,5,671.01,169,1,73.65229860446797,12.097844790670196,4,2,3,R4
17710,2010-10-12 07:49:00,1,293.5,423,0,38.54071435956687,5.83110715393503,3,2,1,R3
17711,2011-11-29 11:40:00,2,385.1,10,1,52.49710812589428,8.774566218884141,5,2,2,R5
17712,2011-10-26 12:28:00,1,522.91,44,0,56.380176013992276,8.507026402098841,5,2,2,F2
17713,2010-11-22 16:50:00,4,1198.09,381,1,180.59085893110245,28.088628839665365,3,4,3,R3
17714,2011-01-23 10:32:00,5,1410.18,320,1,153.56287456321346,24.084431184482018,3,4,4,R3
17715,2011-05-23 12:32:00,2,489.59999999999997,200,1,11.215933523192671,2.5823900284789008,4,1,2,F1
17716,2011-11-17 12:00:00,24,15956.97,22,1,1498.1805118400669,226.72707677601002,5,5,5,R5
17717,2010-10-14 12:54:00,1,376.92,420,0,66.18561306405189,9.977841959607785,3,2,2,F2
17718,2011-04-21 13:39:00,2,439.18,231,1,53.077374467537936,8.86160617013069,4,2,2,M2
17719,2011-11-02 10:36:00,15,5396.04,37,1,524.6496299599656,80.24744449399483,5,5,5,R5
17720,2011-11-13 15:04:00,10,2768.91,25,1,292.7358152048917,45.21037228073375,5,4,4,R5
17721,2010-02-18 15:18:00,1,307.21000000000004,658,0,23.46072312975358,3.5691084694630364,1,1,2,F1
17722,2011-09-04 15:22:00,5,4430.36,95,1,519.9503912655206,79.04255868982808,5,5,5,F5
17723,2011-08-04 18:37:00,7,3378.4000000000005,126,1,46.44669754150006,8.117004631225008,5,2,5,F2
17724,2011-09-29 15:26:00,3,1033.0,70,1,81.65607232995485,13.198410849493229,5,3,3,M3
17725,2011-11-23 16:34:00,11,3439.08,15,1,447.95465966253704,68.54319894938055,5,5,5,R5
17726,2010-11-09 13:37:00,7,1092.06,394,1,125.15178655372229,19.922767983058346,3,3,3,R3
17727,2011-11-24 17:06:00,1,1060.25,14,0,141.9714011258712,21.345710168880682,5,3,3,R5
17728,2011-12-06 08:52:00,5,4238.76,3,1,511.5169620638414,77.7775443095762,5,5,5,R5
17729,2010-04-22 15:03:00,1,438.65000000000003,595,0,51.70726429911991,7.806089644867987,1,2,2,M2
17730,2011-12-06 15:43:00,20,7773.8,2,1,846.9932046319157,128.84898069478737,5,5,5,R5
17731,2011-09-21 15:02:00,6,1708.99,78,1,189.02856524498563,29.454284786747845,5,4,4,M4
17732,2010-12-02 09:29:00,8,2470.39,372,1,266.9175259905571,41.237628898583566,3,4,4,R3
17733,2011-11-01 08:16:00,2,692.19,38,1,84.3840467214121,13.557607008211816,5,3,3,R5
17734,2011-10-17 12:33:00,6,1442.32,53,1,179.66611083412664,28.049916625118996,5,4,4,R5
17735,2011-12-07 16:47:00,26,17244.93,1,1,2163.54733172485,326.6320997587275,5,5,5,R5
17736,2011-11-30 15:36:00,3,377.44,8,1,51.69740220327736,8.704610330491604,5,2,2,R5
17737,2011-11-30 15:16:00,2,168.24,8,1,22.48103451189609,4.2721551767844135,5,1,1,R5
17738,2011-11-20 15:05:00,13,4183.56,18,1,533.3838782384568,81.45758173576851,5,5,5,R5
17739,2011-11-28 09:12:00,18,7730.59,11,1,378.3711736365884,58.45567604548826,5,5,5,R5
17740,2010-11-15 16:33:00,6,426.9,388,1,26.32430500156492,5.048645750234738,3,1,2,M2
17741,2010-10-29 11:59:00,2,101.1,406,1,16.75145434441875,3.412718151662813,3,1,1,M1
17742,2011-08-18 15:28:00,11,2098.48,112,1,152.51277867637285,24.22691680145593,5,4,4,M4
17743,2010-09-17 14:54:00,1,229.2,447,0,10.478892321614516,1.6218338482421775,2,1,1,F1
17744,2011-12-06 12:11:00,7,2649.14,3,1,459.6418547844982,70.09627821767472,5,5,4,R5
17745,2010-08-19 12:30:00,2,600.34,477,1,46.977318317351795,7.946597747602769,2,2,2,R2
17746,2011-04-13 14:31:00,4,904.1800000000001,239,1,89.98053286381382,14.497079929572072,4,3,3,M3
17747,2011-08-19 08:13:00,1,71.4,112,0,2.5649493574615367,0.4347424036192305,5,1,1,F1
17748,2010-06-30 13:49:00,1,358.15,526,0,32.43360324654289,4.915040486981432,2,1,2,R2
17749,2011-06-14 15:45:00,3,1026.18,177,1,103.95171384876795,16.54275707731519,4,3,3,F3
17750,2011-12-04 14:09:00,9,1797.57,4,1,521.7860914079247,79.5179137111887,5,5,4,R5
17751,2010-10-14 13:57:00,1,157.85999999999999,420,0,39.67944761639038,6.001917142458556,3,2,1,M1
17752,2010-12-15 16:19:00,1,80.64,358,0,5.262690188904886,0.8394035283357328,3,1,1,F1
17753,2010-09-01 15:49:00,4,390.56,463,1,63.999022356459264,10.59985335346889,2,2,2,M2
17754,2011-12-09 11:20:00,13,4577.53,0,1,578.1571967086286,88.17357950629429,5,5,5,R5
17756,2010-11-29 12:20:00,3,733.7,375,1,124.99477887335856,19.69921683100378,3,3,3,R3
17757,2011-12-08 15:31:00,56,9422.45,0,1,1662.4796102466066,252.971941536991,5,5,5,R5
17758,2011-11-20 14:45:00,12,5012.53,18,1,896.4103816498372,135.8615572474756,5,5,5,R5
17759,2011-11-22 16:02:00,5,1276.91,16,1,222.40476487019515,34.41071473052927,5,4,4,R5
17760,2011-11-18 10:56:00,6,918.93,21,1,134.5118202213412,21.27677303320118,5,3,3,R5
17761,2011-11-07 10:23:00,1,712.78,32,0,53.12535474058967,8.01880321108845,5,2,3,R5
17762,2010-09-09 17:40:00,1,129.75,455,0,28.346914235050075,4.302037135257511,2,1,1,M1
17763,2011-03-21 14:25:00,4,86.15,262,1,16.753071198662898,3.512960679799435,4,1,1,M1
17764,2011-10-20 11:03:00,5,1623.64,50,1,219.59254627869717,33.98888194180457,5,4,4,F4
17765,2011-07-04 12:41:00,4,530.8,158,1,88.08982023219389,14.213473034829082,4,3,2,M2
17766,2010-11-23 14:29:00,2,299.61,380,1,40.50878689209846,6.976318033814769,3,2,1,R3
17767,2011-11-24 14:42:00,2,413.05,14,1,61.960078761038204,10.194011814155731,5,2,2,R5
17768,2011-12-01 13:22:00,7,3509.51,7,1,404.43467757521057,61.81520163628158,5,5,5,R5
17769,2011-11-27 11:18:00,17,7103.08,12,1,955.4173340040985,144.96260010061476,5,5,5,R5
17770,2011-05-25 12:34:00,5,1143.27,198,1,77.83326182147466,12.7249892732212,4,3,3,R4
17771,2011-10-14 11:43:00,4,387.41,56,1,92.82290517443731,14.923435776165595,5,3,2,M2
17772,2011-11-29 11:05:00,3,384.77,10,1,79.67336079663305,12.901004119494958,5,3,2,R5
17773,2010-07-13 14:07:00,2,585.27,513,1,82.56475816117553,13.28471372417633,2,3,2,R2
17774,2011-09-04 12:49:00,9,3328.05,96,1,553.6447157597667,84.296707363965,5,5,5,F5
17775,2011-03-30 10:50:00,1,56.4,254,0,9.656627474604601,1.4984941211906901,4,1,1,F1
17776,2010-11-18 12:14:00,2,338.56,386,1,90.53597823528492,14.480396735292738,3,3,2,R3
17777,2011-11-15 12:02:00,3,665.86,24,1,225.68598072277248,34.80289710841587,5,4,3,R5
17778,2010-02-16 12:44:00,1,197.70000000000002,661,0,24.428914790129134,3.7143372185193697,1,1,1,F1
17779,2011-11-18 14:15:00,3,658.57,20,1,115.8788280243875,18.331824203658122,5,3,3,R5
17780,2010-02-10 13:43:00,3,352.91,666,1,70.78876600223002,11.568314900334503,1,2,2,M2
17781,2011-07-03 16:00:00,2,188.02,158,1,13.472501804789356,2.920875270718404,4,1,1,F1
17782,2010-11-22 11:15:00,2,679.02,382,1,80.3686584061464,12.95529876092196,3,3,3,R3
17783,2011-09-28 16:07:00,3,379.91,71,1,116.02440765049079,18.353661147573618,5,3,2,F3
17784,2010-06-07 16:08:00,1,112.86,549,0,23.883213699057833,3.632482054858675,2,1,1,M1
17785,2011-10-17 13:43:00,3,403.38,52,1,69.57695496828832,11.38654324524325,5,2,2,M2
17786,2011-09-15 12:51:00,2,278.74,84,1,78.13368380426864,12.620052570640297,5,3,1,R5
17787,2011-07-10 11:24:00,4,2601.4700000000003,152,1,313.5477710986748,48.03216566480122,4,4,4,M4
17788,2011-09-27 10:09:00,2,1117.9,73,1,11.385909940750238,2.607886491112536,5,1,3,F1
17789,2011-03-03 13:14:00,2,397.15,280,1,49.7471206117301,8.362068091759514,3,2,2,F2
17790,2011-11-13 11:30:00,20,2783.61,26,1,456.48214649951524,70.27232197492728,5,5,4,R5
17791,2011-11-10 12:09:00,1,106.1,29,0,16.16665721757275,2.4749985826359127,5,1,1,R5
17792,2010-08-29 14:30:00,2,370.05,466,1,59.16899218040453,9.775348827060679,2,2,2,F2
17793,2011-11-14 14:24:00,1,323.04,24,0,54.38733116445445,8.208099674668167,5,2,2,R5
17794,2010-01-22 10:18:00,2,147.3,686,1,12.66466137196061,2.7996992057940915,1,1,1,F1
17795,2011-06-13 12:36:00,2,350.39,179,1,79.51813965921458,12.827720948882188,4,3,2,R4
17796,2011-10-30 15:38:00,7,1361.99,39,1,205.33447637244993,31.95017145586749,5,4,4,R5
17797,2011-11-17 13:21:00,8,1985.87,21,1,375.2836705262175,57.49255057893262,5,5,4,R5
17798,2010-05-07 11:42:00,1,183.09,581,0,51.146795974814395,7.722019396222159,1,2,1,M1
17799,2011-11-17 15:16:00,20,6341.89,21,1,1292.7790012780235,195.71685019170354,5,5,5,R5
17800,2011-11-02 12:57:00,9,1199.01,36,1,175.84124999905578,27.626187499858364,5,4,3,R5
17801,2010-09-14 14:32:00,3,798.3299999999999,450,1,171.72925011438886,26.709387517158326,2,4,3,M3
17802,2011-09-18 14:56:00,10,5053.12,81,1,853.1744136577896,129.27616204866845,5,5,5,F5
17803,2010-11-12 13:53:00,1,184.66,391,0,36.22703169831178,5.484054754746766,3,1,1,M1
17804,2010-11-28 14:01:00,3,385.23,375,1,92.88015692710816,14.882023539066225,3,3,2,R3
17805,2011-09-27 11:49:00,2,927.03,73,1,34.10225931282125,6.015338896923187,5,2,3,M3
17806,2011-11-28 14:12:00,1,546.04,10,0,112.87119864384205,16.980679796576307,5,3,2,R5
17807,2010-11-09 16:21:00,3,437.87,394,1,105.35271655428919,16.752907483143378,3,3,2,M2
17808,2010-06-09 10:44:00,4,262.64,548,1,44.33626103553031,7.650439155329547,2,2,1,F2
17809,2011-11-23 12:59:00,20,11337.39,15,1,342.03052154751265,53.10457823212689,5,4,5,R5
17810,2010-02-09 10:47:00,2,374.81,668,1,58.18602679682975,9.627904019524463,1,2,2,F2
17811,2011-12-05 13:46:00,47,9609.8,3,1,1511.4015565283414,229.8602334792512,5,5,5,R5
17812,2011-11-27 11:47:00,7,1165.8899999999999,12,1,237.47178025827358,36.770767038741035,5,4,3,R5
17813,2011-11-25 16:13:00,5,1770.8799999999999,13,1,353.00432716382943,54.00064907457441,5,5,4,R5
17814,2010-11-29 14:21:00,2,1617.32,374,1,252.1186204110847,38.717793061662704,3,4,4,R3
17815,2010-11-11 14:39:00,1,591.96,392,0,48.20202963863144,7.280304445794715,3,2,2,R3
17816,2011-11-03 11:34:00,6,112.32,36,1,50.93092185449286,8.739638278173928,5,2,1,M1
17817,2011-12-05 14:39:00,6,807.85,3,1,149.0978013798537,23.464670206978056,5,3,3,R5
17818,2009-12-02 11:34:00,1,130.18,737,0,41.95881264048163,6.343821896072244,1,2,1,M1
17819,2011-09-29 10:52:00,12,6612.5199999999995,71,1,243.78033660439593,37.96705049065939,5,4,5,M5
17820,2010-11-30 17:43:00,1,183.56,373,0,42.57399827957187,6.43609974193578,3,2,1,R3
17821,2010-10-29 13:20:00,1,334.62,405,0,18.802548784974306,2.8703823177461456,3,1,2,F1
17822,2010-10-15 13:47:00,5,2188.5,419,1,275.0777110007426,42.31165665011139,3,4,4,M4
17823,2010-10-14 16:24:00,2,494.25,420,1,113.7178773358557,17.957681600378358,3,3,2,F3
17824,2011-10-19 14:14:00,1,298.4,50,0,42.03094427535384,6.3546416413030755,5,2,1,R5
17825,2010-04-20 12:01:00,4,731.96,598,1,63.763850666537486,10.564577599980623,1,2,3,F2
17826,2010-11-30 13:23:00,1,134.59,373,0,35.181491514709435,5.327223727206415,3,1,1,M1
17827,2011-12-04 15:00:00,6,2388.05,4,1,454.9214928559364,69.33822392839045,5,5,4,R5
17828,2011-11-17 08:41:00,4,1820.09,22,1,142.06986935423092,22.310480403134637,5,3,4,R5
17829,2011-02-14 12:46:00,5,4756.74,298,1,454.45012529718525,69.21751879457779,3,5,5,M5
17830,2011-12-08 12:28:00,3,398.7,1,1,34.026293301675764,6.053943995251364,5,2,2,R5
17831,2011-11-06 15:09:00,1,35.400000000000006,32,0,3.8918202981106265,0.633773044716594,5,1,1,F1
17832,2011-10-21 11:43:00,1,155.37,49,0,73.13854226573487,11.02078133986023,5,2,1,M1
17833,2009-12-16 13:40:00,1,342.36,722,0,45.80882688122276,6.9213240321834135,1,2,2,F2
17834,2010-10-21 12:09:00,2,730.47,414,1,93.33261656097193,14.89989248414579,3,3,3,F3
17835,2011-12-07 11:48:00,3,350.64,2,1,88.43121580605084,14.214682370907628,5,3,2,R5
17836,2011-10-23 16:13:00,1,110.21000000000001,46,0,28.69795222524133,4.354692833786199,5,1,1,M1
17837,2011-10-28 16:13:00,8,1593.38,41,1,214.33047569936835,33.349571354905244,5,4,4,F4
17838,2011-11-13 11:20:00,13,6722.900000000001,26,1,697.3526717036685,106.05290075555028,5,5,5,R5
17839,2011-10-28 17:27:00,1,338.8,41,0,82.92831008889958,12.489246513334937,5,3,2,R5
17840,2010-09-22 12:24:00,1,185.72,443,0,62.05650275246811,9.358475412870217,2,2,1,M1
17841,2011-12-08 12:07:00,211,70884.07,1,1,13804.445295564956,2082.0167943347437,5,5,5,R5
17842,2010-04-16 14:23:00,1,430.69,601,0,29.91140214021676,4.536710321032514,1,1,2,M2
17843,2011-02-09 15:33:00,2,326.23,302,1,85.36064683014742,13.704097024522113,3,3,2,M2
17844,2011-08-25 11:27:00,1,51.559999999999995,106,0,11.989836433526412,1.8484754650289617,5,1,1,F1
17845,2010-06-02 15:20:00,4,598.19,554,1,62.907457743813595,10.436118661572038,2,2,2,F2
17846,2011-09-15 15:20:00,1,2033.1,84,0,0.6931471805599453,0.1539720770839918,5,1,4,F1
17847,2010-07-12 10:00:00,2,129.69,515,1,10.684645610418787,2.502696841562818,2,1,1,F1
17848,2011-09-19 16:49:00,30,3650.9,80,1,262.76925844577084,41.71538876686562,5,4,5,F4
17849,2011-05-05 13:46:00,8,1063.76,217,1,64.04191095325672,10.806286642988509,4,2,3,R4
17850,2010-12-02 15:27:00,155,56600.08,371,1,5936.312569817233,898.996885472585,3,5,5,F5
17851,2010-10-13 15:13:00,6,1563.34,421,1,311.75917705439923,47.86387655815988,3,4,4,F4
17852,2011-11-28 12:36:00,5,663.21,11,1,148.4653405542583,23.319801083138742,5,3,3,R5
17853,2010-10-28 15:29:00,3,1608.19,406,1,173.37527136282975,26.95629070442446,3,4,4,R3
17854,2011-06-07 16:21:00,6,1071.45,184,1,165.69829764562047,25.95474464684307,4,4,3,R4
17855,2010-12-02 09:44:00,1,417.94,372,0,82.20055693698752,12.38008354054813,3,3,2,M2
17856,2011-12-08 09:40:00,4,1418.03,1,1,49.193558150435855,8.379033722565378,5,2,4,R5
17857,2011-12-05 13:13:00,24,28682.24,3,1,325.3818240007012,50.807273600105184,5,4,5,R5
17858,2011-12-04 11:56:00,30,12797.65,5,1,719.2747964501091,110.19121946751636,5,5,5,R5
17859,2011-02-08 10:32:00,1,148.21,304,0,31.707259709914126,4.806088956487119,3,1,1,M1
17860,2010-12-06 12:41:00,4,1015.54,368,1,212.57696927664642,32.88654539149696,3,4,3,R3
17861,2011-12-06 16:21:00,18,5127.69,2,1,1017.8691843787069,154.38037765680605,5,5,5,R5
17862,2011-01-20 12:23:00,4,1279.09,323,1,130.53365852935445,20.580048779403167,3,3,4,F3
17863,2011-10-11 13:45:00,12,5745.2,58,1,774.6728490732293,117.60092736098437,5,5,5,F5
17864,2011-11-27 11:15:00,5,924.32,12,1,249.8233588595479,38.523503828932185,5,4,3,R5
17865,2011-11-09 12:08:00,46,26374.39,30,1,2324.865935141985,351.82989027129776,5,5,5,F5
17866,2011-07-20 11:07:00,3,1134.95,142,1,67.56106079384145,11.084159119076219,4,2,3,M3
17867,2011-11-09 14:15:00,15,1621.2800000000002,29,1,140.24423839438887,22.58663575915833,5,3,4,R5
17868,2010-11-18 18:55:00,1,234.65,385,0,29.58666172089403,4.487999258134104,3,1,1,R3
17869,2011-08-24 16:16:00,7,1036.16,106,1,118.61580083255389,18.942370124883084,5,3,3,F3
17870,2011-12-07 15:07:00,13,3108.15,1,1,387.0363408143888,59.50545112215831,5,5,5,R5
17871,2011-05-19 11:32:00,5,1118.99,204,1,146.97979050161973,23.09696857524296,4,3,3,R4
17872,2010-11-23 12:02:00,1,235.87,381,0,31.558207557875967,4.783731133681394,3,1,1,R3
17873,2011-09-20 16:41:00,18,6515.88,79,1,523.9597364222351,80.29396046333527,5,5,5,M5
17874,2011-06-07 12:54:00,6,683.46,184,1,66.38825038177464,11.058237557266198,4,2,3,R4
17875,2010-01-20 15:30:00,1,167.1,687,0,34.80110004415339,5.2701650066230075,1,1,1,M1
17876,2010-11-05 10:52:00,3,3424.02,399,1,24.7792163409179,4.666882451137685,3,1,5,R3
17877,2011-06-22 13:00:00,1,237.61,169,0,21.132583514370065,3.2198875271555094,4,1,1,F1
17878,2011-10-27 11:24:00,3,1412.33,43,1,194.84891939530985,30.177337909296476,5,4,4,R5
17879,2011-06-19 12:36:00,1,178.51999999999998,173,0,10.165851817003619,1.5748777725505427,4,1,1,F1
17880,2010-12-10 10:21:00,3,824.9200000000001,364,1,101.56127929988077,16.184191894982114,3,3,3,F3
17881,2011-02-08 17:16:00,1,133.35000000000002,303,0,10.830599523041867,1.67458992845628,3,1,1,F1
17882,2010-11-25 14:40:00,2,313.46,378,1,57.70816076626695,9.556224114940042,3,2,2,R3
17883,2011-12-06 17:49:00,7,995.85,2,1,198.89375734243862,30.984063601365794,5,4,3,R5
17884,2011-12-06 11:33:00,20,3072.89,3,1,668.7267180622978,102.10900770934467,5,5,5,R5
17885,2011-11-27 14:40:00,1,190.19,11,0,62.7754486258497,9.466317293877456,5,2,1,R5
17886,2011-11-08 10:09:00,6,1608.38,31,1,195.8548142066791,30.478222131001864,5,4,4,R5
17887,2011-08-02 17:29:00,1,111.35,128,0,11.67789738342907,1.8016846075143604,5,1,1,F1
17888,2011-11-18 13:45:00,25,1820.44,20,1,262.9137982878481,41.487069743177216,5,4,4,R5
17889,2011-05-11 16:26:00,7,774.87,211,1,143.09962469944725,22.61494370491709,4,3,3,R4
17890,2011-01-21 11:19:00,2,602.09,322,1,133.21058781778694,20.881588172668042,3,3,2,F3
17891,2011-06-30 20:08:00,1,203.85999999999999,161,0,80.1162663645214,12.067439954678209,4,2,1,M1
17892,2011-10-14 16:49:00,3,244.1,55,1,33.356334915386725,5.953450237308009,5,2,1,R5
17893,2011-04-28 13:50:00,1,112.25,224,0,30.139698780536854,4.570954817080528,4,1,1,M1
17894,2011-09-29 09:23:00,18,2453.38,71,1,461.4689501392559,70.92034252088838,5,5,4,M4
17895,2011-10-26 17:00:00,1,98.0,43,0,30.23894072024784,4.585841108037176,5,1,1,M1
17896,2011-11-16 13:59:00,1,256.32,22,0,9.953467484841148,1.5430201227261722,5,1,1,R5
17897,2011-06-20 11:23:00,9,2585.0,172,1,381.0861201716097,58.412918025741455,4,5,4,R4
17898,2011-09-15 14:56:00,4,299.18,84,1,69.40548966351858,11.410823449527786,5,2,1,R5
17899,2011-07-03 14:58:00,1,155.8,158,0,39.33395986227735,5.9500939793416014,4,2,1,M1
17900,2011-06-02 14:38:00,2,112.19999999999999,189,1,14.171820435274293,3.025773065291144,4,1,1,F1
17901,2011-11-10 17:29:00,3,260.08,28,1,20.10239674961821,3.965359512442731,5,1,1,R5
17902,2010-06-11 12:25:00,1,216.39999999999998,546,0,53.420300574717366,8.063045086207605,2,2,1,F2
17903,2010-11-10 15:39:00,1,381.09000000000003,393,0,59.2824261890309,8.942363928354636,3,2,2,F2
17904,2011-11-18 12:57:00,1,191.67,20,0,33.23445285227432,5.035167927841148,5,1,1,R5
17905,2011-09-29 17:33:00,13,2383.52,70,1,228.19563814512696,35.67934572176904,5,4,4,F4
17906,2011-04-06 17:25:00,1,72.9,246,0,12.976180867226248,1.9964271300839371,4,1,1,F1
17907,2010-03-09 12:33:00,1,291.76,640,0,20.48216293765241,3.1223244406478616,1,1,1,F1
17908,2010-12-01 11:45:00,5,1411.54,373,1,301.56518267369,46.284777401053496,3,4,4,R3
17909,2009-12-02 13:10:00,1,132.55,736,0,13.29245039652994,2.043867559479491,1,1,1,F1
17910,2009-12-13 16:04:00,1,261.7,725,0,36.84506328953474,5.576759493430211,1,1,1,M1
17911,2011-11-30 14:52:00,1,366.23,8,0,63.95917822838448,9.643876734257672,5,2,2,R5
17912,2011-02-02 14:25:00,6,375.5,309,1,65.01164974590702,10.851747461886054,3,2,2,M2
17913,2011-10-12 10:45:00,14,3479.64,58,1,617.626908031874,94.1440362047811,5,5,5,F5
17914,2011-12-06 11:58:00,1,336.43,3,0,101.05892036921763,15.208838055382644,5,3,2,R5
17915,2010-06-06 13:22:00,1,242.13,550,0,46.068550236778506,6.960282535516775,2,2,1,F2
17916,2010-03-21 12:26:00,2,43.87,628,1,19.41080300291568,3.811620450437352,1,1,1,M1
17917,2011-10-25 13:20:00,3,341.28,44,1,95.75994661188015,15.313991991782023,5,3,2,R5
17918,2010-07-27 11:51:00,3,396.39,500,1,58.72312783942292,9.758469175913438,2,2,2,R2
17919,2011-09-12 13:41:00,2,1840.32,87,1,136.91433928996562,21.437150893494845,5,3,4,M4
17920,2011-12-05 14:29:00,54,24516.46,3,1,2633.6740675001147,398.5511101250172,5,5,5,R5
17921,2011-10-06 18:56:00,10,2423.5,63,1,442.02089859789703,67.60313478968455,5,5,4,M4
17922,2010-06-14 16:32:00,1,170.4,542,0,13.812778830191155,2.121916824528673,2,1,1,F1
17923,2011-03-02 15:15:00,3,497.0,281,1,11.57722333215296,2.6865834998229436,3,1,2,F1
17924,2011-11-28 09:11:00,8,3536.7000000000003,11,1,118.8047458106707,19.020711871600604,5,3,5,R5
17925,2010-12-02 10:10:00,1,488.16,372,0,8.580918882296782,1.3371378323445173,3,1,2,F1
17926,2011-07-29 14:39:00,5,1035.49,132,1,102.35541775639493,16.40331266345924,5,3,3,F3
17927,2009-12-18 11:03:00,1,294.0,721,0,23.827263208397138,3.6240894812595705,1,1,1,F1
17928,2011-10-25 13:52:00,3,341.24,44,1,42.2788044412833,7.2918206661924945,5,2,2,R5
17929,2011-11-28 16:01:00,12,3082.1,10,1,50.1179311019996,8.91768966529994,5,2,5,R5
17930,2011-11-04 10:23:00,13,4275.22,35,1,291.2868100425647,45.1430215063847,5,4,5,R5
17931,2011-07-28 18:33:00,14,3437.29,133,1,457.652566688003,70.14788500320044,5,5,5,F5
17932,2011-11-10 19:49:00,3,1331.57,28,1,192.7259971513032,29.858899572695478,5,4,4,R5
17933,2010-03-17 15:11:00,1,114.69,631,0,21.812496656928584,3.3218744985392874,1,1,1,M1
17934,2011-10-19 11:16:00,3,1049.15,51,1,98.17927675067213,15.67689151260082,5,3,3,R5
17935,2011-07-24 13:18:00,7,686.14,137,1,83.61384367062593,13.692076550593889,4,3,3,R4
17936,2011-12-04 13:32:00,1,389.84,4,0,85.6117756541372,12.891766348120582,5,3,2,R5
17937,2011-12-01 11:45:00,7,4301.22,8,1,154.8157457115798,24.372361856736973,5,4,5,R5
17938,2010-10-15 14:27:00,1,144.29,419,0,27.008550747233375,4.101282612085006,3,1,1,M1
17939,2011-07-03 12:27:00,1,99.14,159,0,15.50030823016753,2.3750462345251293,4,1,1,F1
17940,2011-10-21 13:27:00,16,30393.19,48,1,242.0717466643576,37.91076199965363,5,4,5,M5
17941,2011-08-01 08:30:00,4,1433.28,130,1,32.88571858108141,5.932857787162212,5,2,4,R4
17942,2011-12-02 10:45:00,1,77.50000000000001,7,0,4.709530201312334,0.7564295301968501,5,1,1,R5
17944,2010-10-12 16:25:00,1,75.41,422,0,27.285411581053573,4.142811737158036,3,1,1,M1
17945,2010-01-12 11:40:00,3,360.35,696,1,80.93785438905525,13.090678158358287,1,3,2,M2
17946,2011-04-20 17:00:00,2,149.57999999999998,232,1,28.235743620462106,5.135361543069315,4,1,1,M1
17947,2011-11-02 13:05:00,1,176.68,36,0,26.283101516495876,3.992465227474381,5,1,1,M1
17948,2011-07-15 12:58:00,1,358.56000000000006,146,0,4.976733742420574,0.7965100613630861,4,1,2,F1
17949,2011-12-08 18:46:00,118,118628.08,0,1,860.505727055687,135.77585905835306,5,5,5,R5
17950,2011-09-28 15:18:00,7,1432.81,71,1,269.4807597381311,41.57211396071966,5,4,4,F4
17951,2011-10-31 12:30:00,4,1636.0800000000002,39,1,102.24037790383954,16.33605668557593,5,3,4,R5
17952,2010-11-26 13:54:00,4,819.61,377,1,139.5173058988853,21.927595884832794,3,3,3,R3
17953,2010-06-17 15:08:00,1,160.82,539,0,26.820157985845896,4.073023697876884,2,1,1,M1
17954,2011-12-04 14:15:00,19,3966.05,4,1,965.7627362071966,146.61441043107948,5,5,5,R5
17955,2011-05-25 12:00:00,6,949.9,198,1,46.886544707439,8.13298170611585,4,2,3,R4
17956,2011-04-04 13:47:00,1,12.75,248,0,0.6931471805599453,0.1539720770839918,4,1,1,F1
17957,2011-10-04 14:58:00,1,111.68,65,0,51.86634284520053,7.829951426780078,5,2,1,M1
17958,2011-08-15 12:19:00,2,973.88,116,1,61.54453270326783,10.131679905490175,5,2,3,M3
17959,2010-04-26 14:12:00,1,140.75,591,0,4.584967478670571,0.7377451218005857,1,1,1,F1
17960,2011-06-21 14:15:00,3,135.08,170,1,32.68440651535505,5.852660977303257,4,2,1,M1
17961,2011-11-18 16:55:00,100,2995.54,20,1,665.8453418016812,105.67680127025218,5,5,4,R5
17962,2011-07-20 14:16:00,4,687.42,141,1,207.22855545996964,32.084283318995446,4,4,3,F4
17963,2010-08-25 15:58:00,4,651.51,470,1,138.81612820034394,21.82241923005159,2,3,3,R2
17964,2011-11-08 10:44:00,2,733.46,31,1,152.16167245657843,23.724250868486767,5,4,3,R5
17965,2011-11-02 09:31:00,29,7240.9800000000005,37,1,1244.6974254304987,188.9546138145748,5,5,5,F5
17966,2011-11-02 10:26:00,10,1974.42,37,1,296.6358189801048,45.79537284701571,5,4,4,M4
17967,2010-12-03 11:19:00,2,357.28999999999996,371,1,101.53101290223474,16.129651935335207,3,3,2,R3
17968,2010-12-01 12:23:00,4,888.04,373,1,219.30964534171414,33.89644680125712,3,4,3,F4
17969,2011-06-26 13:00:00,20,2369.94,165,1,259.6299419228877,40.74449128843315,4,4,4,F4
17970,2011-05-12 20:03:00,1,582.59,210,0,70.79116984792164,10.668675477188247,4,2,2,R4
17971,2010-06-09 14:04:00,1,161.94,547,0,25.761548056844994,3.914232208526749,2,1,1,M1
17972,2011-04-12 12:16:00,1,136.04,241,0,23.145790673961837,3.5218686010942752,4,1,1,M1
17973,2011-10-19 10:34:00,1,337.04,51,0,34.570268434001505,5.235540265100226,5,1,2,R5
17974,2011-11-15 11:37:00,6,1858.06,24,1,452.2562917179775,68.93844375769662,5,5,4,R5
17975,2011-11-24 13:27:00,24,7028.83,14,1,685.3661995152464,104.80492992728696,5,5,5,R5
17976,2010-12-02 13:49:00,1,706.38,371,0,116.99710781855728,17.599566172783593,3,3,3,F3
17977,2011-11-10 13:28:00,2,1565.6299999999999,28,1,269.3058531550109,41.29587797325163,5,4,4,R5
17978,2010-12-09 14:05:00,4,1461.76,364,1,134.55903527185984,21.183855290778975,3,3,4,R3
17979,2011-11-04 12:05:00,4,757.71,35,1,154.51281704105185,24.176922556157777,5,4,3,R5
17980,2011-06-27 12:01:00,4,1033.42,165,1,109.92122573036073,17.48818385955411,4,3,3,F3
17981,2010-10-25 10:40:00,1,239.12,410,0,41.9520575652674,6.34280863479011,3,2,1,R3
17982,2010-01-28 09:38:00,1,138.18,680,0,25.26027297504869,3.839040946257303,1,1,1,M1
17983,2010-11-09 13:24:00,1,171.71,394,0,30.201336861338703,4.5802005292008054,3,1,1,M1
17984,2011-07-17 15:59:00,5,1191.27,144,1,308.5169529907938,47.32754294861907,4,4,3,F4
17985,2011-11-17 14:24:00,1,634.95,21,0,46.79903980646685,7.0698559709700275,5,2,3,R5
17986,2011-10-14 14:22:00,1,20.8,55,0,2.3978952727983707,0.40968429091975556,5,1,1,F1
17987,2011-06-07 14:22:00,5,1003.64,184,1,238.99541147109224,36.89931172066383,4,4,3,F4
17988,2011-11-28 11:00:00,14,489.54,11,1,102.1243874357908,16.81865811536862,5,3,2,R5
17989,2010-11-25 13:49:00,1,228.82999999999998,378,0,57.01946141305524,8.602919211958286,3,2,1,F2
17990,2011-04-17 11:44:00,6,1527.6100000000001,236,1,144.35301358905767,22.75295203835865,4,3,4,R4
17991,2011-04-28 15:58:00,3,320.55,224,1,37.685888938320375,6.602883340748056,4,2,2,R4
17992,2010-11-15 13:04:00,1,254.13,388,0,56.283147460823585,8.492472119123539,3,2,1,F2
17993,2010-04-01 14:23:00,1,235.19,616,0,53.973899198951266,8.14608487984269,1,2,1,F2
17994,2011-08-10 11:41:00,11,2313.32,121,1,446.38851814424453,68.30827772163667,5,5,4,M4
17995,2011-03-03 12:30:00,3,495.48,281,1,47.20624210377874,8.030936315566812,3,2,2,F2
17996,2010-11-25 11:00:00,3,482.33,379,1,105.41045835260596,16.76156875289089,3,3,2,R3
17997,2011-09-26 16:13:00,8,1970.6699999999998,73,1,348.82504749808083,53.52375712471212,5,5,4,M4
17998,2010-11-24 15:31:00,3,639.24,379,1,86.7690280928806,13.965354213932091,3,3,3,R3
17999,2011-11-02 15:56:00,3,730.9,36,1,163.72208716288523,25.508313074432785,5,4,3,R5
18000,2010-05-24 17:34:00,1,124.25,563,0,14.084353788529475,2.162653068279421,2,1,1,F1
18001,2011-11-27 16:02:00,6,953.84,11,1,194.8676674084941,30.330150111274115,5,4,3,R5
18002,2010-11-29 10:57:00,4,249.92,375,1,43.48262498151302,7.522393747226952,3,2,1,R3
18003,2010-11-28 15:09:00,1,358.61,375,0,47.08958413039942,7.113437619559913,3,2,2,R3
18004,2010-12-12 13:47:00,1,169.47,361,0,39.23785903454351,5.935678855181527,3,2,1,M1
18005,2011-12-06 11:51:00,2,249.72,3,1,49.78602857871834,8.36790428680775,5,2,1,R5
18006,2011-11-16 16:52:00,4,997.86,22,1,97.6653148772267,15.649797231584005,5,3,3,R5
18007,2010-11-12 11:08:00,1,220.32,392,0,80.5889486310189,12.138342294652835,3,2,1,R3
18008,2011-09-30 15:17:00,23,19787.13,69,1,203.79119051022855,32.51867857653428,5,4,5,M5
18009,2011-04-18 13:36:00,8,2155.83,234,1,245.10013925086471,37.9650208876297,4,4,4,F4
18010,2011-03-28 12:27:00,1,174.8,256,0,19.65301240757521,2.9979518611362814,4,1,1,F1
18011,2010-12-01 17:35:00,2,527.03,372,1,92.6841691795504,14.802625376932559,3,3,2,R3
18012,2009-12-16 13:16:00,1,115.3,722,0,14.951742278418692,2.2927613417628034,1,1,1,F1
18013,2011-07-07 14:11:00,2,187.29,154,1,57.85165788419357,9.577748682629036,4,2,1,M1
18014,2011-11-11 15:28:00,1,166.42,27,0,30.847911152285608,4.677186672842841,5,1,1,R5
18015,2011-12-05 14:49:00,1,120.03,3,0,54.83816039241975,8.275724058862963,5,2,1,R5
18016,2011-11-07 13:25:00,7,1960.46,31,1,278.8319137345382,42.97478706018073,5,4,4,R5
18017,2011-09-19 16:15:00,4,688.0,80,1,18.46048206736504,3.7690723101047556,5,1,3,F1
18018,2011-08-23 17:37:00,4,297.99,107,1,44.45528997021081,7.668293495531622,5,2,1,F2
18019,2011-10-19 12:10:00,1,38.45,51,0,4.276666119016055,0.6914999178524083,5,1,1,F1
18020,2010-06-14 12:31:00,1,190.48000000000002,543,0,17.435747079355547,2.665362061903332,2,1,1,F1
18021,2010-07-18 10:52:00,2,227.06,509,1,47.22062589378508,7.983093884067761,2,2,1,F2
18022,2011-11-04 12:45:00,5,1651.79,35,1,501.44129202755045,76.26619380413256,5,5,4,R5
18024,2011-07-10 12:40:00,2,389.78,152,1,30.51607972738694,5.47741195910804,4,1,2,M2
18025,2010-11-25 12:37:00,6,1177.72,379,1,223.4746035495257,34.62119053242885,3,4,3,F4
18026,2010-07-27 10:37:00,2,2074.07,500,1,42.95476932110538,7.343215398165807,2,2,4,M4
18027,2011-09-02 10:38:00,1,115.31,98,0,23.175318661863333,3.5262977992794995,5,1,1,M1
18028,2010-05-05 13:28:00,1,192.05,582,0,11.051683341393066,1.7077525012089598,1,1,1,F1
18029,2010-03-07 15:30:00,1,433.77,641,0,45.29668907286154,6.844503360929231,1,2,2,M2
18030,2011-12-05 16:37:00,2,230.64999999999998,3,1,15.143137131418321,3.1714705697127483,5,1,1,R5
18031,2010-11-26 11:00:00,1,462.09999999999997,378,0,88.41729848221982,13.312594772332973,3,3,2,R3
18032,2011-01-09 15:32:00,1,73.5,333,0,10.967629162089013,1.6951443743133519,3,1,1,F1
18033,2011-10-05 17:28:00,1,97.97,64,0,40.385424397963824,6.107813659694573,5,2,1,M1
18034,2011-11-18 12:22:00,3,793.7,21,1,274.09038834526507,42.06355825178976,5,4,3,R5
18035,2011-11-04 12:39:00,5,1276.74,35,1,124.10346819901059,19.665520229851587,5,3,4,R5
18036,2011-11-07 14:40:00,11,1563.6399999999999,31,1,329.2385880981068,50.73578821471601,5,4,4,R5
18037,2011-07-08 13:39:00,15,167.42,153,1,24.49571739091085,5.224357608636628,4,1,1,M1
18038,2010-06-01 15:59:00,1,149.41,555,0,34.01103328557197,5.151654992835795,2,1,1,M1
18039,2010-11-30 13:07:00,4,579.17,373,1,178.84760399050387,27.82714059857558,3,4,2,R3
18040,2011-11-20 14:20:00,2,357.20000000000005,18,1,39.520886498633715,6.828132974795056,5,2,2,R5
18041,2011-11-28 11:39:00,38,8752.38,11,1,1537.3555672135967,233.30333508203952,5,5,5,R5
18042,2011-10-17 11:49:00,2,281.15,53,1,24.967494710976602,4.64512420664649,5,1,1,R5
18043,2011-11-15 12:48:00,3,875.97,24,1,197.91665944029714,30.637498916044567,5,4,3,R5
18044,2011-12-05 14:26:00,18,3505.61,3,1,392.57821952852396,60.58673292927859,5,5,5,R5
18045,2011-10-25 13:07:00,1,189.4,44,0,47.989605602101356,7.248440840315203,5,2,1,M1
18046,2010-02-28 11:36:00,1,189.63,649,0,22.090853448796388,3.3636280173194577,1,1,1,F1
18047,2010-11-23 13:11:00,2,342.69,380,1,78.47074510324191,12.670611765486287,3,3,2,R3
18048,2011-05-20 14:58:00,3,401.73,202,1,72.61119127980977,11.841678691971467,4,2,2,R4
18049,2010-09-28 14:26:00,2,556.52,436,1,120.97062839154442,19.045594258731665,2,3,2,F3
18050,2010-12-15 14:25:00,2,412.06,358,1,50.96917952370603,8.545376928555905,3,2,2,F2
18051,2010-03-15 13:58:00,7,2282.28,633,1,166.45277127182518,26.117915690773778,1,4,4,M4
18052,2010-05-24 11:11:00,1,10877.18,564,0,107.76101506274759,16.21415225941214,2,3,5,M5
18053,2011-09-30 09:05:00,3,571.07,70,1,79.02414863533117,12.803622295299677,5,3,2,R5
18054,2010-11-12 08:18:00,1,176.5,392,0,23.88740163426094,3.633110245139141,3,1,1,M1
18055,2011-12-02 14:25:00,14,11195.57,6,1,1050.916554925234,159.1374832387851,5,5,5,R5
18056,2011-02-24 14:27:00,2,554.6,287,1,70.85721873623321,11.528582810434981,3,2,2,M2
18057,2010-11-11 16:55:00,3,1203.56,392,1,192.090211203506,29.763531680525897,3,4,3,R3
18058,2011-11-30 08:38:00,3,774.06,9,1,46.87984593344753,7.981976890017129,5,2,3,R5
18059,2011-11-16 16:49:00,3,306.46,22,1,46.301384306053244,7.895207645907987,5,2,2,R5
18060,2010-10-27 16:41:00,2,1185.46,407,1,164.52586803741895,25.578880205612844,3,4,3,R3
18061,2011-11-18 11:20:00,28,6488.97,21,1,351.8155478226879,54.97233217340318,5,5,5,R5
18062,2011-06-19 14:47:00,6,1632.67,172,1,134.51113674193545,21.276670511290316,4,3,4,R4
18063,2010-11-14 10:46:00,2,186.60000000000002,390,1,8.348774539791274,2.152316180968691,3,1,1,F1
18064,2011-07-29 16:39:00,11,4495.03,132,1,218.27258953337386,34.090888430006075,5,4,5,F4
18065,2011-12-04 10:30:00,29,5866.63,5,1,579.8034447296982,89.22051670945473,5,5,5,R5
18066,2011-09-25 15:30:00,3,1440.4,74,1,117.5134040082034,18.57701060123051,5,3,4,F3
18067,2011-10-30 15:58:00,1,396.33,39,0,56.38007836251033,8.50701175437655,5,2,2,F2
18068,2011-02-23 14:50:00,1,101.69999999999999,288,0,1.9459101490553132,0.341886522358297,3,1,1,F1
18069,2011-11-13 16:03:00,11,4540.56,25,1,1162.1843563050165,175.6776534457525,5,5,5,R5
18070,2010-02-08 13:28:00,1,314.1,668,0,20.943962155427585,3.1915943233141375,1,1,2,F1
18071,2011-03-27 11:59:00,6,1428.63,257,1,184.4696001008003,28.770440015120048,4,4,4,R4
18072,2011-06-07 10:44:00,1,247.44,185,0,50.092647238747645,7.563897085812147,4,2,1,R4
18073,2011-08-17 14:02:00,12,3877.5200000000004,113,1,198.80111499677034,31.22016724951555,5,4,5,F4
18074,2010-12-01 09:53:00,2,1509.04,373,1,113.06826215126077,17.860239322689118,3,3,4,R3
18075,2011-11-16 15:21:00,20,5783.29,22,1,702.6830092918841,107.20245139378261,5,5,5,R5
18076,2010-11-24 14:02:00,1,151.49,379,0,15.595828825543382,2.389374323831507,3,1,1,F1
18077,2011-12-01 13:32:00,18,4338.56,7,1,782.5405705088659,119.08108557632988,5,5,5,R5
18078,2011-05-06 14:32:00,4,844.6,216,1,102.44587448469292,16.366881172703938,4,3,3,F3
18079,2011-10-25 15:27:00,5,4242.75,44,1,466.69612718056817,71.05441907708521,5,5,5,R5
18080,2011-11-21 08:02:00,2,1231.5,18,1,11.548321565917217,2.632248234887583,5,1,3,R5
18081,2011-11-03 16:30:00,3,343.45,35,1,37.22229755139221,6.533344632708832,5,2,2,R5
18082,2011-11-14 12:45:00,1,703.37,25,0,129.56733571087491,19.485100356631236,5,3,3,R5
18083,2010-11-07 11:44:00,1,470.72999999999996,397,0,55.74913824232715,8.412370736349073,3,2,2,F2
18084,2011-11-23 13:57:00,3,812.93,15,1,25.08379054067715,4.712568581101572,5,1,3,R5
18085,2011-01-13 15:17:00,4,1645.75,329,1,152.14479927786388,23.82171989167958,3,4,4,M4
18086,2011-03-10 13:34:00,1,101.34,273,0,18.511292402975137,2.8266938604462704,4,1,1,F1
18087,2011-09-02 15:12:00,17,14761.519999999999,97,1,289.6320078640807,45.094801179612105,5,4,5,M5
18088,2011-10-09 13:41:00,1,167.67000000000002,60,0,42.32046621601342,6.398069932402013,5,2,1,M1
18089,2010-09-19 11:57:00,1,428.45,446,0,20.849433622137187,3.1774150433205777,2,1,2,F1
18090,2010-10-14 12:32:00,1,349.4,421,0,79.32047844668666,11.948071767003,3,2,2,M2
18091,2010-04-25 13:18:00,1,360.85,592,0,69.95014607780794,10.542521911671193,1,2,2,F2
18092,2011-12-07 13:14:00,18,16179.44,1,1,529.9521603104669,81.19282404657002,5,5,5,R5
18093,2011-09-07 15:43:00,8,4452.71,92,1,226.9303259475521,35.23954889213281,5,4,5,F4
18094,2011-09-19 09:28:00,13,6391.52,81,1,378.58140220916886,58.23721033137532,5,5,5,M5
18095,2011-01-31 12:50:00,5,2303.09,312,1,147.8903664120831,23.233554961812466,3,3,4,M4
18096,2011-11-28 12:44:00,6,1805.28,11,1,486.08249491616607,74.01237423742491,5,5,4,R5
18097,2011-12-02 11:16:00,11,4663.32,7,1,412.84721395666077,63.277082093499104,5,5,5,R5
18098,2010-11-08 16:31:00,1,550.84,395,0,93.90086018756357,14.135129028134536,3,3,2,R3
18099,2011-08-04 15:52:00,1,168.31,126,0,36.618860487145064,5.5428290730717595,5,1,1,M1
18100,2010-06-07 14:19:00,1,451.56,549,0,76.87886654328108,11.581829981492161,2,2,2,M2
18101,2011-11-28 13:37:00,5,629.16,10,1,118.91947385044833,18.88792107756725,5,3,2,R5
18102,2011-12-09 11:50:00,145,608821.65,0,1,4982.083478413275,755.3625217619912,5,5,5,R5
18103,2010-06-08 13:36:00,1,105.8,548,0,10.568235258574376,1.6352352887861563,2,1,1,F1
18104,2011-11-02 14:07:00,1,754.64,36,0,83.1112328132852,12.51668492199278,5,3,3,R5
18105,2011-11-02 12:04:00,1,113.48000000000002,37,0,18.417478181218417,2.8126217271827625,5,1,1,F1
18106,2011-01-14 12:23:00,6,1461.46,329,1,216.4839412015708,33.57259118023561,3,4,4,F4
18107,2010-09-23 13:03:00,1,167.13,441,0,34.974096320363365,5.296114448054505,2,1,1,M1
18108,2011-03-30 13:56:00,3,848.8100000000001,253,1,81.18885288592485,13.128327932888727,4,3,3,M3
18109,2011-12-08 11:36:00,38,9893.96,1,1,902.7892642072418,138.11838963108627,5,5,5,R5
18110,2011-11-20 12:34:00,2,435.43,19,1,85.52088428744538,13.728132643116808,5,3,2,R5
18111,2010-04-29 12:58:00,1,405.85,588,0,52.4851207336046,7.92276811004069,1,2,2,M2
18112,2011-11-27 14:43:00,4,775.96,11,1,101.13022237689223,16.169533356533833,5,3,3,R5
18113,2010-12-06 12:31:00,1,152.64000000000001,368,0,8.580918882296782,1.3371378323445173,3,1,1,F1
18114,2011-02-22 13:20:00,1,220.1,289,0,27.1139112628912,4.1170866894336795,3,1,1,F1
18115,2010-01-11 11:57:00,1,9.700000000000001,697,0,2.0794415416798357,0.36191623125197536,1,1,1,F1
18116,2011-10-03 11:00:00,13,2154.3,67,1,538.3709582546318,82.20564373819477,5,5,4,M4
18117,2011-11-14 12:47:00,1,320.72,25,0,116.58095337555805,17.537143006333707,5,3,2,R5
18118,2011-11-29 11:32:00,29,6733.22,10,1,1528.0810919044754,231.46216378567132,5,5,5,R5
18119,2010-12-07 11:59:00,1,362.24,367,0,60.93048322160555,9.189572483240832,3,2,2,R3
18120,2011-05-09 13:45:00,1,111.15,213,0,16.295734259847894,2.494360138977184,4,1,1,F1
18121,2011-07-13 12:53:00,2,673.1,148,1,80.34706830373119,12.952060245559679,4,3,3,R4
18122,2011-12-01 13:08:00,6,1826.21,7,1,451.33030586476207,68.7995458797143,5,5,4,R5
18123,2011-11-15 14:23:00,3,684.59,23,1,105.86067563031514,16.829101344547272,5,3,3,R5
18124,2010-08-24 17:21:00,1,111.53,471,0,24.66697353864105,3.750046030796157,2,1,1,M1
18125,2011-11-10 12:29:00,4,1142.99,29,1,257.876509771118,39.68147646566769,5,4,3,R5
18126,2011-10-10 12:19:00,1,206.82999999999998,60,0,61.51977640026997,9.277966460040496,5,2,1,F2
18127,2011-11-20 14:05:00,4,561.53,18,1,91.36156967581036,14.704235451371554,5,3,2,R5
18128,2010-06-20 13:19:00,1,420.04,536,0,70.47218590112179,10.62082788516827,2,2,2,M2
18129,2011-04-10 14:16:00,1,112.55000000000001,242,0,17.685526867390408,2.702829030108561,4,1,1,F1
18130,2011-11-24 14:40:00,3,1059.39,14,1,164.90120627772708,25.685180941659063,5,4,3,R5
18131,2010-03-18 08:48:00,1,222.95999999999998,631,0,17.073254149091944,2.6109881223637914,1,1,1,F1
18132,2010-07-23 16:54:00,1,226.9,503,0,70.8911450966819,10.683671764502284,2,2,1,R2
18133,2011-05-11 14:14:00,1,931.4999999999999,211,0,7.208600337960199,1.1312900506940298,4,1,3,F1
18134,2010-04-20 14:02:00,2,445.0,597,1,44.91102668710883,7.636654003066324,1,2,2,M2
18135,2011-11-10 19:32:00,10,1249.6200000000001,28,1,79.3481433756115,13.202221506341726,5,3,3,R5
18136,2011-10-07 15:40:00,5,1631.3600000000001,62,1,189.33445423090384,29.450168134635575,5,4,4,R5
18137,2010-06-06 14:18:00,2,145.99,550,1,27.689275407794764,5.0533913111692135,2,1,1,M1
18138,2011-02-17 14:51:00,1,152.65,294,0,11.757940091102606,1.813691013665391,3,1,1,F1
18139,2011-11-22 10:44:00,6,8438.34,17,1,544.9040925922458,82.83561388883686,5,5,5,R5
18140,2010-08-23 11:58:00,1,536.41,473,0,97.01287905473947,14.601931858210921,2,3,2,R2
18141,2010-11-03 11:44:00,2,882.47,401,1,93.80528996512997,14.970793494769495,3,3,3,M3
18142,2011-07-05 13:19:00,2,1019.52,156,1,57.86198629590837,9.579297944386257,4,2,3,M3
18143,2011-08-15 12:07:00,2,1000.16,116,1,133.2299303814522,20.88448955721783,5,3,3,M3
18144,2011-12-02 12:46:00,19,5058.0,7,1,230.10370797663305,36.265556196494956,5,4,5,R5
18145,2011-11-27 11:22:00,11,5617.79,12,1,939.270358844721,142.24055382670818,5,5,5,R5
18146,2011-07-22 12:08:00,2,160.35000000000002,140,1,25.88335329008837,4.782502993513256,4,1,1,M1
18147,2011-10-25 11:46:00,2,179.33999999999997,45,1,22.622337041963554,4.293350556294533,5,1,1,M1
18148,2010-03-03 11:40:00,1,114.10000000000001,646,0,17.789989918325666,2.7184984877488496,1,1,1,F1
18149,2011-10-20 12:04:00,7,1624.71,50,1,188.1819815326301,29.377297229894516,5,4,4,R5
18150,2011-11-07 16:49:00,3,566.58,31,1,80.57368621119382,13.036052931679073,5,3,2,R5
18151,2011-07-28 11:35:00,6,1879.44,134,1,227.01931761061104,35.15289764159165,5,4,4,M4
18152,2010-03-03 15:26:00,1,426.69,645,0,19.291466533401884,2.9437199800102825,1,1,2,F1
18153,2010-02-18 15:50:00,1,246.22,658,0,42.15237074152698,6.372855611229046,1,2,1,M1
18154,2011-12-06 16:41:00,5,932.6,2,1,116.17606928394567,18.47641039259185,5,3,3,R5
18155,2011-09-25 13:32:00,3,371.62,74,1,55.51897784228561,9.277846676342842,5,2,2,F2
18156,2011-11-27 12:24:00,2,941.1700000000001,12,1,182.806475497318,28.3209713245977,5,4,3,R5
18157,2010-05-17 14:09:00,1,215.35,570,0,33.23235511319283,5.034853266978924,2,1,1,M1
18158,2011-11-30 16:19:00,2,453.4,8,1,82.66420125698778,13.299630188548168,5,3,2,R5
18159,2011-02-11 14:26:00,1,530.15,300,0,41.702047739607195,6.305307160941079,3,2,2,M2
18160,2011-10-13 15:50:00,3,1003.88,56,1,130.8236077761764,20.57354116642646,5,3,3,M3
18161,2011-11-24 16:40:00,6,1803.1000000000001,14,1,204.25365671511844,31.738048507267766,5,4,4,R5
18162,2009-12-07 13:24:00,1,379.16,731,0,78.12275592323039,11.768413388484559,1,2,2,M2
18163,2010-05-04 14:51:00,1,728.84,583,0,77.02247340090267,11.603371010135401,1,2,3,F2
18164,2011-11-02 12:56:00,1,399.65000000000003,36,0,45.438191705141,6.8657287557711495,5,2,2,R5
18165,2011-06-15 13:23:00,1,302.46000000000004,176,0,29.048721569419563,4.407308235412934,4,1,2,R4
18166,2010-03-26 12:26:00,1,175.5,623,0,22.383981915903636,3.407597287385545,1,1,1,M1
18167,2011-11-16 15:56:00,3,1384.8600000000001,22,1,88.59632379017022,14.239448568525534,5,3,4,R5
18168,2011-06-16 19:21:00,16,3770.27,175,1,619.5333879587681,94.5300081938152,4,5,5,F5
18169,2011-10-10 12:18:00,1,202.65,60,0,17.43355168879211,2.6650327533188163,5,1,1,F1
18170,2011-11-06 14:35:00,9,2878.0,32,1,250.65915044267186,38.84887256640078,5,4,4,R5
18171,2011-10-12 09:13:00,9,2437.31,58,1,193.18513126514878,30.227769689772316,5,4,4,M4
18172,2011-11-25 11:12:00,52,17479.84,14,1,1199.051677548745,183.25775163231174,5,5,5,R5
18173,2011-09-14 11:26:00,5,2696.36,86,1,142.16443804852213,22.374665707278318,5,3,4,M4
18174,2011-12-02 16:56:00,2,162.5,6,1,7.3658128372094716,2.004871925581421,5,1,1,R5
18175,2010-02-02 10:25:00,1,176.1,675,0,15.056858623644343,2.3085287935466514,1,1,1,F1
18176,2010-12-16 15:45:00,1,476.35,357,0,66.42943487185234,10.014415230777852,3,2,2,M2
18177,2011-11-08 14:44:00,9,2216.87,30,1,236.50617711412514,36.72592656711877,5,4,4,R5
18178,2011-08-03 09:30:00,11,6103.74,128,1,803.1219313968496,121.81828970952743,5,5,5,F5
18179,2011-11-30 16:23:00,8,2547.55,8,1,254.76837878424527,39.41525681763679,5,4,4,R5
18180,2011-12-05 08:39:00,6,1843.75,4,1,293.2506914894391,45.08760372341585,5,4,4,R5
18181,2011-11-15 15:08:00,5,1205.94,23,1,211.9491134049985,32.84236701074977,5,4,3,R5
18182,2010-09-02 14:25:00,1,291.13,462,0,27.8754816931015,4.231322253965224,2,1,1,F1
18183,2011-04-26 15:26:00,2,632.07,226,1,77.81667615373489,12.572501423060233,4,3,2,R4
18184,2011-11-24 15:28:00,1,49.8,14,0,4.110873864173311,0.6666310796259968,5,1,1,R5
18185,2011-04-04 13:42:00,1,304.25,248,0,37.78587461000208,5.717881191500312,4,2,2,R4
18186,2009-12-17 10:22:00,1,329.58,722,0,32.68292025165849,4.952438037748773,1,1,2,F1
18187,2010-03-18 09:49:00,1,724.89,631,0,82.8019735945934,12.47029603918901,1,3,3,M3
18188,2011-11-24 16:46:00,6,3280.59,14,1,327.45180418131065,50.21777062719659,5,4,5,R5
18189,2011-09-23 12:40:00,3,1403.73,77,1,185.75855462916854,28.81378319437528,5,4,4,R5
18190,2011-05-31 14:48:00,5,745.62,191,1,97.29142269948163,15.643713404922245,4,3,3,R4
18191,2011-03-23 12:08:00,2,529.4,261,1,43.71054834802348,7.456582252203521,4,2,2,F2
18192,2011-09-29 09:53:00,1,957.97,71,0,88.48525119886716,13.322787679830075,5,3,3,M3
18193,2011-06-27 13:58:00,3,1207.35,164,1,168.08099539177832,26.162149308766747,4,4,3,R4
18194,2011-09-18 13:29:00,6,4162.04,81,1,107.88823906535444,17.283235859803167,5,3,5,F3
18195,2010-11-17 15:03:00,1,101.16,386,0,12.358471792318626,1.9037707688477938,3,1,1,F1
18196,2011-09-05 16:22:00,4,1464.31,94,1,357.40846411550115,54.61126961732517,5,5,4,F4
18197,2010-05-13 10:46:00,1,230.1,575,0,25.391729873306318,3.858759480995947,1,1,1,F1
18198,2011-12-05 14:49:00,17,5425.56,3,1,409.9183407467596,63.13775111201394,5,5,5,R5
18199,2010-01-25 11:32:00,1,344.75,683,0,33.342105674247904,5.051315851137185,1,1,2,M2
18200,2011-08-25 18:45:00,1,163.8,105,0,41.535501436323834,6.280325215448575,5,2,1,M1
18201,2009-12-17 08:55:00,1,447.53000000000003,722,0,49.71835607057968,7.507753410586951,1,2,2,M2
18202,2011-05-24 12:12:00,3,1396.99,199,1,141.85625400049616,22.228438100074424,4,3,4,R4
18203,2011-07-05 13:07:00,4,504.42,156,1,58.896050847737634,9.834407627160644,4,2,2,F2
18204,2011-09-29 16:44:00,3,1993.7,70,1,309.93227508170196,47.439841262255285,5,4,4,M4
18205,2011-11-03 13:22:00,2,517.36,35,1,55.58829516517648,9.238244274776472,5,2,2,R5
18206,2010-06-04 13:47:00,1,314.65999999999997,552,0,48.717727165218264,7.357659074782739,2,2,2,F2
18207,2010-07-28 14:26:00,1,544.47,498,0,69.53160466118744,10.479740699178118,2,2,2,R2
18208,2010-05-23 11:54:00,1,360.08,565,0,24.726152788679677,3.758922918301951,2,1,2,F1
18209,2011-11-11 12:07:00,1,139.10000000000002,28,0,15.968695005169119,2.4453042507753677,5,1,1,R5
18210,2011-12-08 11:02:00,7,2768.83,1,1,311.01203254629246,47.801804881943866,5,4,4,R5
18211,2011-11-14 08:10:00,5,600.07,25,1,85.53370146219866,13.8800552193298,5,3,2,R5
18212,2011-01-17 16:14:00,2,546.72,325,1,66.84637234514317,10.926955851771474,3,2,2,M2
18213,2011-04-17 10:21:00,1,232.48000000000002,236,0,40.17755386041443,6.076633079062164,4,2,1,R4
18214,2010-06-27 11:21:00,4,1780.34,530,1,104.74913115633112,16.712369673449665,2,3,4,F3
18215,2011-09-11 16:05:00,5,2247.4900000000002,88,1,219.55081972699955,33.98262295904993,5,4,4,F4
18216,2011-11-08 16:55:00,1,481.75,30,0,49.65851607022367,7.49877741053355,5,2,2,R5
18217,2011-11-10 13:18:00,4,945.04,28,1,106.06164358108417,16.909246537162627,5,3,3,R5
18218,2011-05-12 12:53:00,4,1142.0,210,1,114.50765886854357,18.176148830281534,4,3,3,R4
18219,2011-12-07 11:43:00,17,3562.89,2,1,407.1493433554802,62.722401503322025,5,5,5,R5
18220,2011-04-27 09:03:00,6,1921.76,226,1,82.21063929574137,13.431595894361207,4,3,4,M4
18221,2011-11-17 14:40:00,6,1424.94,21,1,195.89308708219627,30.48396306232944,5,4,4,R5
18222,2011-09-08 10:45:00,1,443.0,92,0,49.51219330978983,7.476828996468474,5,2,2,M2
18223,2011-12-05 09:11:00,26,14000.85,4,1,1306.94854198643,198.1422812979645,5,5,5,R5
18224,2011-03-21 10:30:00,1,158.95000000000002,263,0,19.74718661797274,3.012077992695911,4,1,1,F1
18225,2011-12-06 13:27:00,26,13054.26,2,1,1265.801291272996,191.9701936909494,5,5,5,R5
18226,2011-10-26 13:36:00,26,11878.88,43,1,1306.6958060292575,198.10437090438865,5,5,5,F5
18227,2011-05-06 12:23:00,2,388.75,217,1,7.757906208351748,2.0636859312527625,4,1,2,F1
18228,2011-10-14 09:21:00,2,779.9,56,1,61.704262104921085,10.155639315738163,5,2,3,R5
18229,2011-11-28 09:48:00,28,10803.710000000001,11,1,511.98805308222836,78.99820796233425,5,5,5,R5
18230,2011-11-30 13:22:00,9,4291.06,8,1,366.65364949296264,56.24804742394439,5,5,5,R5
18231,2011-05-31 14:18:00,28,6880.97,191,1,666.5480448624176,102.18220672936263,4,5,5,F5
18232,2011-09-19 11:49:00,4,592.97,81,1,72.63550745305466,11.895326117958199,5,2,2,R5
18233,2011-01-18 08:44:00,1,440.0,325,0,1.6094379124341003,0.29141568686511504,3,1,2,F1
18234,2010-06-06 11:22:00,1,179.6,551,0,36.682487244948305,5.552373086742246,2,1,1,M1
18235,2011-09-29 08:27:00,3,1796.48,71,1,268.15673413258054,41.17351011988708,5,4,4,M4
18236,2011-11-10 08:06:00,12,1795.3500000000001,29,1,187.8233056396516,29.573495845947743,5,4,4,R5
18237,2011-12-07 12:49:00,5,987.1,2,1,132.86916722493683,20.980375083740526,5,3,3,R5
18238,2010-07-12 12:51:00,1,270.92,514,0,29.257819564729477,4.438672934709421,2,1,1,R2
18239,2011-05-05 12:38:00,6,2150.36,218,1,261.475898742012,40.3213848113018,4,4,4,M4
18240,2011-10-24 13:06:00,1,422.58,45,0,15.88616359361103,2.4329245390416543,5,1,2,F1
18241,2011-11-30 12:10:00,21,2986.9900000000002,9,1,342.9072511216392,53.28608766824588,5,4,4,R5
18242,2011-09-28 13:43:00,8,3605.21,71,1,349.4797737158564,53.62196605737846,5,5,5,R5
18243,2010-10-21 14:29:00,1,515.78,413,0,55.79961047490019,8.419941571235029,3,2,2,F2
18244,2010-10-05 11:15:00,2,568.64,430,1,54.80288667625494,9.120433001438242,2,2,2,F2
18245,2011-12-02 14:48:00,20,6324.9800000000005,6,1,1059.7443796540874,160.7616569481131,5,5,5,R5
18246,2011-11-16 11:49:00,3,758.8199999999999,23,1,17.628251933810965,3.5942377900716442,5,1,3,R5
18247,2010-10-21 09:49:00,3,839.73,414,1,76.68334302752274,12.452501454128411,3,3,3,M3
18248,2011-08-09 10:19:00,2,804.02,122,1,100.10525387967472,15.915788081951208,5,3,3,F3
18249,2011-11-22 15:07:00,1,95.34,16,0,20.460959493301477,3.1191439239952214,5,1,1,R5
18250,2011-02-02 13:16:00,1,349.27,309,0,43.43583162463759,6.565374743695639,3,2,2,M2
18251,2011-09-13 15:03:00,9,26278.86,86,1,613.5081485445394,93.2762222816809,5,5,5,F5
18252,2011-10-20 12:43:00,7,1542.09,50,1,193.11964975758463,30.117947463637694,5,4,4,R5
18253,2010-03-07 12:38:00,1,317.88,642,0,17.769096473766723,2.715364471065008,1,1,2,F1
18254,2010-05-07 14:37:00,1,267.9,580,0,40.06938840311115,6.060408260466672,1,2,1,M1
18255,2011-09-11 13:16:00,2,303.15,88,1,44.749819635261645,7.612472945289246,5,2,2,F2
18256,2010-11-17 08:53:00,1,110.7,387,0,28.25331370322877,4.287997055484315,3,1,1,M1
18257,2011-10-31 14:48:00,12,4600.15,38,1,560.6190627873077,85.49285941809615,5,5,5,R5
18258,2010-09-01 14:20:00,6,2059.67,463,1,153.43886711760467,24.1158300676407,2,4,4,M4
18259,2011-11-15 12:34:00,7,4318.200000000001,24,1,243.63316722813204,37.694975084219806,5,4,5,R5
18260,2011-06-20 12:37:00,23,9962.11,172,1,933.8581772691625,142.0287265903744,4,5,5,F5
18261,2011-10-27 15:36:00,2,324.24,42,1,41.02970317622586,7.054455476433878,5,2,2,R5
18262,2011-07-22 16:04:00,3,577.54,139,1,104.0227523241425,16.553412848621374,4,3,2,F3
18263,2011-11-14 09:00:00,3,1213.1599999999999,25,1,192.66753013449207,29.85012952017381,5,4,3,R5
18264,2010-07-29 10:02:00,1,603.25,498,0,66.29228941459655,9.993843412189483,2,2,2,R2
18265,2011-09-28 14:10:00,2,801.51,71,1,81.20701404226283,13.081052106339424,5,3,3,M3
18266,2010-10-01 15:33:00,1,251.1,433,0,32.948999038866894,4.992349855830033,2,1,1,M1
18267,2010-02-05 08:43:00,1,269.37,672,0,34.655673387720476,5.248351008158071,1,1,1,F1
18268,2011-07-28 19:13:00,6,1490.23,133,1,150.5979543447603,23.689693151714046,5,4,4,F3
18269,2010-12-08 13:53:00,1,337.2,365,0,31.66166031678351,4.7992490475175265,3,1,2,R3
18270,2011-11-01 13:57:00,3,444.55,37,1,42.29732515381698,7.294598773072547,5,2,2,M2
18271,2010-04-09 09:26:00,2,680.85,609,1,50.481349561267045,8.472202434190056,1,2,3,F2
18272,2011-12-07 12:43:00,9,4385.9800000000005,2,1,543.7891433212537,82.81837149818806,5,5,5,R5
18273,2011-12-07 13:16:00,4,357.0,1,1,13.913490806324464,3.0870236209486697,5,1,2,R5
18274,2011-11-09 17:03:00,1,175.92,29,0,22.057901837050036,3.358685275557505,5,1,1,R5
18275,2010-05-10 15:46:00,2,741.85,577,1,56.50282585189916,9.375423877784874,1,2,3,F2
18276,2011-10-27 10:54:00,6,1656.52,43,1,229.54926331451819,35.53238949717772,5,4,4,F4
18277,2011-10-12 15:22:00,5,1180.05,57,1,122.27152876797797,19.390729315196694,5,3,3,F3
18278,2011-09-27 11:58:00,2,414.20000000000005,73,1,43.6315732268172,7.4447359840225795,5,2,2,M2
18279,2010-07-08 14:48:00,1,231.33999999999997,518,0,45.73626285441007,6.91043942816151,2,2,1,R2
18280,2011-03-07 09:52:00,2,488.15000000000003,277,1,56.27661481190816,9.341492221786224,4,2,2,F2
18281,2011-06-12 10:53:00,2,201.14,180,1,35.86886369037818,6.280329553556726,4,2,1,R4
18282,2011-12-02 11:43:00,2,178.05,7,1,21.650794387337367,4.147619158100605,5,1,1,R5
18283,2011-12-06 12:02:00,22,2736.65,3,1,920.4965124615201,139.974476869228,5,5,4,R5
18284,2010-10-04 11:33:00,1,461.68,431,0,72.88116908622742,10.982175362934113,2,2,2,M2
18285,2010-02-17 10:24:00,1,427.0,660,0,23.69980302036614,3.604970453054921,1,1,2,M2
18286,2010-08-20 11:57:00,2,1296.43,476,1,141.98713936598816,22.198070904898223,2,3,4,R2
18287,2011-10-28 09:29:00,7,4182.99,42,1,426.1390662818476,65.07085994227712,5,5,5,R5
