CustomerID,R,F,M,R_paper_score,F_paper_score,M_paper_score,scoring_arm,R_fuzzy_score,F_fuzzy_score,M_fuzzy_score
12346,325,12,77556.46,2.0,5.0,5.0,base-paper quintile,,,
12347,1,8,5633.32,5.0,4.0,5.0,base-paper quintile,,,
12348,74,5,2019.4,3.0,4.0,4.0,base-paper quintile,,,
12349,18,4,4428.69,5.0,3.0,5.0,base-paper quintile,,,
12350,309,1,334.4,2.0,1.0,2.0,base-paper quintile,,,
12351,374,1,300.93,2.0,1.0,2.0,base-paper quintile,,,
12352,35,10,2849.84,4.0,5.0,4.0,base-paper quintile,,,
12353,203,2,406.76,2.0,2.0,2.0,base-paper quintile,,,
12354,231,1,1079.4,2.0,1.0,3.0,base-paper quintile,,,
12355,213,2,947.61,2.0,2.0,3.0,base-paper quintile,,,
12356,22,6,6373.68,4.0,4.0,5.0,base-paper quintile,,,
12357,32,3,18287.66,4.0,3.0,5.0,base-paper quintile,,,
12358,1,5,3887.07,5.0,4.0,5.0,base-paper quintile,,,
12359,57,10,8935.94,4.0,5.0,5.0,base-paper quintile,,,
12360,51,8,4252.89,4.0,4.0,5.0,base-paper quintile,,,
12361,286,4,511.25,2.0,3.0,2.0,base-paper quintile,,,
12362,2,11,5356.23,5.0,5.0,5.0,base-paper quintile,,,
12363,109,2,552.0,3.0,2.0,2.0,base-paper quintile,,,
12364,7,4,1313.1,5.0,3.0,4.0,base-paper quintile,,,
12365,290,2,641.38,2.0,2.0,3.0,base-paper quintile,,,
12366,633,1,500.24,1.0,1.0,2.0,base-paper quintile,,,
12367,3,1,168.9,5.0,1.0,1.0,base-paper quintile,,,
12368,627,1,917.6999999999999,1.0,1.0,3.0,base-paper quintile,,,
12369,412,3,1791.15,1.0,3.0,4.0,base-paper quintile,,,
12370,50,7,4320.31,4.0,4.0,5.0,base-paper quintile,,,
12371,44,5,4067.38,4.0,4.0,5.0,base-paper quintile,,,
12372,71,3,1298.04,3.0,3.0,4.0,base-paper quintile,,,
12373,310,3,1127.65,2.0,3.0,3.0,base-paper quintile,,,
12374,24,4,2989.2200000000003,4.0,3.0,5.0,base-paper quintile,,,
12375,10,2,457.5,5.0,2.0,2.0,base-paper quintile,,,
12376,389,2,503.15,2.0,2.0,2.0,base-paper quintile,,,
12377,314,4,3426.32,2.0,3.0,5.0,base-paper quintile,,,
12378,129,2,5416.32,3.0,2.0,5.0,base-paper quintile,,,
12379,81,4,1620.22,3.0,3.0,4.0,base-paper quintile,,,
12380,21,11,9676.300000000001,4.0,5.0,5.0,base-paper quintile,,,
12381,4,5,1845.31,5.0,4.0,4.0,base-paper quintile,,,
12383,184,5,1850.56,3.0,4.0,4.0,base-paper quintile,,,
12384,28,2,585.27,4.0,2.0,2.0,base-paper quintile,,,
12385,378,1,1938.4,2.0,1.0,4.0,base-paper quintile,,,
12386,337,2,660.8,2.0,2.0,3.0,base-paper quintile,,,
12387,414,1,143.94,1.0,1.0,1.0,base-paper quintile,,,
12388,15,8,3901.11,5.0,4.0,5.0,base-paper quintile,,,
12389,402,3,1433.33,2.0,3.0,4.0,base-paper quintile,,,
12390,79,1,549.84,3.0,1.0,2.0,base-paper quintile,,,
12391,21,6,2773.42,4.0,4.0,4.0,base-paper quintile,,,
12392,590,1,234.75000000000003,1.0,1.0,1.0,base-paper quintile,,,
12393,71,6,2399.4500000000003,3.0,4.0,4.0,base-paper quintile,,,
12394,63,2,1272.48,3.0,2.0,4.0,base-paper quintile,,,
12395,18,15,5067.27,5.0,5.0,5.0,base-paper quintile,,,
12396,673,1,931.43,1.0,1.0,3.0,base-paper quintile,,,
12397,35,2,2409.9,4.0,2.0,4.0,base-paper quintile,,,
12398,45,1,1635.6599999999999,4.0,1.0,4.0,base-paper quintile,,,
12399,118,7,1962.3,3.0,4.0,4.0,base-paper quintile,,,
12400,413,1,205.25,1.0,1.0,1.0,base-paper quintile,,,
12401,302,1,84.3,2.0,1.0,1.0,base-paper quintile,,,
12402,322,6,1256.9,2.0,4.0,4.0,base-paper quintile,,,
12403,49,2,1019.36,4.0,2.0,3.0,base-paper quintile,,,
12404,681,1,63.24,1.0,1.0,1.0,base-paper quintile,,,
12405,148,1,1710.39,3.0,1.0,4.0,base-paper quintile,,,
12406,21,5,6390.36,4.0,4.0,5.0,base-paper quintile,,,
12407,49,5,1708.1200000000001,4.0,4.0,4.0,base-paper quintile,,,
12408,32,8,4340.7699999999995,4.0,4.0,5.0,base-paper quintile,,,
12409,78,7,23419.29,3.0,4.0,5.0,base-paper quintile,,,
12410,308,3,1013.71,2.0,3.0,3.0,base-paper quintile,,,
12411,409,1,346.9,2.0,1.0,2.0,base-paper quintile,,,
12412,74,6,2596.93,3.0,4.0,4.0,base-paper quintile,,,
12413,66,4,999.45,3.0,3.0,3.0,base-paper quintile,,,
12414,216,6,952.41,2.0,4.0,3.0,base-paper quintile,,,
12415,23,28,144458.37,4.0,5.0,5.0,base-paper quintile,,,
12416,656,1,202.56,1.0,1.0,1.0,base-paper quintile,,,
12417,2,20,6816.91,5.0,5.0,5.0,base-paper quintile,,,
12418,112,4,2021.2,3.0,3.0,4.0,base-paper quintile,,,
12419,385,2,503.01,2.0,2.0,2.0,base-paper quintile,,,
12420,63,1,600.39,3.0,1.0,2.0,base-paper quintile,,,
12421,15,6,1098.6,5.0,4.0,3.0,base-paper quintile,,,
12422,95,17,5231.8,3.0,5.0,5.0,base-paper quintile,,,
12423,0,10,2622.39,5.0,5.0,4.0,base-paper quintile,,,
12424,162,4,3340.03,3.0,3.0,5.0,base-paper quintile,,,
12425,77,2,1741.41,3.0,2.0,4.0,base-paper quintile,,,
12426,194,2,1345.21,2.0,2.0,4.0,base-paper quintile,,,
12427,21,3,1129.3,4.0,3.0,3.0,base-paper quintile,,,
12428,25,9,7956.46,4.0,5.0,5.0,base-paper quintile,,,
12429,8,8,7485.91,5.0,4.0,5.0,base-paper quintile,,,
12430,42,1,256.4,4.0,1.0,1.0,base-paper quintile,,,
12431,35,27,10857.97,4.0,5.0,5.0,base-paper quintile,,,
12432,42,5,5059.32,4.0,4.0,5.0,base-paper quintile,,,
12433,0,10,20581.26,5.0,5.0,5.0,base-paper quintile,,,
12434,84,3,1103.43,3.0,3.0,3.0,base-paper quintile,,,
12435,79,6,13925.93,3.0,4.0,5.0,base-paper quintile,,,
12436,99,1,509.01,3.0,1.0,2.0,base-paper quintile,,,
12437,1,39,12683.4,5.0,5.0,5.0,base-paper quintile,,,
12438,13,2,2906.85,5.0,2.0,4.0,base-paper quintile,,,
12439,682,2,1158.18,1.0,2.0,3.0,base-paper quintile,,,
12440,461,2,859.2,1.0,2.0,3.0,base-paper quintile,,,
12441,366,1,347.1,2.0,1.0,2.0,base-paper quintile,,,
12442,2,1,172.06,5.0,1.0,1.0,base-paper quintile,,,
12443,731,1,485.31,1.0,1.0,2.0,base-paper quintile,,,
12444,20,5,5005.46,4.0,4.0,5.0,base-paper quintile,,,
12445,21,2,434.98,4.0,2.0,2.0,base-paper quintile,,,
12446,57,1,1002.3100000000001,4.0,1.0,3.0,base-paper quintile,,,
12447,242,1,476.49,2.0,1.0,2.0,base-paper quintile,,,
12448,43,1,449.45,4.0,1.0,2.0,base-paper quintile,,,
12449,21,6,4835.89,4.0,4.0,5.0,base-paper quintile,,,
12450,155,5,688.2,3.0,4.0,3.0,base-paper quintile,,,
12451,10,8,12669.88,5.0,4.0,5.0,base-paper quintile,,,
12452,16,2,430.57,5.0,2.0,2.0,base-paper quintile,,,
12453,133,1,707.09,3.0,1.0,3.0,base-paper quintile,,,
12454,55,5,16679.78,4.0,4.0,5.0,base-paper quintile,,,
12455,72,10,5879.95,3.0,5.0,5.0,base-paper quintile,,,
12456,43,3,3181.04,4.0,3.0,5.0,base-paper quintile,,,
12457,65,8,2995.91,3.0,4.0,5.0,base-paper quintile,,,
12458,70,4,1777.49,3.0,3.0,4.0,base-paper quintile,,,
12459,604,1,454.36,1.0,1.0,2.0,base-paper quintile,,,
12460,455,1,326.65,1.0,1.0,2.0,base-paper quintile,,,
12461,93,2,826.88,3.0,2.0,3.0,base-paper quintile,,,
12462,18,2,1189.59,5.0,2.0,3.0,base-paper quintile,,,
12463,52,4,1344.78,4.0,3.0,4.0,base-paper quintile,,,
12464,9,8,1212.05,5.0,4.0,3.0,base-paper quintile,,,
12465,16,2,742.1899999999999,5.0,2.0,3.0,base-paper quintile,,,
12466,681,1,56.73,1.0,1.0,1.0,base-paper quintile,,,
12467,422,1,132.8,1.0,1.0,1.0,base-paper quintile,,,
12468,187,5,3670.74,3.0,4.0,5.0,base-paper quintile,,,
12469,522,2,3070.54,1.0,2.0,5.0,base-paper quintile,,,
12470,689,1,211.95,1.0,1.0,1.0,base-paper quintile,,,
12471,1,79,39963.79,5.0,5.0,5.0,base-paper quintile,,,
12472,31,19,17880.59,4.0,5.0,5.0,base-paper quintile,,,
12473,28,5,3938.5499999999997,4.0,4.0,5.0,base-paper quintile,,,
12474,16,31,12424.45,5.0,5.0,5.0,base-paper quintile,,,
12475,53,2,1149.64,4.0,2.0,3.0,base-paper quintile,,,
12476,15,23,14115.41,5.0,5.0,5.0,base-paper quintile,,,
12477,22,9,20276.37,4.0,5.0,5.0,base-paper quintile,,,
12478,3,1,680.99,5.0,1.0,3.0,base-paper quintile,,,
12479,10,1,527.2,5.0,1.0,2.0,base-paper quintile,,,
12480,27,7,5464.85,4.0,4.0,5.0,base-paper quintile,,,
12481,22,15,12361.39,4.0,5.0,5.0,base-paper quintile,,,
12482,575,29,23691.4,1.0,5.0,5.0,base-paper quintile,,,
12483,16,19,5120.58,5.0,5.0,5.0,base-paper quintile,,,
12484,32,12,6370.15,4.0,5.0,5.0,base-paper quintile,,,
12485,528,1,708.1,1.0,1.0,3.0,base-paper quintile,,,
12486,431,1,1037.28,1.0,1.0,3.0,base-paper quintile,,,
12487,730,1,285.29999999999995,1.0,1.0,1.0,base-paper quintile,,,
12488,9,3,1298.66,5.0,3.0,4.0,base-paper quintile,,,
12489,335,1,334.93,2.0,1.0,2.0,base-paper quintile,,,
12490,4,21,9823.64,5.0,5.0,5.0,base-paper quintile,,,
12491,38,1,460.40000000000003,4.0,1.0,2.0,base-paper quintile,,,
12492,62,3,715.21,3.0,3.0,3.0,base-paper quintile,,,
12493,165,2,433.74,3.0,2.0,2.0,base-paper quintile,,,
12494,15,9,1872.8700000000001,5.0,5.0,4.0,base-paper quintile,,,
12495,640,1,357.4,1.0,1.0,2.0,base-paper quintile,,,
12496,619,2,54.09,1.0,2.0,1.0,base-paper quintile,,,
12497,81,3,6248.5,3.0,3.0,5.0,base-paper quintile,,,
12498,20,3,403.70000000000005,4.0,3.0,2.0,base-paper quintile,,,
12499,559,1,393.72,1.0,1.0,2.0,base-paper quintile,,,
12500,22,19,5955.21,4.0,5.0,5.0,base-paper quintile,,,
12501,336,1,2169.39,2.0,1.0,4.0,base-paper quintile,,,
12502,95,5,3723.87,3.0,4.0,5.0,base-paper quintile,,,
12503,583,1,1126.0,1.0,1.0,3.0,base-paper quintile,,,
12504,17,4,779.05,5.0,3.0,3.0,base-paper quintile,,,
12505,408,1,955.2,2.0,1.0,3.0,base-paper quintile,,,
12506,232,1,73.5,2.0,1.0,1.0,base-paper quintile,,,
12507,133,4,1844.06,3.0,3.0,4.0,base-paper quintile,,,
12508,25,2,398.27,4.0,2.0,2.0,base-paper quintile,,,
12509,283,1,176.5,2.0,1.0,1.0,base-paper quintile,,,
12510,142,9,5178.02,3.0,5.0,5.0,base-paper quintile,,,
12511,428,1,3084.02,1.0,1.0,5.0,base-paper quintile,,,
12512,65,2,138.03,3.0,2.0,1.0,base-paper quintile,,,
12513,112,1,612.29,3.0,1.0,2.0,base-paper quintile,,,
12514,266,2,1597.76,2.0,2.0,4.0,base-paper quintile,,,
12515,352,1,383.7,2.0,1.0,2.0,base-paper quintile,,,
12516,77,4,2648.62,3.0,3.0,4.0,base-paper quintile,,,
12517,27,5,2502.84,4.0,4.0,4.0,base-paper quintile,,,
12518,0,5,2056.89,5.0,4.0,4.0,base-paper quintile,,,
12519,63,2,726.54,3.0,2.0,3.0,base-paper quintile,,,
12520,78,5,2634.26,3.0,4.0,4.0,base-paper quintile,,,
12521,142,1,599.68,3.0,1.0,2.0,base-paper quintile,,,
12522,38,2,192.72,4.0,2.0,1.0,base-paper quintile,,,
12523,18,23,4372.15,5.0,5.0,5.0,base-paper quintile,,,
12524,8,17,11126.11,5.0,5.0,5.0,base-paper quintile,,,
12525,497,3,973.73,1.0,3.0,3.0,base-paper quintile,,,
12526,0,3,1316.66,5.0,3.0,4.0,base-paper quintile,,,
12527,81,5,735.51,3.0,4.0,3.0,base-paper quintile,,,
12528,8,6,1933.48,5.0,4.0,4.0,base-paper quintile,,,
12529,527,1,316.48,1.0,1.0,2.0,base-paper quintile,,,
12530,59,9,3759.26,3.0,5.0,5.0,base-paper quintile,,,
12531,14,2,1933.2,5.0,2.0,4.0,base-paper quintile,,,
12532,29,1,349.83000000000004,4.0,1.0,2.0,base-paper quintile,,,
12533,627,2,1367.89,1.0,2.0,4.0,base-paper quintile,,,
12534,130,1,1089.18,3.0,1.0,3.0,base-paper quintile,,,
12535,91,2,716.35,3.0,2.0,3.0,base-paper quintile,,,
12536,42,3,12601.830000000002,4.0,3.0,5.0,base-paper quintile,,,
12537,408,1,732.94,2.0,1.0,3.0,base-paper quintile,,,
12538,28,2,640.45,4.0,2.0,3.0,base-paper quintile,,,
12539,21,7,11214.75,4.0,4.0,5.0,base-paper quintile,,,
12540,19,33,22254.49,4.0,5.0,5.0,base-paper quintile,,,
12541,29,3,981.18,4.0,3.0,3.0,base-paper quintile,,,
12542,483,2,481.88,1.0,2.0,2.0,base-paper quintile,,,
12543,447,1,980.25,1.0,1.0,3.0,base-paper quintile,,,
12544,35,1,372.7,4.0,1.0,2.0,base-paper quintile,,,
12545,74,2,1000.39,3.0,2.0,3.0,base-paper quintile,,,
12546,46,2,1161.5,4.0,2.0,3.0,base-paper quintile,,,
12547,197,3,383.58,2.0,3.0,2.0,base-paper quintile,,,
12548,165,1,95.19999999999999,3.0,1.0,1.0,base-paper quintile,,,
12549,575,6,1575.68,1.0,4.0,4.0,base-paper quintile,,,
12550,78,1,964.83,3.0,1.0,3.0,base-paper quintile,,,
12551,357,1,168.0,2.0,1.0,1.0,base-paper quintile,,,
12552,38,2,437.82,4.0,2.0,2.0,base-paper quintile,,,
12553,7,12,4608.75,5.0,5.0,5.0,base-paper quintile,,,
12554,448,1,468.5,1.0,1.0,2.0,base-paper quintile,,,
12555,681,1,129.23,1.0,1.0,1.0,base-paper quintile,,,
12556,49,2,603.71,4.0,2.0,2.0,base-paper quintile,,,
12557,15,8,18716.14,5.0,4.0,5.0,base-paper quintile,,,
12558,7,1,269.96,5.0,1.0,1.0,base-paper quintile,,,
12559,310,2,561.71,2.0,2.0,2.0,base-paper quintile,,,
12560,4,3,2134.01,5.0,3.0,4.0,base-paper quintile,,,
12561,302,1,238.85,2.0,1.0,1.0,base-paper quintile,,,
12562,7,9,4966.92,5.0,5.0,5.0,base-paper quintile,,,
12563,408,1,249.24,2.0,1.0,1.0,base-paper quintile,,,
12564,260,1,456.9,2.0,1.0,2.0,base-paper quintile,,,
12565,288,1,145.92,2.0,1.0,1.0,base-paper quintile,,,
12566,85,1,351.65,3.0,1.0,2.0,base-paper quintile,,,
12567,22,15,13709.86,4.0,5.0,5.0,base-paper quintile,,,
12568,644,1,70.0,1.0,1.0,1.0,base-paper quintile,,,
12569,1,32,4124.69,5.0,5.0,5.0,base-paper quintile,,,
12570,681,1,77.52,1.0,1.0,1.0,base-paper quintile,,,
12571,39,2,519.61,4.0,2.0,2.0,base-paper quintile,,,
12572,8,2,1020.42,5.0,2.0,3.0,base-paper quintile,,,
12573,226,5,717.41,2.0,4.0,3.0,base-paper quintile,,,
12574,315,1,218.45,2.0,1.0,1.0,base-paper quintile,,,
12575,456,2,622.8199999999999,1.0,2.0,3.0,base-paper quintile,,,
12576,35,8,2142.72,4.0,4.0,4.0,base-paper quintile,,,
12577,34,8,1653.75,4.0,4.0,4.0,base-paper quintile,,,
12578,20,4,4642.45,4.0,3.0,5.0,base-paper quintile,,,
12579,77,1,440.42,3.0,1.0,2.0,base-paper quintile,,,
12580,246,2,1052.9,2.0,2.0,3.0,base-paper quintile,,,
12581,39,1,197.71,4.0,1.0,1.0,base-paper quintile,,,
12582,238,4,1980.4,2.0,3.0,4.0,base-paper quintile,,,
12583,2,27,14447.44,5.0,5.0,5.0,base-paper quintile,,,
12584,3,9,2338.15,5.0,5.0,4.0,base-paper quintile,,,
12585,233,2,2040.1,2.0,2.0,4.0,base-paper quintile,,,
12586,16,4,2062.67,5.0,3.0,4.0,base-paper quintile,,,
12587,7,1,144.0,5.0,1.0,1.0,base-paper quintile,,,
12588,38,4,958.78,4.0,3.0,3.0,base-paper quintile,,,
12589,28,8,4695.66,4.0,4.0,5.0,base-paper quintile,,,
12590,210,2,9864.26,2.0,2.0,5.0,base-paper quintile,,,
12591,316,3,1352.15,2.0,3.0,4.0,base-paper quintile,,,
12592,91,5,2582.66,3.0,4.0,4.0,base-paper quintile,,,
12593,108,3,418.09999999999997,3.0,3.0,2.0,base-paper quintile,,,
12594,37,15,5090.110000000001,4.0,5.0,5.0,base-paper quintile,,,
12595,504,1,299.02,1.0,1.0,2.0,base-paper quintile,,,
12596,50,2,618.27,4.0,2.0,2.0,base-paper quintile,,,
12597,18,4,3811.22,5.0,3.0,5.0,base-paper quintile,,,
12598,9,11,4534.09,5.0,5.0,5.0,base-paper quintile,,,
12599,28,13,2296.72,4.0,5.0,4.0,base-paper quintile,,,
12600,28,21,5043.92,4.0,5.0,5.0,base-paper quintile,,,
12601,189,6,681.26,2.0,4.0,3.0,base-paper quintile,,,
12602,58,1,153.12,4.0,1.0,1.0,base-paper quintile,,,
12603,21,1,739.1999999999999,4.0,1.0,3.0,base-paper quintile,,,
12604,78,2,254.18,3.0,2.0,1.0,base-paper quintile,,,
12605,375,4,1232.95,2.0,3.0,3.0,base-paper quintile,,,
12606,681,1,21.0,1.0,1.0,1.0,base-paper quintile,,,
12607,59,1,1579.51,3.0,1.0,4.0,base-paper quintile,,,
12608,404,1,415.79,2.0,1.0,2.0,base-paper quintile,,,
12609,77,9,3435.86,3.0,5.0,5.0,base-paper quintile,,,
12610,22,5,2099.54,4.0,4.0,4.0,base-paper quintile,,,
12611,51,1,1193.32,4.0,1.0,3.0,base-paper quintile,,,
12612,73,1,704.0400000000001,3.0,1.0,3.0,base-paper quintile,,,
12613,56,10,6835.07,4.0,5.0,5.0,base-paper quintile,,,
12614,277,1,315.6,2.0,1.0,2.0,base-paper quintile,,,
12615,1,8,5740.98,5.0,4.0,5.0,base-paper quintile,,,
12616,94,3,1131.1,3.0,3.0,3.0,base-paper quintile,,,
12617,28,1,355.53,4.0,1.0,2.0,base-paper quintile,,,
12618,21,1,177.31,4.0,1.0,1.0,base-paper quintile,,,
12619,15,10,3781.38,5.0,5.0,5.0,base-paper quintile,,,
12620,14,3,1339.41,5.0,3.0,4.0,base-paper quintile,,,
12621,1,35,24775.81,5.0,5.0,5.0,base-paper quintile,,,
12622,231,1,180.1,2.0,1.0,1.0,base-paper quintile,,,
12623,275,7,3747.84,2.0,4.0,5.0,base-paper quintile,,,
12624,105,2,641.13,3.0,2.0,3.0,base-paper quintile,,,
12625,211,4,5164.88,2.0,3.0,5.0,base-paper quintile,,,
12626,22,9,6620.48,4.0,5.0,5.0,base-paper quintile,,,
12627,10,7,4478.53,5.0,4.0,5.0,base-paper quintile,,,
12628,3,3,786.46,5.0,3.0,3.0,base-paper quintile,,,
12629,385,2,1558.22,2.0,2.0,4.0,base-paper quintile,,,
12630,9,2,1270.88,5.0,2.0,4.0,base-paper quintile,,,
12631,56,6,3481.57,4.0,4.0,5.0,base-paper quintile,,,
12632,520,2,804.88,1.0,2.0,3.0,base-paper quintile,,,
12633,58,7,5678.16,4.0,4.0,5.0,base-paper quintile,,,
12634,535,2,490.0,1.0,2.0,2.0,base-paper quintile,,,
12635,89,4,2930.41,3.0,3.0,4.0,base-paper quintile,,,
12636,738,1,141.0,1.0,1.0,1.0,base-paper quintile,,,
12637,66,12,8340.31,3.0,5.0,5.0,base-paper quintile,,,
12638,32,2,921.49,4.0,2.0,3.0,base-paper quintile,,,
12639,238,3,1312.37,2.0,3.0,4.0,base-paper quintile,,,
12640,23,3,1174.58,4.0,3.0,3.0,base-paper quintile,,,
12641,114,1,185.9,3.0,1.0,1.0,base-paper quintile,,,
12642,24,3,1013.26,4.0,3.0,3.0,base-paper quintile,,,
12643,127,12,8350.42,3.0,5.0,5.0,base-paper quintile,,,
12644,129,4,1918.49,3.0,3.0,4.0,base-paper quintile,,,
12645,33,8,3539.3,4.0,4.0,5.0,base-paper quintile,,,
12646,4,2,1346.97,5.0,2.0,4.0,base-paper quintile,,,
12647,21,36,17924.35,4.0,5.0,5.0,base-paper quintile,,,
12648,154,4,1112.0,3.0,3.0,3.0,base-paper quintile,,,
12649,106,8,2294.65,3.0,4.0,4.0,base-paper quintile,,,
12650,2,1,314.44,5.0,1.0,2.0,base-paper quintile,,,
12651,334,4,377.75,2.0,3.0,2.0,base-paper quintile,,,
12652,330,2,1017.03,2.0,2.0,3.0,base-paper quintile,,,
12653,148,3,4160.83,3.0,3.0,5.0,base-paper quintile,,,
12654,10,5,601.98,5.0,4.0,2.0,base-paper quintile,,,
12655,423,1,261.35,1.0,1.0,1.0,base-paper quintile,,,
12656,16,8,6407.83,5.0,4.0,5.0,base-paper quintile,,,
12657,10,4,1643.18,5.0,3.0,4.0,base-paper quintile,,,
12658,18,1,686.05,5.0,1.0,3.0,base-paper quintile,,,
12659,29,1,91.68,4.0,1.0,1.0,base-paper quintile,,,
12660,10,1,245.1,5.0,1.0,1.0,base-paper quintile,,,
12661,435,1,162.0,1.0,1.0,1.0,base-paper quintile,,,
12662,0,20,6988.02,5.0,5.0,5.0,base-paper quintile,,,
12663,624,2,239.4,1.0,2.0,1.0,base-paper quintile,,,
12664,7,11,6070.04,5.0,5.0,5.0,base-paper quintile,,,
12665,324,3,313.6,2.0,3.0,2.0,base-paper quintile,,,
12666,393,1,1248.42,2.0,1.0,3.0,base-paper quintile,,,
12667,57,1,620.13,4.0,1.0,3.0,base-paper quintile,,,
12668,11,10,11444.68,5.0,5.0,5.0,base-paper quintile,,,
12669,150,3,2744.0299999999997,3.0,3.0,4.0,base-paper quintile,,,
12670,9,7,3760.29,5.0,4.0,5.0,base-paper quintile,,,
12671,605,1,2622.481,1.0,1.0,4.0,base-paper quintile,,,
12672,329,2,437.05,2.0,2.0,2.0,base-paper quintile,,,
12673,4,3,1230.02,5.0,3.0,3.0,base-paper quintile,,,
12674,38,4,1970.6,4.0,3.0,4.0,base-paper quintile,,,
12675,553,2,958.5,1.0,2.0,3.0,base-paper quintile,,,
12676,24,11,2843.09,4.0,5.0,4.0,base-paper quintile,,,
12677,554,2,395.1,1.0,2.0,2.0,base-paper quintile,,,
12678,41,21,34281.18,4.0,5.0,5.0,base-paper quintile,,,
12679,58,4,1113.02,4.0,3.0,3.0,base-paper quintile,,,
12680,0,4,880.81,5.0,3.0,3.0,base-paper quintile,,,
12681,14,45,30868.28,5.0,5.0,5.0,base-paper quintile,,,
12682,3,52,24033.91,5.0,5.0,5.0,base-paper quintile,,,
12683,3,21,12696.78,5.0,5.0,5.0,base-paper quintile,,,
12684,7,7,2283.63,5.0,4.0,4.0,base-paper quintile,,,
12685,27,6,2863.08,4.0,4.0,4.0,base-paper quintile,,,
12686,371,1,178.28,2.0,1.0,1.0,base-paper quintile,,,
12687,480,2,2138.91,1.0,2.0,4.0,base-paper quintile,,,
12688,113,1,4873.8099999999995,3.0,1.0,5.0,base-paper quintile,,,
12689,25,2,1247.61,4.0,2.0,3.0,base-paper quintile,,,
12690,205,1,389.01,2.0,1.0,2.0,base-paper quintile,,,
12691,27,7,1170.4,4.0,4.0,3.0,base-paper quintile,,,
12692,636,1,110.95,1.0,1.0,1.0,base-paper quintile,,,
12693,126,7,1703.02,3.0,4.0,4.0,base-paper quintile,,,
12694,69,3,1843.35,3.0,3.0,4.0,base-paper quintile,,,
12695,6,7,1407.1200000000001,5.0,4.0,4.0,base-paper quintile,,,
12696,434,2,851.91,1.0,2.0,3.0,base-paper quintile,,,
12697,28,3,957.59,4.0,3.0,3.0,base-paper quintile,,,
12698,589,1,339.75,1.0,1.0,2.0,base-paper quintile,,,
12699,417,1,638.11,1.0,1.0,3.0,base-paper quintile,,,
12700,7,4,4939.99,5.0,3.0,5.0,base-paper quintile,,,
12701,79,6,2446.41,3.0,4.0,4.0,base-paper quintile,,,
12702,19,1,219.0,4.0,1.0,1.0,base-paper quintile,,,
12703,70,4,1006.53,3.0,3.0,3.0,base-paper quintile,,,
12704,6,8,2340.84,5.0,4.0,4.0,base-paper quintile,,,
12705,14,14,11762.1,5.0,5.0,5.0,base-paper quintile,,,
12707,291,1,603.42,2.0,1.0,2.0,base-paper quintile,,,
12708,29,18,5314.1,4.0,5.0,5.0,base-paper quintile,,,
12709,14,34,31093.34,5.0,5.0,5.0,base-paper quintile,,,
12710,96,3,1149.02,3.0,3.0,3.0,base-paper quintile,,,
12711,611,2,1339.05,1.0,2.0,4.0,base-paper quintile,,,
12712,28,21,7193.66,4.0,5.0,5.0,base-paper quintile,,,
12713,0,1,848.55,5.0,1.0,3.0,base-paper quintile,,,
12714,8,12,14093.71,5.0,5.0,5.0,base-paper quintile,,,
12715,105,1,353.86,3.0,1.0,2.0,base-paper quintile,,,
12716,3,2,1053.49,5.0,2.0,3.0,base-paper quintile,,,
12717,150,3,1308.91,3.0,3.0,4.0,base-paper quintile,,,
12718,70,1,238.25,3.0,1.0,1.0,base-paper quintile,,,
12719,4,2,644.95,5.0,2.0,3.0,base-paper quintile,,,
12720,2,30,8260.67,5.0,5.0,5.0,base-paper quintile,,,
12721,31,8,4013.08,4.0,4.0,5.0,base-paper quintile,,,
12722,84,4,997.63,3.0,3.0,3.0,base-paper quintile,,,
12723,3,5,725.07,5.0,4.0,3.0,base-paper quintile,,,
12724,4,7,2317.52,5.0,4.0,4.0,base-paper quintile,,,
12725,370,4,2694.56,2.0,3.0,4.0,base-paper quintile,,,
12726,27,11,4014.6,4.0,5.0,5.0,base-paper quintile,,,
12727,10,10,5679.53,5.0,5.0,5.0,base-paper quintile,,,
12728,70,5,1070.17,3.0,4.0,3.0,base-paper quintile,,,
12729,113,1,453.01,3.0,1.0,2.0,base-paper quintile,,,
12730,521,1,829.25,1.0,1.0,3.0,base-paper quintile,,,
12731,23,17,25775.71,4.0,5.0,5.0,base-paper quintile,,,
12732,179,1,236.26000000000002,3.0,1.0,1.0,base-paper quintile,,,
12733,233,4,2424.87,2.0,3.0,4.0,base-paper quintile,,,
12734,352,3,639.65,2.0,3.0,3.0,base-paper quintile,,,
12735,314,2,779.5699999999999,2.0,2.0,3.0,base-paper quintile,,,
12736,332,1,234.0,2.0,1.0,1.0,base-paper quintile,,,
12737,498,2,3710.5,1.0,2.0,5.0,base-paper quintile,,,
12738,371,1,310.7,2.0,1.0,2.0,base-paper quintile,,,
12739,77,4,2726.73,3.0,3.0,4.0,base-paper quintile,,,
12740,63,1,427.6,3.0,1.0,2.0,base-paper quintile,,,
12741,528,2,406.07,1.0,2.0,2.0,base-paper quintile,,,
12742,625,1,1201.52,1.0,1.0,3.0,base-paper quintile,,,
12743,133,2,546.43,3.0,2.0,2.0,base-paper quintile,,,
12744,51,11,25317.06,4.0,5.0,5.0,base-paper quintile,,,
12745,486,3,925.41,1.0,3.0,3.0,base-paper quintile,,,
12746,540,1,254.55,1.0,1.0,1.0,base-paper quintile,,,
12747,1,26,9276.539999999999,5.0,5.0,5.0,base-paper quintile,,,
12748,0,336,56599.39,5.0,5.0,5.0,base-paper quintile,,,
12749,3,9,6897.36,5.0,5.0,5.0,base-paper quintile,,,
12750,128,1,275.88,3.0,1.0,1.0,base-paper quintile,,,
12751,444,1,268.27,1.0,1.0,1.0,base-paper quintile,,,
12752,80,1,4366.78,3.0,1.0,5.0,base-paper quintile,,,
12753,22,6,21429.39,4.0,4.0,5.0,base-paper quintile,,,
12754,235,3,3010.74,2.0,3.0,5.0,base-paper quintile,,,
12755,280,11,9030.66,2.0,5.0,5.0,base-paper quintile,,,
12756,86,1,112.07999999999998,3.0,1.0,1.0,base-paper quintile,,,
12757,15,13,7857.1,5.0,5.0,5.0,base-paper quintile,,,
12758,116,7,9903.24,3.0,4.0,5.0,base-paper quintile,,,
12759,51,8,5020.74,4.0,4.0,5.0,base-paper quintile,,,
12760,455,1,347.8,1.0,1.0,2.0,base-paper quintile,,,
12761,457,2,782.95,1.0,2.0,3.0,base-paper quintile,,,
12762,7,2,1898.52,5.0,2.0,4.0,base-paper quintile,,,
12763,137,2,814.16,3.0,2.0,3.0,base-paper quintile,,,
12764,316,1,1693.88,2.0,1.0,4.0,base-paper quintile,,,
12765,471,6,1404.58,1.0,4.0,4.0,base-paper quintile,,,
12766,3,9,10068.28,5.0,5.0,5.0,base-paper quintile,,,
12767,375,1,949.82,2.0,1.0,3.0,base-paper quintile,,,
12768,450,1,168.69000000000003,1.0,1.0,1.0,base-paper quintile,,,
12769,238,1,1143.6,2.0,1.0,3.0,base-paper quintile,,,
12770,210,2,3246.45,2.0,2.0,5.0,base-paper quintile,,,
12771,485,1,282.3,1.0,1.0,1.0,base-paper quintile,,,
12772,59,1,892.47,3.0,1.0,3.0,base-paper quintile,,,
12773,563,1,124.25,1.0,1.0,1.0,base-paper quintile,,,
12774,535,1,98.7,1.0,1.0,1.0,base-paper quintile,,,
12775,16,7,1686.12,5.0,4.0,4.0,base-paper quintile,,,
12776,667,1,55.5,1.0,1.0,1.0,base-paper quintile,,,
12777,457,1,519.45,1.0,1.0,2.0,base-paper quintile,,,
12778,19,9,1775.68,4.0,5.0,4.0,base-paper quintile,,,
12779,37,14,6722.2699999999995,4.0,5.0,5.0,base-paper quintile,,,
12780,598,1,337.4,1.0,1.0,2.0,base-paper quintile,,,
12781,63,2,826.74,3.0,2.0,3.0,base-paper quintile,,,
12782,4,11,4618.24,5.0,5.0,5.0,base-paper quintile,,,
12783,1,6,2225.91,5.0,4.0,4.0,base-paper quintile,,,
12784,8,3,1804.75,5.0,3.0,4.0,base-paper quintile,,,
12785,363,3,1100.4,2.0,3.0,3.0,base-paper quintile,,,
12786,609,1,728.5,1.0,1.0,3.0,base-paper quintile,,,
12787,9,4,862.18,5.0,3.0,3.0,base-paper quintile,,,
12788,462,4,444.9,1.0,3.0,2.0,base-paper quintile,,,
12789,64,3,273.35,3.0,3.0,1.0,base-paper quintile,,,
12790,191,2,591.85,2.0,2.0,2.0,base-paper quintile,,,
12791,373,6,1056.1100000000001,2.0,4.0,3.0,base-paper quintile,,,
12792,256,2,827.01,2.0,2.0,3.0,base-paper quintile,,,
12793,334,3,1017.33,2.0,3.0,3.0,base-paper quintile,,,
12794,52,2,860.41,4.0,2.0,3.0,base-paper quintile,,,
12795,18,1,430.48,5.0,1.0,2.0,base-paper quintile,,,
12796,627,1,381.0,1.0,1.0,2.0,base-paper quintile,,,
12797,365,2,806.11,2.0,2.0,3.0,base-paper quintile,,,
12798,9,4,8510.93,5.0,3.0,5.0,base-paper quintile,,,
12799,528,1,219.35,1.0,1.0,1.0,base-paper quintile,,,
12800,469,3,584.25,1.0,3.0,2.0,base-paper quintile,,,
12801,500,1,1071.82,1.0,1.0,3.0,base-paper quintile,,,
12802,186,7,2416.42,3.0,4.0,4.0,base-paper quintile,,,
12803,392,1,1092.81,2.0,1.0,3.0,base-paper quintile,,,
12804,465,2,327.02,1.0,2.0,2.0,base-paper quintile,,,
12805,381,4,1434.95,2.0,3.0,4.0,base-paper quintile,,,
12806,434,4,2878.96,1.0,3.0,4.0,base-paper quintile,,,
12807,382,1,330.35,2.0,1.0,2.0,base-paper quintile,,,
12808,36,5,906.1,4.0,4.0,3.0,base-paper quintile,,,
12809,177,3,1755.94,3.0,3.0,4.0,base-paper quintile,,,
12810,534,2,534.99,1.0,2.0,2.0,base-paper quintile,,,
12811,260,5,1033.9,2.0,4.0,3.0,base-paper quintile,,,
12812,44,1,229.64000000000001,4.0,1.0,1.0,base-paper quintile,,,
12813,501,3,1687.8,1.0,3.0,4.0,base-paper quintile,,,
12814,101,1,125.92,3.0,1.0,1.0,base-paper quintile,,,
12815,147,2,1063.46,3.0,2.0,3.0,base-paper quintile,,,
12816,95,2,572.2,3.0,2.0,2.0,base-paper quintile,,,
12817,280,3,690.98,2.0,3.0,3.0,base-paper quintile,,,
12818,261,1,1542.08,2.0,1.0,4.0,base-paper quintile,,,
12819,457,1,540.52,1.0,1.0,2.0,base-paper quintile,,,
12820,2,11,2689.52,5.0,5.0,4.0,base-paper quintile,,,
12821,213,2,220.8,2.0,2.0,1.0,base-paper quintile,,,
12822,70,2,948.88,3.0,2.0,3.0,base-paper quintile,,,
12823,74,18,6501.5,3.0,5.0,5.0,base-paper quintile,,,
12824,59,1,397.12,3.0,1.0,2.0,base-paper quintile,,,
12825,520,2,518.63,1.0,2.0,2.0,base-paper quintile,,,
12826,2,12,2955.75,5.0,5.0,4.0,base-paper quintile,,,
12827,5,3,430.15000000000003,5.0,3.0,2.0,base-paper quintile,,,
12828,2,6,1018.71,5.0,4.0,3.0,base-paper quintile,,,
12829,336,3,385.3,2.0,3.0,2.0,base-paper quintile,,,
12830,37,6,6814.64,4.0,4.0,5.0,base-paper quintile,,,
12831,261,3,451.11,2.0,3.0,2.0,base-paper quintile,,,
12832,31,2,383.03,4.0,2.0,2.0,base-paper quintile,,,
12833,144,1,417.38,3.0,1.0,2.0,base-paper quintile,,,
12834,282,1,312.38,2.0,1.0,2.0,base-paper quintile,,,
12835,427,41,6043.31,1.0,5.0,5.0,base-paper quintile,,,
12836,58,15,6585.62,4.0,5.0,5.0,base-paper quintile,,,
12837,172,2,688.41,3.0,2.0,3.0,base-paper quintile,,,
12838,33,10,3398.48,4.0,5.0,5.0,base-paper quintile,,,
12839,2,26,10071.73,5.0,5.0,5.0,base-paper quintile,,,
12840,143,7,4041.97,3.0,4.0,5.0,base-paper quintile,,,
12841,4,40,7540.68,5.0,5.0,5.0,base-paper quintile,,,
12842,69,4,1917.99,3.0,3.0,4.0,base-paper quintile,,,
12843,65,30,6588.41,3.0,5.0,5.0,base-paper quintile,,,
12844,28,4,648.6,4.0,3.0,3.0,base-paper quintile,,,
12845,266,4,354.09,2.0,3.0,2.0,base-paper quintile,,,
12846,681,1,15.58,1.0,1.0,1.0,base-paper quintile,,,
12847,21,2,1636.8999999999999,4.0,2.0,4.0,base-paper quintile,,,
12848,675,1,208.0,1.0,1.0,1.0,base-paper quintile,,,
12849,30,6,3090.56,4.0,4.0,5.0,base-paper quintile,,,
12850,445,1,330.0,1.0,1.0,2.0,base-paper quintile,,,
12851,96,2,284.13,3.0,2.0,1.0,base-paper quintile,,,
12852,294,1,311.55,2.0,1.0,2.0,base-paper quintile,,,
12853,134,11,3907.5,3.0,5.0,5.0,base-paper quintile,,,
12854,78,7,2994.02,3.0,4.0,5.0,base-paper quintile,,,
12855,372,4,650.9399999999999,2.0,3.0,3.0,base-paper quintile,,,
12856,7,6,2179.93,5.0,4.0,4.0,base-paper quintile,,,
12857,210,6,3688.0,2.0,4.0,5.0,base-paper quintile,,,
12858,382,1,177.92,2.0,1.0,1.0,base-paper quintile,,,
12859,458,1,575.1,1.0,1.0,2.0,base-paper quintile,,,
12860,692,1,55.47,1.0,1.0,1.0,base-paper quintile,,,
12861,619,1,68.25,1.0,1.0,1.0,base-paper quintile,,,
12862,425,2,1008.3199999999999,1.0,2.0,3.0,base-paper quintile,,,
12863,51,6,2792.5499999999997,4.0,4.0,4.0,base-paper quintile,,,
12864,137,2,299.57,3.0,2.0,2.0,base-paper quintile,,,
12865,25,4,3323.47,4.0,3.0,5.0,base-paper quintile,,,
12866,282,3,1227.35,2.0,3.0,3.0,base-paper quintile,,,
12867,25,13,7913.29,4.0,5.0,5.0,base-paper quintile,,,
12868,185,8,2247.06,3.0,4.0,4.0,base-paper quintile,,,
12869,681,1,337.66999999999996,1.0,1.0,2.0,base-paper quintile,,,
12870,374,3,1676.95,2.0,3.0,4.0,base-paper quintile,,,
12871,83,3,744.02,3.0,3.0,3.0,base-paper quintile,,,
12872,326,12,3685.4900000000002,2.0,5.0,5.0,base-paper quintile,,,
12873,281,3,2027.3,2.0,3.0,4.0,base-paper quintile,,,
12874,384,2,948.42,2.0,2.0,3.0,base-paper quintile,,,
12875,142,5,1356.99,3.0,4.0,4.0,base-paper quintile,,,
12876,57,4,4081.79,4.0,3.0,5.0,base-paper quintile,,,
12877,3,20,2955.17,5.0,5.0,4.0,base-paper quintile,,,
12878,235,2,854.99,2.0,2.0,3.0,base-paper quintile,,,
12879,44,3,573.22,4.0,3.0,2.0,base-paper quintile,,,
12880,381,2,640.13,2.0,2.0,3.0,base-paper quintile,,,
12881,275,1,298.0,2.0,1.0,2.0,base-paper quintile,,,
12882,8,2,1463.04,5.0,2.0,4.0,base-paper quintile,,,
12883,24,4,703.47,4.0,3.0,3.0,base-paper quintile,,,
12884,87,1,309.05,3.0,1.0,2.0,base-paper quintile,,,
12885,62,3,1175.22,3.0,3.0,3.0,base-paper quintile,,,
12886,67,2,1378.4,3.0,2.0,4.0,base-paper quintile,,,
12887,383,1,222.4,2.0,1.0,1.0,base-paper quintile,,,
12888,213,2,354.12,2.0,2.0,2.0,base-paper quintile,,,
12889,380,4,385.46000000000004,2.0,3.0,2.0,base-paper quintile,,,
12890,23,2,717.27,4.0,2.0,3.0,base-paper quintile,,,
12891,185,11,840.5,3.0,5.0,3.0,base-paper quintile,,,
12892,396,1,263.38,2.0,1.0,1.0,base-paper quintile,,,
12893,30,1,188.14,4.0,1.0,1.0,base-paper quintile,,,
12894,574,1,157.35,1.0,1.0,1.0,base-paper quintile,,,
12895,41,2,372.8,4.0,2.0,2.0,base-paper quintile,,,
12897,204,4,514.25,2.0,3.0,2.0,base-paper quintile,,,
12898,463,2,310.96000000000004,1.0,2.0,2.0,base-paper quintile,,,
12899,413,1,366.4,1.0,1.0,2.0,base-paper quintile,,,
12900,421,1,340.33,1.0,1.0,2.0,base-paper quintile,,,
12901,8,28,17654.54,5.0,5.0,5.0,base-paper quintile,,,
12902,264,1,138.68,2.0,1.0,1.0,base-paper quintile,,,
12903,428,1,833.53,1.0,1.0,3.0,base-paper quintile,,,
12904,17,2,509.58,5.0,2.0,2.0,base-paper quintile,,,
12905,576,2,1018.42,1.0,2.0,3.0,base-paper quintile,,,
12906,11,5,2919.81,5.0,4.0,4.0,base-paper quintile,,,
12907,395,2,508.91,2.0,2.0,2.0,base-paper quintile,,,
12908,175,5,1776.0,3.0,4.0,4.0,base-paper quintile,,,
12909,39,8,3103.19,4.0,4.0,5.0,base-paper quintile,,,
12910,22,13,5796.52,4.0,5.0,5.0,base-paper quintile,,,
12911,551,1,1680.47,1.0,1.0,4.0,base-paper quintile,,,
12912,2,5,1662.3,5.0,4.0,4.0,base-paper quintile,,,
12913,4,13,6700.860000000001,5.0,5.0,5.0,base-paper quintile,,,
12914,400,1,223.98,2.0,1.0,1.0,base-paper quintile,,,
12915,148,4,1174.75,3.0,3.0,3.0,base-paper quintile,,,
12916,138,7,4654.0199999999995,3.0,4.0,5.0,base-paper quintile,,,
12917,127,6,4359.2,3.0,4.0,5.0,base-paper quintile,,,
12918,625,1,10953.5,1.0,1.0,5.0,base-paper quintile,,,
12919,7,6,1335.19,5.0,4.0,4.0,base-paper quintile,,,
12920,16,4,488.09000000000003,5.0,3.0,2.0,base-paper quintile,,,
12921,8,74,35921.04,5.0,5.0,5.0,base-paper quintile,,,
12922,160,1,405.38,3.0,1.0,2.0,base-paper quintile,,,
12923,63,3,789.87,3.0,3.0,3.0,base-paper quintile,,,
12924,87,12,2469.4,3.0,5.0,4.0,base-paper quintile,,,
12925,4,3,729.3299999999999,5.0,3.0,3.0,base-paper quintile,,,
12926,410,4,1548.46,1.0,3.0,4.0,base-paper quintile,,,
12927,394,1,197.31,2.0,1.0,1.0,base-paper quintile,,,
12928,34,12,4304.89,4.0,5.0,5.0,base-paper quintile,,,
12929,311,1,117.85,2.0,1.0,1.0,base-paper quintile,,,
12930,77,2,415.8,3.0,2.0,2.0,base-paper quintile,,,
12931,21,57,92347.34,4.0,5.0,5.0,base-paper quintile,,,
12932,538,8,1698.56,1.0,4.0,4.0,base-paper quintile,,,
12933,23,8,1687.03,4.0,4.0,4.0,base-paper quintile,,,
12934,736,1,181.65,1.0,1.0,1.0,base-paper quintile,,,
12935,1,15,4243.86,5.0,5.0,5.0,base-paper quintile,,,
12936,16,4,1063.9,5.0,3.0,3.0,base-paper quintile,,,
12937,14,9,3097.61,5.0,5.0,5.0,base-paper quintile,,,
12938,25,1,114.14,4.0,1.0,1.0,base-paper quintile,,,
12939,63,20,25264.8,3.0,5.0,5.0,base-paper quintile,,,
12940,54,2,913.54,4.0,2.0,3.0,base-paper quintile,,,
12941,723,1,377.49,1.0,1.0,2.0,base-paper quintile,,,
12942,130,3,942.65,3.0,3.0,3.0,base-paper quintile,,,
12943,557,2,496.5,1.0,2.0,2.0,base-paper quintile,,,
12944,35,2,604.51,4.0,2.0,2.0,base-paper quintile,,,
12945,287,2,900.11,2.0,2.0,3.0,base-paper quintile,,,
12946,436,1,324.45,1.0,1.0,2.0,base-paper quintile,,,
12947,143,6,1908.03,3.0,4.0,4.0,base-paper quintile,,,
12948,15,9,2317.43,5.0,5.0,4.0,base-paper quintile,,,
12949,30,22,15526.7,4.0,5.0,5.0,base-paper quintile,,,
12950,1,3,1843.0,5.0,3.0,4.0,base-paper quintile,,,
12951,8,15,3213.7200000000003,5.0,5.0,5.0,base-paper quintile,,,
12952,5,4,1387.79,5.0,3.0,4.0,base-paper quintile,,,
12953,9,2,828.8100000000001,5.0,2.0,3.0,base-paper quintile,,,
12954,638,1,162.45,1.0,1.0,1.0,base-paper quintile,,,
12955,0,11,4757.16,5.0,5.0,5.0,base-paper quintile,,,
12956,305,4,521.89,2.0,3.0,2.0,base-paper quintile,,,
12957,9,13,8706.97,5.0,5.0,5.0,base-paper quintile,,,
12958,399,2,539.49,2.0,2.0,2.0,base-paper quintile,,,
12959,483,1,150.95,1.0,1.0,1.0,base-paper quintile,,,
12960,413,4,1322.07,1.0,3.0,4.0,base-paper quintile,,,
12961,378,1,211.99,2.0,1.0,1.0,base-paper quintile,,,
12962,6,2,266.39,5.0,2.0,1.0,base-paper quintile,,,
12963,7,12,3601.59,5.0,5.0,5.0,base-paper quintile,,,
12964,436,1,132.24,1.0,1.0,1.0,base-paper quintile,,,
12965,88,1,771.91,3.0,1.0,3.0,base-paper quintile,,,
12966,9,1,160.18,5.0,1.0,1.0,base-paper quintile,,,
12967,357,3,4306.92,2.0,3.0,5.0,base-paper quintile,,,
12968,111,1,135.95,3.0,1.0,1.0,base-paper quintile,,,
12969,602,1,122.45,1.0,1.0,1.0,base-paper quintile,,,
12970,6,10,1524.97,5.0,5.0,4.0,base-paper quintile,,,
12971,3,116,15972.79,5.0,5.0,5.0,base-paper quintile,,,
12972,413,4,1161.2,1.0,3.0,3.0,base-paper quintile,,,
12973,413,1,385.55,1.0,1.0,2.0,base-paper quintile,,,
12974,197,2,408.95,2.0,2.0,2.0,base-paper quintile,,,
12975,436,6,2100.09,1.0,4.0,4.0,base-paper quintile,,,
12976,211,8,3156.38,2.0,4.0,5.0,base-paper quintile,,,
12977,155,4,517.63,3.0,3.0,2.0,base-paper quintile,,,
12978,384,5,2502.82,2.0,4.0,4.0,base-paper quintile,,,
12979,728,1,517.7,1.0,1.0,2.0,base-paper quintile,,,
12980,157,21,16245.78,3.0,5.0,5.0,base-paper quintile,,,
12981,29,2,372.21999999999997,4.0,2.0,2.0,base-paper quintile,,,
12982,242,8,2744.81,2.0,4.0,4.0,base-paper quintile,,,
12983,597,1,490.08000000000004,1.0,1.0,2.0,base-paper quintile,,,
12984,18,1,97.5,5.0,1.0,1.0,base-paper quintile,,,
12985,0,2,1239.38,5.0,2.0,3.0,base-paper quintile,,,
12986,428,10,2729.84,1.0,5.0,4.0,base-paper quintile,,,
12987,73,5,1312.21,3.0,4.0,4.0,base-paper quintile,,,
12988,291,1,535.32,2.0,1.0,2.0,base-paper quintile,,,
12989,2,33,13551.75,5.0,5.0,5.0,base-paper quintile,,,
12990,30,7,955.5,4.0,4.0,3.0,base-paper quintile,,,
12991,22,3,764.82,4.0,3.0,3.0,base-paper quintile,,,
12992,724,1,93.35000000000001,1.0,1.0,1.0,base-paper quintile,,,
12993,22,8,1259.6299999999999,4.0,4.0,4.0,base-paper quintile,,,
12994,3,3,974.4200000000001,5.0,3.0,3.0,base-paper quintile,,,
12995,84,1,211.32,3.0,1.0,1.0,base-paper quintile,,,
12996,375,1,355.5,2.0,1.0,2.0,base-paper quintile,,,
12997,21,8,2110.91,4.0,4.0,4.0,base-paper quintile,,,
12998,492,3,920.08,1.0,3.0,3.0,base-paper quintile,,,
12999,195,3,455.88,2.0,3.0,2.0,base-paper quintile,,,
13000,106,4,1032.5,3.0,3.0,3.0,base-paper quintile,,,
13001,3,33,24172.100000000002,5.0,5.0,5.0,base-paper quintile,,,
13002,317,3,414.13,2.0,3.0,2.0,base-paper quintile,,,
13003,105,3,149.05,3.0,3.0,1.0,base-paper quintile,,,
13004,11,36,11650.85,5.0,5.0,5.0,base-paper quintile,,,
13005,173,4,999.68,3.0,3.0,3.0,base-paper quintile,,,
13006,55,1,81.57,4.0,1.0,1.0,base-paper quintile,,,
13007,579,1,175.25,1.0,1.0,1.0,base-paper quintile,,,
13008,322,3,612.13,2.0,3.0,2.0,base-paper quintile,,,
13009,672,1,234.0,1.0,1.0,1.0,base-paper quintile,,,
13010,373,2,330.12,2.0,2.0,2.0,base-paper quintile,,,
13011,371,1,101.10000000000001,2.0,1.0,1.0,base-paper quintile,,,
13012,8,11,2972.83,5.0,5.0,4.0,base-paper quintile,,,
13013,0,29,12625.77,5.0,5.0,5.0,base-paper quintile,,,
13014,10,11,5381.08,5.0,5.0,5.0,base-paper quintile,,,
13015,52,11,6586.42,4.0,5.0,5.0,base-paper quintile,,,
13016,72,3,789.89,3.0,3.0,3.0,base-paper quintile,,,
13017,6,1,204.0,5.0,1.0,1.0,base-paper quintile,,,
13018,15,35,9763.16,5.0,5.0,5.0,base-paper quintile,,,
13019,378,6,1229.95,2.0,4.0,3.0,base-paper quintile,,,
13020,562,2,618.96,1.0,2.0,3.0,base-paper quintile,,,
13021,3,17,4887.24,5.0,5.0,5.0,base-paper quintile,,,
13022,429,1,65.3,1.0,1.0,1.0,base-paper quintile,,,
13023,63,3,1449.03,3.0,3.0,4.0,base-paper quintile,,,
13024,470,2,555.87,1.0,2.0,2.0,base-paper quintile,,,
13025,731,1,323.39,1.0,1.0,2.0,base-paper quintile,,,
13026,0,9,1733.08,5.0,5.0,4.0,base-paper quintile,,,
13027,113,19,17335.2,3.0,5.0,5.0,base-paper quintile,,,
13028,22,2,661.3199999999999,4.0,2.0,3.0,base-paper quintile,,,
13029,30,5,1927.3,4.0,4.0,4.0,base-paper quintile,,,
13030,10,2,1227.22,5.0,2.0,3.0,base-paper quintile,,,
13031,406,5,3419.27,2.0,4.0,5.0,base-paper quintile,,,
13032,51,9,2843.55,4.0,5.0,4.0,base-paper quintile,,,
13033,356,2,220.55,2.0,2.0,1.0,base-paper quintile,,,
13034,54,3,922.68,4.0,3.0,3.0,base-paper quintile,,,
13035,73,3,1364.2,3.0,3.0,4.0,base-paper quintile,,,
13036,684,1,307.1,1.0,1.0,2.0,base-paper quintile,,,
13037,137,12,3914.9500000000003,3.0,5.0,5.0,base-paper quintile,,,
13038,79,3,908.46,3.0,3.0,3.0,base-paper quintile,,,
13039,583,4,1010.73,1.0,3.0,3.0,base-paper quintile,,,
13040,8,2,676.99,5.0,2.0,3.0,base-paper quintile,,,
13041,450,4,799.13,1.0,3.0,3.0,base-paper quintile,,,
13042,597,3,1556.54,1.0,3.0,4.0,base-paper quintile,,,
13043,272,1,516.42,2.0,1.0,2.0,base-paper quintile,,,
13044,290,11,4853.9,2.0,5.0,5.0,base-paper quintile,,,
13045,98,3,808.92,3.0,3.0,3.0,base-paper quintile,,,
13046,30,3,949.25,4.0,3.0,3.0,base-paper quintile,,,
13047,31,24,8795.16,4.0,5.0,5.0,base-paper quintile,,,
13048,13,9,4084.21,5.0,5.0,5.0,base-paper quintile,,,
13049,63,4,1408.24,3.0,3.0,4.0,base-paper quintile,,,
13050,14,35,12344.53,5.0,5.0,5.0,base-paper quintile,,,
13051,578,2,155.8,1.0,2.0,1.0,base-paper quintile,,,
13052,211,7,3168.53,2.0,4.0,5.0,base-paper quintile,,,
13053,621,1,127.65,1.0,1.0,1.0,base-paper quintile,,,
13055,77,4,2321.11,3.0,3.0,4.0,base-paper quintile,,,
13056,550,1,209.48,1.0,1.0,1.0,base-paper quintile,,,
13057,529,3,722.09,1.0,3.0,3.0,base-paper quintile,,,
13058,24,3,271.40000000000003,4.0,3.0,1.0,base-paper quintile,,,
13059,249,10,2303.17,2.0,5.0,4.0,base-paper quintile,,,
13060,253,1,307.53,2.0,1.0,2.0,base-paper quintile,,,
13061,71,1,248.61,3.0,1.0,1.0,base-paper quintile,,,
13062,190,1,346.98,2.0,1.0,2.0,base-paper quintile,,,
13063,480,1,188.4,1.0,1.0,1.0,base-paper quintile,,,
13064,12,6,1680.74,5.0,4.0,4.0,base-paper quintile,,,
13065,372,5,1260.91,2.0,4.0,4.0,base-paper quintile,,,
13066,23,2,470.8,4.0,2.0,2.0,base-paper quintile,,,
13067,81,3,508.51,3.0,3.0,2.0,base-paper quintile,,,
13068,9,2,344.0,5.0,2.0,2.0,base-paper quintile,,,
13069,0,38,9683.13,5.0,5.0,5.0,base-paper quintile,,,
13070,191,4,751.7,2.0,3.0,3.0,base-paper quintile,,,
13071,611,1,129.22,1.0,1.0,1.0,base-paper quintile,,,
13072,266,1,177.15,2.0,1.0,1.0,base-paper quintile,,,
13073,410,2,418.08,1.0,2.0,2.0,base-paper quintile,,,
13074,510,4,1378.74,1.0,3.0,4.0,base-paper quintile,,,
13075,129,1,919.61,3.0,1.0,3.0,base-paper quintile,,,
13076,457,1,135.4,1.0,1.0,1.0,base-paper quintile,,,
13077,0,11,3064.67,5.0,5.0,5.0,base-paper quintile,,,
13078,2,57,29532.45,5.0,5.0,5.0,base-paper quintile,,,
13079,3,6,419.18,5.0,4.0,2.0,base-paper quintile,,,
13080,178,4,280.73,3.0,3.0,1.0,base-paper quintile,,,
13081,11,28,59205.15,5.0,5.0,5.0,base-paper quintile,,,
13082,125,21,7335.75,3.0,5.0,5.0,base-paper quintile,,,
13083,3,3,395.43,5.0,3.0,2.0,base-paper quintile,,,
13084,491,1,122.39999999999999,1.0,1.0,1.0,base-paper quintile,,,
13085,157,8,2433.28,3.0,4.0,4.0,base-paper quintile,,,
13086,382,1,439.33000000000004,2.0,1.0,2.0,base-paper quintile,,,
13087,725,1,313.64,1.0,1.0,2.0,base-paper quintile,,,
13088,416,1,236.11,1.0,1.0,1.0,base-paper quintile,,,
13089,2,203,116737.86,5.0,5.0,5.0,base-paper quintile,,,
13090,8,24,14103.09,5.0,5.0,5.0,base-paper quintile,,,
13091,27,3,2321.82,4.0,3.0,4.0,base-paper quintile,,,
13092,70,12,2140.28,3.0,5.0,4.0,base-paper quintile,,,
13093,275,55,54943.65,2.0,5.0,5.0,base-paper quintile,,,
13094,20,13,2433.1200000000003,4.0,5.0,4.0,base-paper quintile,,,
13095,70,1,74.39999999999999,3.0,1.0,1.0,base-paper quintile,,,
13096,393,1,419.70000000000005,2.0,1.0,2.0,base-paper quintile,,,
13097,32,28,13389.22,4.0,5.0,5.0,base-paper quintile,,,
13098,0,28,28882.44,5.0,5.0,5.0,base-paper quintile,,,
13099,98,1,207.35999999999999,3.0,1.0,1.0,base-paper quintile,,,
13101,233,4,695.4,2.0,3.0,3.0,base-paper quintile,,,
13102,0,37,11696.92,5.0,5.0,5.0,base-paper quintile,,,
13103,39,3,709.64,4.0,3.0,3.0,base-paper quintile,,,
13104,2,9,1709.1,5.0,5.0,4.0,base-paper quintile,,,
13105,435,1,72.0,1.0,1.0,1.0,base-paper quintile,,,
13106,132,2,603.46,3.0,2.0,2.0,base-paper quintile,,,
13107,43,9,5253.07,4.0,5.0,5.0,base-paper quintile,,,
13108,372,2,1098.52,2.0,2.0,3.0,base-paper quintile,,,
13109,59,3,1134.03,3.0,3.0,3.0,base-paper quintile,,,
13110,30,12,2957.4700000000003,4.0,5.0,4.0,base-paper quintile,,,
13111,718,1,321.88000000000005,1.0,1.0,2.0,base-paper quintile,,,
13112,540,1,20.6,1.0,1.0,1.0,base-paper quintile,,,
13113,0,37,18625.73,5.0,5.0,5.0,base-paper quintile,,,
13114,730,1,234.38,1.0,1.0,1.0,base-paper quintile,,,
13115,11,10,5494.7,5.0,5.0,5.0,base-paper quintile,,,
13116,137,1,501.14,3.0,1.0,2.0,base-paper quintile,,,
13117,21,18,2643.81,4.0,5.0,4.0,base-paper quintile,,,
13118,19,9,2415.41,4.0,5.0,4.0,base-paper quintile,,,
13119,668,1,134.9,1.0,1.0,1.0,base-paper quintile,,,
13120,238,1,30.599999999999998,2.0,1.0,1.0,base-paper quintile,,,
13121,268,1,283.73,2.0,1.0,1.0,base-paper quintile,,,
13122,93,2,922.39,3.0,2.0,3.0,base-paper quintile,,,
13123,472,2,506.75,1.0,2.0,2.0,base-paper quintile,,,
13124,89,4,4782.45,3.0,3.0,5.0,base-paper quintile,,,
13125,523,1,158.57,1.0,1.0,1.0,base-paper quintile,,,
13126,4,13,3998.25,5.0,5.0,5.0,base-paper quintile,,,
13127,77,1,259.17,3.0,1.0,1.0,base-paper quintile,,,
13128,630,1,263.5,1.0,1.0,1.0,base-paper quintile,,,
13129,451,2,233.25,1.0,2.0,1.0,base-paper quintile,,,
13130,93,1,64.0,3.0,1.0,1.0,base-paper quintile,,,
13131,22,7,3313.77,4.0,4.0,5.0,base-paper quintile,,,
13132,261,1,77.3,2.0,1.0,1.0,base-paper quintile,,,
13133,273,3,200.45000000000002,2.0,3.0,1.0,base-paper quintile,,,
13134,85,6,2475.23,3.0,4.0,4.0,base-paper quintile,,,
13135,196,2,3371.45,2.0,2.0,5.0,base-paper quintile,,,
13136,55,13,6274.56,4.0,5.0,5.0,base-paper quintile,,,
13137,10,16,7712.7,5.0,5.0,5.0,base-paper quintile,,,
13138,21,7,1467.24,4.0,4.0,4.0,base-paper quintile,,,
13139,15,8,8202.98,5.0,4.0,5.0,base-paper quintile,,,
13140,107,5,1215.68,3.0,4.0,3.0,base-paper quintile,,,
13141,84,17,7668.58,3.0,5.0,5.0,base-paper quintile,,,
13142,18,1,307.09,5.0,1.0,2.0,base-paper quintile,,,
13143,584,1,405.1,1.0,1.0,2.0,base-paper quintile,,,
13144,332,2,135.35,2.0,2.0,1.0,base-paper quintile,,,
13145,39,7,1423.52,4.0,4.0,4.0,base-paper quintile,,,
13146,25,1,228.91,4.0,1.0,1.0,base-paper quintile,,,
13147,9,4,712.8000000000001,5.0,3.0,3.0,base-paper quintile,,,
13148,28,26,8621.81,4.0,5.0,5.0,base-paper quintile,,,
13149,13,4,1676.06,5.0,3.0,4.0,base-paper quintile,,,
13150,483,3,449.96999999999997,1.0,3.0,2.0,base-paper quintile,,,
13151,295,3,2580.7400000000002,2.0,3.0,4.0,base-paper quintile,,,
13152,416,7,2146.38,1.0,4.0,4.0,base-paper quintile,,,
13153,5,1,486.22,5.0,1.0,2.0,base-paper quintile,,,
13154,398,3,1624.84,2.0,3.0,4.0,base-paper quintile,,,
13155,32,6,1750.18,4.0,4.0,4.0,base-paper quintile,,,
13156,384,3,1586.54,2.0,3.0,4.0,base-paper quintile,,,
13157,48,9,5687.36,4.0,5.0,5.0,base-paper quintile,,,
13158,94,5,1508.18,3.0,4.0,4.0,base-paper quintile,,,
13159,8,4,1437.85,5.0,3.0,4.0,base-paper quintile,,,
13160,21,1,91.8,4.0,1.0,1.0,base-paper quintile,,,
13161,312,2,478.88,2.0,2.0,2.0,base-paper quintile,,,
13162,121,16,9275.49,3.0,5.0,5.0,base-paper quintile,,,
13163,609,1,17.65,1.0,1.0,1.0,base-paper quintile,,,
13164,568,2,372.2,1.0,2.0,2.0,base-paper quintile,,,
13165,45,3,1451.16,4.0,3.0,4.0,base-paper quintile,,,
13166,282,2,884.18,2.0,2.0,3.0,base-paper quintile,,,
13167,18,5,1125.15,5.0,4.0,3.0,base-paper quintile,,,
13168,35,5,1875.31,4.0,4.0,4.0,base-paper quintile,,,
13169,63,3,840.08,3.0,3.0,3.0,base-paper quintile,,,
13170,26,1,116.00999999999999,4.0,1.0,1.0,base-paper quintile,,,
13171,21,3,468.41,4.0,3.0,2.0,base-paper quintile,,,
13172,399,1,69.6,2.0,1.0,1.0,base-paper quintile,,,
13173,3,11,2639.35,5.0,5.0,4.0,base-paper quintile,,,
13174,15,12,9494.84,5.0,5.0,5.0,base-paper quintile,,,
13175,581,2,831.45,1.0,2.0,3.0,base-paper quintile,,,
13176,45,1,492.84,4.0,1.0,2.0,base-paper quintile,,,
13177,64,2,512.2,3.0,2.0,2.0,base-paper quintile,,,
13178,25,21,14059.19,4.0,5.0,5.0,base-paper quintile,,,
13179,618,1,572.3100000000001,1.0,1.0,2.0,base-paper quintile,,,
13180,606,1,86.10000000000001,1.0,1.0,1.0,base-paper quintile,,,
13181,380,1,359.69,2.0,1.0,2.0,base-paper quintile,,,
13182,44,1,121.18,4.0,1.0,1.0,base-paper quintile,,,
13183,7,15,7036.18,5.0,5.0,5.0,base-paper quintile,,,
13184,14,10,1701.29,5.0,5.0,4.0,base-paper quintile,,,
13185,267,1,71.4,2.0,1.0,1.0,base-paper quintile,,,
13186,39,3,1575.89,4.0,3.0,4.0,base-paper quintile,,,
13187,336,4,367.01,2.0,3.0,2.0,base-paper quintile,,,
13188,10,1,114.60000000000001,5.0,1.0,1.0,base-paper quintile,,,
13189,18,2,260.68,5.0,2.0,1.0,base-paper quintile,,,
13190,543,3,570.66,1.0,3.0,2.0,base-paper quintile,,,
13191,657,1,164.69,1.0,1.0,1.0,base-paper quintile,,,
13192,94,6,2558.58,3.0,4.0,4.0,base-paper quintile,,,
13193,60,1,117.88,3.0,1.0,1.0,base-paper quintile,,,
13194,135,2,472.78,3.0,2.0,2.0,base-paper quintile,,,
13195,413,1,172.38,1.0,1.0,1.0,base-paper quintile,,,
13196,10,7,3068.84,5.0,4.0,5.0,base-paper quintile,,,
13197,609,1,373.01000000000005,1.0,1.0,2.0,base-paper quintile,,,
13198,9,8,4974.2300000000005,5.0,4.0,5.0,base-paper quintile,,,
13199,3,67,16432.89,5.0,5.0,5.0,base-paper quintile,,,
13200,18,4,870.09,5.0,3.0,3.0,base-paper quintile,,,
13201,501,4,1240.6100000000001,1.0,3.0,3.0,base-paper quintile,,,
13202,393,7,1580.3,2.0,4.0,4.0,base-paper quintile,,,
13203,9,10,2648.25,5.0,5.0,4.0,base-paper quintile,,,
13204,730,1,966.6600000000001,1.0,1.0,3.0,base-paper quintile,,,
13205,442,1,2803.2,1.0,1.0,4.0,base-paper quintile,,,
13206,399,13,8377.32,2.0,5.0,5.0,base-paper quintile,,,
13207,14,4,535.86,5.0,3.0,2.0,base-paper quintile,,,
13208,58,9,1988.5,4.0,5.0,4.0,base-paper quintile,,,
13209,29,13,8509.51,4.0,5.0,5.0,base-paper quintile,,,
13210,93,1,353.48,3.0,1.0,2.0,base-paper quintile,,,
13211,9,10,2729.32,5.0,5.0,4.0,base-paper quintile,,,
13212,19,3,788.08,4.0,3.0,3.0,base-paper quintile,,,
13213,56,11,3851.52,4.0,5.0,5.0,base-paper quintile,,,
13214,417,7,3264.23,1.0,4.0,5.0,base-paper quintile,,,
13215,401,1,81.6,2.0,1.0,1.0,base-paper quintile,,,
13216,267,1,333.74,2.0,1.0,2.0,base-paper quintile,,,
13217,121,4,666.48,3.0,3.0,3.0,base-paper quintile,,,
13218,126,1,62.63999999999999,3.0,1.0,1.0,base-paper quintile,,,
13219,617,1,76.23,1.0,1.0,1.0,base-paper quintile,,,
13220,77,5,1336.0900000000001,3.0,4.0,4.0,base-paper quintile,,,
13221,239,2,847.41,2.0,2.0,3.0,base-paper quintile,,,
13222,576,1,88.5,1.0,1.0,1.0,base-paper quintile,,,
13223,199,6,969.1200000000001,2.0,4.0,3.0,base-paper quintile,,,
13224,59,2,2155.95,3.0,2.0,4.0,base-paper quintile,,,
13225,2,16,16260.07,5.0,5.0,5.0,base-paper quintile,,,
13226,272,2,312.46,2.0,2.0,2.0,base-paper quintile,,,
13227,201,1,257.7,2.0,1.0,1.0,base-paper quintile,,,
13228,80,1,358.0,3.0,1.0,2.0,base-paper quintile,,,
13229,225,1,160.95,2.0,1.0,1.0,base-paper quintile,,,
13230,3,30,6360.78,5.0,5.0,5.0,base-paper quintile,,,
13232,12,7,1357.6,5.0,4.0,4.0,base-paper quintile,,,
13233,73,4,1176.46,3.0,3.0,3.0,base-paper quintile,,,
13234,672,2,356.95,1.0,2.0,2.0,base-paper quintile,,,
13235,211,1,1031.07,2.0,1.0,3.0,base-paper quintile,,,
13236,24,2,744.85,4.0,2.0,3.0,base-paper quintile,,,
13237,387,1,643.0,2.0,1.0,3.0,base-paper quintile,,,
13238,16,6,1006.63,5.0,4.0,3.0,base-paper quintile,,,
13239,261,5,1594.69,2.0,4.0,4.0,base-paper quintile,,,
13240,95,8,1738.52,3.0,4.0,4.0,base-paper quintile,,,
13241,411,1,115.58,1.0,1.0,1.0,base-paper quintile,,,
13242,111,7,699.4,3.0,4.0,3.0,base-paper quintile,,,
13243,202,5,1278.04,2.0,4.0,4.0,base-paper quintile,,,
13244,92,1,121.74000000000001,3.0,1.0,1.0,base-paper quintile,,,
13245,50,2,989.22,4.0,2.0,3.0,base-paper quintile,,,
13246,17,11,3387.43,5.0,5.0,5.0,base-paper quintile,,,
13247,17,4,501.12,5.0,3.0,2.0,base-paper quintile,,,
13248,124,2,465.68,3.0,2.0,2.0,base-paper quintile,,,
13249,91,9,1608.93,3.0,5.0,4.0,base-paper quintile,,,
13250,460,2,256.04,1.0,2.0,1.0,base-paper quintile,,,
13251,401,1,252.68,2.0,1.0,1.0,base-paper quintile,,,
13252,393,2,399.3,2.0,2.0,2.0,base-paper quintile,,,
13253,156,4,2951.11,3.0,3.0,4.0,base-paper quintile,,,
13254,375,1,51.410000000000004,2.0,1.0,1.0,base-paper quintile,,,
13255,8,3,904.46,5.0,3.0,3.0,base-paper quintile,,,
13257,435,1,149.75,1.0,1.0,1.0,base-paper quintile,,,
13258,11,5,1035.18,5.0,4.0,3.0,base-paper quintile,,,
13259,61,9,1433.38,3.0,5.0,4.0,base-paper quintile,,,
13260,60,1,557.62,3.0,1.0,2.0,base-paper quintile,,,
13261,268,2,944.1,2.0,2.0,3.0,base-paper quintile,,,
13262,262,3,573.45,2.0,3.0,2.0,base-paper quintile,,,
13263,0,39,8704.69,5.0,5.0,5.0,base-paper quintile,,,
13264,442,1,722.5600000000001,1.0,1.0,3.0,base-paper quintile,,,
13265,52,5,2107.66,4.0,4.0,4.0,base-paper quintile,,,
13266,10,19,6135.04,5.0,5.0,5.0,base-paper quintile,,,
13267,2,36,9758.26,5.0,5.0,5.0,base-paper quintile,,,
13268,17,11,3214.69,5.0,5.0,5.0,base-paper quintile,,,
13269,0,28,8891.7,5.0,5.0,5.0,base-paper quintile,,,
13270,365,1,1180.0,2.0,1.0,3.0,base-paper quintile,,,
13271,36,1,217.38,4.0,1.0,1.0,base-paper quintile,,,
13272,30,2,276.56,4.0,2.0,1.0,base-paper quintile,,,
13273,112,1,138.98,3.0,1.0,1.0,base-paper quintile,,,
13274,408,1,360.85,2.0,1.0,2.0,base-paper quintile,,,
13275,383,2,241.66,2.0,2.0,1.0,base-paper quintile,,,
13276,63,5,1939.26,3.0,4.0,4.0,base-paper quintile,,,
13277,15,7,523.3,5.0,4.0,2.0,base-paper quintile,,,
13278,40,4,1435.85,4.0,3.0,4.0,base-paper quintile,,,
13279,77,1,137.75,3.0,1.0,1.0,base-paper quintile,,,
13280,121,7,2322.63,3.0,4.0,4.0,base-paper quintile,,,
13281,438,1,350.85,1.0,1.0,2.0,base-paper quintile,,,
13282,17,4,1313.19,5.0,3.0,4.0,base-paper quintile,,,
13283,59,4,373.36,3.0,3.0,2.0,base-paper quintile,,,
13284,330,1,201.19,2.0,1.0,1.0,base-paper quintile,,,
13285,22,6,3364.59,4.0,4.0,5.0,base-paper quintile,,,
13286,599,1,734.91,1.0,1.0,3.0,base-paper quintile,,,
13287,602,3,781.59,1.0,3.0,3.0,base-paper quintile,,,
13288,442,5,927.61,1.0,4.0,3.0,base-paper quintile,,,
13289,723,1,307.95,1.0,1.0,2.0,base-paper quintile,,,
13290,437,1,208.63,1.0,1.0,1.0,base-paper quintile,,,
13291,155,11,3320.84,3.0,5.0,5.0,base-paper quintile,,,
13292,38,5,994.51,4.0,4.0,3.0,base-paper quintile,,,
13293,391,6,1192.94,2.0,4.0,3.0,base-paper quintile,,,
13294,189,3,1689.53,2.0,3.0,4.0,base-paper quintile,,,
13295,359,4,1101.97,2.0,3.0,3.0,base-paper quintile,,,
13296,136,6,792.51,3.0,4.0,3.0,base-paper quintile,,,
13297,7,7,4368.62,5.0,4.0,5.0,base-paper quintile,,,
13298,0,1,360.0,5.0,1.0,2.0,base-paper quintile,,,
13299,267,3,1218.7,2.0,3.0,3.0,base-paper quintile,,,
13300,168,3,1285.51,3.0,3.0,4.0,base-paper quintile,,,
13301,103,4,618.09,3.0,3.0,2.0,base-paper quintile,,,
13302,154,2,159.2,3.0,2.0,1.0,base-paper quintile,,,
13303,399,1,61.72,2.0,1.0,1.0,base-paper quintile,,,
13304,350,4,1217.99,2.0,3.0,3.0,base-paper quintile,,,
13305,3,16,3754.71,5.0,5.0,5.0,base-paper quintile,,,
13306,429,1,53.65,1.0,1.0,1.0,base-paper quintile,,,
13307,119,3,273.34,3.0,3.0,1.0,base-paper quintile,,,
13308,22,4,1670.3700000000001,4.0,3.0,4.0,base-paper quintile,,,
13309,6,6,1706.3700000000001,5.0,4.0,4.0,base-paper quintile,,,
13310,27,5,1541.2,4.0,4.0,4.0,base-paper quintile,,,
13311,3,2,598.57,5.0,2.0,2.0,base-paper quintile,,,
13312,450,1,124.75,1.0,1.0,1.0,base-paper quintile,,,
13313,21,12,3445.32,4.0,5.0,5.0,base-paper quintile,,,
13314,1,3,775.94,5.0,3.0,3.0,base-paper quintile,,,
13315,688,1,310.26,1.0,1.0,2.0,base-paper quintile,,,
13316,36,10,13191.57,4.0,5.0,5.0,base-paper quintile,,,
13317,65,19,6486.091,3.0,5.0,5.0,base-paper quintile,,,
13318,0,3,640.76,5.0,3.0,3.0,base-paper quintile,,,
13319,4,58,22082.5,5.0,5.0,5.0,base-paper quintile,,,
13320,77,6,2228.1,3.0,4.0,4.0,base-paper quintile,,,
13321,71,2,567.36,3.0,2.0,2.0,base-paper quintile,,,
13322,16,1,199.48000000000002,5.0,1.0,1.0,base-paper quintile,,,
13323,2,5,787.85,5.0,4.0,3.0,base-paper quintile,,,
13324,35,18,10513.47,4.0,5.0,5.0,base-paper quintile,,,
13325,81,1,675.3,3.0,1.0,3.0,base-paper quintile,,,
13326,431,1,281.76,1.0,1.0,1.0,base-paper quintile,,,
13327,38,20,9879.48,4.0,5.0,5.0,base-paper quintile,,,
13328,315,1,1308.48,2.0,1.0,4.0,base-paper quintile,,,
13329,31,8,5112.97,4.0,4.0,5.0,base-paper quintile,,,
13330,92,6,2806.18,3.0,4.0,4.0,base-paper quintile,,,
13331,401,1,262.4,2.0,1.0,1.0,base-paper quintile,,,
13332,13,1,350.9,5.0,1.0,2.0,base-paper quintile,,,
13333,410,3,1015.74,1.0,3.0,3.0,base-paper quintile,,,
13334,81,5,6263.75,3.0,4.0,5.0,base-paper quintile,,,
13336,76,1,795.12,3.0,1.0,3.0,base-paper quintile,,,
13337,545,1,1575.26,1.0,1.0,4.0,base-paper quintile,,,
13338,157,4,2445.62,3.0,3.0,4.0,base-paper quintile,,,
13339,200,1,860.12,2.0,1.0,3.0,base-paper quintile,,,
13340,44,12,22100.56,4.0,5.0,5.0,base-paper quintile,,,
13341,260,1,775.85,2.0,1.0,3.0,base-paper quintile,,,
13343,177,1,353.43,3.0,1.0,2.0,base-paper quintile,,,
13344,67,3,2543.72,3.0,3.0,4.0,base-paper quintile,,,
13345,287,1,389.5,2.0,1.0,2.0,base-paper quintile,,,
13346,462,6,299.4,1.0,4.0,2.0,base-paper quintile,,,
13347,69,1,341.36,3.0,1.0,2.0,base-paper quintile,,,
13348,63,1,233.76,3.0,1.0,1.0,base-paper quintile,,,
13349,10,1,247.32,5.0,1.0,1.0,base-paper quintile,,,
13350,15,2,979.12,5.0,2.0,3.0,base-paper quintile,,,
13351,65,1,373.94,3.0,1.0,2.0,base-paper quintile,,,
13352,59,1,397.97999999999996,3.0,1.0,2.0,base-paper quintile,,,
13354,70,1,743.53,3.0,1.0,3.0,base-paper quintile,,,
13355,121,1,674.7,3.0,1.0,3.0,base-paper quintile,,,
13356,79,1,768.24,3.0,1.0,3.0,base-paper quintile,,,
13357,256,5,3838.36,2.0,4.0,5.0,base-paper quintile,,,
13358,268,1,439.03,2.0,1.0,2.0,base-paper quintile,,,
13359,63,2,1043.31,3.0,2.0,3.0,base-paper quintile,,,
13360,431,4,1553.65,1.0,3.0,4.0,base-paper quintile,,,
13361,471,2,1450.5,1.0,2.0,4.0,base-paper quintile,,,
13362,8,7,5394.07,5.0,4.0,5.0,base-paper quintile,,,
13363,17,3,1723.86,5.0,3.0,4.0,base-paper quintile,,,
13364,70,1,134.95999999999998,3.0,1.0,1.0,base-paper quintile,,,
13365,33,2,2225.37,4.0,2.0,4.0,base-paper quintile,,,
13366,49,1,56.160000000000004,4.0,1.0,1.0,base-paper quintile,,,
13367,431,1,510.20000000000005,1.0,1.0,2.0,base-paper quintile,,,
13368,256,4,1121.5,2.0,3.0,3.0,base-paper quintile,,,
13369,365,1,616.5600000000001,2.0,1.0,2.0,base-paper quintile,,,
13370,371,1,1509.74,2.0,1.0,4.0,base-paper quintile,,,
13371,504,2,2297.66,1.0,2.0,4.0,base-paper quintile,,,
13372,89,1,378.64,3.0,1.0,2.0,base-paper quintile,,,
13373,60,6,7587.1900000000005,3.0,4.0,5.0,base-paper quintile,,,
13374,414,2,422.8,1.0,2.0,2.0,base-paper quintile,,,
13375,88,2,1792.23,3.0,2.0,4.0,base-paper quintile,,,
13376,98,3,1019.76,3.0,3.0,3.0,base-paper quintile,,,
13377,396,2,1552.88,2.0,2.0,4.0,base-paper quintile,,,
13379,25,3,572.56,4.0,3.0,2.0,base-paper quintile,,,
13380,432,1,62.4,1.0,1.0,1.0,base-paper quintile,,,
13381,31,12,8224.37,4.0,5.0,5.0,base-paper quintile,,,
13382,280,5,1387.58,2.0,4.0,4.0,base-paper quintile,,,
13383,543,1,305.28000000000003,1.0,1.0,2.0,base-paper quintile,,,
13384,30,11,6680.83,4.0,5.0,5.0,base-paper quintile,,,
13385,329,1,534.57,2.0,1.0,2.0,base-paper quintile,,,
13386,413,2,835.46,1.0,2.0,3.0,base-paper quintile,,,
13387,416,1,189.44,1.0,1.0,1.0,base-paper quintile,,,
13388,130,3,1185.65,3.0,3.0,3.0,base-paper quintile,,,
13389,10,3,797.96,5.0,3.0,3.0,base-paper quintile,,,
13390,74,1,544.08,3.0,1.0,2.0,base-paper quintile,,,
13391,203,1,59.8,2.0,1.0,1.0,base-paper quintile,,,
13392,676,1,91.14,1.0,1.0,1.0,base-paper quintile,,,
13393,583,4,1131.45,1.0,3.0,3.0,base-paper quintile,,,
13394,1,19,6621.7,5.0,5.0,5.0,base-paper quintile,,,
13395,184,3,1180.23,3.0,3.0,3.0,base-paper quintile,,,
13396,28,2,1360.99,4.0,2.0,4.0,base-paper quintile,,,
13397,72,10,3191.87,3.0,5.0,5.0,base-paper quintile,,,
13398,191,2,670.34,2.0,2.0,3.0,base-paper quintile,,,
13399,463,3,275.4,1.0,3.0,1.0,base-paper quintile,,,
13400,582,1,310.83,1.0,1.0,2.0,base-paper quintile,,,
13402,126,4,1535.13,3.0,3.0,4.0,base-paper quintile,,,
13403,17,3,229.5,5.0,3.0,1.0,base-paper quintile,,,
13404,0,2,252.49,5.0,2.0,1.0,base-paper quintile,,,
13405,73,6,1213.811,3.0,4.0,3.0,base-paper quintile,,,
13406,426,2,568.92,1.0,2.0,2.0,base-paper quintile,,,
13407,578,3,2244.7,1.0,3.0,4.0,base-paper quintile,,,
13408,1,106,51733.462,5.0,5.0,5.0,base-paper quintile,,,
13410,23,9,2201.96,4.0,5.0,4.0,base-paper quintile,,,
13411,106,1,213.55,3.0,1.0,1.0,base-paper quintile,,,
13412,619,1,487.34999999999997,1.0,1.0,2.0,base-paper quintile,,,
13413,639,6,429.44,1.0,4.0,2.0,base-paper quintile,,,
13414,133,6,2494.14,3.0,4.0,4.0,base-paper quintile,,,
13415,472,4,800.67,1.0,3.0,3.0,base-paper quintile,,,
13416,43,3,940.8000000000001,4.0,3.0,3.0,base-paper quintile,,,
13417,4,6,1669.49,5.0,4.0,4.0,base-paper quintile,,,
13418,11,31,12233.6,5.0,5.0,5.0,base-paper quintile,,,
13419,63,1,221.06,3.0,1.0,1.0,base-paper quintile,,,
13420,149,2,159.85,3.0,2.0,1.0,base-paper quintile,,,
13421,39,8,4103.12,4.0,4.0,5.0,base-paper quintile,,,
13422,63,1,2626.3,3.0,1.0,4.0,base-paper quintile,,,
13423,428,1,217.03,1.0,1.0,1.0,base-paper quintile,,,
13424,449,1,572.77,1.0,1.0,2.0,base-paper quintile,,,
13425,107,5,3403.63,3.0,4.0,5.0,base-paper quintile,,,
13426,0,22,8167.38,5.0,5.0,5.0,base-paper quintile,,,
13427,18,6,1006.53,5.0,4.0,3.0,base-paper quintile,,,
13428,9,3,499.98,5.0,3.0,2.0,base-paper quintile,,,
13429,10,4,1006.8,5.0,3.0,3.0,base-paper quintile,,,
13430,18,2,679.45,5.0,2.0,3.0,base-paper quintile,,,
13431,66,8,3316.24,3.0,4.0,5.0,base-paper quintile,,,
13432,570,2,439.1,1.0,2.0,2.0,base-paper quintile,,,
13433,500,4,658.3199999999999,1.0,3.0,3.0,base-paper quintile,,,
13434,73,5,1666.8600000000001,3.0,4.0,4.0,base-paper quintile,,,
13435,4,9,4475.2300000000005,5.0,5.0,5.0,base-paper quintile,,,
13436,1,1,196.89,5.0,1.0,1.0,base-paper quintile,,,
13437,13,7,3408.06,5.0,4.0,5.0,base-paper quintile,,,
13438,546,1,46.5,1.0,1.0,1.0,base-paper quintile,,,
13439,254,3,986.61,2.0,3.0,3.0,base-paper quintile,,,
13440,422,7,1295.25,1.0,4.0,4.0,base-paper quintile,,,
13441,91,2,720.9,3.0,2.0,3.0,base-paper quintile,,,
13442,666,3,419.87,1.0,3.0,2.0,base-paper quintile,,,
13443,448,6,1280.16,1.0,4.0,4.0,base-paper quintile,,,
13444,373,2,631.6800000000001,2.0,2.0,3.0,base-paper quintile,,,
13445,625,1,241.89999999999998,1.0,1.0,1.0,base-paper quintile,,,
13446,429,11,3881.89,1.0,5.0,5.0,base-paper quintile,,,
13447,22,3,1129.14,4.0,3.0,3.0,base-paper quintile,,,
13448,16,13,9240.87,5.0,5.0,5.0,base-paper quintile,,,
13449,23,1,291.88,4.0,1.0,2.0,base-paper quintile,,,
13450,26,13,4120.04,4.0,5.0,5.0,base-paper quintile,,,
13451,25,11,7190.92,4.0,5.0,5.0,base-paper quintile,,,
13452,258,3,729.8,2.0,3.0,3.0,base-paper quintile,,,
13453,165,3,781.6899999999999,3.0,3.0,3.0,base-paper quintile,,,
13454,640,1,219.87,1.0,1.0,1.0,base-paper quintile,,,
13455,24,6,2905.93,4.0,4.0,4.0,base-paper quintile,,,
13456,17,6,1766.72,5.0,4.0,4.0,base-paper quintile,,,
13457,688,2,148.22,1.0,2.0,1.0,base-paper quintile,,,
13458,6,16,11959.27,5.0,5.0,5.0,base-paper quintile,,,
13459,624,2,1160.4099999999999,1.0,2.0,3.0,base-paper quintile,,,
13460,28,2,183.44,4.0,2.0,1.0,base-paper quintile,,,
13461,38,6,4160.0,4.0,4.0,5.0,base-paper quintile,,,
13462,252,5,1153.85,2.0,4.0,3.0,base-paper quintile,,,
13464,57,6,3097.64,4.0,4.0,5.0,base-paper quintile,,,
13465,445,2,931.12,1.0,2.0,3.0,base-paper quintile,,,
13466,183,5,1013.35,3.0,4.0,3.0,base-paper quintile,,,
13467,10,2,1083.71,5.0,2.0,3.0,base-paper quintile,,,
13468,1,72,13390.51,5.0,5.0,5.0,base-paper quintile,,,
13469,652,1,82.4,1.0,1.0,1.0,base-paper quintile,,,
13470,98,2,165.0,3.0,2.0,1.0,base-paper quintile,,,
13471,0,4,2531.58,5.0,3.0,4.0,base-paper quintile,,,
13472,463,2,592.24,1.0,2.0,2.0,base-paper quintile,,,
13473,60,8,2657.7599999999998,3.0,4.0,4.0,base-paper quintile,,,
13474,235,3,663.79,2.0,3.0,3.0,base-paper quintile,,,
13475,190,4,1431.78,2.0,3.0,4.0,base-paper quintile,,,
13476,178,5,2061.4700000000003,3.0,4.0,4.0,base-paper quintile,,,
13477,37,11,2834.17,4.0,5.0,4.0,base-paper quintile,,,
13478,468,5,2215.78,1.0,4.0,4.0,base-paper quintile,,,
13479,200,4,851.37,2.0,3.0,3.0,base-paper quintile,,,
13480,416,2,627.82,1.0,2.0,3.0,base-paper quintile,,,
13481,45,11,3830.84,4.0,5.0,5.0,base-paper quintile,,,
13482,231,2,336.09,2.0,2.0,2.0,base-paper quintile,,,
13483,65,1,140.34,3.0,1.0,1.0,base-paper quintile,,,
13484,240,3,790.72,2.0,3.0,3.0,base-paper quintile,,,
13485,232,11,3019.2200000000003,2.0,5.0,5.0,base-paper quintile,,,
13486,77,3,1122.41,3.0,3.0,3.0,base-paper quintile,,,
13487,57,5,846.87,4.0,4.0,3.0,base-paper quintile,,,
13488,16,23,15587.88,5.0,5.0,5.0,base-paper quintile,,,
13489,104,4,449.52,3.0,3.0,2.0,base-paper quintile,,,
13490,653,1,154.25,1.0,1.0,1.0,base-paper quintile,,,
13491,51,27,4566.56,4.0,5.0,5.0,base-paper quintile,,,
13492,135,3,1269.84,3.0,3.0,4.0,base-paper quintile,,,
13493,274,2,618.63,2.0,2.0,3.0,base-paper quintile,,,
13494,311,1,316.26000000000005,2.0,1.0,2.0,base-paper quintile,,,
13495,7,10,5374.26,5.0,5.0,5.0,base-paper quintile,,,
13496,10,2,653.33,5.0,2.0,3.0,base-paper quintile,,,
13497,282,6,1320.33,2.0,4.0,4.0,base-paper quintile,,,
13498,729,1,327.38,1.0,1.0,2.0,base-paper quintile,,,
13499,17,5,1159.11,5.0,4.0,3.0,base-paper quintile,,,
13500,22,4,1466.3,4.0,3.0,4.0,base-paper quintile,,,
13501,287,3,2885.11,2.0,3.0,4.0,base-paper quintile,,,
13502,16,5,780.5,5.0,4.0,3.0,base-paper quintile,,,
13503,70,6,1905.39,3.0,4.0,4.0,base-paper quintile,,,
13504,63,1,295.93,3.0,1.0,2.0,base-paper quintile,,,
13505,72,4,4393.63,3.0,3.0,5.0,base-paper quintile,,,
13506,315,5,1639.2,2.0,4.0,4.0,base-paper quintile,,,
13507,2,4,2479.16,5.0,3.0,4.0,base-paper quintile,,,
13508,243,2,287.05,2.0,2.0,1.0,base-paper quintile,,,
13509,8,8,1114.72,5.0,4.0,3.0,base-paper quintile,,,
13510,0,11,4558.29,5.0,5.0,5.0,base-paper quintile,,,
13511,676,1,282.76,1.0,1.0,1.0,base-paper quintile,,,
13512,260,4,713.39,2.0,3.0,3.0,base-paper quintile,,,
13513,126,3,824.59,3.0,3.0,3.0,base-paper quintile,,,
13514,73,4,815.9000000000001,3.0,3.0,3.0,base-paper quintile,,,
13515,72,6,1265.82,3.0,4.0,4.0,base-paper quintile,,,
13516,20,4,1685.26,4.0,3.0,4.0,base-paper quintile,,,
13517,59,3,2128.42,3.0,3.0,4.0,base-paper quintile,,,
13518,85,1,659.4399999999999,3.0,1.0,3.0,base-paper quintile,,,
13519,77,2,343.21,3.0,2.0,2.0,base-paper quintile,,,
13520,58,11,6909.4,4.0,5.0,5.0,base-paper quintile,,,
13521,0,3,1093.65,5.0,3.0,3.0,base-paper quintile,,,
13522,29,1,125.80000000000001,4.0,1.0,1.0,base-paper quintile,,,
13523,32,6,5101.52,4.0,4.0,5.0,base-paper quintile,,,
13524,40,5,680.1800000000001,4.0,4.0,3.0,base-paper quintile,,,
13525,14,2,628.78,5.0,2.0,3.0,base-paper quintile,,,
13526,737,2,1182.0,1.0,2.0,3.0,base-paper quintile,,,
13527,33,12,4683.74,4.0,5.0,5.0,base-paper quintile,,,
13529,78,2,307.76,3.0,2.0,2.0,base-paper quintile,,,
13530,633,1,402.97999999999996,1.0,1.0,2.0,base-paper quintile,,,
13531,204,6,1738.52,2.0,4.0,4.0,base-paper quintile,,,
13532,33,1,210.31,4.0,1.0,1.0,base-paper quintile,,,
13533,182,3,270.79,3.0,3.0,1.0,base-paper quintile,,,
13534,1,35,7720.9,5.0,5.0,5.0,base-paper quintile,,,
13535,402,1,89.5,2.0,1.0,1.0,base-paper quintile,,,
13536,0,7,3448.29,5.0,4.0,5.0,base-paper quintile,,,
13537,425,2,717.85,1.0,2.0,3.0,base-paper quintile,,,
13538,42,12,3112.73,4.0,5.0,5.0,base-paper quintile,,,
13539,85,7,1569.3600000000001,3.0,4.0,4.0,base-paper quintile,,,
13540,466,3,632.39,1.0,3.0,3.0,base-paper quintile,,,
13541,426,2,785.25,1.0,2.0,3.0,base-paper quintile,,,
13542,376,17,4006.17,2.0,5.0,5.0,base-paper quintile,,,
13543,633,2,1439.6100000000001,1.0,2.0,4.0,base-paper quintile,,,
13544,39,6,829.0,4.0,4.0,3.0,base-paper quintile,,,
13545,390,2,374.64,2.0,2.0,2.0,base-paper quintile,,,
13546,11,5,1092.14,5.0,4.0,3.0,base-paper quintile,,,
13547,407,1,175.53,2.0,1.0,1.0,base-paper quintile,,,
13548,95,3,908.99,3.0,3.0,3.0,base-paper quintile,,,
13549,25,8,1005.8,4.0,4.0,3.0,base-paper quintile,,,
13550,382,1,349.51,2.0,1.0,2.0,base-paper quintile,,,
13551,318,2,244.2,2.0,2.0,1.0,base-paper quintile,,,
13552,65,22,6978.92,3.0,5.0,5.0,base-paper quintile,,,
13553,674,1,517.8,1.0,1.0,2.0,base-paper quintile,,,
13554,379,7,1638.28,2.0,4.0,4.0,base-paper quintile,,,
13555,73,13,8999.19,3.0,5.0,5.0,base-paper quintile,,,
13556,428,2,200.82,1.0,2.0,1.0,base-paper quintile,,,
13557,27,13,3032.26,4.0,5.0,5.0,base-paper quintile,,,
13558,5,4,605.06,5.0,3.0,2.0,base-paper quintile,,,
13559,512,2,990.0,1.0,2.0,3.0,base-paper quintile,,,
13560,6,1,174.37,5.0,1.0,1.0,base-paper quintile,,,
13561,215,11,1820.72,2.0,5.0,4.0,base-paper quintile,,,
13562,81,8,4838.18,3.0,4.0,5.0,base-paper quintile,,,
13563,83,2,777.53,3.0,2.0,3.0,base-paper quintile,,,
13564,143,37,17249.55,3.0,5.0,5.0,base-paper quintile,,,
13565,18,3,414.8,5.0,3.0,2.0,base-paper quintile,,,
13566,40,5,1708.1200000000001,4.0,4.0,4.0,base-paper quintile,,,
13567,427,4,1083.69,1.0,3.0,3.0,base-paper quintile,,,
13568,172,1,192.85,3.0,1.0,1.0,base-paper quintile,,,
13569,16,4,893.78,5.0,3.0,3.0,base-paper quintile,,,
13570,242,1,239.49,2.0,1.0,1.0,base-paper quintile,,,
13571,12,26,4546.54,5.0,5.0,5.0,base-paper quintile,,,
13572,205,1,1384.25,2.0,1.0,4.0,base-paper quintile,,,
13573,49,6,916.47,4.0,4.0,3.0,base-paper quintile,,,
13574,410,1,421.25,1.0,1.0,2.0,base-paper quintile,,,
13575,22,5,732.0699999999999,4.0,4.0,3.0,base-paper quintile,,,
13576,9,28,11551.74,5.0,5.0,5.0,base-paper quintile,,,
13577,24,11,3489.28,4.0,5.0,5.0,base-paper quintile,,,
13578,408,1,147.66,2.0,1.0,1.0,base-paper quintile,,,
13579,14,5,1539.04,5.0,4.0,4.0,base-paper quintile,,,
13580,405,1,107.75,2.0,1.0,1.0,base-paper quintile,,,
13581,308,2,280.53000000000003,2.0,2.0,1.0,base-paper quintile,,,
13582,389,2,241.68,2.0,2.0,1.0,base-paper quintile,,,
13583,155,2,1445.031,3.0,2.0,4.0,base-paper quintile,,,
13584,306,3,392.45,2.0,3.0,2.0,base-paper quintile,,,
13585,530,3,684.54,1.0,3.0,3.0,base-paper quintile,,,
13586,540,1,131.53,1.0,1.0,1.0,base-paper quintile,,,
13587,63,4,1673.5,3.0,3.0,4.0,base-paper quintile,,,
13588,15,9,2478.95,5.0,5.0,4.0,base-paper quintile,,,
13589,14,6,1120.74,5.0,4.0,3.0,base-paper quintile,,,
13590,10,18,6349.59,5.0,5.0,5.0,base-paper quintile,,,
13591,64,7,2093.94,3.0,4.0,4.0,base-paper quintile,,,
13592,35,4,247.95999999999998,4.0,3.0,1.0,base-paper quintile,,,
13593,107,14,5523.6900000000005,3.0,5.0,5.0,base-paper quintile,,,
13594,52,2,533.32,4.0,2.0,2.0,base-paper quintile,,,
13595,516,3,818.22,1.0,3.0,3.0,base-paper quintile,,,
13596,5,2,697.04,5.0,2.0,3.0,base-paper quintile,,,
13597,399,2,396.71,2.0,2.0,2.0,base-paper quintile,,,
13598,46,5,789.59,4.0,4.0,3.0,base-paper quintile,,,
13599,0,33,10167.630000000001,5.0,5.0,5.0,base-paper quintile,,,
13600,311,2,518.42,2.0,2.0,2.0,base-paper quintile,,,
13601,44,4,1185.14,4.0,3.0,3.0,base-paper quintile,,,
13602,64,4,1025.17,3.0,3.0,3.0,base-paper quintile,,,
13603,25,1,164.34,4.0,1.0,1.0,base-paper quintile,,,
13604,658,1,717.62,1.0,1.0,3.0,base-paper quintile,,,
13605,386,2,522.67,2.0,2.0,2.0,base-paper quintile,,,
13606,28,3,280.53999999999996,4.0,3.0,1.0,base-paper quintile,,,
13607,39,2,1078.31,4.0,2.0,3.0,base-paper quintile,,,
13608,540,1,236.2,1.0,1.0,1.0,base-paper quintile,,,
13609,592,1,167.35,1.0,1.0,1.0,base-paper quintile,,,
13610,11,14,2175.88,5.0,5.0,4.0,base-paper quintile,,,
13611,88,10,3319.53,3.0,5.0,5.0,base-paper quintile,,,
13612,632,1,818.29,1.0,1.0,3.0,base-paper quintile,,,
13613,452,5,1039.8500000000001,1.0,4.0,3.0,base-paper quintile,,,
13614,23,6,2359.19,4.0,4.0,4.0,base-paper quintile,,,
13615,318,8,6272.53,2.0,4.0,5.0,base-paper quintile,,,
13616,567,2,288.1,1.0,2.0,1.0,base-paper quintile,,,
13617,39,8,1278.75,4.0,4.0,4.0,base-paper quintile,,,
13618,173,1,177.34,3.0,1.0,1.0,base-paper quintile,,,
13619,544,2,231.69,1.0,2.0,1.0,base-paper quintile,,,
13620,527,1,112.34,1.0,1.0,1.0,base-paper quintile,,,
13621,116,1,213.85,3.0,1.0,1.0,base-paper quintile,,,
13622,695,1,658.95,1.0,1.0,3.0,base-paper quintile,,,
13623,30,10,2566.49,4.0,5.0,4.0,base-paper quintile,,,
13624,387,1,462.08,2.0,1.0,2.0,base-paper quintile,,,
13625,596,1,301.26,1.0,1.0,2.0,base-paper quintile,,,
13626,252,2,707.04,2.0,2.0,3.0,base-paper quintile,,,
13627,58,7,2245.9,4.0,4.0,4.0,base-paper quintile,,,
13628,675,1,310.14,1.0,1.0,2.0,base-paper quintile,,,
13629,22,19,13370.86,4.0,5.0,5.0,base-paper quintile,,,
13630,4,7,2031.78,5.0,4.0,4.0,base-paper quintile,,,
13631,99,11,3070.42,3.0,5.0,5.0,base-paper quintile,,,
13632,24,8,3648.15,4.0,4.0,5.0,base-paper quintile,,,
13634,32,16,5073.47,4.0,5.0,5.0,base-paper quintile,,,
13635,67,4,2999.16,3.0,3.0,5.0,base-paper quintile,,,
13636,36,5,949.12,4.0,4.0,3.0,base-paper quintile,,,
13637,51,3,810.5,4.0,3.0,3.0,base-paper quintile,,,
13638,15,1,122.64,5.0,1.0,1.0,base-paper quintile,,,
13639,73,2,1346.27,3.0,2.0,4.0,base-paper quintile,,,
13640,610,1,405.0,1.0,1.0,2.0,base-paper quintile,,,
13641,640,5,1016.47,1.0,4.0,3.0,base-paper quintile,,,
13642,215,4,514.72,2.0,3.0,2.0,base-paper quintile,,,
13643,30,10,2156.77,4.0,5.0,4.0,base-paper quintile,,,
13644,15,4,2624.26,5.0,3.0,4.0,base-paper quintile,,,
13645,119,1,252.1,3.0,1.0,1.0,base-paper quintile,,,
13646,399,2,326.25,2.0,2.0,2.0,base-paper quintile,,,
13647,9,8,3071.68,5.0,4.0,5.0,base-paper quintile,,,
13648,399,8,1764.02,2.0,4.0,4.0,base-paper quintile,,,
13649,256,6,1678.88,2.0,4.0,4.0,base-paper quintile,,,
13650,16,10,3288.0,5.0,5.0,5.0,base-paper quintile,,,
13651,34,3,226.85,4.0,3.0,1.0,base-paper quintile,,,
13652,45,5,2570.85,4.0,4.0,4.0,base-paper quintile,,,
13653,487,1,152.2,1.0,1.0,1.0,base-paper quintile,,,
13654,42,11,6308.0,4.0,5.0,5.0,base-paper quintile,,,
13655,113,6,2280.51,3.0,4.0,4.0,base-paper quintile,,,
13656,164,4,1078.85,3.0,3.0,3.0,base-paper quintile,,,
13657,10,2,382.14,5.0,2.0,2.0,base-paper quintile,,,
13658,9,9,6025.5,5.0,5.0,5.0,base-paper quintile,,,
13659,205,12,4894.88,2.0,5.0,5.0,base-paper quintile,,,
13660,399,1,314.59,2.0,1.0,2.0,base-paper quintile,,,
13661,602,1,325.24,1.0,1.0,2.0,base-paper quintile,,,
13662,85,11,2250.11,3.0,5.0,4.0,base-paper quintile,,,
13663,178,5,2047.51,3.0,4.0,4.0,base-paper quintile,,,
13665,385,3,1711.6599999999999,2.0,3.0,4.0,base-paper quintile,,,
13666,59,5,127.89999999999999,3.0,4.0,1.0,base-paper quintile,,,
13667,148,1,305.02,3.0,1.0,2.0,base-paper quintile,,,
13668,2,35,13089.94,5.0,5.0,5.0,base-paper quintile,,,
13669,50,3,413.55,4.0,3.0,2.0,base-paper quintile,,,
13670,74,1,349.7,3.0,1.0,2.0,base-paper quintile,,,
13671,394,1,194.95,2.0,1.0,1.0,base-paper quintile,,,
13672,300,3,419.92,2.0,3.0,2.0,base-paper quintile,,,
13673,18,2,396.92,5.0,2.0,2.0,base-paper quintile,,,
13674,432,1,240.68,1.0,1.0,1.0,base-paper quintile,,,
13675,150,2,486.82000000000005,3.0,2.0,2.0,base-paper quintile,,,
13676,538,2,243.9,1.0,2.0,1.0,base-paper quintile,,,
13677,404,2,556.1899999999999,2.0,2.0,2.0,base-paper quintile,,,
13678,151,1,232.6,3.0,1.0,1.0,base-paper quintile,,,
13679,493,3,281.26,1.0,3.0,1.0,base-paper quintile,,,
13680,0,12,11435.67,5.0,5.0,5.0,base-paper quintile,,,
13681,17,4,827.83,5.0,3.0,3.0,base-paper quintile,,,
13682,186,1,59.5,3.0,1.0,1.0,base-paper quintile,,,
13683,457,1,258.6,1.0,1.0,1.0,base-paper quintile,,,
13684,285,4,596.98,2.0,3.0,2.0,base-paper quintile,,,
13685,2,7,3119.44,5.0,4.0,5.0,base-paper quintile,,,
13686,182,3,409.04,3.0,3.0,2.0,base-paper quintile,,,
13687,437,1,11880.84,1.0,1.0,5.0,base-paper quintile,,,
13688,634,1,375.5,1.0,1.0,2.0,base-paper quintile,,,
13689,62,2,1259.5,3.0,2.0,4.0,base-paper quintile,,,
13690,58,1,172.25,4.0,1.0,1.0,base-paper quintile,,,
13691,395,1,212.78,2.0,1.0,1.0,base-paper quintile,,,
13692,24,5,3114.4,4.0,4.0,5.0,base-paper quintile,,,
13693,373,9,2011.82,2.0,5.0,4.0,base-paper quintile,,,
13694,3,143,196482.81,5.0,5.0,5.0,base-paper quintile,,,
13695,30,16,2770.73,4.0,5.0,4.0,base-paper quintile,,,
13696,421,3,2020.4,1.0,3.0,4.0,base-paper quintile,,,
13697,38,1,151.29999999999998,4.0,1.0,1.0,base-paper quintile,,,
13698,596,2,465.53000000000003,1.0,2.0,2.0,base-paper quintile,,,
13699,154,2,764.15,3.0,2.0,3.0,base-paper quintile,,,
13700,25,13,2613.46,4.0,5.0,4.0,base-paper quintile,,,
13701,446,1,161.0,1.0,1.0,1.0,base-paper quintile,,,
13702,445,1,135.18,1.0,1.0,1.0,base-paper quintile,,,
13703,317,2,425.56,2.0,2.0,2.0,base-paper quintile,,,
13704,4,9,2308.06,5.0,5.0,4.0,base-paper quintile,,,
13705,7,7,2035.33,5.0,4.0,4.0,base-paper quintile,,,
13706,302,2,631.17,2.0,2.0,3.0,base-paper quintile,,,
13707,266,5,3365.86,2.0,4.0,5.0,base-paper quintile,,,
13708,270,1,296.88,2.0,1.0,2.0,base-paper quintile,,,
13709,3,18,7591.75,5.0,5.0,5.0,base-paper quintile,,,
13710,31,3,509.52,4.0,3.0,2.0,base-paper quintile,,,
13711,218,9,1792.26,2.0,5.0,4.0,base-paper quintile,,,
13712,246,2,766.42,2.0,2.0,3.0,base-paper quintile,,,
13713,407,3,743.26,2.0,3.0,3.0,base-paper quintile,,,
13714,464,1,161.35,1.0,1.0,1.0,base-paper quintile,,,
13715,280,17,8483.29,2.0,5.0,5.0,base-paper quintile,,,
13716,268,1,138.28,2.0,1.0,1.0,base-paper quintile,,,
13717,31,8,1763.3,4.0,4.0,4.0,base-paper quintile,,,
13718,245,2,306.55,2.0,2.0,2.0,base-paper quintile,,,
13719,14,11,2815.25,5.0,5.0,4.0,base-paper quintile,,,
13720,116,4,799.9,3.0,3.0,3.0,base-paper quintile,,,
13721,35,2,741.54,4.0,2.0,3.0,base-paper quintile,,,
13722,131,10,5635.41,3.0,5.0,5.0,base-paper quintile,,,
13723,216,6,1209.2,2.0,4.0,3.0,base-paper quintile,,,
13724,636,1,213.01,1.0,1.0,1.0,base-paper quintile,,,
13725,49,8,1980.56,4.0,4.0,4.0,base-paper quintile,,,
13726,38,2,1079.6599999999999,4.0,2.0,3.0,base-paper quintile,,,
13727,28,8,1080.05,4.0,4.0,3.0,base-paper quintile,,,
13728,36,16,2855.17,4.0,5.0,4.0,base-paper quintile,,,
13729,435,3,724.73,1.0,3.0,3.0,base-paper quintile,,,
13730,135,2,752.6,3.0,2.0,3.0,base-paper quintile,,,
13731,218,2,610.59,2.0,2.0,2.0,base-paper quintile,,,
13732,27,1,491.86,4.0,1.0,2.0,base-paper quintile,,,
13733,410,2,487.03000000000003,1.0,2.0,2.0,base-paper quintile,,,
13734,508,4,6701.640000000001,1.0,3.0,5.0,base-paper quintile,,,
13735,24,13,9813.22,4.0,5.0,5.0,base-paper quintile,,,
13736,4,7,2766.21,5.0,4.0,4.0,base-paper quintile,,,
13737,199,1,339.59999999999997,2.0,1.0,2.0,base-paper quintile,,,
13738,395,1,440.93,2.0,1.0,2.0,base-paper quintile,,,
13739,17,2,292.2,5.0,2.0,2.0,base-paper quintile,,,
13740,240,5,1597.77,2.0,4.0,4.0,base-paper quintile,,,
13741,71,3,668.4300000000001,3.0,3.0,3.0,base-paper quintile,,,
13742,16,12,3131.02,5.0,5.0,5.0,base-paper quintile,,,
13743,2,7,1341.6,5.0,4.0,4.0,base-paper quintile,,,
13744,94,2,1156.36,3.0,2.0,3.0,base-paper quintile,,,
13745,161,2,777.36,3.0,2.0,3.0,base-paper quintile,,,
13746,413,1,176.69,1.0,1.0,1.0,base-paper quintile,,,
13747,373,2,249.39999999999998,2.0,2.0,1.0,base-paper quintile,,,
13748,95,9,2268.35,3.0,5.0,4.0,base-paper quintile,,,
13750,53,11,3602.1800000000003,4.0,5.0,5.0,base-paper quintile,,,
13751,287,1,296.25,2.0,1.0,2.0,base-paper quintile,,,
13752,123,7,1590.73,3.0,4.0,4.0,base-paper quintile,,,
13753,287,4,2094.57,2.0,3.0,4.0,base-paper quintile,,,
13754,151,3,447.05,3.0,3.0,2.0,base-paper quintile,,,
13755,3,9,2161.35,5.0,5.0,4.0,base-paper quintile,,,
13756,1,23,9207.5,5.0,5.0,5.0,base-paper quintile,,,
13757,674,1,195.55,1.0,1.0,1.0,base-paper quintile,,,
13758,11,15,9416.98,5.0,5.0,5.0,base-paper quintile,,,
13759,32,2,659.4100000000001,4.0,2.0,3.0,base-paper quintile,,,
13760,53,5,1363.6399999999999,4.0,4.0,4.0,base-paper quintile,,,
13761,49,6,1952.17,4.0,4.0,4.0,base-paper quintile,,,
13762,218,5,2472.48,2.0,4.0,4.0,base-paper quintile,,,
13763,62,3,5217.4400000000005,3.0,3.0,5.0,base-paper quintile,,,
13764,70,6,2953.26,3.0,4.0,4.0,base-paper quintile,,,
13765,652,1,352.821,1.0,1.0,2.0,base-paper quintile,,,
13766,494,1,190.35,1.0,1.0,1.0,base-paper quintile,,,
13767,1,73,35540.53,5.0,5.0,5.0,base-paper quintile,,,
13768,726,2,875.97,1.0,2.0,3.0,base-paper quintile,,,
13769,1,20,5800.42,5.0,5.0,5.0,base-paper quintile,,,
13770,421,4,785.37,1.0,3.0,3.0,base-paper quintile,,,
13771,63,9,5728.82,3.0,5.0,5.0,base-paper quintile,,,
13772,33,8,3114.22,4.0,4.0,5.0,base-paper quintile,,,
13773,396,2,301.54,2.0,2.0,2.0,base-paper quintile,,,
13774,81,1,345.0,3.0,1.0,2.0,base-paper quintile,,,
13775,590,1,1049.66,1.0,1.0,3.0,base-paper quintile,,,
13776,427,2,623.98,1.0,2.0,3.0,base-paper quintile,,,
13777,0,61,56478.42,5.0,5.0,5.0,base-paper quintile,,,
13778,102,4,1124.49,3.0,3.0,3.0,base-paper quintile,,,
13779,515,1,161.13,1.0,1.0,1.0,base-paper quintile,,,
13780,6,3,735.82,5.0,3.0,3.0,base-paper quintile,,,
13781,250,3,778.83,2.0,3.0,3.0,base-paper quintile,,,
13782,12,13,1793.72,5.0,5.0,4.0,base-paper quintile,,,
13783,487,4,1542.09,1.0,3.0,4.0,base-paper quintile,,,
13784,9,14,2910.23,5.0,5.0,4.0,base-paper quintile,,,
13785,428,4,542.49,1.0,3.0,2.0,base-paper quintile,,,
13786,366,6,3358.94,2.0,4.0,5.0,base-paper quintile,,,
13787,75,6,1222.5,3.0,4.0,3.0,base-paper quintile,,,
13788,504,1,3.75,1.0,1.0,1.0,base-paper quintile,,,
13789,387,1,239.45999999999998,2.0,1.0,1.0,base-paper quintile,,,
13790,3,1,348.8,5.0,1.0,2.0,base-paper quintile,,,
13791,127,2,1516.0,3.0,2.0,4.0,base-paper quintile,,,
13792,65,3,383.95,3.0,3.0,2.0,base-paper quintile,,,
13793,646,1,96.0,1.0,1.0,1.0,base-paper quintile,,,
13794,546,1,126.03,1.0,1.0,1.0,base-paper quintile,,,
13795,387,4,836.3,2.0,3.0,3.0,base-paper quintile,,,
13796,498,1,289.7,1.0,1.0,1.0,base-paper quintile,,,
13797,436,3,1179.45,1.0,3.0,3.0,base-paper quintile,,,
13798,0,110,75836.87,5.0,5.0,5.0,base-paper quintile,,,
13799,116,9,2803.57,3.0,5.0,4.0,base-paper quintile,,,
13800,309,3,1679.56,2.0,3.0,4.0,base-paper quintile,,,
13801,66,1,324.8,3.0,1.0,2.0,base-paper quintile,,,
13802,138,19,26259.11,3.0,5.0,5.0,base-paper quintile,,,
13803,254,3,1338.91,2.0,3.0,4.0,base-paper quintile,,,
13804,30,9,3208.52,4.0,5.0,5.0,base-paper quintile,,,
13805,51,2,924.6,4.0,2.0,3.0,base-paper quintile,,,
13806,63,1,256.38,3.0,1.0,1.0,base-paper quintile,,,
13807,366,3,534.8,2.0,3.0,2.0,base-paper quintile,,,
13808,5,5,1747.66,5.0,4.0,4.0,base-paper quintile,,,
13809,304,3,679.7,2.0,3.0,3.0,base-paper quintile,,,
13810,28,3,1499.01,4.0,3.0,4.0,base-paper quintile,,,
13811,183,3,814.5,3.0,3.0,3.0,base-paper quintile,,,
13812,41,3,539.0,4.0,3.0,2.0,base-paper quintile,,,
13813,39,8,2765.47,4.0,4.0,4.0,base-paper quintile,,,
13814,91,3,2257.32,3.0,3.0,4.0,base-paper quintile,,,
13815,21,8,7475.74,4.0,4.0,5.0,base-paper quintile,,,
13816,23,2,571.6700000000001,4.0,2.0,2.0,base-paper quintile,,,
13817,28,2,382.98,4.0,2.0,2.0,base-paper quintile,,,
13818,429,1,61.28,1.0,1.0,1.0,base-paper quintile,,,
13819,301,6,2642.35,2.0,4.0,4.0,base-paper quintile,,,
13820,417,3,660.65,1.0,3.0,3.0,base-paper quintile,,,
13821,144,6,1410.73,3.0,4.0,4.0,base-paper quintile,,,
13822,5,2,632.0,5.0,2.0,3.0,base-paper quintile,,,
13823,18,7,3403.4500000000003,5.0,4.0,5.0,base-paper quintile,,,
13824,32,12,3314.76,4.0,5.0,5.0,base-paper quintile,,,
13825,621,2,255.59,1.0,2.0,1.0,base-paper quintile,,,
13826,175,1,189.5,3.0,1.0,1.0,base-paper quintile,,,
13827,57,3,412.05,4.0,3.0,2.0,base-paper quintile,,,
13828,21,1,209.49,4.0,1.0,1.0,base-paper quintile,,,
13829,420,1,102.0,1.0,1.0,1.0,base-paper quintile,,,
13830,581,1,156.85000000000002,1.0,1.0,1.0,base-paper quintile,,,
13831,15,18,7023.58,5.0,5.0,5.0,base-paper quintile,,,
13832,18,2,613.6899999999999,5.0,2.0,2.0,base-paper quintile,,,
13833,158,2,701.36,3.0,2.0,3.0,base-paper quintile,,,
13834,576,2,324.19,1.0,2.0,2.0,base-paper quintile,,,
13835,24,7,1095.27,4.0,4.0,3.0,base-paper quintile,,,
13836,398,2,620.37,2.0,2.0,3.0,base-paper quintile,,,
13837,211,2,271.24,2.0,2.0,1.0,base-paper quintile,,,
13838,5,10,1966.09,5.0,5.0,4.0,base-paper quintile,,,
13839,485,1,139.95000000000002,1.0,1.0,1.0,base-paper quintile,,,
13840,415,1,651.4,1.0,1.0,3.0,base-paper quintile,,,
13841,252,1,85.0,2.0,1.0,1.0,base-paper quintile,,,
13842,58,18,5629.91,4.0,5.0,5.0,base-paper quintile,,,
13843,380,1,319.75,2.0,1.0,2.0,base-paper quintile,,,
13844,10,1,361.62,5.0,1.0,2.0,base-paper quintile,,,
13845,64,1,312.98,3.0,1.0,2.0,base-paper quintile,,,
13846,24,4,1307.79,4.0,3.0,4.0,base-paper quintile,,,
13847,719,1,310.72,1.0,1.0,2.0,base-paper quintile,,,
13848,91,8,3335.0,3.0,4.0,5.0,base-paper quintile,,,
13849,51,5,3469.3,4.0,4.0,5.0,base-paper quintile,,,
13850,128,1,1595.48,3.0,1.0,4.0,base-paper quintile,,,
13851,95,8,4606.46,3.0,4.0,5.0,base-paper quintile,,,
13852,610,1,187.35000000000002,1.0,1.0,1.0,base-paper quintile,,,
13853,56,1,1090.14,4.0,1.0,3.0,base-paper quintile,,,
13854,8,39,12253.96,5.0,5.0,5.0,base-paper quintile,,,
13855,500,4,1310.3400000000001,1.0,3.0,4.0,base-paper quintile,,,
13856,168,11,1142.03,3.0,5.0,3.0,base-paper quintile,,,
13857,392,6,1001.01,2.0,4.0,3.0,base-paper quintile,,,
13858,56,1,216.17,4.0,1.0,1.0,base-paper quintile,,,
13859,325,2,515.86,2.0,2.0,2.0,base-paper quintile,,,
13860,0,5,1245.9,5.0,4.0,3.0,base-paper quintile,,,
13861,428,2,273.26,1.0,2.0,1.0,base-paper quintile,,,
13862,17,9,2556.09,5.0,5.0,4.0,base-paper quintile,,,
13863,247,4,1239.55,2.0,3.0,3.0,base-paper quintile,,,
13864,386,1,662.4000000000001,2.0,1.0,3.0,base-paper quintile,,,
13865,57,4,501.56,4.0,3.0,2.0,base-paper quintile,,,
13866,73,1,145.67000000000002,3.0,1.0,1.0,base-paper quintile,,,
13867,30,3,1015.29,4.0,3.0,3.0,base-paper quintile,,,
13868,6,2,3192.54,5.0,2.0,5.0,base-paper quintile,,,
13869,122,10,8111.57,3.0,5.0,5.0,base-paper quintile,,,
13870,1,15,5712.08,5.0,5.0,5.0,base-paper quintile,,,
13871,22,17,7885.85,4.0,5.0,5.0,base-paper quintile,,,
13872,526,3,919.57,1.0,3.0,3.0,base-paper quintile,,,
13873,119,8,1038.92,3.0,4.0,3.0,base-paper quintile,,,
13874,357,7,2049.15,2.0,4.0,4.0,base-paper quintile,,,
13875,53,14,4814.37,4.0,5.0,5.0,base-paper quintile,,,
13876,63,1,122.7,3.0,1.0,1.0,base-paper quintile,,,
13877,85,3,449.68,3.0,3.0,2.0,base-paper quintile,,,
13878,54,4,2473.06,4.0,3.0,4.0,base-paper quintile,,,
13879,645,1,395.5,1.0,1.0,2.0,base-paper quintile,,,
13880,20,17,4391.66,4.0,5.0,5.0,base-paper quintile,,,
13881,3,43,45179.1,5.0,5.0,5.0,base-paper quintile,,,
13882,2,5,1191.13,5.0,4.0,3.0,base-paper quintile,,,
13883,10,15,6560.02,5.0,5.0,5.0,base-paper quintile,,,
13884,6,10,1888.48,5.0,5.0,4.0,base-paper quintile,,,
13885,188,2,506.8,3.0,2.0,2.0,base-paper quintile,,,
13886,70,1,243.56,3.0,1.0,1.0,base-paper quintile,,,
13887,203,1,349.55,2.0,1.0,2.0,base-paper quintile,,,
13888,119,7,2169.05,3.0,4.0,4.0,base-paper quintile,,,
13889,92,6,1991.23,3.0,4.0,4.0,base-paper quintile,,,
13890,0,14,2927.38,5.0,5.0,4.0,base-paper quintile,,,
13891,377,3,863.5600000000001,2.0,3.0,3.0,base-paper quintile,,,
13892,26,6,1267.6499999999999,4.0,4.0,4.0,base-paper quintile,,,
13893,297,1,821.1,2.0,1.0,3.0,base-paper quintile,,,
13894,23,3,564.62,4.0,3.0,2.0,base-paper quintile,,,
13895,27,6,4008.52,4.0,4.0,5.0,base-paper quintile,,,
13896,625,1,388.55,1.0,1.0,2.0,base-paper quintile,,,
13897,49,3,1160.72,4.0,3.0,3.0,base-paper quintile,,,
13898,325,2,686.4,2.0,2.0,3.0,base-paper quintile,,,
13899,15,2,388.52,5.0,2.0,2.0,base-paper quintile,,,
13900,182,6,1610.59,3.0,4.0,4.0,base-paper quintile,,,
13901,71,15,5676.34,3.0,5.0,5.0,base-paper quintile,,,
13902,631,5,34095.26,1.0,4.0,5.0,base-paper quintile,,,
13903,399,1,165.45000000000002,2.0,1.0,1.0,base-paper quintile,,,
13904,36,2,332.64,4.0,2.0,2.0,base-paper quintile,,,
13905,732,1,312.65,1.0,1.0,2.0,base-paper quintile,,,
13906,408,1,42.0,2.0,1.0,1.0,base-paper quintile,,,
13907,691,1,136.8,1.0,1.0,1.0,base-paper quintile,,,
13908,79,4,2369.55,3.0,3.0,4.0,base-paper quintile,,,
13909,422,2,286.6,1.0,2.0,1.0,base-paper quintile,,,
13911,56,20,4234.99,4.0,5.0,5.0,base-paper quintile,,,
13912,423,1,124.95,1.0,1.0,1.0,base-paper quintile,,,
13913,506,1,42.22,1.0,1.0,1.0,base-paper quintile,,,
13914,11,2,626.45,5.0,2.0,3.0,base-paper quintile,,,
13915,393,1,70.80000000000001,2.0,1.0,1.0,base-paper quintile,,,
13916,463,4,1275.81,1.0,3.0,4.0,base-paper quintile,,,
13917,49,2,272.04,4.0,2.0,1.0,base-paper quintile,,,
13918,49,2,1212.8400000000001,4.0,2.0,3.0,base-paper quintile,,,
13919,58,4,1360.68,4.0,3.0,4.0,base-paper quintile,,,
13920,431,4,1774.68,1.0,3.0,4.0,base-paper quintile,,,
13921,401,4,730.7,2.0,3.0,3.0,base-paper quintile,,,
13922,351,3,865.2,2.0,3.0,3.0,base-paper quintile,,,
13923,53,1,351.13,4.0,1.0,2.0,base-paper quintile,,,
13924,1,6,1838.8500000000001,5.0,4.0,4.0,base-paper quintile,,,
13925,92,4,678.25,3.0,3.0,3.0,base-paper quintile,,,
13926,22,1,223.85000000000002,4.0,1.0,1.0,base-paper quintile,,,
13927,74,2,708.26,3.0,2.0,3.0,base-paper quintile,,,
13928,10,4,464.57,5.0,3.0,2.0,base-paper quintile,,,
13929,168,11,3494.1,3.0,5.0,5.0,base-paper quintile,,,
13930,57,2,337.34,4.0,2.0,2.0,base-paper quintile,,,
13931,95,11,5257.38,3.0,5.0,5.0,base-paper quintile,,,
13932,294,1,307.4,2.0,1.0,2.0,base-paper quintile,,,
13933,108,2,608.7900000000001,3.0,2.0,2.0,base-paper quintile,,,
13934,263,1,922.1,2.0,1.0,3.0,base-paper quintile,,,
13935,596,3,6116.92,1.0,3.0,5.0,base-paper quintile,,,
13936,179,3,939.66,3.0,3.0,3.0,base-paper quintile,,,
13937,168,2,880.13,3.0,2.0,3.0,base-paper quintile,,,
13938,34,1,71.66,4.0,1.0,1.0,base-paper quintile,,,
13939,22,7,1560.96,4.0,4.0,4.0,base-paper quintile,,,
13940,16,4,839.14,5.0,3.0,3.0,base-paper quintile,,,
13941,21,15,11122.300000000001,4.0,5.0,5.0,base-paper quintile,,,
13942,534,1,320.0,1.0,1.0,2.0,base-paper quintile,,,
13943,577,1,246.54,1.0,1.0,1.0,base-paper quintile,,,
13944,652,1,200.43,1.0,1.0,1.0,base-paper quintile,,,
13945,394,2,854.15,2.0,2.0,3.0,base-paper quintile,,,
13946,78,6,1876.23,3.0,4.0,4.0,base-paper quintile,,,
13947,64,1,90.6,3.0,1.0,1.0,base-paper quintile,,,
13948,360,4,548.76,2.0,3.0,2.0,base-paper quintile,,,
13949,2,6,2427.32,5.0,4.0,4.0,base-paper quintile,,,
13950,10,4,745.06,5.0,3.0,3.0,base-paper quintile,,,
13951,175,3,674.45,3.0,3.0,3.0,base-paper quintile,,,
13952,217,14,12823.521,2.0,5.0,5.0,base-paper quintile,,,
13953,6,12,6640.68,5.0,5.0,5.0,base-paper quintile,,,
13954,1,2,439.92,5.0,2.0,2.0,base-paper quintile,,,
13955,153,3,545.17,3.0,3.0,2.0,base-paper quintile,,,
13956,4,5,1026.42,5.0,4.0,3.0,base-paper quintile,,,
13957,417,3,458.25,1.0,3.0,2.0,base-paper quintile,,,
13958,379,8,4709.2300000000005,2.0,4.0,5.0,base-paper quintile,,,
13959,78,6,1076.18,3.0,4.0,3.0,base-paper quintile,,,
13960,20,2,230.22,4.0,2.0,1.0,base-paper quintile,,,
13961,391,1,538.4,2.0,1.0,2.0,base-paper quintile,,,
13962,21,3,362.8,4.0,3.0,2.0,base-paper quintile,,,
13963,307,17,3011.87,2.0,5.0,5.0,base-paper quintile,,,
13964,386,2,438.9,2.0,2.0,2.0,base-paper quintile,,,
13965,476,3,996.61,1.0,3.0,3.0,base-paper quintile,,,
13966,434,1,390.86,1.0,1.0,2.0,base-paper quintile,,,
13967,145,2,166.3,3.0,2.0,1.0,base-paper quintile,,,
13968,422,1,123.66,1.0,1.0,1.0,base-paper quintile,,,
13969,6,35,13365.87,5.0,5.0,5.0,base-paper quintile,,,
13970,385,2,846.55,2.0,2.0,3.0,base-paper quintile,,,
13971,18,14,4667.57,5.0,5.0,5.0,base-paper quintile,,,
13972,70,2,190.25,3.0,2.0,1.0,base-paper quintile,,,
13973,286,1,264.7,2.0,1.0,1.0,base-paper quintile,,,
13974,48,2,677.72,4.0,2.0,3.0,base-paper quintile,,,
13975,30,12,5358.84,4.0,5.0,5.0,base-paper quintile,,,
13976,206,4,1192.36,2.0,3.0,3.0,base-paper quintile,,,
13977,410,1,519.8100000000001,1.0,1.0,2.0,base-paper quintile,,,
13978,14,2,196.79000000000002,5.0,2.0,1.0,base-paper quintile,,,
13979,72,7,3416.23,3.0,4.0,5.0,base-paper quintile,,,
13980,59,5,799.92,3.0,4.0,3.0,base-paper quintile,,,
13981,415,1,331.14,1.0,1.0,2.0,base-paper quintile,,,
13982,38,9,4445.59,4.0,5.0,5.0,base-paper quintile,,,
13983,29,21,7108.45,4.0,5.0,5.0,base-paper quintile,,,
13984,26,12,2048.6,4.0,5.0,4.0,base-paper quintile,,,
13985,3,22,10020.86,5.0,5.0,5.0,base-paper quintile,,,
13986,16,1,320.46,5.0,1.0,2.0,base-paper quintile,,,
13987,379,2,682.54,2.0,2.0,3.0,base-paper quintile,,,
13988,19,8,4757.8,4.0,4.0,5.0,base-paper quintile,,,
13989,65,5,2026.06,3.0,4.0,4.0,base-paper quintile,,,
13990,212,1,311.3,2.0,1.0,2.0,base-paper quintile,,,
13991,11,6,855.97,5.0,4.0,3.0,base-paper quintile,,,
13992,29,3,219.5,4.0,3.0,1.0,base-paper quintile,,,
13993,42,19,6775.71,4.0,5.0,5.0,base-paper quintile,,,
13994,3,6,2313.14,5.0,4.0,4.0,base-paper quintile,,,
13995,14,14,3902.01,5.0,5.0,5.0,base-paper quintile,,,
13996,385,2,895.76,2.0,2.0,3.0,base-paper quintile,,,
13997,518,3,382.31,1.0,3.0,2.0,base-paper quintile,,,
13998,446,3,566.7,1.0,3.0,2.0,base-paper quintile,,,
13999,9,29,9502.26,5.0,5.0,5.0,base-paper quintile,,,
14000,210,5,2046.3400000000001,2.0,4.0,4.0,base-paper quintile,,,
14001,45,9,4530.09,4.0,5.0,5.0,base-paper quintile,,,
14002,133,2,529.73,3.0,2.0,2.0,base-paper quintile,,,
14003,732,1,209.41,1.0,1.0,1.0,base-paper quintile,,,
14004,42,11,6258.45,4.0,5.0,5.0,base-paper quintile,,,
14005,9,5,2874.72,5.0,4.0,4.0,base-paper quintile,,,
14006,115,7,2196.67,3.0,4.0,4.0,base-paper quintile,,,
14007,512,1,79.48,1.0,1.0,1.0,base-paper quintile,,,
14008,431,1,509.04,1.0,1.0,2.0,base-paper quintile,,,
14009,197,3,1099.91,2.0,3.0,3.0,base-paper quintile,,,
14010,564,2,445.15,1.0,2.0,2.0,base-paper quintile,,,
14011,479,2,457.82,1.0,2.0,2.0,base-paper quintile,,,
14012,277,1,328.8,2.0,1.0,2.0,base-paper quintile,,,
14013,109,5,1084.57,3.0,4.0,3.0,base-paper quintile,,,
14014,76,3,1948.21,3.0,3.0,4.0,base-paper quintile,,,
14015,52,1,917.34,4.0,1.0,3.0,base-paper quintile,,,
14016,161,11,11403.41,3.0,5.0,5.0,base-paper quintile,,,
14017,570,1,229.75,1.0,1.0,1.0,base-paper quintile,,,
14018,644,1,367.15000000000003,1.0,1.0,2.0,base-paper quintile,,,
14019,46,3,1421.61,4.0,3.0,4.0,base-paper quintile,,,
14020,16,4,1249.01,5.0,3.0,4.0,base-paper quintile,,,
14021,154,7,1716.58,3.0,4.0,4.0,base-paper quintile,,,
14022,224,2,792.15,2.0,2.0,3.0,base-paper quintile,,,
14023,6,2,584.07,5.0,2.0,2.0,base-paper quintile,,,
14024,121,3,645.74,3.0,3.0,3.0,base-paper quintile,,,
14025,464,8,4057.9,1.0,4.0,5.0,base-paper quintile,,,
14026,470,2,713.11,1.0,2.0,3.0,base-paper quintile,,,
14027,60,1,104.82,3.0,1.0,1.0,base-paper quintile,,,
14028,549,3,10396.5,1.0,3.0,5.0,base-paper quintile,,,
14029,62,2,467.66,3.0,2.0,2.0,base-paper quintile,,,
14030,17,20,8262.29,5.0,5.0,5.0,base-paper quintile,,,
14031,6,44,40999.17,5.0,5.0,5.0,base-paper quintile,,,
14032,1,16,4850.2699999999995,5.0,5.0,5.0,base-paper quintile,,,
14033,554,1,109.44,1.0,1.0,1.0,base-paper quintile,,,
14034,21,3,651.8199999999999,4.0,3.0,3.0,base-paper quintile,,,
14035,28,9,2856.72,4.0,5.0,4.0,base-paper quintile,,,
14036,284,1,626.65,2.0,1.0,3.0,base-paper quintile,,,
14037,175,6,836.95,3.0,4.0,3.0,base-paper quintile,,,
14038,77,5,3069.88,3.0,4.0,5.0,base-paper quintile,,,
14039,32,2,267.28000000000003,4.0,2.0,1.0,base-paper quintile,,,
14040,40,35,12645.57,4.0,5.0,5.0,base-paper quintile,,,
14041,265,1,141.41,2.0,1.0,1.0,base-paper quintile,,,
14042,724,1,431.98,1.0,1.0,2.0,base-paper quintile,,,
14043,490,2,304.25,1.0,2.0,2.0,base-paper quintile,,,
14044,26,10,3123.1,4.0,5.0,5.0,base-paper quintile,,,
14045,108,16,11313.029999999999,3.0,5.0,5.0,base-paper quintile,,,
14046,283,1,154.99,2.0,1.0,1.0,base-paper quintile,,,
14047,8,14,4255.03,5.0,5.0,5.0,base-paper quintile,,,
14048,304,3,748.69,2.0,3.0,3.0,base-paper quintile,,,
14049,16,13,13239.03,5.0,5.0,5.0,base-paper quintile,,,
14050,31,2,746.36,4.0,2.0,3.0,base-paper quintile,,,
14051,0,37,22434.0,5.0,5.0,5.0,base-paper quintile,,,
14052,19,2,480.81,4.0,2.0,2.0,base-paper quintile,,,
14053,123,4,572.3,3.0,3.0,2.0,base-paper quintile,,,
14054,64,1,92.46,3.0,1.0,1.0,base-paper quintile,,,
14055,105,3,1520.96,3.0,3.0,4.0,base-paper quintile,,,
14056,0,23,8214.65,5.0,5.0,5.0,base-paper quintile,,,
14057,23,22,8408.84,4.0,5.0,5.0,base-paper quintile,,,
14058,462,2,469.19,1.0,2.0,2.0,base-paper quintile,,,
14059,266,1,183.6,2.0,1.0,1.0,base-paper quintile,,,
14060,4,30,9519.08,5.0,5.0,5.0,base-paper quintile,,,
14061,506,3,917.4300000000001,1.0,3.0,3.0,base-paper quintile,,,
14062,9,24,25604.2,5.0,5.0,5.0,base-paper quintile,,,
14063,437,9,22710.2,1.0,5.0,5.0,base-paper quintile,,,
14064,28,15,3332.42,4.0,5.0,5.0,base-paper quintile,,,
14065,388,3,891.02,2.0,3.0,3.0,base-paper quintile,,,
14066,266,1,152.55,2.0,1.0,1.0,base-paper quintile,,,
14067,63,2,374.7,3.0,2.0,2.0,base-paper quintile,,,
14068,319,4,1528.3700000000001,2.0,3.0,4.0,base-paper quintile,,,
14069,514,2,230.06,1.0,2.0,1.0,base-paper quintile,,,
14070,684,1,326.55,1.0,1.0,2.0,base-paper quintile,,,
14071,3,8,1438.82,5.0,4.0,4.0,base-paper quintile,,,
14072,666,1,390.85,1.0,1.0,2.0,base-paper quintile,,,
14073,31,1,151.04,4.0,1.0,1.0,base-paper quintile,,,
14074,622,1,219.39999999999998,1.0,1.0,1.0,base-paper quintile,,,
14075,4,6,1734.87,5.0,4.0,4.0,base-paper quintile,,,
14076,128,1,122.47,3.0,1.0,1.0,base-paper quintile,,,
14077,40,6,615.0799999999999,4.0,4.0,2.0,base-paper quintile,,,
14078,101,9,1692.6299999999999,3.0,5.0,4.0,base-paper quintile,,,
14079,124,2,618.73,3.0,2.0,3.0,base-paper quintile,,,
14080,32,5,1115.68,4.0,4.0,3.0,base-paper quintile,,,
14081,301,10,5370.1,2.0,5.0,5.0,base-paper quintile,,,
14082,364,2,413.36,2.0,2.0,2.0,base-paper quintile,,,
14083,3,11,1407.26,5.0,5.0,4.0,base-paper quintile,,,
14084,511,1,150.5,1.0,1.0,1.0,base-paper quintile,,,
14085,1,33,10104.97,5.0,5.0,5.0,base-paper quintile,,,
14086,462,1,39.95,1.0,1.0,1.0,base-paper quintile,,,
14087,2,3,846.22,5.0,3.0,3.0,base-paper quintile,,,
14088,9,16,64036.8,5.0,5.0,5.0,base-paper quintile,,,
14089,56,1,161.0,4.0,1.0,1.0,base-paper quintile,,,
14090,324,1,76.32000000000001,2.0,1.0,1.0,base-paper quintile,,,
14091,653,2,9530.08,1.0,2.0,5.0,base-paper quintile,,,
14092,7,24,7229.45,5.0,5.0,5.0,base-paper quintile,,,
14093,11,1,442.85,5.0,1.0,2.0,base-paper quintile,,,
14094,439,1,335.22,1.0,1.0,2.0,base-paper quintile,,,
14095,722,1,2.95,1.0,1.0,1.0,base-paper quintile,,,
14096,3,17,65164.79,5.0,5.0,5.0,base-paper quintile,,,
14097,480,2,422.85999999999996,1.0,2.0,2.0,base-paper quintile,,,
14098,36,1,147.35,4.0,1.0,1.0,base-paper quintile,,,
14099,15,20,5765.71,5.0,5.0,5.0,base-paper quintile,,,
14100,137,1,194.9,3.0,1.0,1.0,base-paper quintile,,,
14101,73,13,9961.93,3.0,5.0,5.0,base-paper quintile,,,
14102,4,5,1360.28,5.0,4.0,4.0,base-paper quintile,,,
14104,154,5,771.5799999999999,3.0,4.0,3.0,base-paper quintile,,,
14105,238,5,5988.83,2.0,4.0,5.0,base-paper quintile,,,
14106,736,1,214.79999999999998,1.0,1.0,1.0,base-paper quintile,,,
14107,51,11,4877.3,4.0,5.0,5.0,base-paper quintile,,,
14108,30,4,1044.96,4.0,3.0,3.0,base-paper quintile,,,
14109,72,1,144.2,3.0,1.0,1.0,base-paper quintile,,,
14110,3,33,12987.95,5.0,5.0,5.0,base-paper quintile,,,
14111,13,4,692.85,5.0,3.0,3.0,base-paper quintile,,,
14112,22,13,5834.59,4.0,5.0,5.0,base-paper quintile,,,
14113,3,16,7092.610000000001,5.0,5.0,5.0,base-paper quintile,,,
14114,273,7,1364.09,2.0,4.0,4.0,base-paper quintile,,,
14115,501,2,622.6700000000001,1.0,2.0,3.0,base-paper quintile,,,
14116,19,5,1382.74,4.0,4.0,4.0,base-paper quintile,,,
14117,143,1,90.0,3.0,1.0,1.0,base-paper quintile,,,
14118,428,1,458.45,1.0,1.0,2.0,base-paper quintile,,,
14119,375,2,183.37,2.0,2.0,1.0,base-paper quintile,,,
14121,3,4,2780.15,5.0,3.0,4.0,base-paper quintile,,,
14122,405,3,362.42,2.0,3.0,2.0,base-paper quintile,,,
14123,732,1,436.18,1.0,1.0,2.0,base-paper quintile,,,
14124,83,1,419.58000000000004,3.0,1.0,2.0,base-paper quintile,,,
14125,10,3,2740.43,5.0,3.0,4.0,base-paper quintile,,,
14126,7,4,1172.46,5.0,3.0,3.0,base-paper quintile,,,
14127,122,6,1900.0800000000002,3.0,4.0,4.0,base-paper quintile,,,
14128,60,3,924.21,3.0,3.0,3.0,base-paper quintile,,,
14129,1,9,2591.34,5.0,5.0,4.0,base-paper quintile,,,
14130,318,4,1882.67,2.0,3.0,4.0,base-paper quintile,,,
14131,648,1,187.87,1.0,1.0,1.0,base-paper quintile,,,
14132,1,11,3586.0299999999997,5.0,5.0,5.0,base-paper quintile,,,
14133,129,4,911.14,3.0,3.0,3.0,base-paper quintile,,,
14134,382,15,11123.35,2.0,5.0,5.0,base-paper quintile,,,
14135,1,24,9643.92,5.0,5.0,5.0,base-paper quintile,,,
14136,400,5,1570.81,2.0,4.0,4.0,base-paper quintile,,,
14137,695,1,332.7,1.0,1.0,2.0,base-paper quintile,,,
14138,1,2,982.3800000000001,5.0,2.0,3.0,base-paper quintile,,,
14139,45,4,1086.8,4.0,3.0,3.0,base-paper quintile,,,
14140,3,2,935.05,5.0,2.0,3.0,base-paper quintile,,,
14141,2,4,915.13,5.0,3.0,3.0,base-paper quintile,,,
14142,372,2,983.15,2.0,2.0,3.0,base-paper quintile,,,
14143,133,1,115.8,3.0,1.0,1.0,base-paper quintile,,,
14144,485,1,30.599999999999998,1.0,1.0,1.0,base-paper quintile,,,
14145,46,7,7600.05,4.0,4.0,5.0,base-paper quintile,,,
14146,8,12,9450.3,5.0,5.0,5.0,base-paper quintile,,,
14147,77,9,2590.2,3.0,5.0,4.0,base-paper quintile,,,
14148,233,2,466.29,2.0,2.0,2.0,base-paper quintile,,,
14149,220,1,446.62,2.0,1.0,2.0,base-paper quintile,,,
14150,35,2,658.64,4.0,2.0,3.0,base-paper quintile,,,
14151,672,2,679.45,1.0,2.0,3.0,base-paper quintile,,,
14152,74,7,1997.3400000000001,3.0,4.0,4.0,base-paper quintile,,,
14153,482,1,233.4,1.0,1.0,1.0,base-paper quintile,,,
14154,238,8,6460.7,2.0,4.0,5.0,base-paper quintile,,,
14155,265,1,118.75,2.0,1.0,1.0,base-paper quintile,,,
14156,9,156,313946.37,5.0,5.0,5.0,base-paper quintile,,,
14157,19,5,1002.78,4.0,4.0,3.0,base-paper quintile,,,
14158,39,1,507.66,4.0,1.0,2.0,base-paper quintile,,,
14159,19,20,7938.01,4.0,5.0,5.0,base-paper quintile,,,
14160,609,7,8421.47,1.0,4.0,5.0,base-paper quintile,,,
14161,215,7,3318.88,2.0,4.0,5.0,base-paper quintile,,,
14162,173,2,289.36,3.0,2.0,1.0,base-paper quintile,,,
14163,86,5,2594.62,3.0,4.0,4.0,base-paper quintile,,,
14164,70,2,1631.77,3.0,2.0,4.0,base-paper quintile,,,
14165,275,1,122.53999999999999,2.0,1.0,1.0,base-paper quintile,,,
14166,504,2,256.85,1.0,2.0,1.0,base-paper quintile,,,
14167,38,8,1296.49,4.0,4.0,4.0,base-paper quintile,,,
14168,420,2,370.45,1.0,2.0,2.0,base-paper quintile,,,
14169,430,2,624.4300000000001,1.0,2.0,3.0,base-paper quintile,,,
14170,374,3,597.33,2.0,3.0,2.0,base-paper quintile,,,
14171,97,2,498.79,3.0,2.0,2.0,base-paper quintile,,,
14172,604,3,402.72,1.0,3.0,2.0,base-paper quintile,,,
14173,10,6,586.0,5.0,4.0,2.0,base-paper quintile,,,
14174,32,1,134.46,4.0,1.0,1.0,base-paper quintile,,,
14175,59,8,7678.88,3.0,4.0,5.0,base-paper quintile,,,
14176,296,5,916.01,2.0,4.0,3.0,base-paper quintile,,,
14177,85,13,2229.34,3.0,5.0,4.0,base-paper quintile,,,
14178,8,7,1620.93,5.0,4.0,4.0,base-paper quintile,,,
14179,40,2,719.78,4.0,2.0,3.0,base-paper quintile,,,
14180,10,33,6319.25,5.0,5.0,5.0,base-paper quintile,,,
14181,410,2,310.55,1.0,2.0,2.0,base-paper quintile,,,
14182,443,4,678.77,1.0,3.0,3.0,base-paper quintile,,,
14183,410,2,286.29,1.0,2.0,1.0,base-paper quintile,,,
14184,66,1,452.89,3.0,1.0,2.0,base-paper quintile,,,
14185,330,1,197.65,2.0,1.0,1.0,base-paper quintile,,,
14186,426,5,1550.63,1.0,4.0,4.0,base-paper quintile,,,
14187,473,1,123.5,1.0,1.0,1.0,base-paper quintile,,,
14188,30,6,2054.36,4.0,4.0,4.0,base-paper quintile,,,
14189,1,16,5814.39,5.0,5.0,5.0,base-paper quintile,,,
14190,665,1,79.9,1.0,1.0,1.0,base-paper quintile,,,
14191,1,15,4817.66,5.0,5.0,5.0,base-paper quintile,,,
14192,387,1,293.74,2.0,1.0,2.0,base-paper quintile,,,
14193,67,3,1210.19,3.0,3.0,3.0,base-paper quintile,,,
14194,4,36,18670.59,5.0,5.0,5.0,base-paper quintile,,,
14195,201,6,2615.6,2.0,4.0,4.0,base-paper quintile,,,
14196,106,1,335.52,3.0,1.0,2.0,base-paper quintile,,,
14197,410,1,390.05,1.0,1.0,2.0,base-paper quintile,,,
14198,17,9,1569.73,5.0,5.0,4.0,base-paper quintile,,,
14199,217,4,1091.7,2.0,3.0,3.0,base-paper quintile,,,
14200,616,1,379.2,1.0,1.0,2.0,base-paper quintile,,,
14201,59,10,1193.54,3.0,5.0,3.0,base-paper quintile,,,
14202,380,3,847.76,2.0,3.0,3.0,base-paper quintile,,,
14203,396,1,339.34,2.0,1.0,2.0,base-paper quintile,,,
14204,1,4,1062.96,5.0,3.0,3.0,base-paper quintile,,,
14205,16,9,2414.2,5.0,5.0,4.0,base-paper quintile,,,
14206,238,3,1185.01,2.0,3.0,3.0,base-paper quintile,,,
14207,687,1,157.8,1.0,1.0,1.0,base-paper quintile,,,
14208,94,2,567.05,3.0,2.0,2.0,base-paper quintile,,,
14209,10,15,4993.27,5.0,5.0,5.0,base-paper quintile,,,
14210,105,16,5861.52,3.0,5.0,5.0,base-paper quintile,,,
14211,52,18,4402.29,4.0,5.0,5.0,base-paper quintile,,,
14212,89,2,2190.14,3.0,2.0,4.0,base-paper quintile,,,
14213,404,1,1192.2,2.0,1.0,3.0,base-paper quintile,,,
14214,30,5,1004.38,4.0,4.0,3.0,base-paper quintile,,,
14215,11,9,3416.33,5.0,5.0,5.0,base-paper quintile,,,
14216,2,5,2150.04,5.0,4.0,4.0,base-paper quintile,,,
14217,1,23,3416.89,5.0,5.0,5.0,base-paper quintile,,,
14218,42,1,169.48000000000002,4.0,1.0,1.0,base-paper quintile,,,
14219,3,3,633.83,5.0,3.0,3.0,base-paper quintile,,,
14220,246,4,1515.0,2.0,3.0,4.0,base-paper quintile,,,
14221,41,17,6517.49,4.0,5.0,5.0,base-paper quintile,,,
14222,176,1,683.17,3.0,1.0,3.0,base-paper quintile,,,
14223,91,3,991.13,3.0,3.0,3.0,base-paper quintile,,,
14224,109,9,1897.9,3.0,5.0,4.0,base-paper quintile,,,
14225,434,4,2037.02,1.0,3.0,4.0,base-paper quintile,,,
14226,28,6,3002.53,4.0,4.0,5.0,base-paper quintile,,,
14227,25,15,6368.71,4.0,5.0,5.0,base-paper quintile,,,
14228,437,3,745.5,1.0,3.0,3.0,base-paper quintile,,,
14229,51,7,2594.04,4.0,4.0,4.0,base-paper quintile,,,
14230,435,3,979.8000000000001,1.0,3.0,3.0,base-paper quintile,,,
14231,183,4,1235.6200000000001,3.0,3.0,3.0,base-paper quintile,,,
14232,42,5,2048.07,4.0,4.0,4.0,base-paper quintile,,,
14233,48,7,2904.27,4.0,4.0,4.0,base-paper quintile,,,
14234,21,4,775.46,4.0,3.0,3.0,base-paper quintile,,,
14235,74,9,4717.99,3.0,5.0,5.0,base-paper quintile,,,
14236,80,5,1744.64,3.0,4.0,4.0,base-paper quintile,,,
14237,372,2,632.14,2.0,2.0,3.0,base-paper quintile,,,
14238,325,3,434.23,2.0,3.0,2.0,base-paper quintile,,,
14239,42,21,4263.17,4.0,5.0,5.0,base-paper quintile,,,
14240,29,3,1247.49,4.0,3.0,3.0,base-paper quintile,,,
14241,183,2,333.70000000000005,3.0,2.0,2.0,base-paper quintile,,,
14242,234,2,280.55,2.0,2.0,1.0,base-paper quintile,,,
14243,8,17,7431.05,5.0,5.0,5.0,base-paper quintile,,,
14244,660,1,366.41999999999996,1.0,1.0,2.0,base-paper quintile,,,
14245,219,2,1693.45,2.0,2.0,4.0,base-paper quintile,,,
14246,110,3,1474.06,3.0,3.0,4.0,base-paper quintile,,,
14247,277,5,772.66,2.0,4.0,3.0,base-paper quintile,,,
14248,317,3,1032.95,2.0,3.0,3.0,base-paper quintile,,,
14249,410,12,5625.461,1.0,5.0,5.0,base-paper quintile,,,
14250,6,3,1904.05,5.0,3.0,4.0,base-paper quintile,,,
14251,1,5,2879.7000000000003,5.0,4.0,4.0,base-paper quintile,,,
14252,380,1,350.99,2.0,1.0,2.0,base-paper quintile,,,
14253,492,2,363.40000000000003,1.0,2.0,2.0,base-paper quintile,,,
14254,432,1,601.03,1.0,1.0,2.0,base-paper quintile,,,
14255,545,1,1000.63,1.0,1.0,3.0,base-paper quintile,,,
14256,259,5,2473.9900000000002,2.0,4.0,4.0,base-paper quintile,,,
14257,63,9,5954.45,3.0,5.0,5.0,base-paper quintile,,,
14258,8,25,32051.34,5.0,5.0,5.0,base-paper quintile,,,
14259,141,1,120.0,3.0,1.0,1.0,base-paper quintile,,,
14260,470,3,824.28,1.0,3.0,3.0,base-paper quintile,,,
14261,50,2,1163.45,4.0,2.0,3.0,base-paper quintile,,,
14262,7,8,2618.23,5.0,4.0,4.0,base-paper quintile,,,
14263,422,1,322.93,1.0,1.0,2.0,base-paper quintile,,,
14264,154,6,1517.3600000000001,3.0,4.0,4.0,base-paper quintile,,,
14265,108,4,1373.35,3.0,3.0,4.0,base-paper quintile,,,
14266,427,1,40.56,1.0,1.0,1.0,base-paper quintile,,,
14267,162,3,1516.24,3.0,3.0,4.0,base-paper quintile,,,
14268,470,1,354.85,1.0,1.0,2.0,base-paper quintile,,,
14269,438,1,295.73,1.0,1.0,2.0,base-paper quintile,,,
14270,331,1,492.65000000000003,2.0,1.0,2.0,base-paper quintile,,,
14271,225,2,219.13,2.0,2.0,1.0,base-paper quintile,,,
14272,73,4,920.81,3.0,3.0,3.0,base-paper quintile,,,
14273,50,4,559.97,4.0,3.0,2.0,base-paper quintile,,,
14274,685,1,256.6,1.0,1.0,1.0,base-paper quintile,,,
14275,395,6,1189.3799999999999,2.0,4.0,3.0,base-paper quintile,,,
14276,98,7,2102.68,3.0,4.0,4.0,base-paper quintile,,,
14277,14,9,17225.81,5.0,5.0,5.0,base-paper quintile,,,
14278,409,1,205.83,2.0,1.0,1.0,base-paper quintile,,,
14279,520,2,191.86,1.0,2.0,1.0,base-paper quintile,,,
14280,196,1,134.04,2.0,1.0,1.0,base-paper quintile,,,
14281,407,1,245.15,2.0,1.0,1.0,base-paper quintile,,,
14282,2,25,7849.66,5.0,5.0,5.0,base-paper quintile,,,
14283,462,4,628.4399999999999,1.0,3.0,3.0,base-paper quintile,,,
14284,30,3,1299.65,4.0,3.0,4.0,base-paper quintile,,,
14285,20,8,3284.42,4.0,4.0,5.0,base-paper quintile,,,
14286,23,7,8479.76,4.0,4.0,5.0,base-paper quintile,,,
14287,7,3,176.63,5.0,3.0,1.0,base-paper quintile,,,
14288,212,1,426.6,2.0,1.0,2.0,base-paper quintile,,,
14289,8,6,911.26,5.0,4.0,3.0,base-paper quintile,,,
14290,10,8,4516.56,5.0,4.0,5.0,base-paper quintile,,,
14291,1,23,7904.1,5.0,5.0,5.0,base-paper quintile,,,
14292,7,16,9226.25,5.0,5.0,5.0,base-paper quintile,,,
14293,2,9,3267.9300000000003,5.0,5.0,5.0,base-paper quintile,,,
14294,406,1,375.34,2.0,1.0,2.0,base-paper quintile,,,
14295,39,5,2362.91,4.0,4.0,4.0,base-paper quintile,,,
14296,420,2,456.40000000000003,1.0,2.0,2.0,base-paper quintile,,,
14297,17,4,1305.33,5.0,3.0,4.0,base-paper quintile,,,
14298,7,82,91194.49,5.0,5.0,5.0,base-paper quintile,,,
14299,7,27,14499.49,5.0,5.0,5.0,base-paper quintile,,,
14300,18,1,43.2,5.0,1.0,1.0,base-paper quintile,,,
14301,116,4,1992.18,3.0,3.0,4.0,base-paper quintile,,,
14302,430,3,742.9000000000001,1.0,3.0,3.0,base-paper quintile,,,
14303,406,2,277.94,2.0,2.0,1.0,base-paper quintile,,,
14304,222,3,1725.01,2.0,3.0,4.0,base-paper quintile,,,
14305,70,3,1858.96,3.0,3.0,4.0,base-paper quintile,,,
14306,50,6,3151.4,4.0,4.0,5.0,base-paper quintile,,,
14307,88,10,5071.03,3.0,5.0,5.0,base-paper quintile,,,
14308,548,2,1147.02,1.0,2.0,3.0,base-paper quintile,,,
14309,7,11,3780.81,5.0,5.0,5.0,base-paper quintile,,,
14310,432,1,492.1,1.0,1.0,2.0,base-paper quintile,,,
14311,242,2,516.45,2.0,2.0,2.0,base-paper quintile,,,
14312,46,11,3090.29,4.0,5.0,5.0,base-paper quintile,,,
14314,106,2,229.8,3.0,2.0,1.0,base-paper quintile,,,
14315,44,8,3197.82,4.0,4.0,5.0,base-paper quintile,,,
14316,421,5,1370.34,1.0,4.0,4.0,base-paper quintile,,,
14317,64,1,508.58000000000004,3.0,1.0,2.0,base-paper quintile,,,
14318,459,1,158.02,1.0,1.0,1.0,base-paper quintile,,,
14319,423,1,494.85,1.0,1.0,2.0,base-paper quintile,,,
14320,206,5,1346.75,2.0,4.0,4.0,base-paper quintile,,,
14321,10,7,2218.06,5.0,4.0,4.0,base-paper quintile,,,
14322,428,4,474.1,1.0,3.0,2.0,base-paper quintile,,,
14323,114,2,605.0600000000001,3.0,2.0,2.0,base-paper quintile,,,
14324,409,2,701.61,2.0,2.0,3.0,base-paper quintile,,,
14325,569,1,245.48000000000002,1.0,1.0,1.0,base-paper quintile,,,
14326,241,3,940.98,2.0,3.0,3.0,base-paper quintile,,,
14327,162,6,1894.93,3.0,4.0,4.0,base-paper quintile,,,
14328,437,1,445.05,1.0,1.0,2.0,base-paper quintile,,,
14329,16,15,9927.22,5.0,5.0,5.0,base-paper quintile,,,
14330,623,1,200.63,1.0,1.0,1.0,base-paper quintile,,,
14331,123,2,462.65999999999997,3.0,2.0,2.0,base-paper quintile,,,
14332,22,5,1943.51,4.0,4.0,4.0,base-paper quintile,,,
14333,67,1,415.2,3.0,1.0,2.0,base-paper quintile,,,
14334,16,12,4318.48,5.0,5.0,5.0,base-paper quintile,,,
14335,15,2,468.26,5.0,2.0,2.0,base-paper quintile,,,
14336,16,4,1614.91,5.0,3.0,4.0,base-paper quintile,,,
14338,160,3,928.1,3.0,3.0,3.0,base-paper quintile,,,
14339,242,2,620.27,2.0,2.0,3.0,base-paper quintile,,,
14340,218,1,134.7,2.0,1.0,1.0,base-paper quintile,,,
14341,44,18,4467.32,4.0,5.0,5.0,base-paper quintile,,,
14342,20,6,918.44,4.0,4.0,3.0,base-paper quintile,,,
14343,420,4,1088.91,1.0,3.0,3.0,base-paper quintile,,,
14344,126,20,3333.7000000000003,3.0,5.0,5.0,base-paper quintile,,,
14345,38,1,108.97999999999999,4.0,1.0,1.0,base-paper quintile,,,
14346,120,5,2315.75,3.0,4.0,4.0,base-paper quintile,,,
14347,736,1,82.6,1.0,1.0,1.0,base-paper quintile,,,
14348,259,1,409.57,2.0,1.0,2.0,base-paper quintile,,,
14349,9,1,133.5,5.0,1.0,1.0,base-paper quintile,,,
14350,273,3,972.03,2.0,3.0,3.0,base-paper quintile,,,
14351,164,1,51.0,3.0,1.0,1.0,base-paper quintile,,,
14352,156,4,1078.96,3.0,3.0,3.0,base-paper quintile,,,
14353,214,3,376.5,2.0,3.0,2.0,base-paper quintile,,,
14354,5,2,163.62,5.0,2.0,1.0,base-paper quintile,,,
14355,365,3,1014.45,2.0,3.0,3.0,base-paper quintile,,,
14356,79,2,701.23,3.0,2.0,3.0,base-paper quintile,,,
14357,42,1,225.77,4.0,1.0,1.0,base-paper quintile,,,
14358,388,2,400.06,2.0,2.0,2.0,base-paper quintile,,,
14359,18,3,912.18,5.0,3.0,3.0,base-paper quintile,,,
14360,31,4,2128.23,4.0,3.0,4.0,base-paper quintile,,,
14361,578,1,214.70999999999998,1.0,1.0,1.0,base-paper quintile,,,
14362,21,1,161.2,4.0,1.0,1.0,base-paper quintile,,,
14363,401,2,227.47000000000003,2.0,2.0,1.0,base-paper quintile,,,
14364,108,8,3717.35,3.0,4.0,5.0,base-paper quintile,,,
14365,394,2,634.68,2.0,2.0,3.0,base-paper quintile,,,
14366,524,1,136.0,1.0,1.0,1.0,base-paper quintile,,,
14367,7,16,9261.52,5.0,5.0,5.0,base-paper quintile,,,
14368,319,1,155.0,2.0,1.0,1.0,base-paper quintile,,,
14369,641,2,469.13,1.0,2.0,2.0,base-paper quintile,,,
14370,450,6,1175.78,1.0,4.0,3.0,base-paper quintile,,,
14371,294,1,100.5,2.0,1.0,1.0,base-paper quintile,,,
14372,442,2,860.08,1.0,2.0,3.0,base-paper quintile,,,
14373,357,1,76.55,2.0,1.0,1.0,base-paper quintile,,,
14374,540,1,108.0,1.0,1.0,1.0,base-paper quintile,,,
14375,184,3,1132.99,3.0,3.0,3.0,base-paper quintile,,,
14376,682,1,215.46,1.0,1.0,1.0,base-paper quintile,,,
14377,190,2,617.05,2.0,2.0,2.0,base-paper quintile,,,
14378,621,1,131.25,1.0,1.0,1.0,base-paper quintile,,,
14379,43,4,1268.91,4.0,3.0,4.0,base-paper quintile,,,
14380,681,1,48.96,1.0,1.0,1.0,base-paper quintile,,,
14381,51,2,631.34,4.0,2.0,3.0,base-paper quintile,,,
14382,25,2,1246.8,4.0,2.0,3.0,base-paper quintile,,,
14383,37,3,1247.69,4.0,3.0,3.0,base-paper quintile,,,
14384,500,1,58.5,1.0,1.0,1.0,base-paper quintile,,,
14385,8,3,202.11,5.0,3.0,1.0,base-paper quintile,,,
14386,296,1,142.4,2.0,1.0,1.0,base-paper quintile,,,
14387,32,3,1770.56,4.0,3.0,4.0,base-paper quintile,,,
14388,9,16,6701.0,5.0,5.0,5.0,base-paper quintile,,,
14389,64,5,1898.01,3.0,4.0,4.0,base-paper quintile,,,
14390,9,13,6399.83,5.0,5.0,5.0,base-paper quintile,,,
14391,576,1,135.6,1.0,1.0,1.0,base-paper quintile,,,
14392,431,1,266.4,1.0,1.0,1.0,base-paper quintile,,,
14393,217,1,67.95,2.0,1.0,1.0,base-paper quintile,,,
14394,564,1,93.8,1.0,1.0,1.0,base-paper quintile,,,
14395,1,20,8208.01,5.0,5.0,5.0,base-paper quintile,,,
14396,64,7,2121.93,3.0,4.0,4.0,base-paper quintile,,,
14397,2,19,2612.96,5.0,5.0,4.0,base-paper quintile,,,
14398,400,2,707.79,2.0,2.0,3.0,base-paper quintile,,,
14399,393,8,2113.16,2.0,4.0,4.0,base-paper quintile,,,
14400,148,3,1732.47,3.0,3.0,4.0,base-paper quintile,,,
14401,3,22,6795.9,5.0,5.0,5.0,base-paper quintile,,,
14402,651,1,285.6,1.0,1.0,1.0,base-paper quintile,,,
14403,129,6,1880.51,3.0,4.0,4.0,base-paper quintile,,,
14404,33,13,2899.11,4.0,5.0,4.0,base-paper quintile,,,
14405,386,1,195.0,2.0,1.0,1.0,base-paper quintile,,,
14406,118,1,156.75,3.0,1.0,1.0,base-paper quintile,,,
14407,106,6,2157.73,3.0,4.0,4.0,base-paper quintile,,,
14408,10,11,4109.77,5.0,5.0,5.0,base-paper quintile,,,
14409,70,9,3756.09,3.0,5.0,5.0,base-paper quintile,,,
14410,91,11,2651.14,3.0,5.0,4.0,base-paper quintile,,,
14411,310,1,1063.0,2.0,1.0,3.0,base-paper quintile,,,
14412,42,3,1426.19,4.0,3.0,4.0,base-paper quintile,,,
14413,361,4,770.37,2.0,3.0,3.0,base-paper quintile,,,
14414,91,8,2399.33,3.0,4.0,4.0,base-paper quintile,,,
14415,0,23,12091.6,5.0,5.0,5.0,base-paper quintile,,,
14416,21,2,490.22,4.0,2.0,2.0,base-paper quintile,,,
14417,387,1,604.2,2.0,1.0,2.0,base-paper quintile,,,
14418,3,3,1937.25,5.0,3.0,4.0,base-paper quintile,,,
14419,10,7,1260.91,5.0,4.0,4.0,base-paper quintile,,,
14420,98,4,1639.17,3.0,3.0,4.0,base-paper quintile,,,
14421,56,6,2469.37,4.0,4.0,4.0,base-paper quintile,,,
14422,0,19,10271.52,5.0,5.0,5.0,base-paper quintile,,,
14423,217,3,916.6099999999999,2.0,3.0,3.0,base-paper quintile,,,
14424,17,1,322.08,5.0,1.0,2.0,base-paper quintile,,,
14425,434,3,661.39,1.0,3.0,3.0,base-paper quintile,,,
14426,23,17,11727.94,4.0,5.0,5.0,base-paper quintile,,,
14427,49,4,1263.52,4.0,3.0,4.0,base-paper quintile,,,
14428,6,5,1244.83,5.0,4.0,3.0,base-paper quintile,,,
14429,403,1,516.28,2.0,1.0,2.0,base-paper quintile,,,
14430,511,3,1220.9,1.0,3.0,3.0,base-paper quintile,,,
14431,302,4,2614.2,2.0,3.0,4.0,base-paper quintile,,,
14432,9,6,2255.51,5.0,4.0,4.0,base-paper quintile,,,
14433,465,1,289.6,1.0,1.0,1.0,base-paper quintile,,,
14434,21,6,1372.8,4.0,4.0,4.0,base-paper quintile,,,
14435,501,1,90.42,1.0,1.0,1.0,base-paper quintile,,,
14436,98,2,271.70000000000005,3.0,2.0,1.0,base-paper quintile,,,
14437,365,5,958.84,2.0,4.0,3.0,base-paper quintile,,,
14438,305,1,131.9,2.0,1.0,1.0,base-paper quintile,,,
14439,319,5,9443.04,2.0,4.0,5.0,base-paper quintile,,,
14440,7,13,6638.7300000000005,5.0,5.0,5.0,base-paper quintile,,,
14441,0,11,4611.6900000000005,5.0,5.0,5.0,base-paper quintile,,,
14442,204,7,5367.0199999999995,2.0,4.0,5.0,base-paper quintile,,,
14443,53,5,2386.47,4.0,4.0,4.0,base-paper quintile,,,
14444,455,1,132.04,1.0,1.0,1.0,base-paper quintile,,,
14445,455,1,221.65,1.0,1.0,1.0,base-paper quintile,,,
14446,0,5,1241.31,5.0,4.0,3.0,base-paper quintile,,,
14447,18,6,1711.73,5.0,4.0,4.0,base-paper quintile,,,
14448,8,2,375.35,5.0,2.0,2.0,base-paper quintile,,,
14449,18,8,2482.8,5.0,4.0,4.0,base-paper quintile,,,
14450,180,7,1128.44,3.0,4.0,3.0,base-paper quintile,,,
14451,59,12,3308.77,3.0,5.0,5.0,base-paper quintile,,,
14452,10,4,665.59,5.0,3.0,3.0,base-paper quintile,,,
14453,189,1,119.93,2.0,1.0,1.0,base-paper quintile,,,
14454,375,5,977.3,2.0,4.0,3.0,base-paper quintile,,,
14455,431,4,628.21,1.0,3.0,3.0,base-paper quintile,,,
14456,4,9,3062.4,5.0,5.0,5.0,base-paper quintile,,,
14457,310,1,113.64,2.0,1.0,1.0,base-paper quintile,,,
14458,380,1,237.42,2.0,1.0,1.0,base-paper quintile,,,
14459,154,2,5375.741,3.0,2.0,5.0,base-paper quintile,,,
14460,109,9,1093.5,3.0,5.0,3.0,base-paper quintile,,,
14461,147,13,6713.5,3.0,5.0,5.0,base-paper quintile,,,
14462,65,12,2270.01,3.0,5.0,4.0,base-paper quintile,,,
14463,97,4,786.5699999999999,3.0,3.0,3.0,base-paper quintile,,,
14464,567,2,111.0,1.0,2.0,1.0,base-paper quintile,,,
14465,246,11,3946.03,2.0,5.0,5.0,base-paper quintile,,,
14466,28,13,4646.9,4.0,5.0,5.0,base-paper quintile,,,
14467,17,12,2220.9900000000002,5.0,5.0,4.0,base-paper quintile,,,
14468,733,1,204.24,1.0,1.0,1.0,base-paper quintile,,,
14469,415,4,2112.21,1.0,3.0,4.0,base-paper quintile,,,
14470,11,3,712.04,5.0,3.0,3.0,base-paper quintile,,,
14471,590,2,400.95,1.0,2.0,2.0,base-paper quintile,,,
14472,103,9,2228.22,3.0,5.0,4.0,base-paper quintile,,,
14473,73,2,234.34000000000003,3.0,2.0,1.0,base-paper quintile,,,
14474,45,2,1278.08,4.0,2.0,4.0,base-paper quintile,,,
14475,71,4,1151.15,3.0,3.0,3.0,base-paper quintile,,,
14476,256,1,215.7,2.0,1.0,1.0,base-paper quintile,,,
14477,19,7,1969.6,4.0,4.0,4.0,base-paper quintile,,,
14478,381,4,1276.66,2.0,3.0,4.0,base-paper quintile,,,
14479,253,4,1299.11,2.0,3.0,4.0,base-paper quintile,,,
14480,10,4,1299.52,5.0,3.0,4.0,base-paper quintile,,,
14481,164,5,2311.4900000000002,3.0,4.0,4.0,base-paper quintile,,,
14482,17,12,4357.91,5.0,5.0,5.0,base-paper quintile,,,
14483,281,2,257.1,2.0,2.0,1.0,base-paper quintile,,,
14484,49,4,1070.98,4.0,3.0,3.0,base-paper quintile,,,
14485,38,1,165.75,4.0,1.0,1.0,base-paper quintile,,,
14486,511,2,175.5,1.0,2.0,1.0,base-paper quintile,,,
14487,26,7,1453.61,4.0,4.0,4.0,base-paper quintile,,,
14488,67,1,1064.28,3.0,1.0,3.0,base-paper quintile,,,
14489,206,4,1574.93,2.0,3.0,4.0,base-paper quintile,,,
14490,405,2,1273.47,2.0,2.0,4.0,base-paper quintile,,,
14491,174,2,468.13,3.0,2.0,2.0,base-paper quintile,,,
14492,429,7,1921.91,1.0,4.0,4.0,base-paper quintile,,,
14493,6,10,5130.15,5.0,5.0,5.0,base-paper quintile,,,
14494,25,3,401.46,4.0,3.0,2.0,base-paper quintile,,,
14495,50,3,174.8,4.0,3.0,1.0,base-paper quintile,,,
14496,311,7,2668.23,2.0,4.0,4.0,base-paper quintile,,,
14497,308,2,697.0600000000001,2.0,2.0,3.0,base-paper quintile,,,
14498,42,10,3911.27,4.0,5.0,5.0,base-paper quintile,,,
14499,25,7,2138.9700000000003,4.0,4.0,4.0,base-paper quintile,,,
14500,87,3,356.85,3.0,3.0,2.0,base-paper quintile,,,
14501,183,2,251.21,3.0,2.0,1.0,base-paper quintile,,,
14502,19,11,2470.67,4.0,5.0,4.0,base-paper quintile,,,
14503,2,6,3543.26,5.0,4.0,5.0,base-paper quintile,,,
14504,46,4,673.26,4.0,3.0,3.0,base-paper quintile,,,
14505,16,19,12001.84,5.0,5.0,5.0,base-paper quintile,,,
14506,16,7,3290.67,5.0,4.0,5.0,base-paper quintile,,,
14507,23,11,3284.43,4.0,5.0,5.0,base-paper quintile,,,
14508,21,5,874.94,4.0,4.0,3.0,base-paper quintile,,,
14509,533,1,110.95,1.0,1.0,1.0,base-paper quintile,,,
14510,375,3,1007.28,2.0,3.0,3.0,base-paper quintile,,,
14511,10,5,1314.81,5.0,4.0,4.0,base-paper quintile,,,
14512,187,7,1223.47,3.0,4.0,3.0,base-paper quintile,,,
14513,100,6,788.01,3.0,4.0,3.0,base-paper quintile,,,
14514,60,9,4598.9800000000005,3.0,5.0,5.0,base-paper quintile,,,
14515,17,12,3749.2599999999998,5.0,5.0,5.0,base-paper quintile,,,
14516,515,1,163.92,1.0,1.0,1.0,base-paper quintile,,,
14517,32,2,330.45,4.0,2.0,2.0,base-paper quintile,,,
14518,63,1,174.37,3.0,1.0,1.0,base-paper quintile,,,
14519,683,2,206.09,1.0,2.0,1.0,base-paper quintile,,,
14520,1,2,270.6,5.0,2.0,1.0,base-paper quintile,,,
14521,490,1,199.45000000000002,1.0,1.0,1.0,base-paper quintile,,,
14522,23,8,1758.6200000000001,4.0,4.0,4.0,base-paper quintile,,,
14523,107,1,241.09,3.0,1.0,1.0,base-paper quintile,,,
14524,31,13,2933.71,4.0,5.0,4.0,base-paper quintile,,,
14525,19,17,8240.64,4.0,5.0,5.0,base-paper quintile,,,
14526,388,1,262.4,2.0,1.0,1.0,base-paper quintile,,,
14527,2,122,27792.3,5.0,5.0,5.0,base-paper quintile,,,
14528,36,1,364.21999999999997,4.0,1.0,2.0,base-paper quintile,,,
14529,59,3,620.04,3.0,3.0,3.0,base-paper quintile,,,
14530,25,16,6197.4,4.0,5.0,5.0,base-paper quintile,,,
14531,479,1,376.34,1.0,1.0,2.0,base-paper quintile,,,
14532,235,11,3859.1800000000003,2.0,5.0,5.0,base-paper quintile,,,
14533,24,11,3466.37,4.0,5.0,5.0,base-paper quintile,,,
14534,2,26,6271.11,5.0,5.0,5.0,base-paper quintile,,,
14535,59,9,6030.7300000000005,3.0,5.0,5.0,base-paper quintile,,,
14536,259,1,171.8,2.0,1.0,1.0,base-paper quintile,,,
14537,57,2,641.4,4.0,2.0,3.0,base-paper quintile,,,
14538,64,5,1370.8400000000001,3.0,4.0,4.0,base-paper quintile,,,
14539,15,2,537.48,5.0,2.0,2.0,base-paper quintile,,,
14540,9,11,3795.34,5.0,5.0,5.0,base-paper quintile,,,
14541,58,14,2499.68,4.0,5.0,4.0,base-paper quintile,,,
14542,185,1,103.25,3.0,1.0,1.0,base-paper quintile,,,
14543,28,39,14906.77,4.0,5.0,5.0,base-paper quintile,,,
14544,23,3,2982.43,4.0,3.0,5.0,base-paper quintile,,,
14545,673,1,349.25,1.0,1.0,2.0,base-paper quintile,,,
14546,4,11,5197.9,5.0,5.0,5.0,base-paper quintile,,,
14547,3,8,4007.54,5.0,4.0,5.0,base-paper quintile,,,
14548,150,9,2627.49,3.0,5.0,4.0,base-paper quintile,,,
14549,310,4,916.5500000000001,2.0,3.0,3.0,base-paper quintile,,,
14550,10,4,1353.31,5.0,3.0,4.0,base-paper quintile,,,
14551,17,7,880.04,5.0,4.0,3.0,base-paper quintile,,,
14552,151,3,511.28000000000003,3.0,3.0,2.0,base-paper quintile,,,
14553,18,9,1841.54,5.0,5.0,4.0,base-paper quintile,,,
14554,9,4,2381.04,5.0,3.0,4.0,base-paper quintile,,,
14555,56,6,2315.63,4.0,4.0,4.0,base-paper quintile,,,
14556,595,3,835.34,1.0,3.0,3.0,base-paper quintile,,,
14557,84,1,788.38,3.0,1.0,3.0,base-paper quintile,,,
14558,653,3,655.5,1.0,3.0,3.0,base-paper quintile,,,
14559,389,1,75.6,2.0,1.0,1.0,base-paper quintile,,,
14560,6,44,6114.03,5.0,5.0,5.0,base-paper quintile,,,
14561,75,3,1080.76,3.0,3.0,3.0,base-paper quintile,,,
14562,3,26,6729.400000000001,5.0,5.0,5.0,base-paper quintile,,,
14563,509,2,679.44,1.0,2.0,3.0,base-paper quintile,,,
14564,434,2,2605.62,1.0,2.0,4.0,base-paper quintile,,,
14565,95,5,3859.2200000000003,3.0,4.0,5.0,base-paper quintile,,,
14566,110,4,4092.0,3.0,3.0,5.0,base-paper quintile,,,
14567,56,2,1530.3600000000001,4.0,2.0,4.0,base-paper quintile,,,
14568,434,1,919.7,1.0,1.0,3.0,base-paper quintile,,,
14569,0,4,598.98,5.0,3.0,2.0,base-paper quintile,,,
14570,280,3,613.75,2.0,3.0,2.0,base-paper quintile,,,
14571,424,1,161.65,1.0,1.0,1.0,base-paper quintile,,,
14572,2,11,5615.18,5.0,5.0,5.0,base-paper quintile,,,
14573,179,13,2621.42,3.0,5.0,4.0,base-paper quintile,,,
14574,732,1,143.70000000000002,1.0,1.0,1.0,base-paper quintile,,,
14575,487,1,460.71,1.0,1.0,2.0,base-paper quintile,,,
14576,371,1,70.80000000000001,2.0,1.0,1.0,base-paper quintile,,,
14577,12,7,1374.25,5.0,4.0,4.0,base-paper quintile,,,
14578,2,1,168.63,5.0,1.0,1.0,base-paper quintile,,,
14579,431,1,105.56,1.0,1.0,1.0,base-paper quintile,,,
14580,517,1,14.850000000000001,1.0,1.0,1.0,base-paper quintile,,,
14581,16,2,433.8,5.0,2.0,2.0,base-paper quintile,,,
14582,40,1,114.11,4.0,1.0,1.0,base-paper quintile,,,
14583,5,8,1781.03,5.0,4.0,4.0,base-paper quintile,,,
14584,168,8,1747.91,3.0,4.0,4.0,base-paper quintile,,,
14585,49,5,1143.27,4.0,4.0,3.0,base-paper quintile,,,
14586,276,1,237.36,2.0,1.0,1.0,base-paper quintile,,,
14587,18,9,1601.14,5.0,5.0,4.0,base-paper quintile,,,
14588,577,1,135.39,1.0,1.0,1.0,base-paper quintile,,,
14589,371,1,79.5,2.0,1.0,1.0,base-paper quintile,,,
14590,424,20,3006.62,1.0,5.0,5.0,base-paper quintile,,,
14591,14,4,1447.14,5.0,3.0,4.0,base-paper quintile,,,
14592,34,3,570.46,4.0,3.0,2.0,base-paper quintile,,,
14593,21,12,3712.0099999999998,4.0,5.0,5.0,base-paper quintile,,,
14594,6,2,634.83,5.0,2.0,3.0,base-paper quintile,,,
14595,19,8,2164.45,4.0,4.0,4.0,base-paper quintile,,,
14596,626,1,229.47,1.0,1.0,1.0,base-paper quintile,,,
14597,10,6,2201.54,5.0,4.0,4.0,base-paper quintile,,,
14598,43,2,384.04,4.0,2.0,2.0,base-paper quintile,,,
14599,389,2,474.54,2.0,2.0,2.0,base-paper quintile,,,
14600,305,2,865.1700000000001,2.0,2.0,3.0,base-paper quintile,,,
14601,10,1,213.96,5.0,1.0,1.0,base-paper quintile,,,
14602,655,1,205.35999999999999,1.0,1.0,1.0,base-paper quintile,,,
14603,274,1,660.0,2.0,1.0,3.0,base-paper quintile,,,
14604,632,1,143.85999999999999,1.0,1.0,1.0,base-paper quintile,,,
14605,373,4,937.16,2.0,3.0,3.0,base-paper quintile,,,
14606,0,192,30861.06,5.0,5.0,5.0,base-paper quintile,,,
14607,15,22,24137.63,5.0,5.0,5.0,base-paper quintile,,,
14608,3,11,3352.94,5.0,5.0,5.0,base-paper quintile,,,
14609,71,10,1486.2,3.0,5.0,4.0,base-paper quintile,,,
14610,395,2,24.35,2.0,2.0,1.0,base-paper quintile,,,
14611,443,2,604.3299999999999,1.0,2.0,2.0,base-paper quintile,,,
14612,414,1,877.7,1.0,1.0,3.0,base-paper quintile,,,
14613,679,1,76.32000000000001,1.0,1.0,1.0,base-paper quintile,,,
14614,385,1,295.13,2.0,1.0,2.0,base-paper quintile,,,
14615,393,5,951.76,2.0,4.0,3.0,base-paper quintile,,,
14616,242,5,527.78,2.0,4.0,2.0,base-paper quintile,,,
14617,402,2,190.47000000000003,2.0,2.0,1.0,base-paper quintile,,,
14618,8,7,1342.32,5.0,4.0,4.0,base-paper quintile,,,
14619,245,2,1291.24,2.0,2.0,4.0,base-paper quintile,,,
14620,205,2,412.78000000000003,2.0,2.0,2.0,base-paper quintile,,,
14621,0,9,3000.57,5.0,5.0,5.0,base-paper quintile,,,
14622,184,1,320.58000000000004,3.0,1.0,2.0,base-paper quintile,,,
14623,31,10,2059.58,4.0,5.0,4.0,base-paper quintile,,,
14624,56,6,814.07,4.0,4.0,3.0,base-paper quintile,,,
14625,195,11,4497.88,2.0,5.0,5.0,base-paper quintile,,,
14626,23,11,5410.92,4.0,5.0,5.0,base-paper quintile,,,
14627,378,1,462.75,2.0,1.0,2.0,base-paper quintile,,,
14628,90,5,1998.0,3.0,4.0,4.0,base-paper quintile,,,
14629,3,2,959.01,5.0,2.0,3.0,base-paper quintile,,,
14630,483,1,338.65,1.0,1.0,2.0,base-paper quintile,,,
14631,50,6,2025.69,4.0,4.0,4.0,base-paper quintile,,,
14632,262,1,114.56,2.0,1.0,1.0,base-paper quintile,,,
14633,265,1,344.90000000000003,2.0,1.0,2.0,base-paper quintile,,,
14634,437,4,2124.46,1.0,3.0,4.0,base-paper quintile,,,
14635,453,1,215.22,1.0,1.0,1.0,base-paper quintile,,,
14636,35,2,609.85,4.0,2.0,2.0,base-paper quintile,,,
14637,676,1,106.67999999999999,1.0,1.0,1.0,base-paper quintile,,,
14638,50,1,443.6,4.0,1.0,2.0,base-paper quintile,,,
14639,51,9,4978.96,4.0,5.0,5.0,base-paper quintile,,,
14640,23,10,3667.06,4.0,5.0,5.0,base-paper quintile,,,
14641,21,1,110.46,4.0,1.0,1.0,base-paper quintile,,,
14642,58,1,96.12,4.0,1.0,1.0,base-paper quintile,,,
14643,169,5,1679.89,3.0,4.0,4.0,base-paper quintile,,,
14644,67,7,2247.72,3.0,4.0,4.0,base-paper quintile,,,
14645,156,3,876.89,3.0,3.0,3.0,base-paper quintile,,,
14646,1,151,528602.52,5.0,5.0,5.0,base-paper quintile,,,
14647,200,2,519.97,2.0,2.0,2.0,base-paper quintile,,,
14648,415,15,4546.86,1.0,5.0,5.0,base-paper quintile,,,
14649,4,9,3775.31,5.0,5.0,5.0,base-paper quintile,,,
14650,588,1,62.5,1.0,1.0,1.0,base-paper quintile,,,
14651,66,9,2034.1200000000001,3.0,5.0,4.0,base-paper quintile,,,
14652,76,1,114.18,3.0,1.0,1.0,base-paper quintile,,,
14653,0,12,3614.54,5.0,5.0,5.0,base-paper quintile,,,
14654,737,1,246.86,1.0,1.0,1.0,base-paper quintile,,,
14655,7,7,3878.51,5.0,4.0,5.0,base-paper quintile,,,
14656,168,5,814.65,3.0,4.0,3.0,base-paper quintile,,,
14657,17,6,1460.8700000000001,5.0,4.0,4.0,base-paper quintile,,,
14658,4,2,247.15,5.0,2.0,1.0,base-paper quintile,,,
14659,8,9,2529.93,5.0,5.0,4.0,base-paper quintile,,,
14660,86,2,285.74,3.0,2.0,1.0,base-paper quintile,,,
14661,26,1,107.95,4.0,1.0,1.0,base-paper quintile,,,
14662,28,7,1416.33,4.0,4.0,4.0,base-paper quintile,,,
14663,429,2,490.6,1.0,2.0,2.0,base-paper quintile,,,
14664,19,2,637.89,4.0,2.0,3.0,base-paper quintile,,,
14665,60,7,2749.65,3.0,4.0,4.0,base-paper quintile,,,
14666,23,1,195.25,4.0,1.0,1.0,base-paper quintile,,,
14667,10,54,21927.14,5.0,5.0,5.0,base-paper quintile,,,
14668,444,1,111.63,1.0,1.0,1.0,base-paper quintile,,,
14669,241,7,3243.93,2.0,4.0,5.0,base-paper quintile,,,
14670,279,3,602.0,2.0,3.0,2.0,base-paper quintile,,,
14671,548,2,1127.45,1.0,2.0,3.0,base-paper quintile,,,
14672,234,4,1113.14,2.0,3.0,3.0,base-paper quintile,,,
14673,2,7,3410.81,5.0,4.0,5.0,base-paper quintile,,,
14674,508,1,173.66,1.0,1.0,1.0,base-paper quintile,,,
14675,15,2,1066.9,5.0,2.0,3.0,base-paper quintile,,,
14676,30,12,8356.79,4.0,5.0,5.0,base-paper quintile,,,
14677,592,1,184.91,1.0,1.0,1.0,base-paper quintile,,,
14678,578,1,403.39,1.0,1.0,2.0,base-paper quintile,,,
14679,381,3,1289.44,2.0,3.0,4.0,base-paper quintile,,,
14680,24,58,57412.77,4.0,5.0,5.0,base-paper quintile,,,
14681,70,6,875.1500000000001,3.0,4.0,3.0,base-paper quintile,,,
14682,187,6,1514.81,3.0,4.0,4.0,base-paper quintile,,,
14683,587,1,146.56,1.0,1.0,1.0,base-paper quintile,,,
14684,25,6,1468.55,4.0,4.0,4.0,base-paper quintile,,,
14685,575,8,4619.79,1.0,4.0,5.0,base-paper quintile,,,
14686,413,5,885.83,1.0,4.0,3.0,base-paper quintile,,,
14687,106,3,1402.06,3.0,3.0,4.0,base-paper quintile,,,
14688,7,28,7713.57,5.0,5.0,5.0,base-paper quintile,,,
14689,208,1,112.8,2.0,1.0,1.0,base-paper quintile,,,
14690,43,4,794.33,4.0,3.0,3.0,base-paper quintile,,,
14691,30,5,2114.33,4.0,4.0,4.0,base-paper quintile,,,
14692,136,12,1745.09,3.0,5.0,4.0,base-paper quintile,,,
14693,264,7,1165.36,2.0,4.0,3.0,base-paper quintile,,,
14694,616,1,244.31,1.0,1.0,1.0,base-paper quintile,,,
14695,518,3,1620.07,1.0,3.0,4.0,base-paper quintile,,,
14696,3,8,2767.9,5.0,4.0,4.0,base-paper quintile,,,
14697,217,2,188.60999999999999,2.0,2.0,1.0,base-paper quintile,,,
14698,1,5,1250.76,5.0,4.0,4.0,base-paper quintile,,,
14699,213,4,702.6,2.0,3.0,3.0,base-paper quintile,,,
14700,31,5,3116.26,4.0,4.0,5.0,base-paper quintile,,,
14701,10,15,4562.09,5.0,5.0,5.0,base-paper quintile,,,
14702,0,29,6754.22,5.0,5.0,5.0,base-paper quintile,,,
14703,14,1,318.17,5.0,1.0,2.0,base-paper quintile,,,
14704,10,11,1813.57,5.0,5.0,4.0,base-paper quintile,,,
14705,198,1,179.0,2.0,1.0,1.0,base-paper quintile,,,
14706,618,1,390.69,1.0,1.0,2.0,base-paper quintile,,,
14707,435,2,139.2,1.0,2.0,1.0,base-paper quintile,,,
14708,2,5,2212.2799999999997,5.0,4.0,4.0,base-paper quintile,,,
14709,14,25,8886.33,5.0,5.0,5.0,base-paper quintile,,,
14710,13,13,1922.59,5.0,5.0,4.0,base-paper quintile,,,
14711,9,11,2868.8,5.0,5.0,4.0,base-paper quintile,,,
14712,28,4,1328.0700000000002,4.0,3.0,4.0,base-paper quintile,,,
14713,8,21,5418.87,5.0,5.0,5.0,base-paper quintile,,,
14714,23,4,906.24,4.0,3.0,3.0,base-paper quintile,,,
14715,24,8,1840.45,4.0,4.0,4.0,base-paper quintile,,,
14716,42,3,565.45,4.0,3.0,2.0,base-paper quintile,,,
14717,732,1,81.3,1.0,1.0,1.0,base-paper quintile,,,
14718,409,1,226.42,2.0,1.0,1.0,base-paper quintile,,,
14719,1,5,1602.13,5.0,4.0,4.0,base-paper quintile,,,
14720,5,3,663.81,5.0,3.0,3.0,base-paper quintile,,,
14721,378,1,115.77,2.0,1.0,1.0,base-paper quintile,,,
14722,146,3,513.37,3.0,3.0,2.0,base-paper quintile,,,
14723,9,11,2093.06,5.0,5.0,4.0,base-paper quintile,,,
14724,589,1,345.25,1.0,1.0,2.0,base-paper quintile,,,
14725,24,4,1315.24,4.0,3.0,4.0,base-paper quintile,,,
14726,654,1,124.75,1.0,1.0,1.0,base-paper quintile,,,
14727,273,3,467.92999999999995,2.0,3.0,2.0,base-paper quintile,,,
14728,412,1,190.58,1.0,1.0,1.0,base-paper quintile,,,
14729,373,3,907.38,2.0,3.0,3.0,base-paper quintile,,,
14730,0,8,2005.06,5.0,4.0,4.0,base-paper quintile,,,
14731,46,3,380.02,4.0,3.0,2.0,base-paper quintile,,,
14732,7,19,5517.07,5.0,5.0,5.0,base-paper quintile,,,
14733,15,15,16184.97,5.0,5.0,5.0,base-paper quintile,,,
14734,425,4,1056.42,1.0,3.0,3.0,base-paper quintile,,,
14735,3,56,12240.16,5.0,5.0,5.0,base-paper quintile,,,
14736,484,2,401.08,1.0,2.0,2.0,base-paper quintile,,,
14737,3,4,3554.17,5.0,3.0,5.0,base-paper quintile,,,
14738,42,9,1821.9,4.0,5.0,4.0,base-paper quintile,,,
14739,3,25,12287.5,5.0,5.0,5.0,base-paper quintile,,,
14740,196,11,4161.06,2.0,5.0,5.0,base-paper quintile,,,
14741,11,7,1897.59,5.0,4.0,4.0,base-paper quintile,,,
14742,434,1,579.85,1.0,1.0,2.0,base-paper quintile,,,
14743,592,1,50.48,1.0,1.0,1.0,base-paper quintile,,,
14744,15,14,3885.08,5.0,5.0,5.0,base-paper quintile,,,
14745,112,12,2571.81,3.0,5.0,4.0,base-paper quintile,,,
14746,405,4,593.5,2.0,3.0,2.0,base-paper quintile,,,
14747,248,1,328.2,2.0,1.0,2.0,base-paper quintile,,,
14748,28,10,3152.32,4.0,5.0,5.0,base-paper quintile,,,
14749,479,1,310.15,1.0,1.0,2.0,base-paper quintile,,,
14750,735,1,112.03,1.0,1.0,1.0,base-paper quintile,,,
14751,683,2,126.45,1.0,2.0,1.0,base-paper quintile,,,
14752,43,1,389.64,4.0,1.0,2.0,base-paper quintile,,,
14753,86,2,869.51,3.0,2.0,3.0,base-paper quintile,,,
14754,44,6,1550.48,4.0,4.0,4.0,base-paper quintile,,,
14755,9,25,9972.550000000001,5.0,5.0,5.0,base-paper quintile,,,
14756,14,3,2653.76,5.0,3.0,4.0,base-paper quintile,,,
14757,74,1,420.5,3.0,1.0,2.0,base-paper quintile,,,
14758,144,7,2864.97,3.0,4.0,4.0,base-paper quintile,,,
14759,4,3,1625.97,5.0,3.0,4.0,base-paper quintile,,,
14760,296,1,89.2,2.0,1.0,1.0,base-paper quintile,,,
14761,58,3,447.92,4.0,3.0,2.0,base-paper quintile,,,
14762,263,2,417.57,2.0,2.0,2.0,base-paper quintile,,,
14764,46,1,278.3,4.0,1.0,1.0,base-paper quintile,,,
14765,28,3,254.11,4.0,3.0,1.0,base-paper quintile,,,
14766,7,11,6556.13,5.0,5.0,5.0,base-paper quintile,,,
14767,473,1,382.81,1.0,1.0,2.0,base-paper quintile,,,
14768,16,2,192.60000000000002,5.0,2.0,1.0,base-paper quintile,,,
14769,2,17,15771.88,5.0,5.0,5.0,base-paper quintile,,,
14770,231,8,3637.64,2.0,4.0,5.0,base-paper quintile,,,
14771,620,2,594.62,1.0,2.0,2.0,base-paper quintile,,,
14772,111,1,139.26,3.0,1.0,1.0,base-paper quintile,,,
14773,592,1,140.55,1.0,1.0,1.0,base-paper quintile,,,
14774,528,1,241.45,1.0,1.0,1.0,base-paper quintile,,,
14775,57,3,1418.46,4.0,3.0,4.0,base-paper quintile,,,
14776,50,15,3708.3,4.0,5.0,5.0,base-paper quintile,,,
14777,403,1,307.56,2.0,1.0,2.0,base-paper quintile,,,
14778,126,2,730.86,3.0,2.0,3.0,base-paper quintile,,,
14779,280,3,386.15,2.0,3.0,2.0,base-paper quintile,,,
14780,54,2,447.68,4.0,2.0,2.0,base-paper quintile,,,
14782,319,1,200.10000000000002,2.0,1.0,1.0,base-paper quintile,,,
14783,658,1,307.3,1.0,1.0,2.0,base-paper quintile,,,
14784,25,3,449.93,4.0,3.0,2.0,base-paper quintile,,,
14785,9,2,77.4,5.0,2.0,1.0,base-paper quintile,,,
14786,549,1,90.96,1.0,1.0,1.0,base-paper quintile,,,
14787,470,1,110.65,1.0,1.0,1.0,base-paper quintile,,,
14788,6,3,1156.32,5.0,3.0,3.0,base-paper quintile,,,
14789,28,1,197.64,4.0,1.0,1.0,base-paper quintile,,,
14790,16,10,2526.62,5.0,5.0,4.0,base-paper quintile,,,
14791,606,1,303.63,1.0,1.0,2.0,base-paper quintile,,,
14792,63,1,6.2,3.0,1.0,1.0,base-paper quintile,,,
14793,20,2,625.9,4.0,2.0,3.0,base-paper quintile,,,
14794,2,10,1953.9,5.0,5.0,4.0,base-paper quintile,,,
14795,165,1,131.45000000000002,3.0,1.0,1.0,base-paper quintile,,,
14796,0,27,10889.64,5.0,5.0,5.0,base-paper quintile,,,
14797,506,1,300.31,1.0,1.0,2.0,base-paper quintile,,,
14798,52,8,724.31,4.0,4.0,3.0,base-paper quintile,,,
14799,50,2,338.15,4.0,2.0,2.0,base-paper quintile,,,
14800,47,17,7774.32,4.0,5.0,5.0,base-paper quintile,,,
14801,60,1,193.14,3.0,1.0,1.0,base-paper quintile,,,
14802,437,2,1502.98,1.0,2.0,4.0,base-paper quintile,,,
14803,161,3,845.55,3.0,3.0,3.0,base-paper quintile,,,
14804,8,1,353.27,5.0,1.0,2.0,base-paper quintile,,,
14805,14,7,1104.64,5.0,4.0,3.0,base-paper quintile,,,
14806,74,2,303.43,3.0,2.0,2.0,base-paper quintile,,,
14807,390,2,519.29,2.0,2.0,2.0,base-paper quintile,,,
14808,39,8,2741.17,4.0,4.0,4.0,base-paper quintile,,,
14809,620,2,686.76,1.0,2.0,3.0,base-paper quintile,,,
14810,40,13,2537.02,4.0,5.0,4.0,base-paper quintile,,,
14811,386,1,170.5,2.0,1.0,1.0,base-paper quintile,,,
14812,598,1,185.8,1.0,1.0,1.0,base-paper quintile,,,
14813,369,4,1090.87,2.0,3.0,3.0,base-paper quintile,,,
14814,580,1,160.46,1.0,1.0,1.0,base-paper quintile,,,
14815,36,2,778.5,4.0,2.0,3.0,base-paper quintile,,,
14816,196,1,271.85,2.0,1.0,1.0,base-paper quintile,,,
14817,199,7,3959.86,2.0,4.0,5.0,base-paper quintile,,,
14818,73,6,1170.41,3.0,4.0,3.0,base-paper quintile,,,
14819,63,4,470.16,3.0,3.0,2.0,base-paper quintile,,,
14820,20,9,1274.76,4.0,5.0,4.0,base-paper quintile,,,
14821,366,7,1286.45,2.0,4.0,4.0,base-paper quintile,,,
14822,484,1,157.70000000000002,1.0,1.0,1.0,base-paper quintile,,,
14823,179,3,321.43,3.0,3.0,2.0,base-paper quintile,,,
14824,9,10,4022.9100000000003,5.0,5.0,5.0,base-paper quintile,,,
14825,3,24,4925.08,5.0,5.0,5.0,base-paper quintile,,,
14826,581,2,385.2,1.0,2.0,2.0,base-paper quintile,,,
14828,196,13,9839.460000000001,2.0,5.0,5.0,base-paper quintile,,,
14829,28,7,1692.84,4.0,4.0,4.0,base-paper quintile,,,
14830,52,1,197.13,4.0,1.0,1.0,base-paper quintile,,,
14831,679,3,1676.57,1.0,3.0,4.0,base-paper quintile,,,
14832,629,1,322.69,1.0,1.0,2.0,base-paper quintile,,,
14833,498,1,94.8,1.0,1.0,1.0,base-paper quintile,,,
14834,17,7,2206.16,5.0,4.0,4.0,base-paper quintile,,,
14835,528,2,297.0,1.0,2.0,2.0,base-paper quintile,,,
14836,9,3,102.44999999999999,5.0,3.0,1.0,base-paper quintile,,,
14837,89,9,3460.32,3.0,5.0,5.0,base-paper quintile,,,
14838,422,2,773.6700000000001,1.0,2.0,3.0,base-paper quintile,,,
14839,417,3,915.28,1.0,3.0,3.0,base-paper quintile,,,
14840,267,2,362.71,2.0,2.0,2.0,base-paper quintile,,,
14841,52,14,7163.0,4.0,5.0,5.0,base-paper quintile,,,
14842,43,4,2824.69,4.0,3.0,4.0,base-paper quintile,,,
14843,436,1,211.79999999999998,1.0,1.0,1.0,base-paper quintile,,,
14844,63,10,6702.43,3.0,5.0,5.0,base-paper quintile,,,
14845,599,1,150.0,1.0,1.0,1.0,base-paper quintile,,,
14846,426,1,437.4,1.0,1.0,2.0,base-paper quintile,,,
14847,148,3,1348.95,3.0,3.0,4.0,base-paper quintile,,,
14848,404,1,310.56,2.0,1.0,2.0,base-paper quintile,,,
14849,21,43,15763.45,4.0,5.0,5.0,base-paper quintile,,,
14850,311,7,1794.01,2.0,4.0,4.0,base-paper quintile,,,
14851,22,3,829.4100000000001,4.0,3.0,3.0,base-paper quintile,,,
14852,57,18,6147.18,4.0,5.0,5.0,base-paper quintile,,,
14853,23,5,1376.87,4.0,4.0,4.0,base-paper quintile,,,
14854,77,11,4322.86,3.0,5.0,5.0,base-paper quintile,,,
14855,118,7,6520.3,3.0,4.0,5.0,base-paper quintile,,,
14856,35,3,1311.3799999999999,4.0,3.0,4.0,base-paper quintile,,,
14857,59,7,3651.851,3.0,4.0,5.0,base-paper quintile,,,
14858,505,1,180.75,1.0,1.0,1.0,base-paper quintile,,,
14859,12,5,1705.64,5.0,4.0,4.0,base-paper quintile,,,
14860,18,1,170.32,5.0,1.0,1.0,base-paper quintile,,,
14861,51,10,1380.73,4.0,5.0,4.0,base-paper quintile,,,
14862,25,2,841.1999999999999,4.0,2.0,3.0,base-paper quintile,,,
14863,28,1,266.76,4.0,1.0,1.0,base-paper quintile,,,
14865,6,4,129.72,5.0,3.0,1.0,base-paper quintile,,,
14866,10,19,20850.22,5.0,5.0,5.0,base-paper quintile,,,
14867,185,16,2952.06,3.0,5.0,4.0,base-paper quintile,,,
14868,2,12,4184.01,5.0,5.0,5.0,base-paper quintile,,,
14869,8,6,2804.24,5.0,4.0,4.0,base-paper quintile,,,
14870,261,6,1838.95,2.0,4.0,4.0,base-paper quintile,,,
14871,2,9,1258.97,5.0,5.0,4.0,base-paper quintile,,,
14872,483,3,816.6,1.0,3.0,3.0,base-paper quintile,,,
14873,209,2,854.13,2.0,2.0,3.0,base-paper quintile,,,
14874,534,1,116.18,1.0,1.0,1.0,base-paper quintile,,,
14875,107,3,2862.4,3.0,3.0,4.0,base-paper quintile,,,
14876,520,2,256.7,1.0,2.0,1.0,base-paper quintile,,,
14877,417,2,437.0,1.0,2.0,2.0,base-paper quintile,,,
14878,12,25,4105.24,5.0,5.0,5.0,base-paper quintile,,,
14879,684,1,185.06,1.0,1.0,1.0,base-paper quintile,,,
14880,76,3,706.19,3.0,3.0,3.0,base-paper quintile,,,
14881,19,1,255.4,4.0,1.0,1.0,base-paper quintile,,,
14882,26,14,3628.15,4.0,5.0,5.0,base-paper quintile,,,
14883,18,6,761.59,5.0,4.0,3.0,base-paper quintile,,,
14884,668,1,120.6,1.0,1.0,1.0,base-paper quintile,,,
14885,131,3,1598.12,3.0,3.0,4.0,base-paper quintile,,,
14886,252,1,364.8,2.0,1.0,2.0,base-paper quintile,,,
14887,78,1,1862.0,3.0,1.0,4.0,base-paper quintile,,,
14888,206,1,369.2,2.0,1.0,2.0,base-paper quintile,,,
14889,335,1,135.9,2.0,1.0,1.0,base-paper quintile,,,
14890,253,3,817.25,2.0,3.0,3.0,base-paper quintile,,,
14891,147,4,1106.73,3.0,3.0,3.0,base-paper quintile,,,
14892,690,1,202.35000000000002,1.0,1.0,1.0,base-paper quintile,,,
14893,9,3,1809.6100000000001,5.0,3.0,4.0,base-paper quintile,,,
14894,84,3,1492.81,3.0,3.0,4.0,base-paper quintile,,,
14895,7,38,25119.54,5.0,5.0,5.0,base-paper quintile,,,
14896,204,8,2092.42,2.0,4.0,4.0,base-paper quintile,,,
14897,7,8,3140.54,5.0,4.0,5.0,base-paper quintile,,,
14898,22,14,3507.81,4.0,5.0,5.0,base-paper quintile,,,
14899,394,1,1384.88,2.0,1.0,4.0,base-paper quintile,,,
14900,521,1,13.919999999999998,1.0,1.0,1.0,base-paper quintile,,,
14901,10,12,2289.65,5.0,5.0,4.0,base-paper quintile,,,
14902,25,3,1035.6200000000001,4.0,3.0,3.0,base-paper quintile,,,
14903,20,5,2810.63,4.0,4.0,4.0,base-paper quintile,,,
14904,1,4,1640.64,5.0,3.0,4.0,base-paper quintile,,,
14905,157,8,1971.39,3.0,4.0,4.0,base-paper quintile,,,
14906,444,1,68.44,1.0,1.0,1.0,base-paper quintile,,,
14907,2,16,6165.79,5.0,5.0,5.0,base-paper quintile,,,
14908,73,2,381.9,3.0,2.0,2.0,base-paper quintile,,,
14909,436,3,1404.68,1.0,3.0,4.0,base-paper quintile,,,
14910,2,4,434.35,5.0,3.0,2.0,base-paper quintile,,,
14911,0,398,295972.63,5.0,5.0,5.0,base-paper quintile,,,
14912,16,6,1889.25,5.0,4.0,4.0,base-paper quintile,,,
14913,35,8,4073.13,4.0,4.0,5.0,base-paper quintile,,,
14915,90,11,1811.25,3.0,5.0,4.0,base-paper quintile,,,
14916,70,8,3042.95,3.0,4.0,5.0,base-paper quintile,,,
14917,596,2,1123.75,1.0,2.0,3.0,base-paper quintile,,,
14918,115,9,5955.81,3.0,5.0,5.0,base-paper quintile,,,
14919,538,1,359.35,1.0,1.0,2.0,base-paper quintile,,,
14920,212,3,1607.17,2.0,3.0,4.0,base-paper quintile,,,
14921,29,2,1316.07,4.0,2.0,4.0,base-paper quintile,,,
14922,393,2,843.74,2.0,2.0,3.0,base-paper quintile,,,
14923,50,1,749.1,4.0,1.0,3.0,base-paper quintile,,,
14924,245,3,931.01,2.0,3.0,3.0,base-paper quintile,,,
14926,381,2,359.4,2.0,2.0,2.0,base-paper quintile,,,
14927,396,1,308.2,2.0,1.0,2.0,base-paper quintile,,,
14928,627,1,223.91000000000003,1.0,1.0,1.0,base-paper quintile,,,
14929,31,2,836.69,4.0,2.0,3.0,base-paper quintile,,,
14930,108,6,5246.63,3.0,4.0,5.0,base-paper quintile,,,
14931,4,5,1257.68,5.0,4.0,4.0,base-paper quintile,,,
14932,365,2,1029.66,2.0,2.0,3.0,base-paper quintile,,,
14933,443,4,1770.0,1.0,3.0,4.0,base-paper quintile,,,
14934,81,5,3503.5,3.0,4.0,5.0,base-paper quintile,,,
14935,296,2,2849.83,2.0,2.0,4.0,base-paper quintile,,,
14936,33,12,12410.81,4.0,5.0,5.0,base-paper quintile,,,
14937,56,3,1621.88,4.0,3.0,4.0,base-paper quintile,,,
14938,561,2,2322.43,1.0,2.0,4.0,base-paper quintile,,,
14940,417,2,531.49,1.0,2.0,2.0,base-paper quintile,,,
14941,578,1,182.1,1.0,1.0,1.0,base-paper quintile,,,
14942,401,4,746.56,2.0,3.0,3.0,base-paper quintile,,,
14943,662,1,107.62,1.0,1.0,1.0,base-paper quintile,,,
14944,29,19,9784.67,4.0,5.0,5.0,base-paper quintile,,,
14945,413,1,179.4,1.0,1.0,1.0,base-paper quintile,,,
14946,13,1,100.9,5.0,1.0,1.0,base-paper quintile,,,
14947,71,6,1049.79,3.0,4.0,3.0,base-paper quintile,,,
14948,22,6,1101.97,4.0,4.0,3.0,base-paper quintile,,,
14949,468,4,515.0,1.0,3.0,2.0,base-paper quintile,,,
14950,18,1,371.2,5.0,1.0,2.0,base-paper quintile,,,
14951,78,1,311.69,3.0,1.0,2.0,base-paper quintile,,,
14952,59,32,17629.35,3.0,5.0,5.0,base-paper quintile,,,
14953,24,4,1013.77,4.0,3.0,3.0,base-paper quintile,,,
14954,11,2,503.44,5.0,2.0,2.0,base-paper quintile,,,
14955,732,1,163.77,1.0,1.0,1.0,base-paper quintile,,,
14956,420,1,1325.0,1.0,1.0,4.0,base-paper quintile,,,
14957,252,2,333.29,2.0,2.0,2.0,base-paper quintile,,,
14958,146,6,957.9399999999999,3.0,4.0,3.0,base-paper quintile,,,
14959,63,4,695.42,3.0,3.0,3.0,base-paper quintile,,,
14960,7,2,221.27,5.0,2.0,1.0,base-paper quintile,,,
14961,10,22,16410.15,5.0,5.0,5.0,base-paper quintile,,,
14962,270,4,366.91,2.0,3.0,2.0,base-paper quintile,,,
14963,9,12,3164.48,5.0,5.0,5.0,base-paper quintile,,,
14964,246,1,206.21,2.0,1.0,1.0,base-paper quintile,,,
14965,95,2,599.0,3.0,2.0,2.0,base-paper quintile,,,
14966,14,6,1115.8400000000001,5.0,4.0,3.0,base-paper quintile,,,
14967,49,6,1982.6100000000001,4.0,4.0,4.0,base-paper quintile,,,
14968,29,2,504.99,4.0,2.0,2.0,base-paper quintile,,,
14969,703,1,906.23,1.0,1.0,3.0,base-paper quintile,,,
14970,67,12,4919.35,3.0,5.0,5.0,base-paper quintile,,,
14971,34,3,1116.57,4.0,3.0,3.0,base-paper quintile,,,
14972,127,2,145.07,3.0,2.0,1.0,base-paper quintile,,,
14973,106,3,1314.45,3.0,3.0,4.0,base-paper quintile,,,
14974,36,1,114.39,4.0,1.0,1.0,base-paper quintile,,,
14975,56,2,472.39,4.0,2.0,2.0,base-paper quintile,,,
14976,56,7,790.86,4.0,4.0,3.0,base-paper quintile,,,
14977,725,1,31.929999999999996,1.0,1.0,1.0,base-paper quintile,,,
14978,71,10,3142.14,3.0,5.0,5.0,base-paper quintile,,,
14979,734,1,439.46,1.0,1.0,2.0,base-paper quintile,,,
14980,736,1,150.68,1.0,1.0,1.0,base-paper quintile,,,
14981,245,2,372.92,2.0,2.0,2.0,base-paper quintile,,,
14982,571,1,237.78,1.0,1.0,1.0,base-paper quintile,,,
14983,688,1,183.20000000000002,1.0,1.0,1.0,base-paper quintile,,,
14984,18,6,1271.41,5.0,4.0,4.0,base-paper quintile,,,
14985,197,2,296.75,2.0,2.0,2.0,base-paper quintile,,,
14986,375,2,566.9,2.0,2.0,2.0,base-paper quintile,,,
14987,15,8,1713.85,5.0,4.0,4.0,base-paper quintile,,,
14988,211,7,2066.6,2.0,4.0,4.0,base-paper quintile,,,
14989,661,1,342.4,1.0,1.0,2.0,base-paper quintile,,,
14990,611,2,305.42,1.0,2.0,2.0,base-paper quintile,,,
14991,429,1,314.67,1.0,1.0,2.0,base-paper quintile,,,
14992,441,1,210.5,1.0,1.0,1.0,base-paper quintile,,,
14993,563,1,36.13,1.0,1.0,1.0,base-paper quintile,,,
14994,381,5,960.63,2.0,4.0,3.0,base-paper quintile,,,
14995,38,2,233.23000000000002,4.0,2.0,1.0,base-paper quintile,,,
14996,480,2,442.28999999999996,1.0,2.0,2.0,base-paper quintile,,,
14997,45,4,776.5999999999999,4.0,3.0,3.0,base-paper quintile,,,
14998,169,4,770.73,3.0,3.0,3.0,base-paper quintile,,,
14999,592,1,129.48000000000002,1.0,1.0,1.0,base-paper quintile,,,
15000,47,1,490.52,4.0,1.0,2.0,base-paper quintile,,,
15001,393,2,230.85999999999999,2.0,2.0,1.0,base-paper quintile,,,
15002,115,9,4817.28,3.0,5.0,5.0,base-paper quintile,,,
15003,472,6,1060.7,1.0,4.0,3.0,base-paper quintile,,,
15004,146,1,1246.32,3.0,1.0,3.0,base-paper quintile,,,
15005,15,56,14106.2,5.0,5.0,5.0,base-paper quintile,,,
15006,50,2,825.14,4.0,2.0,3.0,base-paper quintile,,,
15007,158,1,156.91,3.0,1.0,1.0,base-paper quintile,,,
15008,479,2,360.0,1.0,2.0,2.0,base-paper quintile,,,
15009,11,3,1261.78,5.0,3.0,4.0,base-paper quintile,,,
15010,35,1,308.94,4.0,1.0,2.0,base-paper quintile,,,
15011,395,2,416.6,2.0,2.0,2.0,base-paper quintile,,,
15012,53,3,860.62,4.0,3.0,3.0,base-paper quintile,,,
15013,487,10,1641.3,1.0,5.0,4.0,base-paper quintile,,,
15014,42,2,260.17,4.0,2.0,1.0,base-paper quintile,,,
15015,500,13,2365.02,1.0,5.0,4.0,base-paper quintile,,,
15016,172,5,630.3,3.0,4.0,3.0,base-paper quintile,,,
15017,33,1,125.58,4.0,1.0,1.0,base-paper quintile,,,
15018,38,3,607.46,4.0,3.0,2.0,base-paper quintile,,,
15019,266,1,266.0,2.0,1.0,1.0,base-paper quintile,,,
15020,378,1,203.42,2.0,1.0,1.0,base-paper quintile,,,
15021,8,12,2783.83,5.0,5.0,4.0,base-paper quintile,,,
15022,11,5,1186.09,5.0,4.0,3.0,base-paper quintile,,,
15023,2,20,12170.68,5.0,5.0,5.0,base-paper quintile,,,
15024,9,16,4075.51,5.0,5.0,5.0,base-paper quintile,,,
15025,32,2,1013.09,4.0,2.0,3.0,base-paper quintile,,,
15026,79,5,1061.61,3.0,4.0,3.0,base-paper quintile,,,
15027,30,10,3195.6,4.0,5.0,5.0,base-paper quintile,,,
15028,7,6,1157.71,5.0,4.0,3.0,base-paper quintile,,,
15029,619,1,365.1,1.0,1.0,2.0,base-paper quintile,,,
15030,71,8,1979.91,3.0,4.0,4.0,base-paper quintile,,,
15031,3,14,3156.58,5.0,5.0,5.0,base-paper quintile,,,
15032,255,8,13780.65,2.0,4.0,5.0,base-paper quintile,,,
15033,4,10,2586.67,5.0,5.0,4.0,base-paper quintile,,,
15034,15,14,8313.4,5.0,5.0,5.0,base-paper quintile,,,
15035,89,1,252.73000000000002,3.0,1.0,1.0,base-paper quintile,,,
15036,71,3,465.55,3.0,3.0,2.0,base-paper quintile,,,
15037,375,2,402.51,2.0,2.0,2.0,base-paper quintile,,,
15038,58,9,1309.86,4.0,5.0,4.0,base-paper quintile,,,
15039,9,93,40031.43,5.0,5.0,5.0,base-paper quintile,,,
15040,541,1,7.49,1.0,1.0,1.0,base-paper quintile,,,
15041,169,2,294.02,3.0,2.0,2.0,base-paper quintile,,,
15042,198,2,315.45,2.0,2.0,2.0,base-paper quintile,,,
15043,30,6,2873.7999999999997,4.0,4.0,4.0,base-paper quintile,,,
15044,18,35,16204.33,5.0,5.0,5.0,base-paper quintile,,,
15045,151,2,735.66,3.0,2.0,3.0,base-paper quintile,,,
15046,8,25,7812.389999999999,5.0,5.0,5.0,base-paper quintile,,,
15047,269,1,343.62,2.0,1.0,2.0,base-paper quintile,,,
15048,64,4,482.75,3.0,3.0,2.0,base-paper quintile,,,
15049,273,1,121.17000000000002,2.0,1.0,1.0,base-paper quintile,,,
15050,24,5,4193.79,4.0,4.0,5.0,base-paper quintile,,,
15051,22,9,3935.16,4.0,5.0,5.0,base-paper quintile,,,
15052,318,1,215.78,2.0,1.0,1.0,base-paper quintile,,,
15053,4,3,697.79,5.0,3.0,3.0,base-paper quintile,,,
15054,11,2,302.1,5.0,2.0,2.0,base-paper quintile,,,
15055,474,3,560.07,1.0,3.0,2.0,base-paper quintile,,,
15056,519,1,133.45,1.0,1.0,1.0,base-paper quintile,,,
15057,274,5,3255.96,2.0,4.0,5.0,base-paper quintile,,,
15058,24,16,3410.03,4.0,5.0,5.0,base-paper quintile,,,
15059,40,19,3523.57,4.0,5.0,5.0,base-paper quintile,,,
15060,7,4,303.09,5.0,3.0,2.0,base-paper quintile,,,
15061,3,127,137818.52,5.0,5.0,5.0,base-paper quintile,,,
15062,70,8,2585.62,3.0,4.0,4.0,base-paper quintile,,,
15063,212,1,370.79999999999995,2.0,1.0,2.0,base-paper quintile,,,
15064,409,4,1254.41,2.0,3.0,4.0,base-paper quintile,,,
15065,37,5,3326.86,4.0,4.0,5.0,base-paper quintile,,,
15066,52,1,893.59,4.0,1.0,3.0,base-paper quintile,,,
15067,77,5,3877.88,3.0,4.0,5.0,base-paper quintile,,,
15068,45,4,1176.85,4.0,3.0,3.0,base-paper quintile,,,
15069,178,1,1109.53,3.0,1.0,3.0,base-paper quintile,,,
15070,372,3,843.25,2.0,3.0,3.0,base-paper quintile,,,
15071,93,4,1455.56,3.0,3.0,4.0,base-paper quintile,,,
15072,478,1,187.51999999999998,1.0,1.0,1.0,base-paper quintile,,,
15073,9,8,2788.02,5.0,4.0,4.0,base-paper quintile,,,
15074,104,3,1566.33,3.0,3.0,4.0,base-paper quintile,,,
15075,77,1,773.03,3.0,1.0,3.0,base-paper quintile,,,
15076,172,3,1447.74,3.0,3.0,4.0,base-paper quintile,,,
15077,494,2,2428.08,1.0,2.0,4.0,base-paper quintile,,,
15078,6,53,17761.88,5.0,5.0,5.0,base-paper quintile,,,
15079,212,11,3767.35,2.0,5.0,5.0,base-paper quintile,,,
15080,427,2,546.25,1.0,2.0,2.0,base-paper quintile,,,
15081,21,12,1965.72,4.0,5.0,4.0,base-paper quintile,,,
15082,668,1,93.35000000000001,1.0,1.0,1.0,base-paper quintile,,,
15083,256,1,88.2,2.0,1.0,1.0,base-paper quintile,,,
15084,379,2,965.2,2.0,2.0,3.0,base-paper quintile,,,
15085,729,1,347.54,1.0,1.0,2.0,base-paper quintile,,,
15086,564,2,218.53,1.0,2.0,1.0,base-paper quintile,,,
15087,281,1,306.94,2.0,1.0,2.0,base-paper quintile,,,
15088,20,2,1160.07,4.0,2.0,3.0,base-paper quintile,,,
15089,9,6,2420.84,5.0,4.0,4.0,base-paper quintile,,,
15090,307,1,381.32,2.0,1.0,2.0,base-paper quintile,,,
15091,67,3,1046.6100000000001,3.0,3.0,3.0,base-paper quintile,,,
15092,214,3,776.46,2.0,3.0,3.0,base-paper quintile,,,
15093,17,23,14326.11,5.0,5.0,5.0,base-paper quintile,,,
15094,462,2,83.0,1.0,2.0,1.0,base-paper quintile,,,
15095,103,10,3141.64,3.0,5.0,5.0,base-paper quintile,,,
15096,42,1,219.39000000000001,4.0,1.0,1.0,base-paper quintile,,,
15097,3,3,908.35,5.0,3.0,3.0,base-paper quintile,,,
15098,181,3,39916.5,3.0,3.0,5.0,base-paper quintile,,,
15099,83,1,410.48,3.0,1.0,2.0,base-paper quintile,,,
15100,333,7,2894.7,2.0,4.0,4.0,base-paper quintile,,,
15101,8,6,1477.94,5.0,4.0,4.0,base-paper quintile,,,
15102,530,2,554.67,1.0,2.0,2.0,base-paper quintile,,,
15103,30,2,703.36,4.0,2.0,3.0,base-paper quintile,,,
15104,196,2,1027.44,2.0,2.0,3.0,base-paper quintile,,,
15105,17,9,3094.91,5.0,5.0,5.0,base-paper quintile,,,
15106,17,5,1422.52,5.0,4.0,4.0,base-paper quintile,,,
15107,310,9,940.35,2.0,5.0,3.0,base-paper quintile,,,
15108,141,4,1300.25,3.0,3.0,4.0,base-paper quintile,,,
15109,245,3,983.1,2.0,3.0,3.0,base-paper quintile,,,
15110,23,6,1505.8500000000001,4.0,4.0,4.0,base-paper quintile,,,
15111,28,5,2730.87,4.0,4.0,4.0,base-paper quintile,,,
15112,610,1,209.4,1.0,1.0,1.0,base-paper quintile,,,
15113,9,3,3609.33,5.0,3.0,5.0,base-paper quintile,,,
15114,29,12,3400.12,4.0,5.0,5.0,base-paper quintile,,,
15115,17,2,531.85,5.0,2.0,2.0,base-paper quintile,,,
15116,17,4,1352.75,5.0,3.0,4.0,base-paper quintile,,,
15117,14,8,2485.9700000000003,5.0,4.0,4.0,base-paper quintile,,,
15118,133,1,244.8,3.0,1.0,1.0,base-paper quintile,,,
15119,245,1,266.4,2.0,1.0,1.0,base-paper quintile,,,
15120,133,1,358.82,3.0,1.0,2.0,base-paper quintile,,,
15121,49,2,457.72,4.0,2.0,2.0,base-paper quintile,,,
15122,113,11,4497.47,3.0,5.0,5.0,base-paper quintile,,,
15123,6,5,4656.17,5.0,4.0,5.0,base-paper quintile,,,
15124,22,4,450.82,4.0,3.0,2.0,base-paper quintile,,,
15125,24,24,17024.87,4.0,5.0,5.0,base-paper quintile,,,
15126,536,2,449.49,1.0,2.0,2.0,base-paper quintile,,,
15127,65,2,711.5,3.0,2.0,3.0,base-paper quintile,,,
15128,59,5,1783.68,3.0,4.0,4.0,base-paper quintile,,,
15129,49,23,6860.18,4.0,5.0,5.0,base-paper quintile,,,
15130,169,1,330.11,3.0,1.0,2.0,base-paper quintile,,,
15131,394,1,80.28,2.0,1.0,1.0,base-paper quintile,,,
15132,17,5,977.9300000000001,5.0,4.0,3.0,base-paper quintile,,,
15133,127,5,1806.9,3.0,4.0,4.0,base-paper quintile,,,
15134,14,10,1596.29,5.0,5.0,4.0,base-paper quintile,,,
15135,238,2,305.68,2.0,2.0,2.0,base-paper quintile,,,
15136,2,4,1286.7,5.0,3.0,4.0,base-paper quintile,,,
15137,520,2,823.4,1.0,2.0,3.0,base-paper quintile,,,
15138,393,1,502.52,2.0,1.0,2.0,base-paper quintile,,,
15139,239,2,178.96,2.0,2.0,1.0,base-paper quintile,,,
15140,51,8,3243.69,4.0,4.0,5.0,base-paper quintile,,,
15141,457,7,1388.47,1.0,4.0,4.0,base-paper quintile,,,
15142,45,6,2619.92,4.0,4.0,4.0,base-paper quintile,,,
15143,225,2,563.63,2.0,2.0,2.0,base-paper quintile,,,
15144,7,29,12160.31,5.0,5.0,5.0,base-paper quintile,,,
15145,3,4,1194.73,5.0,3.0,3.0,base-paper quintile,,,
15146,164,2,1327.16,3.0,2.0,4.0,base-paper quintile,,,
15147,239,1,623.5,2.0,1.0,3.0,base-paper quintile,,,
15148,10,1,301.29,5.0,1.0,2.0,base-paper quintile,,,
15149,133,5,1554.6100000000001,3.0,4.0,4.0,base-paper quintile,,,
15150,16,13,9001.08,5.0,5.0,5.0,base-paper quintile,,,
15151,422,2,2085.61,1.0,2.0,4.0,base-paper quintile,,,
15152,9,14,5263.83,5.0,5.0,5.0,base-paper quintile,,,
15153,30,1,329.25,4.0,1.0,2.0,base-paper quintile,,,
15154,74,3,1388.41,3.0,3.0,4.0,base-paper quintile,,,
15155,382,1,383.96999999999997,2.0,1.0,2.0,base-paper quintile,,,
15156,0,3,961.49,5.0,3.0,3.0,base-paper quintile,,,
15157,3,5,2654.11,5.0,4.0,4.0,base-paper quintile,,,
15158,44,2,606.02,4.0,2.0,2.0,base-paper quintile,,,
15159,1,34,22116.73,5.0,5.0,5.0,base-paper quintile,,,
15160,356,4,589.27,2.0,3.0,2.0,base-paper quintile,,,
15161,387,1,119.92,2.0,1.0,1.0,base-paper quintile,,,
15162,730,1,312.9,1.0,1.0,2.0,base-paper quintile,,,
15163,17,2,304.47,5.0,2.0,2.0,base-paper quintile,,,
15164,68,9,2068.92,3.0,5.0,4.0,base-paper quintile,,,
15165,372,1,975.5,2.0,1.0,3.0,base-paper quintile,,,
15166,467,1,167.16,1.0,1.0,1.0,base-paper quintile,,,
15167,320,5,1659.67,2.0,4.0,4.0,base-paper quintile,,,
15168,25,1,106.56,4.0,1.0,1.0,base-paper quintile,,,
15169,381,2,569.22,2.0,2.0,2.0,base-paper quintile,,,
15170,406,1,81.15,2.0,1.0,1.0,base-paper quintile,,,
15171,330,1,1289.5,2.0,1.0,4.0,base-paper quintile,,,
15172,8,5,1624.05,5.0,4.0,4.0,base-paper quintile,,,
15173,380,7,1494.6,2.0,4.0,4.0,base-paper quintile,,,
15174,322,2,481.46,2.0,2.0,2.0,base-paper quintile,,,
15175,71,1,224.14,3.0,1.0,1.0,base-paper quintile,,,
15176,667,1,988.04,1.0,1.0,3.0,base-paper quintile,,,
15177,425,1,948.93,1.0,1.0,3.0,base-paper quintile,,,
15178,259,1,40.5,2.0,1.0,1.0,base-paper quintile,,,
15179,17,13,7491.92,5.0,5.0,5.0,base-paper quintile,,,
15180,366,3,904.4300000000001,2.0,3.0,3.0,base-paper quintile,,,
15181,65,5,1200.2,3.0,4.0,3.0,base-paper quintile,,,
15182,153,11,2998.952,3.0,5.0,5.0,base-paper quintile,,,
15183,547,3,639.93,1.0,3.0,3.0,base-paper quintile,,,
15184,28,4,689.95,4.0,3.0,3.0,base-paper quintile,,,
15185,69,1,310.62,3.0,1.0,2.0,base-paper quintile,,,
15186,13,5,1403.2,5.0,4.0,4.0,base-paper quintile,,,
15187,1,16,4777.18,5.0,5.0,5.0,base-paper quintile,,,
15188,724,1,310.43,1.0,1.0,2.0,base-paper quintile,,,
15189,0,46,17524.38,5.0,5.0,5.0,base-paper quintile,,,
15190,433,1,834.4399999999999,1.0,1.0,3.0,base-paper quintile,,,
15191,462,3,588.05,1.0,3.0,2.0,base-paper quintile,,,
15192,119,5,1981.39,3.0,4.0,4.0,base-paper quintile,,,
15193,60,1,499.32,3.0,1.0,2.0,base-paper quintile,,,
15194,2,28,12427.69,5.0,5.0,5.0,base-paper quintile,,,
15195,2,1,3861.0,5.0,1.0,5.0,base-paper quintile,,,
15196,432,2,316.25,1.0,2.0,2.0,base-paper quintile,,,
15197,10,6,1877.51,5.0,4.0,4.0,base-paper quintile,,,
15198,91,5,571.35,3.0,4.0,2.0,base-paper quintile,,,
15199,58,10,3122.4,4.0,5.0,5.0,base-paper quintile,,,
15200,494,1,549.05,1.0,1.0,2.0,base-paper quintile,,,
15201,86,7,1842.95,3.0,4.0,4.0,base-paper quintile,,,
15202,419,3,6001.49,1.0,3.0,5.0,base-paper quintile,,,
15203,25,15,4400.18,4.0,5.0,5.0,base-paper quintile,,,
15204,356,1,316.58,2.0,1.0,2.0,base-paper quintile,,,
15205,84,2,653.24,3.0,2.0,3.0,base-paper quintile,,,
15206,9,4,420.29999999999995,5.0,3.0,2.0,base-paper quintile,,,
15207,415,3,683.9200000000001,1.0,3.0,3.0,base-paper quintile,,,
15208,0,6,970.52,5.0,4.0,3.0,base-paper quintile,,,
15209,729,1,178.98000000000002,1.0,1.0,1.0,base-paper quintile,,,
15210,224,3,1176.19,2.0,3.0,3.0,base-paper quintile,,,
15211,59,2,1277.48,3.0,2.0,4.0,base-paper quintile,,,
15212,240,2,208.28,2.0,2.0,1.0,base-paper quintile,,,
15213,318,2,328.35,2.0,2.0,2.0,base-paper quintile,,,
15214,1,8,1661.44,5.0,4.0,4.0,base-paper quintile,,,
15215,46,7,2422.43,4.0,4.0,4.0,base-paper quintile,,,
15216,87,2,486.09,3.0,2.0,2.0,base-paper quintile,,,
15217,562,1,426.24,1.0,1.0,2.0,base-paper quintile,,,
15218,10,22,11516.57,5.0,5.0,5.0,base-paper quintile,,,
15219,175,2,685.45,3.0,2.0,3.0,base-paper quintile,,,
15220,51,6,1778.96,4.0,4.0,4.0,base-paper quintile,,,
15221,365,4,2465.4500000000003,2.0,3.0,4.0,base-paper quintile,,,
15222,318,11,3550.91,2.0,5.0,5.0,base-paper quintile,,,
15223,225,5,1417.95,2.0,4.0,4.0,base-paper quintile,,,
15224,357,5,871.36,2.0,4.0,3.0,base-paper quintile,,,
15225,233,1,409.40000000000003,2.0,1.0,2.0,base-paper quintile,,,
15226,310,1,154.41,2.0,1.0,1.0,base-paper quintile,,,
15227,36,9,2488.4900000000002,4.0,5.0,4.0,base-paper quintile,,,
15228,65,6,5580.2699999999995,3.0,4.0,5.0,base-paper quintile,,,
15229,585,1,160.5,1.0,1.0,1.0,base-paper quintile,,,
15230,238,2,429.6,2.0,2.0,2.0,base-paper quintile,,,
15231,620,1,250.26,1.0,1.0,1.0,base-paper quintile,,,
15232,112,2,612.06,3.0,2.0,2.0,base-paper quintile,,,
15233,400,1,59.400000000000006,2.0,1.0,1.0,base-paper quintile,,,
15234,276,1,197.0,2.0,1.0,1.0,base-paper quintile,,,
15235,217,16,2937.81,2.0,5.0,4.0,base-paper quintile,,,
15236,298,1,321.05,2.0,1.0,2.0,base-paper quintile,,,
15237,1,4,1412.32,5.0,3.0,4.0,base-paper quintile,,,
15238,28,3,1071.99,4.0,3.0,3.0,base-paper quintile,,,
15239,9,2,780.59,5.0,2.0,3.0,base-paper quintile,,,
15240,44,12,4459.98,4.0,5.0,5.0,base-paper quintile,,,
15241,66,11,3050.16,3.0,5.0,5.0,base-paper quintile,,,
15242,421,1,302.04,1.0,1.0,2.0,base-paper quintile,,,
15243,73,2,927.2800000000001,3.0,2.0,3.0,base-paper quintile,,,
15244,64,3,912.08,3.0,3.0,3.0,base-paper quintile,,,
15245,133,8,4610.84,3.0,4.0,5.0,base-paper quintile,,,
15246,237,3,780.4,2.0,3.0,3.0,base-paper quintile,,,
15247,121,3,976.06,3.0,3.0,3.0,base-paper quintile,,,
15248,410,3,1893.93,1.0,3.0,4.0,base-paper quintile,,,
15249,31,18,9266.0,4.0,5.0,5.0,base-paper quintile,,,
15250,640,1,60.0,1.0,1.0,1.0,base-paper quintile,,,
15251,8,21,20324.54,5.0,5.0,5.0,base-paper quintile,,,
15252,35,5,2103.41,4.0,4.0,4.0,base-paper quintile,,,
15253,15,8,2055.09,5.0,4.0,4.0,base-paper quintile,,,
15254,126,3,1088.35,3.0,3.0,3.0,base-paper quintile,,,
15255,66,9,3729.42,3.0,5.0,5.0,base-paper quintile,,,
15256,148,2,170.4,3.0,2.0,1.0,base-paper quintile,,,
15257,282,2,685.9,2.0,2.0,3.0,base-paper quintile,,,
15258,168,2,623.16,3.0,2.0,3.0,base-paper quintile,,,
15259,512,4,1182.3799999999999,1.0,3.0,3.0,base-paper quintile,,,
15260,99,25,9188.23,3.0,5.0,5.0,base-paper quintile,,,
15261,134,4,1508.0,3.0,3.0,4.0,base-paper quintile,,,
15262,323,3,418.82,2.0,3.0,2.0,base-paper quintile,,,
15263,106,1,156.51,3.0,1.0,1.0,base-paper quintile,,,
15264,63,2,848.4,3.0,2.0,3.0,base-paper quintile,,,
15265,150,4,3345.64,3.0,3.0,5.0,base-paper quintile,,,
15266,337,5,852.21,2.0,4.0,3.0,base-paper quintile,,,
15267,21,5,1717.36,4.0,4.0,4.0,base-paper quintile,,,
15268,478,3,961.9000000000001,1.0,3.0,3.0,base-paper quintile,,,
15269,23,3,1225.3600000000001,4.0,3.0,3.0,base-paper quintile,,,
15270,15,21,8524.86,5.0,5.0,5.0,base-paper quintile,,,
15271,6,24,4709.54,5.0,5.0,5.0,base-paper quintile,,,
15272,56,6,2085.48,4.0,4.0,4.0,base-paper quintile,,,
15273,599,1,228.96,1.0,1.0,1.0,base-paper quintile,,,
15274,3,2,716.57,5.0,2.0,3.0,base-paper quintile,,,
15275,37,1,615.14,4.0,1.0,2.0,base-paper quintile,,,
15276,65,4,649.53,3.0,3.0,3.0,base-paper quintile,,,
15277,46,2,476.34,4.0,2.0,2.0,base-paper quintile,,,
15278,561,4,496.15999999999997,1.0,3.0,2.0,base-paper quintile,,,
15279,354,5,1580.54,2.0,4.0,4.0,base-paper quintile,,,
15280,171,3,406.21999999999997,3.0,3.0,2.0,base-paper quintile,,,
15281,58,16,8543.57,4.0,5.0,5.0,base-paper quintile,,,
15282,569,1,348.59,1.0,1.0,2.0,base-paper quintile,,,
15283,389,3,148.33,2.0,3.0,1.0,base-paper quintile,,,
15284,499,1,24.75,1.0,1.0,1.0,base-paper quintile,,,
15285,407,1,94.92,2.0,1.0,1.0,base-paper quintile,,,
15286,49,1,240.55,4.0,1.0,1.0,base-paper quintile,,,
15287,21,5,856.03,4.0,4.0,3.0,base-paper quintile,,,
15288,42,10,3883.13,4.0,5.0,5.0,base-paper quintile,,,
15289,28,5,1593.09,4.0,4.0,4.0,base-paper quintile,,,
15290,4,26,10496.28,5.0,5.0,5.0,base-paper quintile,,,
15291,25,40,13846.56,4.0,5.0,5.0,base-paper quintile,,,
15292,200,1,180.94,2.0,1.0,1.0,base-paper quintile,,,
15293,665,1,247.5,1.0,1.0,1.0,base-paper quintile,,,
15294,410,1,233.35,1.0,1.0,1.0,base-paper quintile,,,
15295,653,1,217.23999999999998,1.0,1.0,1.0,base-paper quintile,,,
15296,50,12,10342.83,4.0,5.0,5.0,base-paper quintile,,,
15297,9,3,641.94,5.0,3.0,3.0,base-paper quintile,,,
15298,1,23,9459.37,5.0,5.0,5.0,base-paper quintile,,,
15299,66,10,7991.54,3.0,5.0,5.0,base-paper quintile,,,
15300,63,1,496.44,3.0,1.0,2.0,base-paper quintile,,,
15301,50,17,7603.4400000000005,4.0,5.0,5.0,base-paper quintile,,,
15302,729,1,308.0,1.0,1.0,2.0,base-paper quintile,,,
15303,289,3,1224.18,2.0,3.0,3.0,base-paper quintile,,,
15304,60,9,919.5500000000001,3.0,5.0,3.0,base-paper quintile,,,
15305,554,1,93.6,1.0,1.0,1.0,base-paper quintile,,,
15306,63,9,3484.73,3.0,5.0,5.0,base-paper quintile,,,
15307,95,1,205.3,3.0,1.0,1.0,base-paper quintile,,,
15308,273,1,310.47,2.0,1.0,2.0,base-paper quintile,,,
15309,610,4,797.96,1.0,3.0,3.0,base-paper quintile,,,
15310,478,1,1634.64,1.0,1.0,4.0,base-paper quintile,,,
15311,0,208,116771.16,5.0,5.0,5.0,base-paper quintile,,,
15312,74,12,2930.19,3.0,5.0,4.0,base-paper quintile,,,
15313,109,1,52.0,3.0,1.0,1.0,base-paper quintile,,,
15314,198,3,820.4499999999999,2.0,3.0,3.0,base-paper quintile,,,
15315,63,2,570.5,3.0,2.0,2.0,base-paper quintile,,,
15316,326,1,165.0,2.0,1.0,1.0,base-paper quintile,,,
15317,676,1,129.75,1.0,1.0,1.0,base-paper quintile,,,
15318,3,1,312.62,5.0,1.0,2.0,base-paper quintile,,,
15319,283,1,204.5,2.0,1.0,1.0,base-paper quintile,,,
15320,43,1,267.13,4.0,1.0,1.0,base-paper quintile,,,
15321,70,12,6709.7300000000005,3.0,5.0,5.0,base-paper quintile,,,
15322,85,2,1390.86,3.0,2.0,4.0,base-paper quintile,,,
15323,562,3,434.6,1.0,3.0,2.0,base-paper quintile,,,
15324,700,1,140.22000000000003,1.0,1.0,1.0,base-paper quintile,,,
15325,103,8,1602.01,3.0,4.0,4.0,base-paper quintile,,,
15326,333,5,1700.52,2.0,4.0,4.0,base-paper quintile,,,
15327,52,1,208.75,4.0,1.0,1.0,base-paper quintile,,,
15328,407,1,107.24,2.0,1.0,1.0,base-paper quintile,,,
15329,38,11,2984.33,4.0,5.0,5.0,base-paper quintile,,,
15330,31,2,714.96,4.0,2.0,3.0,base-paper quintile,,,
15331,499,3,767.91,1.0,3.0,3.0,base-paper quintile,,,
15332,365,6,6553.74,2.0,4.0,5.0,base-paper quintile,,,
15333,207,1,1028.56,2.0,1.0,3.0,base-paper quintile,,,
15334,156,3,351.67,3.0,3.0,2.0,base-paper quintile,,,
15335,53,1,173.97,4.0,1.0,1.0,base-paper quintile,,,
15336,401,1,240.5,2.0,1.0,1.0,base-paper quintile,,,
15337,410,1,373.02,1.0,1.0,2.0,base-paper quintile,,,
15338,676,1,283.43,1.0,1.0,1.0,base-paper quintile,,,
15339,65,7,1827.84,3.0,4.0,4.0,base-paper quintile,,,
15340,561,1,105.5,1.0,1.0,1.0,base-paper quintile,,,
15341,80,2,2402.7200000000003,3.0,2.0,4.0,base-paper quintile,,,
15342,129,1,406.09,3.0,1.0,2.0,base-paper quintile,,,
15343,86,1,364.5,3.0,1.0,2.0,base-paper quintile,,,
15344,0,3,563.94,5.0,3.0,2.0,base-paper quintile,,,
15345,45,1,393.54,4.0,1.0,2.0,base-paper quintile,,,
15346,332,3,596.12,2.0,3.0,2.0,base-paper quintile,,,
15347,365,4,1363.6,2.0,3.0,4.0,base-paper quintile,,,
15348,71,1,158.04,3.0,1.0,1.0,base-paper quintile,,,
15349,157,2,473.81,3.0,2.0,2.0,base-paper quintile,,,
15350,372,2,663.25,2.0,2.0,3.0,base-paper quintile,,,
15351,11,10,3738.29,5.0,5.0,5.0,base-paper quintile,,,
15352,548,1,114.95,1.0,1.0,1.0,base-paper quintile,,,
15353,254,7,3175.95,2.0,4.0,5.0,base-paper quintile,,,
15354,602,3,284.4,1.0,3.0,1.0,base-paper quintile,,,
15355,28,2,277.05,4.0,2.0,1.0,base-paper quintile,,,
15356,30,13,3464.95,4.0,5.0,5.0,base-paper quintile,,,
15358,4,42,17050.41,5.0,5.0,5.0,base-paper quintile,,,
15359,662,8,181.35,1.0,4.0,1.0,base-paper quintile,,,
15360,39,1,427.93,4.0,1.0,2.0,base-paper quintile,,,
15361,361,4,689.07,2.0,3.0,3.0,base-paper quintile,,,
15362,448,2,613.08,1.0,2.0,2.0,base-paper quintile,,,
15363,372,2,1004.11,2.0,2.0,3.0,base-paper quintile,,,
15364,95,2,913.19,3.0,2.0,3.0,base-paper quintile,,,
15365,25,13,4557.13,4.0,5.0,5.0,base-paper quintile,,,
15366,74,7,2389.08,3.0,4.0,4.0,base-paper quintile,,,
15367,56,11,5081.33,4.0,5.0,5.0,base-paper quintile,,,
15368,20,2,722.74,4.0,2.0,3.0,base-paper quintile,,,
15369,491,11,6251.26,1.0,5.0,5.0,base-paper quintile,,,
15370,40,8,3739.01,4.0,4.0,5.0,base-paper quintile,,,
15371,661,1,59.400000000000006,1.0,1.0,1.0,base-paper quintile,,,
15372,136,8,6017.06,3.0,4.0,5.0,base-paper quintile,,,
15373,7,17,3421.39,5.0,5.0,5.0,base-paper quintile,,,
15374,128,2,307.32,3.0,2.0,2.0,base-paper quintile,,,
15375,689,1,60.959999999999994,1.0,1.0,1.0,base-paper quintile,,,
15376,39,3,1233.3600000000001,4.0,3.0,3.0,base-paper quintile,,,
15377,382,4,1211.75,2.0,3.0,3.0,base-paper quintile,,,
15378,462,2,246.5,1.0,2.0,1.0,base-paper quintile,,,
15379,168,8,4877.84,3.0,4.0,5.0,base-paper quintile,,,
15380,8,11,3479.0600000000004,5.0,5.0,5.0,base-paper quintile,,,
15381,213,5,1890.5700000000002,2.0,4.0,4.0,base-paper quintile,,,
15382,14,12,13733.550000000001,5.0,5.0,5.0,base-paper quintile,,,
15384,169,4,2027.79,3.0,3.0,4.0,base-paper quintile,,,
15385,39,3,942.08,4.0,3.0,3.0,base-paper quintile,,,
15386,185,1,394.14,3.0,1.0,2.0,base-paper quintile,,,
15387,491,1,468.65,1.0,1.0,2.0,base-paper quintile,,,
15388,269,1,140.54,2.0,1.0,1.0,base-paper quintile,,,
15389,171,5,2733.8,3.0,4.0,4.0,base-paper quintile,,,
15390,395,2,1216.66,2.0,2.0,3.0,base-paper quintile,,,
15391,583,1,289.87,1.0,1.0,1.0,base-paper quintile,,,
15392,4,7,2911.62,5.0,4.0,4.0,base-paper quintile,,,
15393,15,5,891.34,5.0,4.0,3.0,base-paper quintile,,,
15394,9,11,5286.8,5.0,5.0,5.0,base-paper quintile,,,
15395,325,1,107.45,2.0,1.0,1.0,base-paper quintile,,,
15396,112,2,796.38,3.0,2.0,3.0,base-paper quintile,,,
15397,289,1,94.0,2.0,1.0,1.0,base-paper quintile,,,
15398,15,2,1345.53,5.0,2.0,4.0,base-paper quintile,,,
15399,0,3,815.77,5.0,3.0,3.0,base-paper quintile,,,
15400,91,8,1302.3,3.0,4.0,4.0,base-paper quintile,,,
15401,451,2,216.95000000000002,1.0,2.0,1.0,base-paper quintile,,,
15402,148,6,1830.54,3.0,4.0,4.0,base-paper quintile,,,
15403,491,2,170.88,1.0,2.0,1.0,base-paper quintile,,,
15404,375,1,257.06,2.0,1.0,1.0,base-paper quintile,,,
15405,188,2,659.84,2.0,2.0,3.0,base-paper quintile,,,
15406,30,4,975.87,4.0,3.0,3.0,base-paper quintile,,,
15407,33,4,1056.44,4.0,3.0,3.0,base-paper quintile,,,
15408,263,1,267.18,2.0,1.0,1.0,base-paper quintile,,,
15409,720,1,131.25,1.0,1.0,1.0,base-paper quintile,,,
15410,83,10,4685.72,3.0,5.0,5.0,base-paper quintile,,,
15411,25,4,1358.88,4.0,3.0,4.0,base-paper quintile,,,
15412,170,1,190.53,3.0,1.0,1.0,base-paper quintile,,,
15413,691,5,6798.72,1.0,4.0,5.0,base-paper quintile,,,
15414,9,3,774.9000000000001,5.0,3.0,3.0,base-paper quintile,,,
15415,312,1,572.8100000000001,2.0,1.0,2.0,base-paper quintile,,,
15416,64,7,4572.82,3.0,4.0,5.0,base-paper quintile,,,
15417,84,1,508.8,3.0,1.0,2.0,base-paper quintile,,,
15418,424,2,452.32,1.0,2.0,2.0,base-paper quintile,,,
15419,24,1,135.86,4.0,1.0,1.0,base-paper quintile,,,
15420,433,6,743.0,1.0,4.0,3.0,base-paper quintile,,,
15421,58,10,3805.34,4.0,5.0,5.0,base-paper quintile,,,
15422,322,7,1619.97,2.0,4.0,4.0,base-paper quintile,,,
15423,37,3,266.89,4.0,3.0,1.0,base-paper quintile,,,
15424,253,3,597.78,2.0,3.0,2.0,base-paper quintile,,,
15425,399,4,1944.57,2.0,3.0,4.0,base-paper quintile,,,
15426,18,9,2615.39,5.0,5.0,4.0,base-paper quintile,,,
15427,32,3,1483.14,4.0,3.0,4.0,base-paper quintile,,,
15428,14,4,762.75,5.0,3.0,3.0,base-paper quintile,,,
15429,26,2,397.35,4.0,2.0,2.0,base-paper quintile,,,
15430,467,2,954.75,1.0,2.0,3.0,base-paper quintile,,,
15431,502,1,153.24,1.0,1.0,1.0,base-paper quintile,,,
15432,22,2,320.76,4.0,2.0,2.0,base-paper quintile,,,
15433,213,2,533.3,2.0,2.0,2.0,base-paper quintile,,,
15434,7,11,2567.06,5.0,5.0,4.0,base-paper quintile,,,
15435,21,1,149.29,4.0,1.0,1.0,base-paper quintile,,,
15436,11,3,1122.53,5.0,3.0,3.0,base-paper quintile,,,
15437,261,2,393.45,2.0,2.0,2.0,base-paper quintile,,,
15438,130,1,156.57999999999998,3.0,1.0,1.0,base-paper quintile,,,
15439,404,4,1269.05,2.0,3.0,4.0,base-paper quintile,,,
15440,54,3,383.68,4.0,3.0,2.0,base-paper quintile,,,
15441,395,3,1254.21,2.0,3.0,4.0,base-paper quintile,,,
15442,248,1,594.0,2.0,1.0,2.0,base-paper quintile,,,
15443,1,14,5175.93,5.0,5.0,5.0,base-paper quintile,,,
15444,8,2,1418.26,5.0,2.0,4.0,base-paper quintile,,,
15445,263,2,284.5,2.0,2.0,1.0,base-paper quintile,,,
15446,376,3,406.95,2.0,3.0,2.0,base-paper quintile,,,
15447,330,5,492.88,2.0,4.0,2.0,base-paper quintile,,,
15448,312,2,788.81,2.0,2.0,3.0,base-paper quintile,,,
15449,25,3,974.52,4.0,3.0,3.0,base-paper quintile,,,
15450,29,1,429.84,4.0,1.0,2.0,base-paper quintile,,,
15451,433,2,233.21,1.0,2.0,1.0,base-paper quintile,,,
15452,29,6,1799.1100000000001,4.0,4.0,4.0,base-paper quintile,,,
15453,1,7,1388.37,5.0,4.0,4.0,base-paper quintile,,,
15454,361,2,307.69,2.0,2.0,2.0,base-paper quintile,,,
15455,597,1,38.25,1.0,1.0,1.0,base-paper quintile,,,
15456,282,10,2119.27,2.0,5.0,4.0,base-paper quintile,,,
15457,261,1,237.07,2.0,1.0,1.0,base-paper quintile,,,
15458,24,2,370.43999999999994,4.0,2.0,2.0,base-paper quintile,,,
15459,416,2,202.82999999999998,1.0,2.0,1.0,base-paper quintile,,,
15460,353,1,216.76,2.0,1.0,1.0,base-paper quintile,,,
15461,460,2,429.7,1.0,2.0,2.0,base-paper quintile,,,
15462,93,4,737.05,3.0,3.0,3.0,base-paper quintile,,,
15463,28,1,126.14,4.0,1.0,1.0,base-paper quintile,,,
15464,337,1,1048.85,2.0,1.0,3.0,base-paper quintile,,,
15465,19,32,12655.65,4.0,5.0,5.0,base-paper quintile,,,
15466,84,4,1571.01,3.0,3.0,4.0,base-paper quintile,,,
15467,8,3,524.88,5.0,3.0,2.0,base-paper quintile,,,
15468,50,3,1430.48,4.0,3.0,4.0,base-paper quintile,,,
15469,49,3,874.25,4.0,3.0,3.0,base-paper quintile,,,
15470,575,1,63.419999999999995,1.0,1.0,1.0,base-paper quintile,,,
15471,1,3,1316.56,5.0,3.0,4.0,base-paper quintile,,,
15472,112,1,371.56,3.0,1.0,2.0,base-paper quintile,,,
15473,13,8,2046.0,5.0,4.0,4.0,base-paper quintile,,,
15474,595,1,163.1,1.0,1.0,1.0,base-paper quintile,,,
15475,76,1,454.10999999999996,3.0,1.0,2.0,base-paper quintile,,,
15476,379,4,2209.98,2.0,3.0,4.0,base-paper quintile,,,
15477,649,1,368.4,1.0,1.0,2.0,base-paper quintile,,,
15478,39,3,2024.98,4.0,3.0,4.0,base-paper quintile,,,
15479,732,1,147.4,1.0,1.0,1.0,base-paper quintile,,,
15480,115,5,6279.0,3.0,4.0,5.0,base-paper quintile,,,
15481,400,1,1993.34,2.0,1.0,4.0,base-paper quintile,,,
15482,15,19,14592.56,5.0,5.0,5.0,base-paper quintile,,,
15483,160,10,862.2,3.0,5.0,3.0,base-paper quintile,,,
15484,0,6,4656.0,5.0,4.0,5.0,base-paper quintile,,,
15485,29,7,5771.51,4.0,4.0,5.0,base-paper quintile,,,
15486,526,1,102.0,1.0,1.0,1.0,base-paper quintile,,,
15487,679,1,231.32,1.0,1.0,1.0,base-paper quintile,,,
15488,92,5,431.92,3.0,4.0,2.0,base-paper quintile,,,
15489,22,8,2419.61,4.0,4.0,4.0,base-paper quintile,,,
15490,429,1,217.6,1.0,1.0,1.0,base-paper quintile,,,
15491,94,6,3100.09,3.0,4.0,5.0,base-paper quintile,,,
15492,27,2,659.4599999999999,4.0,2.0,3.0,base-paper quintile,,,
15493,32,9,4314.9800000000005,4.0,5.0,5.0,base-paper quintile,,,
15494,20,5,3780.05,4.0,4.0,5.0,base-paper quintile,,,
15495,378,1,246.5,2.0,1.0,1.0,base-paper quintile,,,
15496,630,1,146.14000000000001,1.0,1.0,1.0,base-paper quintile,,,
15497,17,9,8657.39,5.0,5.0,5.0,base-paper quintile,,,
15498,2,44,26039.58,5.0,5.0,5.0,base-paper quintile,,,
15499,723,1,161.6,1.0,1.0,1.0,base-paper quintile,,,
15500,7,4,1131.56,5.0,3.0,3.0,base-paper quintile,,,
15501,404,2,402.5,2.0,2.0,2.0,base-paper quintile,,,
15502,15,14,13993.47,5.0,5.0,5.0,base-paper quintile,,,
15503,362,2,267.15,2.0,2.0,1.0,base-paper quintile,,,
15504,80,4,423.85,3.0,3.0,2.0,base-paper quintile,,,
15505,52,5,3610.96,4.0,4.0,5.0,base-paper quintile,,,
15506,22,6,2040.03,4.0,4.0,4.0,base-paper quintile,,,
15507,171,1,492.36,3.0,1.0,2.0,base-paper quintile,,,
15508,188,6,1000.27,2.0,4.0,3.0,base-paper quintile,,,
15509,379,1,166.51,2.0,1.0,1.0,base-paper quintile,,,
15510,330,1,250.0,2.0,1.0,1.0,base-paper quintile,,,
15511,11,5,909.23,5.0,4.0,3.0,base-paper quintile,,,
15512,155,4,331.58,3.0,3.0,2.0,base-paper quintile,,,
15513,32,35,27750.55,4.0,5.0,5.0,base-paper quintile,,,
15514,11,18,6598.55,5.0,5.0,5.0,base-paper quintile,,,
15515,386,1,171.81,2.0,1.0,1.0,base-paper quintile,,,
15516,44,3,62.43,4.0,3.0,1.0,base-paper quintile,,,
15517,232,1,267.03,2.0,1.0,1.0,base-paper quintile,,,
15518,63,15,4218.94,3.0,5.0,5.0,base-paper quintile,,,
15519,382,2,344.61,2.0,2.0,2.0,base-paper quintile,,,
15520,1,1,343.5,5.0,1.0,2.0,base-paper quintile,,,
15521,39,16,7106.69,4.0,5.0,5.0,base-paper quintile,,,
15522,32,2,398.84,4.0,2.0,2.0,base-paper quintile,,,
15523,83,16,17359.99,3.0,5.0,5.0,base-paper quintile,,,
15524,24,2,591.4,4.0,2.0,2.0,base-paper quintile,,,
15525,1,4,1295.7,5.0,3.0,4.0,base-paper quintile,,,
15526,32,2,148.44,4.0,2.0,1.0,base-paper quintile,,,
15527,18,23,5575.64,5.0,5.0,5.0,base-paper quintile,,,
15528,253,1,229.33,2.0,1.0,1.0,base-paper quintile,,,
15529,22,12,5111.95,4.0,5.0,5.0,base-paper quintile,,,
15530,21,5,1813.72,4.0,4.0,4.0,base-paper quintile,,,
15531,7,2,2007.44,5.0,2.0,4.0,base-paper quintile,,,
15532,24,10,3771.9,4.0,5.0,5.0,base-paper quintile,,,
15533,18,3,807.57,5.0,3.0,3.0,base-paper quintile,,,
15534,725,1,162.25,1.0,1.0,1.0,base-paper quintile,,,
15535,172,6,1087.82,3.0,4.0,3.0,base-paper quintile,,,
15536,408,1,259.09,2.0,1.0,1.0,base-paper quintile,,,
15537,162,1,110.92,3.0,1.0,1.0,base-paper quintile,,,
15538,537,6,3358.3999999999996,1.0,4.0,5.0,base-paper quintile,,,
15539,6,1,538.46,5.0,1.0,2.0,base-paper quintile,,,
15540,10,2,460.68,5.0,2.0,2.0,base-paper quintile,,,
15541,113,1,85.13000000000001,3.0,1.0,1.0,base-paper quintile,,,
15542,511,3,918.45,1.0,3.0,3.0,base-paper quintile,,,
15543,287,2,242.84,2.0,2.0,1.0,base-paper quintile,,,
15544,8,20,8162.43,5.0,5.0,5.0,base-paper quintile,,,
15545,53,2,428.05,4.0,2.0,2.0,base-paper quintile,,,
15546,606,2,1079.1000000000001,1.0,2.0,3.0,base-paper quintile,,,
15547,6,26,10154.39,5.0,5.0,5.0,base-paper quintile,,,
15548,595,1,158.09,1.0,1.0,1.0,base-paper quintile,,,
15549,76,8,2345.96,3.0,4.0,4.0,base-paper quintile,,,
15550,3,12,2218.8,5.0,5.0,4.0,base-paper quintile,,,
15551,36,7,1710.08,4.0,4.0,4.0,base-paper quintile,,,
15552,216,2,252.52,2.0,2.0,1.0,base-paper quintile,,,
15553,59,1,437.23,3.0,1.0,2.0,base-paper quintile,,,
15554,277,1,217.2,2.0,1.0,1.0,base-paper quintile,,,
15555,11,36,12112.35,5.0,5.0,5.0,base-paper quintile,,,
15556,23,1,279.77,4.0,1.0,1.0,base-paper quintile,,,
15557,28,1,473.65000000000003,4.0,1.0,2.0,base-paper quintile,,,
15558,638,1,214.13,1.0,1.0,1.0,base-paper quintile,,,
15559,567,1,1109.4,1.0,1.0,3.0,base-paper quintile,,,
15560,397,2,153.52,2.0,2.0,1.0,base-paper quintile,,,
15561,11,8,1934.3899999999999,5.0,4.0,4.0,base-paper quintile,,,
15562,351,3,673.3800000000001,2.0,3.0,3.0,base-paper quintile,,,
15563,21,7,2867.0,4.0,4.0,4.0,base-paper quintile,,,
15564,462,2,70.74000000000001,1.0,2.0,1.0,base-paper quintile,,,
15565,49,2,173.16,4.0,2.0,1.0,base-paper quintile,,,
15566,392,2,227.87,2.0,2.0,1.0,base-paper quintile,,,
15567,18,1,186.01,5.0,1.0,1.0,base-paper quintile,,,
15568,2,3,758.29,5.0,3.0,3.0,base-paper quintile,,,
15569,103,10,3586.35,3.0,5.0,5.0,base-paper quintile,,,
15570,6,25,9311.04,5.0,5.0,5.0,base-paper quintile,,,
15571,11,14,4051.63,5.0,5.0,5.0,base-paper quintile,,,
15572,4,10,4068.67,5.0,5.0,5.0,base-paper quintile,,,
15573,31,5,1207.18,4.0,4.0,3.0,base-paper quintile,,,
15574,177,6,1518.7,3.0,4.0,4.0,base-paper quintile,,,
15575,619,1,30.1,1.0,1.0,1.0,base-paper quintile,,,
15576,37,1,940.6700000000001,4.0,1.0,3.0,base-paper quintile,,,
15577,150,5,397.98,3.0,4.0,2.0,base-paper quintile,,,
15578,161,1,127.1,3.0,1.0,1.0,base-paper quintile,,,
15579,68,5,1302.5,3.0,4.0,4.0,base-paper quintile,,,
15580,376,8,1381.19,2.0,4.0,4.0,base-paper quintile,,,
15581,120,38,7794.59,3.0,5.0,5.0,base-paper quintile,,,
15582,24,3,682.9100000000001,4.0,3.0,3.0,base-paper quintile,,,
15583,375,1,107.86,2.0,1.0,1.0,base-paper quintile,,,
15584,23,6,1277.5,4.0,4.0,4.0,base-paper quintile,,,
15585,176,1,455.3,3.0,1.0,2.0,base-paper quintile,,,
15586,592,3,1139.1,1.0,3.0,3.0,base-paper quintile,,,
15587,49,7,1522.0800000000002,4.0,4.0,4.0,base-paper quintile,,,
15588,677,1,579.6,1.0,1.0,2.0,base-paper quintile,,,
15589,255,3,478.53000000000003,2.0,3.0,2.0,base-paper quintile,,,
15590,381,5,1496.6,2.0,4.0,4.0,base-paper quintile,,,
15591,582,3,217.9,1.0,3.0,1.0,base-paper quintile,,,
15592,46,1,388.58,4.0,1.0,2.0,base-paper quintile,,,
15593,70,1,199.8,3.0,1.0,1.0,base-paper quintile,,,
15594,15,5,1771.78,5.0,4.0,4.0,base-paper quintile,,,
15595,487,1,357.6,1.0,1.0,2.0,base-paper quintile,,,
15596,100,9,3130.04,3.0,5.0,5.0,base-paper quintile,,,
15597,34,2,563.37,4.0,2.0,2.0,base-paper quintile,,,
15598,52,2,548.02,4.0,2.0,2.0,base-paper quintile,,,
15599,26,3,1250.06,4.0,3.0,4.0,base-paper quintile,,,
15600,427,4,1199.31,1.0,3.0,3.0,base-paper quintile,,,
15601,10,30,14960.12,5.0,5.0,5.0,base-paper quintile,,,
15602,7,16,3230.51,5.0,5.0,5.0,base-paper quintile,,,
15603,78,2,88.48,3.0,2.0,1.0,base-paper quintile,,,
15604,51,1,216.39,4.0,1.0,1.0,base-paper quintile,,,
15605,35,9,1936.8,4.0,5.0,4.0,base-paper quintile,,,
15606,60,17,5230.99,3.0,5.0,5.0,base-paper quintile,,,
15607,336,9,1708.97,2.0,5.0,4.0,base-paper quintile,,,
15608,27,5,1785.98,4.0,4.0,4.0,base-paper quintile,,,
15609,183,1,298.48,3.0,1.0,2.0,base-paper quintile,,,
15610,51,1,112.46000000000001,4.0,1.0,1.0,base-paper quintile,,,
15611,9,26,2997.28,5.0,5.0,5.0,base-paper quintile,,,
15612,35,2,195.15,4.0,2.0,1.0,base-paper quintile,,,
15613,609,1,433.71999999999997,1.0,1.0,2.0,base-paper quintile,,,
15614,437,4,3147.36,1.0,3.0,5.0,base-paper quintile,,,
15615,9,47,21373.97,5.0,5.0,5.0,base-paper quintile,,,
15616,437,1,317.11,1.0,1.0,2.0,base-paper quintile,,,
15617,395,3,828.5500000000001,2.0,3.0,3.0,base-paper quintile,,,
15618,32,4,776.851,4.0,3.0,3.0,base-paper quintile,,,
15619,10,1,336.40000000000003,5.0,1.0,2.0,base-paper quintile,,,
15620,56,4,1942.36,4.0,3.0,4.0,base-paper quintile,,,
15621,3,4,1293.03,5.0,3.0,4.0,base-paper quintile,,,
15622,42,17,7852.61,4.0,5.0,5.0,base-paper quintile,,,
15623,140,8,2437.05,3.0,4.0,4.0,base-paper quintile,,,
15624,116,4,588.13,3.0,3.0,2.0,base-paper quintile,,,
15625,103,9,3236.4,3.0,5.0,5.0,base-paper quintile,,,
15626,74,3,1067.52,3.0,3.0,3.0,base-paper quintile,,,
15627,456,2,566.9,1.0,2.0,2.0,base-paper quintile,,,
15628,4,17,5652.26,5.0,5.0,5.0,base-paper quintile,,,
15629,449,4,2240.9,1.0,3.0,4.0,base-paper quintile,,,
15630,44,3,1481.4,4.0,3.0,4.0,base-paper quintile,,,
15631,641,1,596.67,1.0,1.0,2.0,base-paper quintile,,,
15632,15,8,3285.31,5.0,4.0,5.0,base-paper quintile,,,
15633,508,13,4352.46,1.0,5.0,5.0,base-paper quintile,,,
15634,16,2,554.65,5.0,2.0,2.0,base-paper quintile,,,
15635,395,1,100.35,2.0,1.0,1.0,base-paper quintile,,,
15636,89,4,1444.58,3.0,3.0,4.0,base-paper quintile,,,
15637,52,5,797.59,4.0,4.0,3.0,base-paper quintile,,,
15638,378,6,2265.2,2.0,4.0,4.0,base-paper quintile,,,
15639,133,3,1065.08,3.0,3.0,3.0,base-paper quintile,,,
15640,3,29,23957.58,5.0,5.0,5.0,base-paper quintile,,,
15641,104,12,5345.55,3.0,5.0,5.0,base-paper quintile,,,
15642,729,1,105.78000000000002,1.0,1.0,1.0,base-paper quintile,,,
15643,191,3,664.0,2.0,3.0,3.0,base-paper quintile,,,
15644,165,4,813.0,3.0,3.0,3.0,base-paper quintile,,,
15645,18,3,1055.17,5.0,3.0,3.0,base-paper quintile,,,
15646,157,5,974.61,3.0,4.0,3.0,base-paper quintile,,,
15647,414,1,169.0,1.0,1.0,1.0,base-paper quintile,,,
15648,203,2,657.35,2.0,2.0,3.0,base-paper quintile,,,
15649,335,4,2170.35,2.0,3.0,4.0,base-paper quintile,,,
15650,521,2,553.88,1.0,2.0,2.0,base-paper quintile,,,
15651,36,5,1259.06,4.0,4.0,4.0,base-paper quintile,,,
15652,90,5,1420.34,3.0,4.0,4.0,base-paper quintile,,,
15653,92,2,877.4399999999999,3.0,2.0,3.0,base-paper quintile,,,
15654,8,2,922.53,5.0,2.0,3.0,base-paper quintile,,,
15655,242,1,560.67,2.0,1.0,2.0,base-paper quintile,,,
15656,44,4,748.5,4.0,3.0,3.0,base-paper quintile,,,
15657,22,1,30.0,4.0,1.0,1.0,base-paper quintile,,,
15658,189,8,2423.4700000000003,2.0,4.0,4.0,base-paper quintile,,,
15659,43,3,532.49,4.0,3.0,2.0,base-paper quintile,,,
15660,24,15,2812.99,4.0,5.0,4.0,base-paper quintile,,,
15661,316,8,1215.95,2.0,4.0,3.0,base-paper quintile,,,
15662,660,2,283.73,1.0,2.0,1.0,base-paper quintile,,,
15663,105,1,138.14,3.0,1.0,1.0,base-paper quintile,,,
15664,50,4,1254.03,4.0,3.0,4.0,base-paper quintile,,,
15665,167,5,4015.12,3.0,4.0,5.0,base-paper quintile,,,
15666,471,2,632.9399999999999,1.0,2.0,3.0,base-paper quintile,,,
15667,39,1,301.32,4.0,1.0,2.0,base-paper quintile,,,
15668,217,1,76.32000000000001,2.0,1.0,1.0,base-paper quintile,,,
15669,39,4,684.34,4.0,3.0,3.0,base-paper quintile,,,
15670,296,2,325.2,2.0,2.0,2.0,base-paper quintile,,,
15671,18,7,2657.13,5.0,4.0,4.0,base-paper quintile,,,
15672,724,1,45.300000000000004,1.0,1.0,1.0,base-paper quintile,,,
15673,87,9,6414.79,3.0,5.0,5.0,base-paper quintile,,,
15674,72,13,6948.2300000000005,3.0,5.0,5.0,base-paper quintile,,,
15675,80,4,542.04,3.0,3.0,2.0,base-paper quintile,,,
15676,18,3,3435.76,5.0,3.0,5.0,base-paper quintile,,,
15677,48,3,1305.63,4.0,3.0,4.0,base-paper quintile,,,
15678,52,3,1893.89,4.0,3.0,4.0,base-paper quintile,,,
15679,23,4,781.28,4.0,3.0,3.0,base-paper quintile,,,
15680,8,10,4507.58,5.0,5.0,5.0,base-paper quintile,,,
15681,24,14,2989.7,4.0,5.0,5.0,base-paper quintile,,,
15682,598,2,318.24,1.0,2.0,2.0,base-paper quintile,,,
15683,116,2,524.54,3.0,2.0,2.0,base-paper quintile,,,
15684,546,3,173.95,1.0,3.0,1.0,base-paper quintile,,,
15685,449,1,55.980000000000004,1.0,1.0,1.0,base-paper quintile,,,
15686,419,1,90.0,1.0,1.0,1.0,base-paper quintile,,,
15687,8,9,2993.1,5.0,5.0,5.0,base-paper quintile,,,
15688,418,1,190.57,1.0,1.0,1.0,base-paper quintile,,,
15689,119,3,521.03,3.0,3.0,2.0,base-paper quintile,,,
15690,3,2,239.76,5.0,2.0,1.0,base-paper quintile,,,
15691,251,4,571.3,2.0,3.0,2.0,base-paper quintile,,,
15692,27,1,191.04,4.0,1.0,1.0,base-paper quintile,,,
15693,658,1,37.5,1.0,1.0,1.0,base-paper quintile,,,
15694,0,24,10810.81,5.0,5.0,5.0,base-paper quintile,,,
15695,266,4,1131.04,2.0,3.0,3.0,base-paper quintile,,,
15696,32,13,3906.57,4.0,5.0,5.0,base-paper quintile,,,
15697,689,1,246.75,1.0,1.0,1.0,base-paper quintile,,,
15698,623,1,46.2,1.0,1.0,1.0,base-paper quintile,,,
15699,17,1,309.65,5.0,1.0,2.0,base-paper quintile,,,
15700,171,2,696.68,3.0,2.0,3.0,base-paper quintile,,,
15701,1,4,1542.14,5.0,3.0,4.0,base-paper quintile,,,
15702,475,2,140.39000000000001,1.0,2.0,1.0,base-paper quintile,,,
15703,264,1,211.5,2.0,1.0,1.0,base-paper quintile,,,
15704,139,6,3817.96,3.0,4.0,5.0,base-paper quintile,,,
15705,200,1,143.1,2.0,1.0,1.0,base-paper quintile,,,
15706,63,4,1060.56,3.0,3.0,3.0,base-paper quintile,,,
15707,34,4,945.58,4.0,3.0,3.0,base-paper quintile,,,
15708,40,9,4378.72,4.0,5.0,5.0,base-paper quintile,,,
15709,283,2,327.85,2.0,2.0,2.0,base-paper quintile,,,
15710,416,1,898.87,1.0,1.0,3.0,base-paper quintile,,,
15711,556,2,420.25,1.0,2.0,2.0,base-paper quintile,,,
15712,8,12,3472.4100000000003,5.0,5.0,5.0,base-paper quintile,,,
15713,142,4,1010.79,3.0,3.0,3.0,base-paper quintile,,,
15714,11,5,784.8100000000001,5.0,4.0,3.0,base-paper quintile,,,
15715,555,5,658.02,1.0,4.0,3.0,base-paper quintile,,,
15716,145,11,3056.81,3.0,5.0,5.0,base-paper quintile,,,
15717,233,5,607.0,2.0,4.0,2.0,base-paper quintile,,,
15718,539,1,293.79,1.0,1.0,2.0,base-paper quintile,,,
15719,32,31,10223.06,4.0,5.0,5.0,base-paper quintile,,,
15720,23,2,741.92,4.0,2.0,3.0,base-paper quintile,,,
15721,11,1,507.08,5.0,1.0,2.0,base-paper quintile,,,
15722,35,11,5258.1,4.0,5.0,5.0,base-paper quintile,,,
15723,364,4,947.65,2.0,3.0,3.0,base-paper quintile,,,
15724,200,3,310.85,2.0,3.0,2.0,base-paper quintile,,,
15725,14,1,415.25,5.0,1.0,2.0,base-paper quintile,,,
15726,389,1,321.91,2.0,1.0,2.0,base-paper quintile,,,
15727,16,15,9445.51,5.0,5.0,5.0,base-paper quintile,,,
15728,379,2,544.6,2.0,2.0,2.0,base-paper quintile,,,
15729,212,3,192.55,2.0,3.0,1.0,base-paper quintile,,,
15730,65,5,1726.58,3.0,4.0,4.0,base-paper quintile,,,
15731,553,1,125.3,1.0,1.0,1.0,base-paper quintile,,,
15732,211,10,1682.07,2.0,5.0,4.0,base-paper quintile,,,
15733,282,1,162.3,2.0,1.0,1.0,base-paper quintile,,,
15734,114,4,2263.3,3.0,3.0,4.0,base-paper quintile,,,
15735,420,1,327.68,1.0,1.0,2.0,base-paper quintile,,,
15736,434,2,1815.72,1.0,2.0,4.0,base-paper quintile,,,
15737,14,8,1205.1200000000001,5.0,4.0,3.0,base-paper quintile,,,
15738,18,41,13372.970000000001,5.0,5.0,5.0,base-paper quintile,,,
15739,65,1,449.12,3.0,1.0,2.0,base-paper quintile,,,
15740,48,1,154.88,4.0,1.0,1.0,base-paper quintile,,,
15741,457,2,208.62,1.0,2.0,1.0,base-paper quintile,,,
15742,618,1,156.87,1.0,1.0,1.0,base-paper quintile,,,
15743,15,4,784.46,5.0,3.0,3.0,base-paper quintile,,,
15744,77,1,34.8,3.0,1.0,1.0,base-paper quintile,,,
15745,18,4,1094.59,5.0,3.0,3.0,base-paper quintile,,,
15746,133,1,196.88,3.0,1.0,1.0,base-paper quintile,,,
15747,12,9,2562.61,5.0,5.0,4.0,base-paper quintile,,,
15748,39,3,614.7600000000001,4.0,3.0,2.0,base-paper quintile,,,
15749,234,3,44534.3,2.0,3.0,5.0,base-paper quintile,,,
15750,2,18,6797.191,5.0,5.0,5.0,base-paper quintile,,,
15751,460,11,1380.44,1.0,5.0,4.0,base-paper quintile,,,
15752,39,9,4207.54,4.0,5.0,5.0,base-paper quintile,,,
15753,304,1,79.2,2.0,1.0,1.0,base-paper quintile,,,
15754,50,9,3037.61,4.0,5.0,5.0,base-paper quintile,,,
15755,9,17,5993.12,5.0,5.0,5.0,base-paper quintile,,,
15756,60,4,532.96,3.0,3.0,2.0,base-paper quintile,,,
15757,65,6,2940.36,3.0,4.0,4.0,base-paper quintile,,,
15758,24,1,205.25,4.0,1.0,1.0,base-paper quintile,,,
15759,217,7,830.9300000000001,2.0,4.0,3.0,base-paper quintile,,,
15760,630,2,13916.34,1.0,2.0,5.0,base-paper quintile,,,
15761,442,1,143.05,1.0,1.0,1.0,base-paper quintile,,,
15762,64,2,583.75,3.0,2.0,2.0,base-paper quintile,,,
15763,31,2,1086.92,4.0,2.0,3.0,base-paper quintile,,,
15764,87,8,4503.08,3.0,4.0,5.0,base-paper quintile,,,
15765,666,1,370.63,1.0,1.0,2.0,base-paper quintile,,,
15766,63,3,831.06,3.0,3.0,3.0,base-paper quintile,,,
15768,115,34,15601.09,3.0,5.0,5.0,base-paper quintile,,,
15769,6,46,88704.32,5.0,5.0,5.0,base-paper quintile,,,
15770,612,1,321.45,1.0,1.0,2.0,base-paper quintile,,,
15771,603,3,1006.54,1.0,3.0,3.0,base-paper quintile,,,
15772,417,1,280.88,1.0,1.0,1.0,base-paper quintile,,,
15773,5,2,774.52,5.0,2.0,3.0,base-paper quintile,,,
15774,68,6,1329.94,3.0,4.0,4.0,base-paper quintile,,,
15775,244,2,150.5,2.0,2.0,1.0,base-paper quintile,,,
15776,132,1,241.62,3.0,1.0,1.0,base-paper quintile,,,
15777,240,7,1762.61,2.0,4.0,4.0,base-paper quintile,,,
15778,430,1,307.95,1.0,1.0,2.0,base-paper quintile,,,
15779,462,2,124.08000000000001,1.0,2.0,1.0,base-paper quintile,,,
15780,183,3,475.28000000000003,3.0,3.0,2.0,base-paper quintile,,,
15781,24,3,345.46,4.0,3.0,2.0,base-paper quintile,,,
15782,9,4,4014.1,5.0,3.0,5.0,base-paper quintile,,,
15783,10,1,246.3,5.0,1.0,1.0,base-paper quintile,,,
15784,467,2,848.3299999999999,1.0,2.0,3.0,base-paper quintile,,,
15785,32,16,5969.93,4.0,5.0,5.0,base-paper quintile,,,
15786,45,5,8514.82,4.0,4.0,5.0,base-paper quintile,,,
15787,25,3,948.05,4.0,3.0,3.0,base-paper quintile,,,
15788,508,1,221.82999999999998,1.0,1.0,1.0,base-paper quintile,,,
15789,357,6,1962.01,2.0,4.0,4.0,base-paper quintile,,,
15790,9,1,220.85,5.0,1.0,1.0,base-paper quintile,,,
15791,43,5,3608.34,4.0,4.0,5.0,base-paper quintile,,,
15792,399,2,933.84,2.0,2.0,3.0,base-paper quintile,,,
15793,14,8,2399.57,5.0,4.0,4.0,base-paper quintile,,,
15794,735,2,777.0,1.0,2.0,3.0,base-paper quintile,,,
15795,149,8,1979.8700000000001,3.0,4.0,4.0,base-paper quintile,,,
15796,0,17,5175.83,5.0,5.0,5.0,base-paper quintile,,,
15797,112,6,2821.08,3.0,4.0,4.0,base-paper quintile,,,
15798,492,3,1535.37,1.0,3.0,4.0,base-paper quintile,,,
15799,75,4,1424.29,3.0,3.0,4.0,base-paper quintile,,,
15800,106,7,1242.58,3.0,4.0,3.0,base-paper quintile,,,
15801,45,3,1063.95,4.0,3.0,3.0,base-paper quintile,,,
15802,142,1,451.42,3.0,1.0,2.0,base-paper quintile,,,
15803,50,4,1929.66,4.0,3.0,4.0,base-paper quintile,,,
15804,0,13,4206.39,5.0,5.0,5.0,base-paper quintile,,,
15805,22,30,10189.23,4.0,5.0,5.0,base-paper quintile,,,
15806,45,3,784.58,4.0,3.0,3.0,base-paper quintile,,,
15807,49,5,1817.52,4.0,4.0,4.0,base-paper quintile,,,
15808,305,21,18409.93,2.0,5.0,5.0,base-paper quintile,,,
15809,35,7,1274.44,4.0,4.0,4.0,base-paper quintile,,,
15810,78,8,2999.04,3.0,4.0,5.0,base-paper quintile,,,
15811,21,7,3890.52,4.0,4.0,5.0,base-paper quintile,,,
15812,106,12,5201.47,3.0,5.0,5.0,base-paper quintile,,,
15813,207,2,1303.9099999999999,2.0,2.0,4.0,base-paper quintile,,,
15814,16,6,2634.44,5.0,4.0,4.0,base-paper quintile,,,
15815,63,5,2100.6,3.0,4.0,4.0,base-paper quintile,,,
15816,541,2,144.14999999999998,1.0,2.0,1.0,base-paper quintile,,,
15817,420,3,2766.4,1.0,3.0,4.0,base-paper quintile,,,
15818,587,1,340.5,1.0,1.0,2.0,base-paper quintile,,,
15819,48,10,3934.79,4.0,5.0,5.0,base-paper quintile,,,
15820,319,1,206.98,2.0,1.0,1.0,base-paper quintile,,,
15821,43,2,570.96,4.0,2.0,2.0,base-paper quintile,,,
15822,2,6,1840.06,5.0,4.0,4.0,base-paper quintile,,,
15823,371,3,3897.17,2.0,3.0,5.0,base-paper quintile,,,
15824,452,2,890.94,1.0,2.0,3.0,base-paper quintile,,,
15825,171,1,532.94,3.0,1.0,2.0,base-paper quintile,,,
15826,55,4,2598.28,4.0,3.0,4.0,base-paper quintile,,,
15827,72,28,3794.07,3.0,5.0,5.0,base-paper quintile,,,
15828,374,1,1108.82,2.0,1.0,3.0,base-paper quintile,,,
15829,98,2,636.14,3.0,2.0,3.0,base-paper quintile,,,
15830,37,1,576.0,4.0,1.0,2.0,base-paper quintile,,,
15831,57,3,801.76,4.0,3.0,3.0,base-paper quintile,,,
15832,253,1,836.79,2.0,1.0,3.0,base-paper quintile,,,
15833,737,1,80.4,1.0,1.0,1.0,base-paper quintile,,,
15834,69,7,3772.9900000000002,3.0,4.0,5.0,base-paper quintile,,,
15835,43,4,954.09,4.0,3.0,3.0,base-paper quintile,,,
15836,49,1,137.37,4.0,1.0,1.0,base-paper quintile,,,
15837,64,2,777.01,3.0,2.0,3.0,base-paper quintile,,,
15838,10,34,74163.0,5.0,5.0,5.0,base-paper quintile,,,
15839,32,3,1048.49,4.0,3.0,3.0,base-paper quintile,,,
15840,58,2,355.56,3.0,2.0,2.0,base-paper quintile,,,
15841,72,9,2742.41,3.0,5.0,4.0,base-paper quintile,,,
15842,392,2,548.8,2.0,2.0,2.0,base-paper quintile,,,
15843,303,1,118.95000000000002,2.0,1.0,1.0,base-paper quintile,,,
15844,45,1,130.73999999999998,4.0,1.0,1.0,base-paper quintile,,,
15845,17,11,4426.28,5.0,5.0,5.0,base-paper quintile,,,
15846,384,1,107.01,2.0,1.0,1.0,base-paper quintile,,,
15847,37,5,822.57,4.0,4.0,3.0,base-paper quintile,,,
15848,621,1,139.94,1.0,1.0,1.0,base-paper quintile,,,
15850,18,6,1058.72,5.0,4.0,3.0,base-paper quintile,,,
15851,526,1,109.73,1.0,1.0,1.0,base-paper quintile,,,
15852,186,3,257.26,3.0,3.0,1.0,base-paper quintile,,,
15853,51,1,110.8,4.0,1.0,1.0,base-paper quintile,,,
15854,3,21,5583.81,5.0,5.0,5.0,base-paper quintile,,,
15855,136,6,1052.72,3.0,4.0,3.0,base-paper quintile,,,
15856,3,52,34220.340000000004,5.0,5.0,5.0,base-paper quintile,,,
15857,18,2,570.48,5.0,2.0,2.0,base-paper quintile,,,
15858,15,13,3960.37,5.0,5.0,5.0,base-paper quintile,,,
15859,431,1,438.46,1.0,1.0,2.0,base-paper quintile,,,
15860,40,17,2505.21,4.0,5.0,4.0,base-paper quintile,,,
15861,11,12,4401.79,5.0,5.0,5.0,base-paper quintile,,,
15862,7,13,2928.29,5.0,5.0,4.0,base-paper quintile,,,
15863,25,5,358.7,4.0,4.0,2.0,base-paper quintile,,,
15864,21,7,2180.76,4.0,4.0,4.0,base-paper quintile,,,
15865,40,5,2248.92,4.0,4.0,4.0,base-paper quintile,,,
15866,100,1,230.53,3.0,1.0,1.0,base-paper quintile,,,
15867,4,31,9063.95,5.0,5.0,5.0,base-paper quintile,,,
15868,582,1,94.53,1.0,1.0,1.0,base-paper quintile,,,
15869,276,3,323.65999999999997,2.0,3.0,2.0,base-paper quintile,,,
15870,32,4,862.61,4.0,3.0,3.0,base-paper quintile,,,
15871,436,1,33.099999999999994,1.0,1.0,1.0,base-paper quintile,,,
15872,14,4,795.68,5.0,3.0,3.0,base-paper quintile,,,
15873,499,4,313.91999999999996,1.0,3.0,2.0,base-paper quintile,,,
15874,63,21,11284.76,3.0,5.0,5.0,base-paper quintile,,,
15875,645,1,111.72,1.0,1.0,1.0,base-paper quintile,,,
15876,408,2,1449.1399999999999,2.0,2.0,4.0,base-paper quintile,,,
15877,1,2,493.28,5.0,2.0,2.0,base-paper quintile,,,
15878,561,2,330.77,1.0,2.0,2.0,base-paper quintile,,,
15879,403,4,1157.3,2.0,3.0,3.0,base-paper quintile,,,
15880,368,1,686.5600000000001,2.0,1.0,3.0,base-paper quintile,,,
15881,311,5,501.39000000000004,2.0,4.0,2.0,base-paper quintile,,,
15882,198,8,1495.98,2.0,4.0,4.0,base-paper quintile,,,
15883,1,2,396.48,5.0,2.0,2.0,base-paper quintile,,,
15884,431,2,249.70000000000002,1.0,2.0,1.0,base-paper quintile,,,
15885,92,15,1951.82,3.0,5.0,4.0,base-paper quintile,,,
15886,59,4,1052.8700000000001,3.0,3.0,3.0,base-paper quintile,,,
15887,406,3,1027.15,2.0,3.0,3.0,base-paper quintile,,,
15888,80,3,429.16,3.0,3.0,2.0,base-paper quintile,,,
15889,156,8,1806.28,3.0,4.0,4.0,base-paper quintile,,,
15890,394,5,535.65,2.0,4.0,2.0,base-paper quintile,,,
15891,226,1,524.52,2.0,1.0,2.0,base-paper quintile,,,
15892,668,1,128.2,1.0,1.0,1.0,base-paper quintile,,,
15893,481,1,305.28000000000003,1.0,1.0,2.0,base-paper quintile,,,
15894,252,2,420.29,2.0,2.0,2.0,base-paper quintile,,,
15895,149,1,179.17,3.0,1.0,1.0,base-paper quintile,,,
15897,193,2,222.05,2.0,2.0,1.0,base-paper quintile,,,
15898,0,25,5596.31,5.0,5.0,5.0,base-paper quintile,,,
15899,368,1,112.5,2.0,1.0,1.0,base-paper quintile,,,
15900,23,4,900.4,4.0,3.0,3.0,base-paper quintile,,,
15901,16,7,703.22,5.0,4.0,3.0,base-paper quintile,,,
15902,379,1,145.01,2.0,1.0,1.0,base-paper quintile,,,
15903,9,12,8939.84,5.0,5.0,5.0,base-paper quintile,,,
15904,7,1,164.68,5.0,1.0,1.0,base-paper quintile,,,
15905,542,1,114.69,1.0,1.0,1.0,base-paper quintile,,,
15906,19,10,2555.64,4.0,5.0,4.0,base-paper quintile,,,
15907,3,3,967.45,5.0,3.0,3.0,base-paper quintile,,,
15908,490,2,764.57,1.0,2.0,3.0,base-paper quintile,,,
15909,173,1,191.94,3.0,1.0,1.0,base-paper quintile,,,
15910,0,15,2681.8,5.0,5.0,4.0,base-paper quintile,,,
15911,623,8,1702.34,1.0,4.0,4.0,base-paper quintile,,,
15912,177,9,1074.7,3.0,5.0,3.0,base-paper quintile,,,
15913,533,1,6.300000000000001,1.0,1.0,1.0,base-paper quintile,,,
15914,377,2,205.99,2.0,2.0,1.0,base-paper quintile,,,
15915,401,1,429.21,2.0,1.0,2.0,base-paper quintile,,,
15916,15,13,3427.17,5.0,5.0,5.0,base-paper quintile,,,
15917,247,5,560.63,2.0,4.0,2.0,base-paper quintile,,,
15918,190,3,582.88,2.0,3.0,2.0,base-paper quintile,,,
15919,19,2,910.61,4.0,2.0,3.0,base-paper quintile,,,
15920,153,9,571.64,3.0,5.0,2.0,base-paper quintile,,,
15921,172,4,802.11,3.0,3.0,3.0,base-paper quintile,,,
15922,372,1,739.0,2.0,1.0,3.0,base-paper quintile,,,
15923,372,1,254.16,2.0,1.0,1.0,base-paper quintile,,,
15924,730,1,102.82,1.0,1.0,1.0,base-paper quintile,,,
15925,193,1,207.15,2.0,1.0,1.0,base-paper quintile,,,
15926,541,1,134.44,1.0,1.0,1.0,base-paper quintile,,,
15927,646,1,123.39,1.0,1.0,1.0,base-paper quintile,,,
15928,655,1,293.53,1.0,1.0,2.0,base-paper quintile,,,
15929,643,1,594.0,1.0,1.0,2.0,base-paper quintile,,,
15930,66,1,426.63,3.0,1.0,2.0,base-paper quintile,,,
15931,427,1,239.9,1.0,1.0,1.0,base-paper quintile,,,
15932,3,8,2495.87,5.0,4.0,4.0,base-paper quintile,,,
15933,20,3,1107.46,4.0,3.0,3.0,base-paper quintile,,,
15934,417,2,2190.66,1.0,2.0,4.0,base-paper quintile,,,
15935,238,2,416.86,2.0,2.0,2.0,base-paper quintile,,,
15936,378,2,282.79,2.0,2.0,1.0,base-paper quintile,,,
15937,63,1,145.35,3.0,1.0,1.0,base-paper quintile,,,
15938,111,9,734.81,3.0,5.0,3.0,base-paper quintile,,,
15939,89,16,9060.39,3.0,5.0,5.0,base-paper quintile,,,
15940,310,1,35.8,2.0,1.0,1.0,base-paper quintile,,,
15941,636,1,405.0,1.0,1.0,2.0,base-paper quintile,,,
15942,133,1,337.44,3.0,1.0,2.0,base-paper quintile,,,
15943,649,2,271.28999999999996,1.0,2.0,1.0,base-paper quintile,,,
15944,276,4,2164.24,2.0,3.0,4.0,base-paper quintile,,,
15945,364,4,827.27,2.0,4.0,3.0,base-paper quintile,,,
15946,502,3,2304.18,1.0,3.0,4.0,base-paper quintile,,,
15947,82,1,1708.24,3.0,1.0,4.0,base-paper quintile,,,
15948,7,3,1509.0900000000001,5.0,3.0,4.0,base-paper quintile,,,
15949,16,2,364.72,5.0,2.0,2.0,base-paper quintile,,,
15950,31,10,7180.71,4.0,5.0,5.0,base-paper quintile,,,
15951,8,3,1013.17,5.0,3.0,3.0,base-paper quintile,,,
15952,33,4,806.57,4.0,4.0,3.0,base-paper quintile,,,
15953,14,18,3669.5499999999997,5.0,5.0,5.0,base-paper quintile,,,
15954,588,1,190.75,1.0,1.0,1.0,base-paper quintile,,,
15955,23,22,8658.36,4.0,5.0,5.0,base-paper quintile,,,
15956,550,2,617.6,1.0,2.0,2.0,base-paper quintile,,,
15957,31,3,930.1,4.0,3.0,3.0,base-paper quintile,,,
15958,73,4,492.99,3.0,4.0,2.0,base-paper quintile,,,
15959,681,3,579.49,1.0,3.0,2.0,base-paper quintile,,,
15960,373,4,410.95,2.0,4.0,2.0,base-paper quintile,,,
15961,378,1,451.28999999999996,2.0,1.0,2.0,base-paper quintile,,,
15962,448,1,295.83,1.0,1.0,2.0,base-paper quintile,,,
15963,19,2,470.76,4.0,2.0,2.0,base-paper quintile,,,
15964,662,1,272.96000000000004,1.0,1.0,1.0,base-paper quintile,,,
15965,16,13,3013.09,5.0,5.0,5.0,base-paper quintile,,,
15966,450,1,426.53000000000003,1.0,1.0,2.0,base-paper quintile,,,
15967,22,12,3041.6,4.0,5.0,5.0,base-paper quintile,,,
15968,387,1,418.05,2.0,1.0,2.0,base-paper quintile,,,
15969,2,5,1127.05,5.0,4.0,3.0,base-paper quintile,,,
15970,303,2,1017.32,2.0,2.0,3.0,base-paper quintile,,,
15971,17,18,5902.83,5.0,5.0,5.0,base-paper quintile,,,
15972,455,5,1810.27,1.0,4.0,4.0,base-paper quintile,,,
15973,366,3,988.44,2.0,3.0,3.0,base-paper quintile,,,
15974,38,7,3442.15,4.0,4.0,5.0,base-paper quintile,,,
15975,83,1,371.01,3.0,1.0,2.0,base-paper quintile,,,
15976,164,6,1746.6399999999999,3.0,4.0,4.0,base-paper quintile,,,
15977,16,2,1054.73,5.0,2.0,3.0,base-paper quintile,,,
15978,76,3,3279.42,3.0,3.0,5.0,base-paper quintile,,,
15979,602,1,329.22,1.0,1.0,2.0,base-paper quintile,,,
15980,88,7,6593.68,3.0,4.0,5.0,base-paper quintile,,,
15981,24,21,9362.77,4.0,5.0,5.0,base-paper quintile,,,
15982,604,1,324.51,1.0,1.0,2.0,base-paper quintile,,,
15983,21,8,3958.8199999999997,4.0,4.0,5.0,base-paper quintile,,,
15984,2,30,8759.32,5.0,5.0,5.0,base-paper quintile,,,
15985,122,7,2715.28,3.0,4.0,4.0,base-paper quintile,,,
15986,29,2,354.42,4.0,2.0,2.0,base-paper quintile,,,
15987,11,8,1682.13,5.0,4.0,4.0,base-paper quintile,,,
15988,18,3,770.09,5.0,3.0,3.0,base-paper quintile,,,
15989,375,2,372.51,2.0,2.0,2.0,base-paper quintile,,,
15990,43,7,2010.05,4.0,4.0,4.0,base-paper quintile,,,
15991,533,1,150.55,1.0,1.0,1.0,base-paper quintile,,,
15992,3,3,896.6,5.0,3.0,3.0,base-paper quintile,,,
15993,8,7,2797.57,5.0,4.0,4.0,base-paper quintile,,,
15994,54,3,1202.18,4.0,3.0,3.0,base-paper quintile,,,
15995,413,1,696.19,1.0,1.0,3.0,base-paper quintile,,,
15996,87,7,1686.9,3.0,4.0,4.0,base-paper quintile,,,
15998,36,16,8308.34,4.0,5.0,5.0,base-paper quintile,,,
15999,735,1,20.4,1.0,1.0,1.0,base-paper quintile,,,
16000,2,3,12393.7,5.0,3.0,5.0,base-paper quintile,,,
16001,380,1,583.39,2.0,1.0,2.0,base-paper quintile,,,
16002,624,1,169.21,1.0,1.0,1.0,base-paper quintile,,,
16003,29,10,5613.83,4.0,5.0,5.0,base-paper quintile,,,
16004,474,5,2146.39,1.0,4.0,4.0,base-paper quintile,,,
16005,11,10,2436.22,5.0,5.0,4.0,base-paper quintile,,,
16006,210,2,347.17,2.0,2.0,2.0,base-paper quintile,,,
16007,47,7,3075.14,4.0,4.0,5.0,base-paper quintile,,,
16008,23,15,5384.13,4.0,5.0,5.0,base-paper quintile,,,
16009,21,4,992.71,4.0,4.0,3.0,base-paper quintile,,,
16010,245,11,1724.06,2.0,5.0,4.0,base-paper quintile,,,
16011,7,29,5880.46,5.0,5.0,5.0,base-paper quintile,,,
16012,34,5,2989.79,4.0,4.0,5.0,base-paper quintile,,,
16013,3,84,57446.44,5.0,5.0,5.0,base-paper quintile,,,
16014,37,5,1130.27,4.0,4.0,3.0,base-paper quintile,,,
16015,3,3,705.39,5.0,3.0,3.0,base-paper quintile,,,
16016,2,11,2533.94,5.0,5.0,4.0,base-paper quintile,,,
16017,46,5,1553.83,4.0,4.0,4.0,base-paper quintile,,,
16018,38,4,698.13,4.0,4.0,3.0,base-paper quintile,,,
16019,46,27,17465.85,4.0,5.0,5.0,base-paper quintile,,,
16020,16,3,851.01,5.0,3.0,3.0,base-paper quintile,,,
16021,394,2,532.25,2.0,2.0,2.0,base-paper quintile,,,
16022,259,1,628.28,2.0,1.0,3.0,base-paper quintile,,,
16023,45,3,719.81,4.0,3.0,3.0,base-paper quintile,,,
16024,11,3,484.2,5.0,3.0,2.0,base-paper quintile,,,
16025,29,1,439.65999999999997,4.0,1.0,2.0,base-paper quintile,,,
16026,42,1,236.09,4.0,1.0,1.0,base-paper quintile,,,
16027,91,15,2048.36,3.0,5.0,4.0,base-paper quintile,,,
16028,595,1,82.2,1.0,1.0,1.0,base-paper quintile,,,
16029,38,107,122209.14,4.0,5.0,5.0,base-paper quintile,,,
16030,309,1,331.24,2.0,1.0,2.0,base-paper quintile,,,
16031,91,2,548.94,3.0,2.0,2.0,base-paper quintile,,,
16032,455,6,1970.45,1.0,4.0,4.0,base-paper quintile,,,
16033,5,27,10836.13,5.0,5.0,5.0,base-paper quintile,,,
16034,195,6,928.72,2.0,4.0,3.0,base-paper quintile,,,
16035,559,1,217.73,1.0,1.0,1.0,base-paper quintile,,,
16036,86,4,2556.84,3.0,4.0,4.0,base-paper quintile,,,
16037,269,5,1509.34,2.0,4.0,4.0,base-paper quintile,,,
16038,7,3,471.78000000000003,5.0,3.0,2.0,base-paper quintile,,,
16039,423,2,456.4,1.0,2.0,2.0,base-paper quintile,,,
16040,64,7,2416.9,3.0,4.0,4.0,base-paper quintile,,,
16041,30,3,3166.4,4.0,3.0,5.0,base-paper quintile,,,
16042,21,8,2265.12,4.0,4.0,4.0,base-paper quintile,,,
16043,37,8,1856.5900000000001,4.0,4.0,4.0,base-paper quintile,,,
16044,434,1,340.84000000000003,1.0,1.0,2.0,base-paper quintile,,,
16045,119,8,3434.9300000000003,3.0,4.0,5.0,base-paper quintile,,,
16046,561,1,235.78,1.0,1.0,1.0,base-paper quintile,,,
16047,681,1,107.14,1.0,1.0,1.0,base-paper quintile,,,
16048,372,4,1075.23,2.0,4.0,3.0,base-paper quintile,,,
16049,39,6,1899.68,4.0,4.0,4.0,base-paper quintile,,,
16050,173,3,300.7,3.0,3.0,2.0,base-paper quintile,,,
16051,681,1,188.44,1.0,1.0,1.0,base-paper quintile,,,
16052,53,1,362.06,4.0,1.0,2.0,base-paper quintile,,,
16053,32,6,3634.84,4.0,4.0,5.0,base-paper quintile,,,
16054,144,4,2111.88,3.0,4.0,4.0,base-paper quintile,,,
16055,220,1,134.8,2.0,1.0,1.0,base-paper quintile,,,
16056,44,1,664.85,4.0,1.0,3.0,base-paper quintile,,,
16057,15,10,3854.85,5.0,5.0,5.0,base-paper quintile,,,
16058,405,1,62.7,2.0,1.0,1.0,base-paper quintile,,,
16059,65,12,3217.77,3.0,5.0,5.0,base-paper quintile,,,
16060,400,3,541.95,2.0,3.0,2.0,base-paper quintile,,,
16061,430,1,89.65,1.0,1.0,1.0,base-paper quintile,,,
16062,9,8,2863.45,5.0,4.0,4.0,base-paper quintile,,,
16063,259,1,335.32,2.0,1.0,2.0,base-paper quintile,,,
16064,724,1,111.0,1.0,1.0,1.0,base-paper quintile,,,
16065,364,8,2382.62,2.0,5.0,4.0,base-paper quintile,,,
16066,16,5,1521.87,5.0,4.0,4.0,base-paper quintile,,,
16067,562,3,3395.29,1.0,3.0,5.0,base-paper quintile,,,
16068,593,1,122.93,1.0,1.0,1.0,base-paper quintile,,,
16069,417,1,457.7,1.0,1.0,2.0,base-paper quintile,,,
16070,21,2,852.15,4.0,2.0,3.0,base-paper quintile,,,
16071,44,4,1076.8,4.0,4.0,3.0,base-paper quintile,,,
16072,287,4,4328.89,2.0,4.0,5.0,base-paper quintile,,,
16073,296,1,122.39999999999999,2.0,1.0,1.0,base-paper quintile,,,
16074,389,1,265.25,2.0,1.0,1.0,base-paper quintile,,,
16075,502,2,736.9300000000001,1.0,2.0,3.0,base-paper quintile,,,
16076,2,10,2234.73,5.0,5.0,4.0,base-paper quintile,,,
16077,625,1,2300.4,1.0,1.0,4.0,base-paper quintile,,,
16078,283,2,362.99,2.0,2.0,2.0,base-paper quintile,,,
16079,16,3,1352.0,5.0,3.0,4.0,base-paper quintile,,,
16080,81,4,602.5600000000001,3.0,4.0,2.0,base-paper quintile,,,
16081,55,8,4460.18,4.0,5.0,5.0,base-paper quintile,,,
16082,669,1,106.75,1.0,1.0,1.0,base-paper quintile,,,
16083,100,4,2351.42,3.0,4.0,4.0,base-paper quintile,,,
16084,298,1,436.18,2.0,1.0,2.0,base-paper quintile,,,
16085,22,12,2343.53,4.0,5.0,4.0,base-paper quintile,,,
16086,58,10,2864.9900000000002,3.0,5.0,4.0,base-paper quintile,,,
16087,388,5,1739.92,2.0,4.0,4.0,base-paper quintile,,,
16088,575,2,1437.43,1.0,2.0,4.0,base-paper quintile,,,
16089,385,2,271.44,2.0,2.0,1.0,base-paper quintile,,,
16090,623,1,205.91,1.0,1.0,1.0,base-paper quintile,,,
16091,154,2,315.06,3.0,2.0,2.0,base-paper quintile,,,
16092,114,6,1587.94,3.0,4.0,4.0,base-paper quintile,,,
16093,106,1,17.0,3.0,1.0,1.0,base-paper quintile,,,
16094,11,11,3695.56,5.0,5.0,5.0,base-paper quintile,,,
16095,455,1,447.05,1.0,1.0,2.0,base-paper quintile,,,
16096,263,4,1584.97,2.0,4.0,4.0,base-paper quintile,,,
16097,239,1,185.04999999999998,2.0,1.0,1.0,base-paper quintile,,,
16098,87,14,4448.1,3.0,5.0,5.0,base-paper quintile,,,
16099,49,7,1573.2,4.0,4.0,4.0,base-paper quintile,,,
16100,462,1,582.64,1.0,1.0,2.0,base-paper quintile,,,
16101,70,4,3229.16,3.0,4.0,5.0,base-paper quintile,,,
16102,41,3,1842.14,4.0,3.0,4.0,base-paper quintile,,,
16103,6,22,6191.71,5.0,5.0,5.0,base-paper quintile,,,
16104,61,9,2778.61,3.0,5.0,4.0,base-paper quintile,,,
16105,248,5,2386.19,2.0,4.0,4.0,base-paper quintile,,,
16106,65,1,108.38,3.0,1.0,1.0,base-paper quintile,,,
16107,17,7,3204.1600000000003,5.0,4.0,5.0,base-paper quintile,,,
16108,84,4,2235.92,3.0,4.0,4.0,base-paper quintile,,,
16109,218,3,939.48,2.0,3.0,3.0,base-paper quintile,,,
16110,44,4,1819.27,4.0,4.0,4.0,base-paper quintile,,,
16111,427,1,562.48,1.0,1.0,2.0,base-paper quintile,,,
16112,142,4,195.73999999999998,3.0,4.0,1.0,base-paper quintile,,,
16113,182,1,161.38,3.0,1.0,1.0,base-paper quintile,,,
16114,170,1,135.75000000000003,3.0,1.0,1.0,base-paper quintile,,,
16115,9,12,2575.14,5.0,5.0,4.0,base-paper quintile,,,
16116,211,1,612.78,2.0,1.0,2.0,base-paper quintile,,,
16117,189,3,654.4,2.0,3.0,3.0,base-paper quintile,,,
16118,652,1,4376.25,1.0,1.0,5.0,base-paper quintile,,,
16119,7,8,1720.81,5.0,5.0,4.0,base-paper quintile,,,
16120,58,6,3056.91,3.0,4.0,5.0,base-paper quintile,,,
16121,56,5,1477.09,4.0,4.0,4.0,base-paper quintile,,,
16122,72,6,1001.34,3.0,4.0,3.0,base-paper quintile,,,
16123,51,1,307.78,4.0,1.0,2.0,base-paper quintile,,,
16124,316,4,1772.49,2.0,4.0,4.0,base-paper quintile,,,
16125,366,14,4587.65,2.0,5.0,5.0,base-paper quintile,,,
16126,28,15,14646.800000000001,4.0,5.0,5.0,base-paper quintile,,,
16127,38,2,801.31,4.0,2.0,3.0,base-paper quintile,,,
16128,17,11,3801.05,5.0,5.0,5.0,base-paper quintile,,,
16129,406,3,1396.05,2.0,3.0,4.0,base-paper quintile,,,
16130,421,4,987.48,1.0,4.0,3.0,base-paper quintile,,,
16131,51,12,9957.42,4.0,5.0,5.0,base-paper quintile,,,
16132,543,2,664.1999999999999,1.0,2.0,3.0,base-paper quintile,,,
16133,3,56,22992.260000000002,5.0,5.0,5.0,base-paper quintile,,,
16134,21,5,2145.34,4.0,4.0,4.0,base-paper quintile,,,
16135,262,2,819.45,2.0,2.0,3.0,base-paper quintile,,,
16136,59,4,946.8,3.0,4.0,3.0,base-paper quintile,,,
16137,679,1,422.7,1.0,1.0,2.0,base-paper quintile,,,
16138,378,3,910.35,2.0,3.0,3.0,base-paper quintile,,,
16139,18,5,1111.15,5.0,4.0,3.0,base-paper quintile,,,
16140,65,3,1557.6000000000001,3.0,3.0,4.0,base-paper quintile,,,
16141,87,2,955.94,3.0,2.0,3.0,base-paper quintile,,,
16142,249,1,535.34,2.0,1.0,2.0,base-paper quintile,,,
16143,2,12,4910.83,5.0,5.0,5.0,base-paper quintile,,,
16144,246,1,175.2,2.0,1.0,1.0,base-paper quintile,,,
16145,8,19,6805.4400000000005,5.0,5.0,5.0,base-paper quintile,,,
16146,156,4,946.38,3.0,4.0,3.0,base-paper quintile,,,
16147,133,5,2398.91,3.0,4.0,4.0,base-paper quintile,,,
16148,295,2,386.62,2.0,2.0,2.0,base-paper quintile,,,
16149,4,3,422.22,5.0,3.0,2.0,base-paper quintile,,,
16150,42,10,4395.59,4.0,5.0,5.0,base-paper quintile,,,
16152,268,1,1829.04,2.0,1.0,4.0,base-paper quintile,,,
16153,49,11,5133.49,4.0,5.0,5.0,base-paper quintile,,,
16155,381,5,796.9,2.0,4.0,3.0,base-paper quintile,,,
16156,8,20,6218.18,5.0,5.0,5.0,base-paper quintile,,,
16157,15,3,656.69,5.0,3.0,3.0,base-paper quintile,,,
16158,521,9,628.32,1.0,5.0,3.0,base-paper quintile,,,
16159,281,4,1232.79,2.0,4.0,3.0,base-paper quintile,,,
16160,64,2,1025.44,3.0,2.0,3.0,base-paper quintile,,,
16161,1,43,12831.8,5.0,5.0,5.0,base-paper quintile,,,
16162,251,1,37.4,2.0,1.0,1.0,base-paper quintile,,,
16163,231,6,2849.58,2.0,4.0,4.0,base-paper quintile,,,
16164,16,3,822.48,5.0,3.0,3.0,base-paper quintile,,,
16165,504,1,79.9,1.0,1.0,1.0,base-paper quintile,,,
16166,427,2,435.83,1.0,2.0,2.0,base-paper quintile,,,
16167,413,5,1386.1200000000001,1.0,4.0,4.0,base-paper quintile,,,
16168,10,66,10636.47,5.0,5.0,5.0,base-paper quintile,,,
16169,7,4,1822.97,5.0,4.0,4.0,base-paper quintile,,,
16170,50,20,6869.0,4.0,5.0,5.0,base-paper quintile,,,
16171,58,1,73.2,3.0,1.0,1.0,base-paper quintile,,,
16172,94,8,1884.55,3.0,5.0,4.0,base-paper quintile,,,
16173,15,6,1418.32,5.0,4.0,4.0,base-paper quintile,,,
16174,125,7,2246.75,3.0,4.0,4.0,base-paper quintile,,,
16175,93,7,1836.44,3.0,4.0,4.0,base-paper quintile,,,
16176,420,4,2052.69,1.0,4.0,4.0,base-paper quintile,,,
16177,49,8,2247.31,4.0,5.0,4.0,base-paper quintile,,,
16178,137,2,612.6,3.0,2.0,2.0,base-paper quintile,,,
16179,60,1,215.83,3.0,1.0,1.0,base-paper quintile,,,
16180,99,13,16249.87,3.0,5.0,5.0,base-paper quintile,,,
16181,72,1,305.54,3.0,1.0,2.0,base-paper quintile,,,
16182,71,9,9971.65,3.0,5.0,5.0,base-paper quintile,,,
16183,66,4,1077.81,3.0,4.0,3.0,base-paper quintile,,,
16184,63,6,1158.79,3.0,4.0,3.0,base-paper quintile,,,
16185,16,3,644.72,5.0,3.0,3.0,base-paper quintile,,,
16186,22,26,9026.11,4.0,5.0,5.0,base-paper quintile,,,
16187,31,15,6911.4400000000005,4.0,5.0,5.0,base-paper quintile,,,
16188,44,5,1087.66,4.0,4.0,3.0,base-paper quintile,,,
16189,15,2,215.48,5.0,2.0,1.0,base-paper quintile,,,
16190,39,8,2723.55,4.0,5.0,4.0,base-paper quintile,,,
16191,2,24,15688.02,5.0,5.0,5.0,base-paper quintile,,,
16192,735,1,351.3,1.0,1.0,2.0,base-paper quintile,,,
16193,236,2,630.43,2.0,2.0,3.0,base-paper quintile,,,
16194,374,1,308.59999999999997,2.0,1.0,2.0,base-paper quintile,,,
16195,722,1,323.25,1.0,1.0,2.0,base-paper quintile,,,
16196,488,1,93.3,1.0,1.0,1.0,base-paper quintile,,,
16197,468,9,2016.71,1.0,5.0,4.0,base-paper quintile,,,
16198,74,2,1030.0410000000002,3.0,2.0,3.0,base-paper quintile,,,
16199,391,7,942.75,2.0,4.0,3.0,base-paper quintile,,,
16200,3,12,5643.45,5.0,5.0,5.0,base-paper quintile,,,
16201,2,5,2112.12,5.0,4.0,4.0,base-paper quintile,,,
16202,360,9,2501.9900000000002,2.0,5.0,4.0,base-paper quintile,,,
16203,58,6,1114.54,3.0,4.0,3.0,base-paper quintile,,,
16204,22,3,944.24,4.0,3.0,3.0,base-paper quintile,,,
16205,30,7,1830.61,4.0,4.0,4.0,base-paper quintile,,,
16206,54,13,2602.32,4.0,5.0,4.0,base-paper quintile,,,
16207,24,1,394.38,4.0,1.0,2.0,base-paper quintile,,,
16208,44,10,3440.45,4.0,5.0,5.0,base-paper quintile,,,
16209,88,9,4146.78,3.0,5.0,5.0,base-paper quintile,,,
16210,1,35,38489.51,5.0,5.0,5.0,base-paper quintile,,,
16211,88,3,1090.59,3.0,3.0,3.0,base-paper quintile,,,
16212,18,4,1293.71,5.0,4.0,4.0,base-paper quintile,,,
16213,78,1,159.0,3.0,1.0,1.0,base-paper quintile,,,
16214,170,4,2038.25,3.0,4.0,4.0,base-paper quintile,,,
16215,80,1,242.35,3.0,1.0,1.0,base-paper quintile,,,
16216,266,1,914.9300000000001,2.0,1.0,3.0,base-paper quintile,,,
16217,234,2,304.25,2.0,2.0,2.0,base-paper quintile,,,
16218,29,13,4439.97,4.0,5.0,5.0,base-paper quintile,,,
16219,500,1,40.8,1.0,1.0,1.0,base-paper quintile,,,
16221,36,9,2235.5099999999998,4.0,5.0,4.0,base-paper quintile,,,
16222,317,2,1345.22,2.0,2.0,4.0,base-paper quintile,,,
16223,374,2,1102.3500000000001,2.0,2.0,3.0,base-paper quintile,,,
16224,56,5,1616.54,4.0,4.0,4.0,base-paper quintile,,,
16225,44,15,2867.4100000000003,4.0,5.0,4.0,base-paper quintile,,,
16226,202,5,672.1700000000001,2.0,4.0,3.0,base-paper quintile,,,
16227,224,3,1027.22,2.0,3.0,3.0,base-paper quintile,,,
16228,384,3,890.8100000000001,2.0,3.0,3.0,base-paper quintile,,,
16229,86,6,2867.86,3.0,4.0,4.0,base-paper quintile,,,
16230,189,2,542.03,2.0,2.0,2.0,base-paper quintile,,,
16231,378,4,1078.22,2.0,4.0,3.0,base-paper quintile,,,
16232,43,7,2712.97,4.0,4.0,4.0,base-paper quintile,,,
16233,70,9,1965.71,3.0,5.0,4.0,base-paper quintile,,,
16234,475,3,333.18,1.0,3.0,2.0,base-paper quintile,,,
16235,40,9,2053.71,4.0,5.0,4.0,base-paper quintile,,,
16236,77,1,432.2,3.0,1.0,2.0,base-paper quintile,,,
16237,436,1,136.65,1.0,1.0,1.0,base-paper quintile,,,
16238,422,1,63.66,1.0,1.0,1.0,base-paper quintile,,,
16239,56,6,1492.2,4.0,4.0,4.0,base-paper quintile,,,
16240,23,2,3718.8,4.0,2.0,5.0,base-paper quintile,,,
16241,9,16,4329.31,5.0,5.0,5.0,base-paper quintile,,,
16242,7,14,7474.4,5.0,5.0,5.0,base-paper quintile,,,
16243,33,2,409.1,4.0,2.0,2.0,base-paper quintile,,,
16244,211,2,2579.38,2.0,2.0,4.0,base-paper quintile,,,
16245,23,3,1413.66,4.0,3.0,4.0,base-paper quintile,,,
16246,459,2,827.25,1.0,2.0,3.0,base-paper quintile,,,
16247,169,1,114.56,3.0,1.0,1.0,base-paper quintile,,,
16248,61,1,152.94,3.0,1.0,1.0,base-paper quintile,,,
16249,52,5,1800.07,4.0,4.0,4.0,base-paper quintile,,,
16250,260,3,791.38,2.0,3.0,3.0,base-paper quintile,,,
16251,511,1,128.31,1.0,1.0,1.0,base-paper quintile,,,
16252,382,1,295.09000000000003,2.0,1.0,2.0,base-paper quintile,,,
16253,66,7,7310.15,3.0,4.0,5.0,base-paper quintile,,,
16254,377,3,985.14,2.0,3.0,3.0,base-paper quintile,,,
16255,16,15,4906.8,5.0,5.0,5.0,base-paper quintile,,,
16256,266,3,1629.37,2.0,3.0,4.0,base-paper quintile,,,
16257,176,1,46.95,3.0,1.0,1.0,base-paper quintile,,,
16258,44,15,11942.52,4.0,5.0,5.0,base-paper quintile,,,
16259,409,3,361.94,2.0,3.0,2.0,base-paper quintile,,,
16260,50,1,1035.45,4.0,1.0,3.0,base-paper quintile,,,
16261,16,6,1059.45,5.0,4.0,3.0,base-paper quintile,,,
16262,377,1,755.15,2.0,1.0,3.0,base-paper quintile,,,
16263,422,1,351.01,1.0,1.0,2.0,base-paper quintile,,,
16264,437,2,837.53,1.0,2.0,3.0,base-paper quintile,,,
16265,8,12,6935.17,5.0,5.0,5.0,base-paper quintile,,,
16266,73,14,1757.95,3.0,5.0,4.0,base-paper quintile,,,
16267,590,1,186.66,1.0,1.0,1.0,base-paper quintile,,,
16268,70,2,667.65,3.0,2.0,3.0,base-paper quintile,,,
16269,437,1,717.57,1.0,1.0,3.0,base-paper quintile,,,
16270,352,1,1141.24,2.0,1.0,3.0,base-paper quintile,,,
16271,2,10,3463.02,5.0,5.0,5.0,base-paper quintile,,,
16272,116,1,411.7,3.0,1.0,2.0,base-paper quintile,,,
16273,647,2,336.03999999999996,1.0,2.0,2.0,base-paper quintile,,,
16274,372,1,715.9,2.0,1.0,3.0,base-paper quintile,,,
16275,196,3,2151.11,2.0,3.0,4.0,base-paper quintile,,,
16276,176,3,2629.3900000000003,3.0,3.0,4.0,base-paper quintile,,,
16277,733,1,188.69,1.0,1.0,1.0,base-paper quintile,,,
16278,99,3,1117.84,3.0,3.0,3.0,base-paper quintile,,,
16279,20,9,5705.08,4.0,5.0,5.0,base-paper quintile,,,
16280,724,1,238.05,1.0,1.0,1.0,base-paper quintile,,,
16281,71,3,3424.02,3.0,3.0,5.0,base-paper quintile,,,
16282,339,3,1307.58,2.0,3.0,4.0,base-paper quintile,,,
16283,5,8,4403.82,5.0,5.0,5.0,base-paper quintile,,,
16284,30,3,1029.77,4.0,3.0,3.0,base-paper quintile,,,
16285,645,1,176.9,1.0,1.0,1.0,base-paper quintile,,,
16286,476,2,328.95,1.0,2.0,2.0,base-paper quintile,,,
16287,169,5,1006.98,3.0,4.0,3.0,base-paper quintile,,,
16288,469,1,129.85,1.0,1.0,1.0,base-paper quintile,,,
16289,461,1,136.31,1.0,1.0,1.0,base-paper quintile,,,
16290,464,4,2069.3,1.0,4.0,4.0,base-paper quintile,,,
16291,681,1,117.72,1.0,1.0,1.0,base-paper quintile,,,
16292,121,5,1253.76,3.0,4.0,4.0,base-paper quintile,,,
16293,21,15,4657.95,4.0,5.0,5.0,base-paper quintile,,,
16294,476,1,126.05000000000001,1.0,1.0,1.0,base-paper quintile,,,
16295,9,4,1328.55,5.0,4.0,4.0,base-paper quintile,,,
16296,625,4,1313.67,1.0,4.0,4.0,base-paper quintile,,,
16297,268,1,301.9,2.0,1.0,2.0,base-paper quintile,,,
16298,22,7,1085.7,4.0,4.0,3.0,base-paper quintile,,,
16299,476,1,193.65,1.0,1.0,1.0,base-paper quintile,,,
16300,429,3,1392.43,1.0,3.0,4.0,base-paper quintile,,,
16301,736,1,107.33,1.0,1.0,1.0,base-paper quintile,,,
16302,126,1,233.22,3.0,1.0,1.0,base-paper quintile,,,
16303,25,7,7928.27,4.0,4.0,5.0,base-paper quintile,,,
16304,694,1,381.66,1.0,1.0,2.0,base-paper quintile,,,
16305,138,1,361.21999999999997,3.0,1.0,2.0,base-paper quintile,,,
16306,213,7,1192.82,2.0,4.0,3.0,base-paper quintile,,,
16307,428,3,1194.92,1.0,3.0,3.0,base-paper quintile,,,
16308,37,7,5120.0,4.0,4.0,5.0,base-paper quintile,,,
16309,105,2,706.57,3.0,2.0,3.0,base-paper quintile,,,
16310,413,2,460.08,1.0,2.0,2.0,base-paper quintile,,,
16311,17,2,616.26,5.0,2.0,2.0,base-paper quintile,,,
16312,431,1,171.15,1.0,1.0,1.0,base-paper quintile,,,
16313,2,2,274.15000000000003,5.0,2.0,1.0,base-paper quintile,,,
16314,389,3,1491.4,2.0,3.0,4.0,base-paper quintile,,,
16315,330,2,402.71,2.0,2.0,2.0,base-paper quintile,,,
16316,63,13,5744.91,3.0,5.0,5.0,base-paper quintile,,,
16317,119,5,2192.51,3.0,4.0,4.0,base-paper quintile,,,
16318,34,1,328.15,4.0,1.0,2.0,base-paper quintile,,,
16319,217,1,404.40000000000003,2.0,1.0,2.0,base-paper quintile,,,
16320,171,6,5628.99,3.0,4.0,5.0,base-paper quintile,,,
16321,71,7,604.5500000000001,3.0,4.0,2.0,base-paper quintile,,,
16322,0,2,326.75,5.0,2.0,2.0,base-paper quintile,,,
16323,195,2,353.66,2.0,2.0,2.0,base-paper quintile,,,
16324,127,3,428.68,3.0,3.0,2.0,base-paper quintile,,,
16325,46,12,3597.5,4.0,5.0,5.0,base-paper quintile,,,
16326,5,24,4826.99,5.0,5.0,5.0,base-paper quintile,,,
16327,13,16,10731.34,5.0,5.0,5.0,base-paper quintile,,,
16328,562,1,310.83,1.0,1.0,2.0,base-paper quintile,,,
16329,427,4,1703.07,1.0,4.0,4.0,base-paper quintile,,,
16330,17,7,634.33,5.0,4.0,3.0,base-paper quintile,,,
16331,431,6,2037.7,1.0,4.0,4.0,base-paper quintile,,,
16332,27,11,2010.41,4.0,5.0,4.0,base-paper quintile,,,
16333,7,22,26626.8,5.0,5.0,5.0,base-paper quintile,,,
16334,491,1,277.48,1.0,1.0,1.0,base-paper quintile,,,
16335,551,7,2774.0,1.0,4.0,4.0,base-paper quintile,,,
16336,420,4,3517.69,1.0,4.0,5.0,base-paper quintile,,,
16337,36,1,151.05,4.0,1.0,1.0,base-paper quintile,,,
16338,156,1,214.79999999999998,3.0,1.0,1.0,base-paper quintile,,,
16339,283,1,109.95,2.0,1.0,1.0,base-paper quintile,,,
16340,106,3,1526.06,3.0,3.0,4.0,base-paper quintile,,,
16341,24,7,3850.79,4.0,4.0,5.0,base-paper quintile,,,
16342,74,4,322.41,3.0,4.0,2.0,base-paper quintile,,,
16343,15,3,687.0699999999999,5.0,3.0,3.0,base-paper quintile,,,
16344,157,4,842.42,3.0,4.0,3.0,base-paper quintile,,,
16345,43,2,1198.74,4.0,2.0,3.0,base-paper quintile,,,
16346,384,1,224.51,2.0,1.0,1.0,base-paper quintile,,,
16347,10,11,3509.41,5.0,5.0,5.0,base-paper quintile,,,
16348,31,8,1798.22,4.0,5.0,4.0,base-paper quintile,,,
16349,290,1,53.5,2.0,1.0,1.0,base-paper quintile,,,
16350,20,9,2253.89,4.0,5.0,4.0,base-paper quintile,,,
16351,332,13,3330.0299999999997,2.0,5.0,5.0,base-paper quintile,,,
16352,17,2,494.44,5.0,2.0,2.0,base-paper quintile,,,
16353,3,38,9999.460000000001,5.0,5.0,5.0,base-paper quintile,,,
16354,62,5,1129.51,3.0,4.0,3.0,base-paper quintile,,,
16355,374,1,416.35,2.0,1.0,2.0,base-paper quintile,,,
16356,197,6,415.87,2.0,4.0,2.0,base-paper quintile,,,
16357,32,4,868.37,4.0,4.0,3.0,base-paper quintile,,,
16358,0,5,2919.65,5.0,4.0,4.0,base-paper quintile,,,
16359,6,16,2697.75,5.0,5.0,4.0,base-paper quintile,,,
16360,4,6,3512.53,5.0,4.0,5.0,base-paper quintile,,,
16361,9,4,896.66,5.0,4.0,3.0,base-paper quintile,,,
16362,31,6,946.94,4.0,4.0,3.0,base-paper quintile,,,
16363,52,1,109.36000000000001,4.0,1.0,1.0,base-paper quintile,,,
16364,11,2,707.04,5.0,2.0,3.0,base-paper quintile,,,
16365,17,15,3307.2,5.0,5.0,5.0,base-paper quintile,,,
16366,18,4,1548.1299999999999,5.0,4.0,4.0,base-paper quintile,,,
16367,36,3,1362.4,4.0,3.0,4.0,base-paper quintile,,,
16368,1,3,640.21,5.0,3.0,3.0,base-paper quintile,,,
16369,17,7,2664.81,5.0,4.0,4.0,base-paper quintile,,,
16370,81,4,1320.56,3.0,4.0,4.0,base-paper quintile,,,
16371,448,1,157.2,1.0,1.0,1.0,base-paper quintile,,,
16372,32,5,1328.61,4.0,4.0,4.0,base-paper quintile,,,
16373,381,2,309.49,2.0,2.0,2.0,base-paper quintile,,,
16374,65,5,1771.45,3.0,4.0,4.0,base-paper quintile,,,
16375,469,2,104.0,1.0,2.0,1.0,base-paper quintile,,,
16376,8,2,987.01,5.0,2.0,3.0,base-paper quintile,,,
16377,266,2,1308.48,2.0,2.0,4.0,base-paper quintile,,,
16378,246,3,362.95,2.0,3.0,2.0,base-paper quintile,,,
16379,3,4,2157.4,5.0,4.0,4.0,base-paper quintile,,,
16380,60,1,1780.59,3.0,1.0,4.0,base-paper quintile,,,
16381,395,2,258.7,2.0,2.0,1.0,base-paper quintile,,,
16382,407,2,353.1,2.0,2.0,2.0,base-paper quintile,,,
16383,74,7,2974.84,3.0,4.0,5.0,base-paper quintile,,,
16384,89,4,1358.95,3.0,4.0,4.0,base-paper quintile,,,
16385,59,5,1030.61,3.0,4.0,3.0,base-paper quintile,,,
16386,28,3,1102.59,4.0,3.0,3.0,base-paper quintile,,,
16387,322,5,918.55,2.0,4.0,3.0,base-paper quintile,,,
16388,653,1,186.05,1.0,1.0,1.0,base-paper quintile,,,
16389,52,4,1382.07,4.0,4.0,4.0,base-paper quintile,,,
16390,536,3,467.5,1.0,3.0,2.0,base-paper quintile,,,
16391,400,4,1103.61,2.0,4.0,3.0,base-paper quintile,,,
16392,269,3,763.05,2.0,3.0,3.0,base-paper quintile,,,
16393,1,23,5561.66,5.0,5.0,5.0,base-paper quintile,,,
16394,56,5,1555.34,4.0,4.0,4.0,base-paper quintile,,,
16395,60,14,3537.85,3.0,5.0,5.0,base-paper quintile,,,
16396,475,1,137.8,1.0,1.0,1.0,base-paper quintile,,,
16397,627,1,127.88,1.0,1.0,1.0,base-paper quintile,,,
16398,153,2,1705.8,3.0,2.0,4.0,base-paper quintile,,,
16399,18,3,641.82,5.0,3.0,3.0,base-paper quintile,,,
16400,94,9,3159.44,3.0,5.0,5.0,base-paper quintile,,,
16401,0,23,6849.15,5.0,5.0,5.0,base-paper quintile,,,
16402,264,2,511.4,2.0,2.0,2.0,base-paper quintile,,,
16403,311,1,177.5,2.0,1.0,1.0,base-paper quintile,,,
16404,69,1,443.05,3.0,1.0,2.0,base-paper quintile,,,
16405,301,2,167.25,2.0,2.0,1.0,base-paper quintile,,,
16406,18,3,552.68,5.0,3.0,2.0,base-paper quintile,,,
16407,12,14,2821.65,5.0,5.0,4.0,base-paper quintile,,,
16408,590,1,231.93,1.0,1.0,1.0,base-paper quintile,,,
16409,35,12,5709.04,4.0,5.0,5.0,base-paper quintile,,,
16410,733,1,130.32,1.0,1.0,1.0,base-paper quintile,,,
16411,18,4,910.1899999999999,5.0,4.0,3.0,base-paper quintile,,,
16412,53,5,647.23,4.0,4.0,3.0,base-paper quintile,,,
16413,56,2,528.98,4.0,2.0,2.0,base-paper quintile,,,
16414,21,5,559.71,4.0,4.0,2.0,base-paper quintile,,,
16415,43,3,719.44,4.0,3.0,3.0,base-paper quintile,,,
16416,26,9,2972.88,4.0,5.0,5.0,base-paper quintile,,,
16417,492,1,35.7,1.0,1.0,1.0,base-paper quintile,,,
16418,44,5,1101.94,4.0,4.0,3.0,base-paper quintile,,,
16419,112,8,1487.42,3.0,5.0,4.0,base-paper quintile,,,
16420,395,1,75.0,2.0,1.0,1.0,base-paper quintile,,,
16421,375,3,526.27,2.0,3.0,2.0,base-paper quintile,,,
16422,16,109,63651.47,5.0,5.0,5.0,base-paper quintile,,,
16423,24,1,346.12,4.0,1.0,2.0,base-paper quintile,,,
16424,190,2,443.06,2.0,2.0,2.0,base-paper quintile,,,
16425,301,1,302.7,2.0,1.0,2.0,base-paper quintile,,,
16426,1,10,1908.25,5.0,5.0,4.0,base-paper quintile,,,
16427,262,2,241.06,2.0,2.0,1.0,base-paper quintile,,,
16428,413,3,660.28,1.0,3.0,3.0,base-paper quintile,,,
16429,105,1,284.55,3.0,1.0,1.0,base-paper quintile,,,
16430,56,7,1117.94,4.0,4.0,3.0,base-paper quintile,,,
16431,212,3,642.81,2.0,3.0,3.0,base-paper quintile,,,
16432,63,1,287.4,3.0,1.0,1.0,base-paper quintile,,,
16433,27,2,384.52,4.0,2.0,2.0,base-paper quintile,,,
16434,28,12,2741.74,4.0,5.0,4.0,base-paper quintile,,,
16435,511,3,1011.5699999999999,1.0,3.0,3.0,base-paper quintile,,,
16436,667,3,329.34,1.0,3.0,2.0,base-paper quintile,,,
16437,380,2,301.25,2.0,2.0,2.0,base-paper quintile,,,
16438,5,5,798.35,5.0,4.0,3.0,base-paper quintile,,,
16439,721,1,310.70000000000005,1.0,1.0,2.0,base-paper quintile,,,
16440,7,6,3856.9700000000003,5.0,4.0,5.0,base-paper quintile,,,
16441,66,5,1034.43,3.0,4.0,3.0,base-paper quintile,,,
16442,1,5,899.47,5.0,4.0,3.0,base-paper quintile,,,
16443,520,1,162.24,1.0,1.0,1.0,base-paper quintile,,,
16444,45,17,3656.58,4.0,5.0,5.0,base-paper quintile,,,
16445,33,4,602.73,4.0,4.0,2.0,base-paper quintile,,,
16446,0,2,168472.5,5.0,2.0,5.0,base-paper quintile,,,
16447,135,3,775.14,3.0,3.0,3.0,base-paper quintile,,,
16448,197,2,367.87,2.0,2.0,2.0,base-paper quintile,,,
16449,197,2,707.69,2.0,2.0,3.0,base-paper quintile,,,
16450,149,3,1505.73,3.0,3.0,4.0,base-paper quintile,,,
16451,87,3,1013.15,3.0,3.0,3.0,base-paper quintile,,,
16452,630,2,332.17,1.0,2.0,2.0,base-paper quintile,,,
16453,530,2,251.71,1.0,2.0,1.0,base-paper quintile,,,
16454,44,4,30.950000000000003,4.0,4.0,1.0,base-paper quintile,,,
16455,63,11,4384.37,3.0,5.0,5.0,base-paper quintile,,,
16456,98,13,6862.91,3.0,5.0,5.0,base-paper quintile,,,
16457,217,1,208.36,2.0,1.0,1.0,base-paper quintile,,,
16458,2,30,5715.34,5.0,5.0,5.0,base-paper quintile,,,
16459,729,1,71.78999999999999,1.0,1.0,1.0,base-paper quintile,,,
16460,27,3,814.72,4.0,3.0,3.0,base-paper quintile,,,
16461,177,3,1615.22,3.0,3.0,4.0,base-paper quintile,,,
16462,73,3,136.0,3.0,3.0,1.0,base-paper quintile,,,
16463,20,4,1422.4,4.0,4.0,4.0,base-paper quintile,,,
16464,19,3,1314.68,4.0,3.0,4.0,base-paper quintile,,,
16465,420,2,746.24,1.0,2.0,3.0,base-paper quintile,,,
16466,33,15,3838.59,4.0,5.0,5.0,base-paper quintile,,,
16467,508,7,2869.16,1.0,4.0,4.0,base-paper quintile,,,
16468,73,3,787.52,3.0,3.0,3.0,base-paper quintile,,,
16469,23,5,828.91,4.0,4.0,3.0,base-paper quintile,,,
16470,51,11,2458.6,4.0,5.0,4.0,base-paper quintile,,,
16471,274,4,1189.98,2.0,4.0,3.0,base-paper quintile,,,
16472,433,2,789.6,1.0,2.0,3.0,base-paper quintile,,,
16473,164,4,470.83,3.0,4.0,2.0,base-paper quintile,,,
16474,6,7,1871.5,5.0,4.0,4.0,base-paper quintile,,,
16475,87,4,544.3,3.0,4.0,2.0,base-paper quintile,,,
16476,431,1,350.35,1.0,1.0,2.0,base-paper quintile,,,
16477,63,11,4320.02,3.0,5.0,5.0,base-paper quintile,,,
16478,24,3,331.0,4.0,3.0,2.0,base-paper quintile,,,
16479,9,2,300.83,5.0,2.0,2.0,base-paper quintile,,,
16480,75,1,769.29,3.0,1.0,3.0,base-paper quintile,,,
16481,681,1,453.38,1.0,1.0,2.0,base-paper quintile,,,
16482,15,1,220.62,5.0,1.0,1.0,base-paper quintile,,,
16483,191,1,139.35,2.0,1.0,1.0,base-paper quintile,,,
16484,173,2,404.3,3.0,2.0,2.0,base-paper quintile,,,
16485,76,5,2294.68,3.0,4.0,4.0,base-paper quintile,,,
16486,537,1,134.36,1.0,1.0,1.0,base-paper quintile,,,
16487,576,2,209.4,1.0,2.0,1.0,base-paper quintile,,,
16488,32,3,498.8,4.0,3.0,2.0,base-paper quintile,,,
16489,379,2,303.7,2.0,2.0,2.0,base-paper quintile,,,
16490,435,1,205.41000000000003,1.0,1.0,1.0,base-paper quintile,,,
16491,46,2,1533.16,4.0,2.0,4.0,base-paper quintile,,,
16492,540,1,385.56,1.0,1.0,2.0,base-paper quintile,,,
16493,79,7,2132.09,3.0,4.0,4.0,base-paper quintile,,,
16494,296,1,826.53,2.0,1.0,3.0,base-paper quintile,,,
16495,2,3,684.41,5.0,3.0,3.0,base-paper quintile,,,
16496,8,6,2330.77,5.0,4.0,4.0,base-paper quintile,,,
16497,49,23,6695.28,4.0,5.0,5.0,base-paper quintile,,,
16498,160,2,100.97,3.0,2.0,1.0,base-paper quintile,,,
16499,359,8,2578.34,2.0,5.0,4.0,base-paper quintile,,,
16500,4,9,843.9100000000001,5.0,5.0,3.0,base-paper quintile,,,
16501,382,1,1237.23,2.0,1.0,3.0,base-paper quintile,,,
16502,619,2,266.5,1.0,2.0,1.0,base-paper quintile,,,
16503,106,11,3614.34,3.0,5.0,5.0,base-paper quintile,,,
16504,24,1,484.38,4.0,1.0,2.0,base-paper quintile,,,
16505,31,1,777.6,4.0,1.0,3.0,base-paper quintile,,,
16506,19,2,90.30000000000001,4.0,2.0,1.0,base-paper quintile,,,
16507,571,1,152.76,1.0,1.0,1.0,base-paper quintile,,,
16508,629,1,248.8,1.0,1.0,1.0,base-paper quintile,,,
16509,296,1,363.7,2.0,1.0,2.0,base-paper quintile,,,
16510,371,6,2100.0,2.0,4.0,4.0,base-paper quintile,,,
16511,21,6,1819.02,4.0,4.0,4.0,base-paper quintile,,,
16513,4,4,874.59,5.0,4.0,3.0,base-paper quintile,,,
16515,51,10,3216.3,4.0,5.0,5.0,base-paper quintile,,,
16516,29,1,101.69999999999999,4.0,1.0,1.0,base-paper quintile,,,
16517,276,1,162.7,2.0,1.0,1.0,base-paper quintile,,,
16518,60,4,959.37,3.0,4.0,3.0,base-paper quintile,,,
16519,24,4,556.26,4.0,4.0,2.0,base-paper quintile,,,
16520,185,6,2482.62,3.0,4.0,4.0,base-paper quintile,,,
16521,414,3,1148.01,1.0,3.0,3.0,base-paper quintile,,,
16522,435,2,433.36,1.0,2.0,2.0,base-paper quintile,,,
16523,1,28,11916.33,5.0,5.0,5.0,base-paper quintile,,,
16524,445,2,308.14,1.0,2.0,2.0,base-paper quintile,,,
16525,1,48,24582.64,5.0,5.0,5.0,base-paper quintile,,,
16526,171,2,717.21,3.0,2.0,3.0,base-paper quintile,,,
16527,80,2,1272.44,3.0,2.0,4.0,base-paper quintile,,,
16528,3,1,244.41,5.0,1.0,1.0,base-paper quintile,,,
16529,189,4,2012.0,2.0,4.0,4.0,base-paper quintile,,,
16530,667,1,48.349999999999994,1.0,1.0,1.0,base-paper quintile,,,
16531,21,11,2298.33,4.0,5.0,4.0,base-paper quintile,,,
16532,17,5,8756.64,5.0,4.0,5.0,base-paper quintile,,,
16533,18,3,1095.56,5.0,3.0,3.0,base-paper quintile,,,
16534,641,1,635.9,1.0,1.0,3.0,base-paper quintile,,,
16535,4,3,1001.59,5.0,3.0,3.0,base-paper quintile,,,
16536,109,1,548.97,3.0,1.0,2.0,base-paper quintile,,,
16537,640,1,23.35,1.0,1.0,1.0,base-paper quintile,,,
16538,540,3,399.62,1.0,3.0,2.0,base-paper quintile,,,
16539,2,10,3732.01,5.0,5.0,5.0,base-paper quintile,,,
16540,413,1,226.70000000000002,1.0,1.0,1.0,base-paper quintile,,,
16541,734,1,424.03,1.0,1.0,2.0,base-paper quintile,,,
16542,53,2,257.32,4.0,2.0,1.0,base-paper quintile,,,
16543,591,1,292.21,1.0,1.0,2.0,base-paper quintile,,,
16544,519,4,376.70000000000005,1.0,4.0,2.0,base-paper quintile,,,
16545,164,2,689.82,3.0,2.0,3.0,base-paper quintile,,,
16546,290,5,5606.47,2.0,4.0,5.0,base-paper quintile,,,
16547,545,1,111.71,1.0,1.0,1.0,base-paper quintile,,,
16548,598,1,30.15,1.0,1.0,1.0,base-paper quintile,,,
16549,9,34,13182.19,5.0,5.0,5.0,base-paper quintile,,,
16550,108,18,9435.13,3.0,5.0,5.0,base-paper quintile,,,
16551,95,7,2237.12,3.0,4.0,4.0,base-paper quintile,,,
16552,242,2,475.02000000000004,2.0,2.0,2.0,base-paper quintile,,,
16553,162,33,16644.01,3.0,5.0,5.0,base-paper quintile,,,
16554,41,8,2841.72,4.0,5.0,4.0,base-paper quintile,,,
16555,34,6,1915.68,4.0,4.0,4.0,base-paper quintile,,,
16556,66,17,8012.58,3.0,5.0,5.0,base-paper quintile,,,
16557,23,2,281.85,4.0,2.0,1.0,base-paper quintile,,,
16558,0,38,13873.51,5.0,5.0,5.0,base-paper quintile,,,
16559,396,1,185.20000000000002,2.0,1.0,1.0,base-paper quintile,,,
16560,26,8,3048.38,4.0,5.0,5.0,base-paper quintile,,,
16561,5,2,511.12,5.0,2.0,2.0,base-paper quintile,,,
16562,476,1,223.85999999999999,1.0,1.0,1.0,base-paper quintile,,,
16563,53,6,4422.76,4.0,4.0,5.0,base-paper quintile,,,
16564,568,1,87.8,1.0,1.0,1.0,base-paper quintile,,,
16565,363,4,773.05,2.0,4.0,3.0,base-paper quintile,,,
16566,14,5,614.66,5.0,4.0,2.0,base-paper quintile,,,
16567,193,2,865.6,2.0,2.0,3.0,base-paper quintile,,,
16568,427,2,1020.9000000000001,1.0,2.0,3.0,base-paper quintile,,,
16569,2,5,1455.23,5.0,4.0,4.0,base-paper quintile,,,
16570,14,20,7434.31,5.0,5.0,5.0,base-paper quintile,,,
16571,26,10,4248.74,4.0,5.0,5.0,base-paper quintile,,,
16572,126,3,1009.6,3.0,3.0,3.0,base-paper quintile,,,
16573,84,2,663.61,3.0,2.0,3.0,base-paper quintile,,,
16574,70,3,1301.78,3.0,3.0,4.0,base-paper quintile,,,
16576,419,2,540.87,1.0,2.0,2.0,base-paper quintile,,,
16577,666,1,380.0,1.0,1.0,2.0,base-paper quintile,,,
16578,625,1,156.6,1.0,1.0,1.0,base-paper quintile,,,
16579,425,1,295.05,1.0,1.0,2.0,base-paper quintile,,,
16581,182,1,105.84,3.0,1.0,1.0,base-paper quintile,,,
16582,112,1,313.62,3.0,1.0,2.0,base-paper quintile,,,
16583,373,2,531.4,2.0,2.0,2.0,base-paper quintile,,,
16584,79,5,3163.67,3.0,4.0,5.0,base-paper quintile,,,
16585,593,2,341.59,1.0,2.0,2.0,base-paper quintile,,,
16586,248,3,1462.78,2.0,3.0,4.0,base-paper quintile,,,
16587,231,1,225.15,2.0,1.0,1.0,base-paper quintile,,,
16588,385,4,1361.28,2.0,4.0,4.0,base-paper quintile,,,
16589,70,4,612.36,3.0,4.0,2.0,base-paper quintile,,,
16590,400,2,605.9,2.0,2.0,2.0,base-paper quintile,,,
16591,68,1,213.5,3.0,1.0,1.0,base-paper quintile,,,
16592,3,28,7807.91,5.0,5.0,5.0,base-paper quintile,,,
16593,50,8,1071.1399999999999,4.0,5.0,3.0,base-paper quintile,,,
16594,74,1,181.09,3.0,1.0,1.0,base-paper quintile,,,
16595,60,5,1810.18,3.0,4.0,4.0,base-paper quintile,,,
16596,15,4,579.63,5.0,4.0,2.0,base-paper quintile,,,
16597,3,1,90.04,5.0,1.0,1.0,base-paper quintile,,,
16598,285,1,145.04999999999998,2.0,1.0,1.0,base-paper quintile,,,
16599,385,1,172.8,2.0,1.0,1.0,base-paper quintile,,,
16600,3,13,2153.41,5.0,5.0,4.0,base-paper quintile,,,
16601,40,3,684.25,4.0,3.0,3.0,base-paper quintile,,,
16602,35,2,763.33,4.0,2.0,3.0,base-paper quintile,,,
16603,74,2,482.47,3.0,2.0,2.0,base-paper quintile,,,
16604,562,2,432.45,1.0,2.0,2.0,base-paper quintile,,,
16605,723,1,60.48,1.0,1.0,1.0,base-paper quintile,,,
16606,403,2,357.66,2.0,2.0,2.0,base-paper quintile,,,
16607,17,25,5706.87,5.0,5.0,5.0,base-paper quintile,,,
16608,453,2,1288.72,1.0,2.0,4.0,base-paper quintile,,,
16609,14,7,5493.46,5.0,4.0,5.0,base-paper quintile,,,
16610,218,1,75.66,2.0,1.0,1.0,base-paper quintile,,,
16611,185,6,1785.13,3.0,4.0,4.0,base-paper quintile,,,
16612,32,9,3245.43,4.0,5.0,5.0,base-paper quintile,,,
16613,69,1,618.59,3.0,1.0,3.0,base-paper quintile,,,
16614,182,3,1179.79,3.0,3.0,3.0,base-paper quintile,,,
16615,625,1,291.5,1.0,1.0,2.0,base-paper quintile,,,
16616,14,2,500.42,5.0,2.0,2.0,base-paper quintile,,,
16617,235,1,151.85,2.0,1.0,1.0,base-paper quintile,,,
16618,30,5,2647.59,4.0,4.0,4.0,base-paper quintile,,,
16619,263,4,1938.33,2.0,4.0,4.0,base-paper quintile,,,
16620,3,6,1758.93,5.0,4.0,4.0,base-paper quintile,,,
16621,51,4,813.48,4.0,4.0,3.0,base-paper quintile,,,
16622,543,1,225.4,1.0,1.0,1.0,base-paper quintile,,,
16623,245,4,1015.24,2.0,4.0,3.0,base-paper quintile,,,
16624,80,2,810.5699999999999,3.0,2.0,3.0,base-paper quintile,,,
16625,274,5,1654.03,2.0,4.0,4.0,base-paper quintile,,,
16626,0,17,4413.1,5.0,5.0,5.0,base-paper quintile,,,
16627,78,1,322.8,3.0,1.0,2.0,base-paper quintile,,,
16628,29,7,2318.1,4.0,4.0,4.0,base-paper quintile,,,
16629,73,2,417.73,3.0,2.0,2.0,base-paper quintile,,,
16630,406,1,106.80000000000001,2.0,1.0,1.0,base-paper quintile,,,
16631,481,7,1892.52,1.0,4.0,4.0,base-paper quintile,,,
16632,485,2,406.4,1.0,2.0,2.0,base-paper quintile,,,
16633,16,6,2883.1,5.0,4.0,4.0,base-paper quintile,,,
16634,222,6,1814.61,2.0,4.0,4.0,base-paper quintile,,,
16635,406,1,473.0,2.0,1.0,2.0,base-paper quintile,,,
16636,437,4,3802.04,1.0,4.0,5.0,base-paper quintile,,,
16637,31,4,1154.47,4.0,4.0,3.0,base-paper quintile,,,
16638,22,15,2430.53,4.0,5.0,4.0,base-paper quintile,,,
16639,30,4,1747.98,4.0,4.0,4.0,base-paper quintile,,,
16640,397,1,179.4,2.0,1.0,1.0,base-paper quintile,,,
16641,105,2,554.5,3.0,2.0,2.0,base-paper quintile,,,
16642,4,3,1077.45,5.0,3.0,3.0,base-paper quintile,,,
16643,245,2,923.11,2.0,2.0,3.0,base-paper quintile,,,
16644,177,2,833.78,3.0,2.0,3.0,base-paper quintile,,,
16645,735,1,160.39,1.0,1.0,1.0,base-paper quintile,,,
16646,448,1,678.8,1.0,1.0,3.0,base-paper quintile,,,
16647,169,4,541.9,3.0,4.0,2.0,base-paper quintile,,,
16648,42,3,672.8,4.0,3.0,3.0,base-paper quintile,,,
16649,519,1,306.58000000000004,1.0,1.0,2.0,base-paper quintile,,,
16650,71,7,1916.11,3.0,4.0,4.0,base-paper quintile,,,
16651,586,1,136.2,1.0,1.0,1.0,base-paper quintile,,,
16652,58,16,17550.39,3.0,5.0,5.0,base-paper quintile,,,
16653,15,2,1212.66,5.0,2.0,3.0,base-paper quintile,,,
16654,140,8,1711.47,3.0,5.0,4.0,base-paper quintile,,,
16655,17,13,6548.37,5.0,5.0,5.0,base-paper quintile,,,
16656,21,30,16833.170000000002,4.0,5.0,5.0,base-paper quintile,,,
16657,9,4,933.62,5.0,4.0,3.0,base-paper quintile,,,
16658,367,6,814.07,2.0,4.0,3.0,base-paper quintile,,,
16659,188,1,39.12,2.0,1.0,1.0,base-paper quintile,,,
16660,15,7,1879.55,5.0,4.0,4.0,base-paper quintile,,,
16661,539,4,986.63,1.0,4.0,3.0,base-paper quintile,,,
16662,393,1,163.8,2.0,1.0,1.0,base-paper quintile,,,
16663,728,1,165.0,1.0,2.0,1.0,base-paper quintile,,,
16664,568,1,109.2,1.0,2.0,1.0,base-paper quintile,,,
16665,361,1,135.39999999999998,2.0,2.0,1.0,base-paper quintile,,,
16666,18,2,225.94,5.0,2.0,1.0,base-paper quintile,,,
16667,67,2,570.13,3.0,2.0,2.0,base-paper quintile,,,
16668,14,13,862.42,5.0,5.0,3.0,base-paper quintile,,,
16669,23,3,1374.8700000000001,4.0,3.0,4.0,base-paper quintile,,,
16670,16,20,8030.150000000001,5.0,5.0,5.0,base-paper quintile,,,
16671,27,3,1692.27,4.0,3.0,4.0,base-paper quintile,,,
16672,1,20,8134.9400000000005,5.0,5.0,5.0,base-paper quintile,,,
16673,678,1,188.83,1.0,2.0,1.0,base-paper quintile,,,
16674,54,2,319.61,4.0,2.0,2.0,base-paper quintile,,,
16675,441,2,608.86,1.0,2.0,2.0,base-paper quintile,,,
16676,33,6,2361.9,4.0,4.0,4.0,base-paper quintile,,,
16677,410,2,880.62,1.0,2.0,3.0,base-paper quintile,,,
16678,2,12,3109.99,5.0,5.0,5.0,base-paper quintile,,,
16679,365,3,793.06,2.0,3.0,3.0,base-paper quintile,,,
16680,42,3,821.45,4.0,3.0,3.0,base-paper quintile,,,
16681,72,7,1921.84,3.0,4.0,4.0,base-paper quintile,,,
16682,4,5,1028.0,5.0,4.0,3.0,base-paper quintile,,,
16683,533,1,320.25,1.0,2.0,2.0,base-paper quintile,,,
16684,3,55,147142.77,5.0,5.0,5.0,base-paper quintile,,,
16685,60,2,324.24,3.0,2.0,2.0,base-paper quintile,,,
16686,46,16,5070.92,4.0,5.0,5.0,base-paper quintile,,,
16687,390,1,157.63,2.0,2.0,1.0,base-paper quintile,,,
16688,0,4,1260.86,5.0,4.0,4.0,base-paper quintile,,,
16689,75,2,422.59999999999997,3.0,2.0,2.0,base-paper quintile,,,
16690,71,4,353.03,3.0,4.0,2.0,base-paper quintile,,,
16691,417,2,178.83,1.0,2.0,1.0,base-paper quintile,,,
16692,255,4,1914.6999999999998,2.0,4.0,4.0,base-paper quintile,,,
16693,68,5,1199.46,3.0,4.0,3.0,base-paper quintile,,,
16694,722,1,98.30000000000001,1.0,2.0,1.0,base-paper quintile,,,
16695,561,2,193.15,1.0,2.0,1.0,base-paper quintile,,,
16696,134,4,657.9000000000001,3.0,4.0,3.0,base-paper quintile,,,
16697,240,1,112.75,2.0,2.0,1.0,base-paper quintile,,,
16698,226,2,1998.0,2.0,2.0,4.0,base-paper quintile,,,
16699,379,7,994.6,2.0,4.0,3.0,base-paper quintile,,,
16700,8,25,9167.710000000001,5.0,5.0,5.0,base-paper quintile,,,
16701,8,26,9916.73,5.0,5.0,5.0,base-paper quintile,,,
16702,414,4,1110.83,1.0,4.0,3.0,base-paper quintile,,,
16704,617,2,695.66,1.0,2.0,3.0,base-paper quintile,,,
16705,0,42,43515.051,5.0,5.0,5.0,base-paper quintile,,,
16706,36,3,531.35,4.0,3.0,2.0,base-paper quintile,,,
16707,399,4,551.11,2.0,4.0,2.0,base-paper quintile,,,
16708,45,1,656.63,4.0,2.0,3.0,base-paper quintile,,,
16709,84,14,9087.460000000001,3.0,5.0,5.0,base-paper quintile,,,
16710,18,22,6349.09,5.0,5.0,5.0,base-paper quintile,,,
16711,2,9,2868.48,5.0,5.0,4.0,base-paper quintile,,,
16712,8,13,4266.99,5.0,5.0,5.0,base-paper quintile,,,
16713,18,32,14560.69,4.0,5.0,5.0,base-paper quintile,,,
16714,218,4,1529.8,2.0,4.0,4.0,base-paper quintile,,,
16715,77,2,625.52,3.0,2.0,3.0,base-paper quintile,,,
16716,266,3,2149.6800000000003,2.0,3.0,4.0,base-paper quintile,,,
16717,23,14,6986.2300000000005,4.0,5.0,5.0,base-paper quintile,,,
16718,368,5,3647.53,2.0,4.0,5.0,base-paper quintile,,,
16719,14,14,3973.3,5.0,5.0,5.0,base-paper quintile,,,
16720,25,3,795.48,4.0,3.0,3.0,base-paper quintile,,,
16721,261,1,292.47,2.0,2.0,2.0,base-paper quintile,,,
16722,16,22,8989.08,5.0,5.0,5.0,base-paper quintile,,,
16723,90,4,1301.63,3.0,4.0,4.0,base-paper quintile,,,
16724,404,1,147.35,2.0,2.0,1.0,base-paper quintile,,,
16725,301,14,1882.11,2.0,5.0,4.0,base-paper quintile,,,
16726,25,7,2088.41,4.0,4.0,4.0,base-paper quintile,,,
16727,363,4,1437.42,2.0,4.0,4.0,base-paper quintile,,,
16728,45,4,1054.67,4.0,4.0,3.0,base-paper quintile,,,
16729,37,21,7239.92,4.0,5.0,5.0,base-paper quintile,,,
16730,51,3,743.11,4.0,3.0,3.0,base-paper quintile,,,
16731,647,1,174.05,1.0,2.0,1.0,base-paper quintile,,,
16732,31,4,4387.64,4.0,4.0,5.0,base-paper quintile,,,
16733,529,1,259.68,1.0,2.0,1.0,base-paper quintile,,,
16734,51,3,650.51,4.0,3.0,3.0,base-paper quintile,,,
16735,78,14,6270.56,3.0,5.0,5.0,base-paper quintile,,,
16736,505,5,2956.56,1.0,4.0,4.0,base-paper quintile,,,
16737,52,2,835.1999999999999,4.0,2.0,3.0,base-paper quintile,,,
16738,297,1,3.75,2.0,2.0,1.0,base-paper quintile,,,
16739,176,2,786.43,3.0,2.0,3.0,base-paper quintile,,,
16740,394,1,236.81,2.0,2.0,1.0,base-paper quintile,,,
16741,624,1,173.06,1.0,2.0,1.0,base-paper quintile,,,
16742,46,14,2852.6099999999997,4.0,5.0,4.0,base-paper quintile,,,
16743,28,14,4253.26,4.0,5.0,5.0,base-paper quintile,,,
16744,10,7,1304.76,5.0,4.0,4.0,base-paper quintile,,,
16745,86,17,7194.3,3.0,5.0,5.0,base-paper quintile,,,
16746,4,42,18066.4,5.0,5.0,5.0,base-paper quintile,,,
16747,37,2,836.06,4.0,2.0,3.0,base-paper quintile,,,
16748,17,14,3637.33,5.0,5.0,5.0,base-paper quintile,,,
16749,590,2,4387.08,1.0,2.0,5.0,base-paper quintile,,,
16750,44,5,623.93,4.0,4.0,3.0,base-paper quintile,,,
16751,30,1,1764.72,4.0,2.0,4.0,base-paper quintile,,,
16752,372,1,415.0,2.0,2.0,2.0,base-paper quintile,,,
16753,57,1,223.92000000000002,4.0,2.0,1.0,base-paper quintile,,,
16754,371,29,67502.47,2.0,5.0,5.0,base-paper quintile,,,
16755,113,7,2900.58,3.0,4.0,4.0,base-paper quintile,,,
16756,214,7,1312.3700000000001,2.0,4.0,4.0,base-paper quintile,,,
16757,318,2,270.48,2.0,2.0,1.0,base-paper quintile,,,
16758,64,1,369.34000000000003,3.0,2.0,2.0,base-paper quintile,,,
16759,7,3,789.79,5.0,3.0,3.0,base-paper quintile,,,
16760,429,1,228.0,1.0,2.0,1.0,base-paper quintile,,,
16761,96,1,316.62,3.0,2.0,2.0,base-paper quintile,,,
16762,19,3,1501.38,4.0,3.0,4.0,base-paper quintile,,,
16763,198,2,964.6999999999999,2.0,2.0,3.0,base-paper quintile,,,
16764,3,13,2799.25,5.0,5.0,4.0,base-paper quintile,,,
16765,293,2,454.75,2.0,2.0,2.0,base-paper quintile,,,
16766,272,2,1145.6,2.0,2.0,3.0,base-paper quintile,,,
16767,30,15,8073.8,4.0,5.0,5.0,base-paper quintile,,,
16768,47,9,1708.12,4.0,5.0,4.0,base-paper quintile,,,
16769,259,4,1141.75,2.0,4.0,3.0,base-paper quintile,,,
16770,57,9,1932.13,4.0,5.0,4.0,base-paper quintile,,,
16771,32,10,3967.6,4.0,5.0,5.0,base-paper quintile,,,
16772,422,3,3723.5499999999997,1.0,3.0,5.0,base-paper quintile,,,
16773,56,3,421.24,4.0,3.0,2.0,base-paper quintile,,,
16774,67,8,1594.45,3.0,5.0,4.0,base-paper quintile,,,
16775,9,16,3056.89,5.0,5.0,5.0,base-paper quintile,,,
16776,59,2,619.85,3.0,2.0,3.0,base-paper quintile,,,
16777,79,5,1307.76,3.0,4.0,4.0,base-paper quintile,,,
16778,73,2,245.94,3.0,2.0,1.0,base-paper quintile,,,
16779,1,53,33268.24,5.0,5.0,5.0,base-paper quintile,,,
16780,99,3,605.55,3.0,3.0,2.0,base-paper quintile,,,
16781,371,2,934.25,2.0,2.0,3.0,base-paper quintile,,,
16782,9,38,10438.41,5.0,5.0,5.0,base-paper quintile,,,
16783,436,1,391.95,1.0,2.0,2.0,base-paper quintile,,,
16784,19,5,896.53,4.0,4.0,3.0,base-paper quintile,,,
16785,409,1,533.78,2.0,2.0,2.0,base-paper quintile,,,
16786,393,1,51.839999999999996,2.0,2.0,1.0,base-paper quintile,,,
16787,397,4,1035.43,2.0,4.0,3.0,base-paper quintile,,,
16788,122,5,1950.3,3.0,4.0,4.0,base-paper quintile,,,
16789,7,1,80.8,5.0,2.0,1.0,base-paper quintile,,,
16790,3,6,1545.6200000000001,5.0,4.0,4.0,base-paper quintile,,,
16791,28,15,4038.69,4.0,5.0,5.0,base-paper quintile,,,
16792,281,5,623.46,2.0,4.0,3.0,base-paper quintile,,,
16793,56,1,243.84,4.0,2.0,1.0,base-paper quintile,,,
16794,0,15,2090.91,5.0,5.0,4.0,base-paper quintile,,,
16795,364,3,2492.39,2.0,3.0,4.0,base-paper quintile,,,
16796,88,1,305.62,3.0,2.0,2.0,base-paper quintile,,,
16797,392,5,1827.77,2.0,4.0,4.0,base-paper quintile,,,
16798,553,3,848.71,1.0,3.0,3.0,base-paper quintile,,,
16799,431,2,495.98,1.0,2.0,2.0,base-paper quintile,,,
16800,10,1,1201.49,5.0,2.0,3.0,base-paper quintile,,,
16801,162,4,1619.73,3.0,4.0,4.0,base-paper quintile,,,
16802,678,2,582.61,1.0,2.0,2.0,base-paper quintile,,,
16803,64,1,332.3,3.0,2.0,2.0,base-paper quintile,,,
16804,22,3,536.99,4.0,3.0,2.0,base-paper quintile,,,
16805,173,5,1097.24,3.0,4.0,3.0,base-paper quintile,,,
16806,102,4,801.49,3.0,4.0,3.0,base-paper quintile,,,
16807,142,6,2123.88,3.0,4.0,4.0,base-paper quintile,,,
16808,98,2,288.42,3.0,2.0,1.0,base-paper quintile,,,
16809,22,9,1727.43,4.0,5.0,4.0,base-paper quintile,,,
16810,191,2,842.0400000000001,2.0,2.0,3.0,base-paper quintile,,,
16811,4,2,547.07,5.0,2.0,2.0,base-paper quintile,,,
16812,360,4,2392.0,2.0,4.0,4.0,base-paper quintile,,,
16813,7,10,1692.98,5.0,5.0,4.0,base-paper quintile,,,
16814,13,36,12499.710000000001,5.0,5.0,5.0,base-paper quintile,,,
16815,453,2,410.97,1.0,2.0,2.0,base-paper quintile,,,
16816,102,4,417.06,3.0,4.0,2.0,base-paper quintile,,,
16817,2,13,2804.9,5.0,5.0,4.0,base-paper quintile,,,
16818,10,11,3349.57,5.0,5.0,5.0,base-paper quintile,,,
16819,464,2,182.59,1.0,2.0,1.0,base-paper quintile,,,
16820,95,1,497.61,3.0,2.0,2.0,base-paper quintile,,,
16821,381,1,113.35,2.0,2.0,1.0,base-paper quintile,,,
16822,685,1,181.39,1.0,2.0,1.0,base-paper quintile,,,
16823,226,7,2260.09,2.0,4.0,4.0,base-paper quintile,,,
16824,15,3,686.24,5.0,3.0,3.0,base-paper quintile,,,
16825,38,5,1826.89,4.0,4.0,4.0,base-paper quintile,,,
16826,50,1,341.7,4.0,2.0,2.0,base-paper quintile,,,
16827,392,5,392.13,2.0,4.0,2.0,base-paper quintile,,,
16828,92,2,128.5,3.0,2.0,1.0,base-paper quintile,,,
16829,156,2,513.32,3.0,2.0,2.0,base-paper quintile,,,
16830,38,4,1207.5,4.0,4.0,3.0,base-paper quintile,,,
16831,564,1,91.8,1.0,2.0,1.0,base-paper quintile,,,
16832,183,5,417.61,3.0,4.0,2.0,base-paper quintile,,,
16833,0,6,2409.04,5.0,4.0,4.0,base-paper quintile,,,
16834,227,2,898.96,2.0,2.0,3.0,base-paper quintile,,,
16835,127,6,1538.41,3.0,4.0,4.0,base-paper quintile,,,
16836,39,4,782.37,4.0,4.0,3.0,base-paper quintile,,,
16837,30,11,3170.98,4.0,5.0,5.0,base-paper quintile,,,
16838,196,4,1159.61,2.0,4.0,3.0,base-paper quintile,,,
16839,8,44,22310.49,5.0,5.0,5.0,base-paper quintile,,,
16840,602,2,139.85,1.0,3.0,1.0,base-paper quintile,,,
16841,36,12,4006.06,4.0,5.0,5.0,base-paper quintile,,,
16842,100,3,1264.19,3.0,3.0,4.0,base-paper quintile,,,
16843,42,35,19571.43,4.0,5.0,5.0,base-paper quintile,,,
16844,562,2,614.34,1.0,3.0,2.0,base-paper quintile,,,
16845,617,1,253.88,1.0,2.0,1.0,base-paper quintile,,,
16846,49,3,842.41,4.0,3.0,3.0,base-paper quintile,,,
16847,42,2,614.89,4.0,3.0,2.0,base-paper quintile,,,
16848,52,4,1411.62,4.0,4.0,4.0,base-paper quintile,,,
16849,186,1,124.57,3.0,2.0,1.0,base-paper quintile,,,
16850,333,1,332.41,2.0,2.0,2.0,base-paper quintile,,,
16851,3,3,342.45,5.0,3.0,2.0,base-paper quintile,,,
16852,9,2,144.91000000000003,5.0,3.0,1.0,base-paper quintile,,,
16854,416,2,1408.96,1.0,3.0,4.0,base-paper quintile,,,
16855,23,2,328.4,4.0,3.0,2.0,base-paper quintile,,,
16856,14,3,358.49,5.0,3.0,2.0,base-paper quintile,,,
16857,442,1,352.8,1.0,2.0,2.0,base-paper quintile,,,
16858,368,10,4668.28,2.0,5.0,5.0,base-paper quintile,,,
16859,144,7,1932.41,3.0,4.0,4.0,base-paper quintile,,,
16860,452,3,1610.62,1.0,3.0,4.0,base-paper quintile,,,
16861,59,5,946.59,3.0,4.0,3.0,base-paper quintile,,,
16862,546,4,662.33,1.0,4.0,3.0,base-paper quintile,,,
16863,30,3,998.52,4.0,3.0,3.0,base-paper quintile,,,
16864,433,2,409.25,1.0,3.0,2.0,base-paper quintile,,,
16865,401,1,130.95,2.0,2.0,1.0,base-paper quintile,,,
16866,140,3,207.73999999999998,3.0,3.0,1.0,base-paper quintile,,,
16867,689,1,76.74000000000001,1.0,2.0,1.0,base-paper quintile,,,
16868,393,3,393.39,2.0,3.0,2.0,base-paper quintile,,,
16869,22,4,825.42,4.0,4.0,3.0,base-paper quintile,,,
16870,468,1,450.15999999999997,1.0,2.0,2.0,base-paper quintile,,,
16871,21,6,2812.34,4.0,4.0,4.0,base-paper quintile,,,
16872,76,6,1213.13,3.0,4.0,3.0,base-paper quintile,,,
16873,4,12,14617.39,5.0,5.0,5.0,base-paper quintile,,,
16874,378,1,217.74,2.0,2.0,1.0,base-paper quintile,,,
16875,66,11,4234.53,3.0,5.0,5.0,base-paper quintile,,,
16876,403,1,136.01,2.0,2.0,1.0,base-paper quintile,,,
16877,11,6,853.72,5.0,4.0,3.0,base-paper quintile,,,
16878,83,1,13.3,3.0,2.0,1.0,base-paper quintile,,,
16880,30,8,1840.86,4.0,5.0,4.0,base-paper quintile,,,
16881,66,1,432.0,3.0,2.0,2.0,base-paper quintile,,,
16882,66,3,705.12,3.0,3.0,3.0,base-paper quintile,,,
16883,186,19,2396.59,3.0,5.0,4.0,base-paper quintile,,,
16884,37,4,1073.92,4.0,4.0,3.0,base-paper quintile,,,
16885,14,4,710.74,5.0,4.0,3.0,base-paper quintile,,,
16886,455,1,134.0,1.0,2.0,1.0,base-paper quintile,,,
16887,34,3,660.72,4.0,3.0,3.0,base-paper quintile,,,
16888,400,3,437.15,2.0,3.0,2.0,base-paper quintile,,,
16889,194,6,2530.9,2.0,4.0,4.0,base-paper quintile,,,
16890,476,3,285.41,1.0,3.0,1.0,base-paper quintile,,,
16891,1,11,2056.82,5.0,5.0,4.0,base-paper quintile,,,
16892,0,7,762.1,5.0,4.0,3.0,base-paper quintile,,,
16893,366,2,401.77,2.0,3.0,2.0,base-paper quintile,,,
16894,501,3,1324.06,1.0,3.0,4.0,base-paper quintile,,,
16895,64,5,1121.42,3.0,4.0,3.0,base-paper quintile,,,
16896,554,1,103.95,1.0,2.0,1.0,base-paper quintile,,,
16897,298,2,289.78,2.0,3.0,1.0,base-paper quintile,,,
16898,25,5,1016.37,4.0,4.0,3.0,base-paper quintile,,,
16899,7,8,1721.02,5.0,5.0,4.0,base-paper quintile,,,
16900,16,3,887.11,5.0,3.0,3.0,base-paper quintile,,,
16901,728,1,204.26,1.0,2.0,1.0,base-paper quintile,,,
16902,115,1,1706.88,3.0,2.0,4.0,base-paper quintile,,,
16903,28,3,1062.28,4.0,3.0,3.0,base-paper quintile,,,
16904,3,21,5132.37,5.0,5.0,5.0,base-paper quintile,,,
16905,4,17,5034.15,5.0,5.0,5.0,base-paper quintile,,,
16906,81,7,1448.8,3.0,4.0,4.0,base-paper quintile,,,
16907,28,9,1707.9,4.0,5.0,4.0,base-paper quintile,,,
16908,721,1,252.59,1.0,2.0,1.0,base-paper quintile,,,
16909,71,1,379.14,3.0,2.0,2.0,base-paper quintile,,,
16910,3,8,1510.06,5.0,5.0,4.0,base-paper quintile,,,
16911,635,2,255.25,1.0,3.0,1.0,base-paper quintile,,,
16912,28,15,4480.31,4.0,5.0,5.0,base-paper quintile,,,
16913,289,3,423.90999999999997,2.0,3.0,2.0,base-paper quintile,,,
16914,35,1,208.46,4.0,2.0,1.0,base-paper quintile,,,
16915,8,11,1543.18,5.0,5.0,4.0,base-paper quintile,,,
16916,23,4,1123.4,4.0,4.0,3.0,base-paper quintile,,,
16917,276,2,1857.83,2.0,3.0,4.0,base-paper quintile,,,
16918,49,16,3213.29,4.0,5.0,5.0,base-paper quintile,,,
16919,155,24,5125.91,3.0,5.0,5.0,base-paper quintile,,,
16920,410,1,355.45,1.0,2.0,2.0,base-paper quintile,,,
16921,60,3,446.67,3.0,3.0,2.0,base-paper quintile,,,
16922,572,1,611.08,1.0,2.0,2.0,base-paper quintile,,,
16923,11,32,13378.36,5.0,5.0,5.0,base-paper quintile,,,
16924,20,3,846.75,4.0,3.0,3.0,base-paper quintile,,,
16925,539,1,125.65,1.0,2.0,1.0,base-paper quintile,,,
16926,370,5,1421.35,2.0,4.0,4.0,base-paper quintile,,,
16927,115,3,543.05,3.0,3.0,2.0,base-paper quintile,,,
16928,79,29,4113.23,3.0,5.0,5.0,base-paper quintile,,,
16929,3,7,1295.39,5.0,4.0,4.0,base-paper quintile,,,
16930,25,3,380.55,4.0,3.0,2.0,base-paper quintile,,,
16931,4,23,5233.62,5.0,5.0,5.0,base-paper quintile,,,
16932,52,3,440.71,4.0,3.0,2.0,base-paper quintile,,,
16933,0,9,3181.25,5.0,5.0,5.0,base-paper quintile,,,
16934,54,6,2110.9900000000002,4.0,4.0,4.0,base-paper quintile,,,
16935,381,3,535.1,2.0,3.0,2.0,base-paper quintile,,,
16936,25,2,551.17,4.0,3.0,2.0,base-paper quintile,,,
16937,498,1,202.1,1.0,2.0,1.0,base-paper quintile,,,
16938,8,9,7043.18,5.0,5.0,5.0,base-paper quintile,,,
16939,488,3,449.0,1.0,3.0,2.0,base-paper quintile,,,
16940,51,8,6427.66,4.0,5.0,5.0,base-paper quintile,,,
16941,611,1,33.0,1.0,2.0,1.0,base-paper quintile,,,
16942,12,9,1920.59,5.0,5.0,4.0,base-paper quintile,,,
16943,211,5,1299.49,2.0,4.0,4.0,base-paper quintile,,,
16944,609,1,101.36,1.0,2.0,1.0,base-paper quintile,,,
16945,21,33,8548.16,4.0,5.0,5.0,base-paper quintile,,,
16946,382,5,1222.04,2.0,4.0,3.0,base-paper quintile,,,
16947,235,5,955.21,2.0,4.0,3.0,base-paper quintile,,,
16948,138,7,868.77,3.0,4.0,3.0,base-paper quintile,,,
16949,3,6,1286.27,5.0,4.0,4.0,base-paper quintile,,,
16950,56,10,3784.37,4.0,5.0,5.0,base-paper quintile,,,
16951,134,3,1277.75,3.0,3.0,4.0,base-paper quintile,,,
16952,108,5,798.78,3.0,4.0,3.0,base-paper quintile,,,
16953,29,1,20.8,4.0,2.0,1.0,base-paper quintile,,,
16954,0,20,6081.88,5.0,5.0,5.0,base-paper quintile,,,
16955,184,6,1309.41,3.0,4.0,4.0,base-paper quintile,,,
16956,17,1,308.74,5.0,2.0,2.0,base-paper quintile,,,
16957,238,2,416.64,2.0,3.0,2.0,base-paper quintile,,,
16958,434,1,809.44,1.0,2.0,3.0,base-paper quintile,,,
16959,86,1,117.35000000000001,3.0,2.0,1.0,base-paper quintile,,,
16960,38,8,2043.43,4.0,5.0,4.0,base-paper quintile,,,
16961,115,3,794.56,3.0,3.0,3.0,base-paper quintile,,,
16962,409,1,251.04,2.0,2.0,1.0,base-paper quintile,,,
16963,186,1,110.55000000000001,3.0,2.0,1.0,base-paper quintile,,,
16964,732,2,207.85,1.0,3.0,1.0,base-paper quintile,,,
16965,226,1,201.19,2.0,2.0,1.0,base-paper quintile,,,
16966,7,7,2154.97,5.0,4.0,4.0,base-paper quintile,,,
16967,188,1,319.02,2.0,2.0,2.0,base-paper quintile,,,
16968,3,2,439.43,5.0,3.0,2.0,base-paper quintile,,,
16969,38,3,650.41,4.0,3.0,3.0,base-paper quintile,,,
16970,625,1,71.4,1.0,2.0,1.0,base-paper quintile,,,
16971,37,1,357.21,4.0,2.0,2.0,base-paper quintile,,,
16972,382,2,786.25,2.0,3.0,3.0,base-paper quintile,,,
16973,385,1,127.0,2.0,2.0,1.0,base-paper quintile,,,
16974,522,2,365.5,1.0,3.0,2.0,base-paper quintile,,,
16975,422,3,926.12,1.0,3.0,3.0,base-paper quintile,,,
16976,266,1,251.51999999999998,2.0,2.0,1.0,base-paper quintile,,,
16977,394,4,496.0,2.0,4.0,2.0,base-paper quintile,,,
16978,77,3,768.88,3.0,3.0,3.0,base-paper quintile,,,
16979,3,9,2859.74,5.0,5.0,4.0,base-paper quintile,,,
16980,254,3,1473.3300000000002,2.0,3.0,4.0,base-paper quintile,,,
16982,60,1,384.06,3.0,2.0,2.0,base-paper quintile,,,
16983,12,11,3710.22,5.0,5.0,5.0,base-paper quintile,,,
16984,87,9,10754.8,3.0,5.0,5.0,base-paper quintile,,,
16985,16,23,10923.16,5.0,5.0,5.0,base-paper quintile,,,
16986,29,11,4888.75,4.0,5.0,5.0,base-paper quintile,,,
16987,2,11,2535.9,5.0,5.0,4.0,base-paper quintile,,,
16988,4,2,382.67,5.0,3.0,2.0,base-paper quintile,,,
16989,6,6,1133.25,5.0,4.0,3.0,base-paper quintile,,,
16990,218,2,344.0,2.0,3.0,2.0,base-paper quintile,,,
16991,420,1,1041.21,1.0,2.0,3.0,base-paper quintile,,,
16992,10,13,5476.5,5.0,5.0,5.0,base-paper quintile,,,
16993,463,2,1950.9499999999998,1.0,3.0,4.0,base-paper quintile,,,
16996,29,9,2123.61,4.0,5.0,4.0,base-paper quintile,,,
16997,287,3,702.0,2.0,3.0,3.0,base-paper quintile,,,
16998,149,5,402.0,3.0,4.0,2.0,base-paper quintile,,,
16999,22,2,484.82,4.0,3.0,2.0,base-paper quintile,,,
17000,395,2,406.3,2.0,3.0,2.0,base-paper quintile,,,
17001,0,19,6640.8,5.0,5.0,5.0,base-paper quintile,,,
17002,85,7,2571.55,3.0,4.0,4.0,base-paper quintile,,,
17003,401,4,830.16,2.0,4.0,3.0,base-paper quintile,,,
17004,45,4,2425.16,4.0,4.0,4.0,base-paper quintile,,,
17005,470,2,742.36,1.0,3.0,3.0,base-paper quintile,,,
17006,4,8,1636.32,5.0,5.0,4.0,base-paper quintile,,,
17007,50,7,1120.1,4.0,4.0,3.0,base-paper quintile,,,
17008,428,1,81.36,1.0,2.0,1.0,base-paper quintile,,,
17009,550,1,242.06,1.0,2.0,1.0,base-paper quintile,,,
17010,17,1,195.36,5.0,2.0,1.0,base-paper quintile,,,
17011,29,3,671.7,4.0,3.0,3.0,base-paper quintile,,,
17012,724,1,384.16,1.0,2.0,2.0,base-paper quintile,,,
17014,7,3,586.33,5.0,3.0,2.0,base-paper quintile,,,
17015,28,3,1842.56,4.0,3.0,4.0,base-paper quintile,,,
17016,576,1,552.4,1.0,2.0,2.0,base-paper quintile,,,
17017,2,29,14110.61,5.0,5.0,5.0,base-paper quintile,,,
17018,40,6,2287.7,4.0,4.0,4.0,base-paper quintile,,,
17019,10,11,4012.2,5.0,5.0,5.0,base-paper quintile,,,
17020,541,2,935.62,1.0,3.0,3.0,base-paper quintile,,,
17021,441,6,1182.22,1.0,4.0,3.0,base-paper quintile,,,
17022,30,2,260.0,4.0,3.0,1.0,base-paper quintile,,,
17023,416,3,800.18,1.0,3.0,3.0,base-paper quintile,,,
17024,44,3,95.85,4.0,3.0,1.0,base-paper quintile,,,
17025,60,5,1510.6399999999999,3.0,4.0,4.0,base-paper quintile,,,
17026,184,3,208.98,3.0,3.0,1.0,base-paper quintile,,,
17027,78,9,1327.1100000000001,3.0,5.0,4.0,base-paper quintile,,,
17028,580,3,1593.83,1.0,3.0,4.0,base-paper quintile,,,
17029,110,7,2137.3,3.0,4.0,4.0,base-paper quintile,,,
17030,63,1,146.87,3.0,2.0,1.0,base-paper quintile,,,
17031,11,6,2773.85,5.0,4.0,4.0,base-paper quintile,,,
17032,547,8,3004.6,1.0,5.0,5.0,base-paper quintile,,,
17033,85,4,1332.79,3.0,4.0,4.0,base-paper quintile,,,
17034,15,5,1283.92,5.0,4.0,4.0,base-paper quintile,,,
17035,245,4,613.59,2.0,4.0,2.0,base-paper quintile,,,
17036,382,1,176.9,2.0,2.0,1.0,base-paper quintile,,,
17037,87,1,1267.32,3.0,2.0,4.0,base-paper quintile,,,
17038,29,2,743.17,4.0,3.0,3.0,base-paper quintile,,,
17039,603,1,1954.99,1.0,2.0,4.0,base-paper quintile,,,
17040,137,2,463.25,3.0,3.0,2.0,base-paper quintile,,,
17041,26,6,1686.28,4.0,4.0,4.0,base-paper quintile,,,
17042,2,5,1044.3799999999999,5.0,4.0,3.0,base-paper quintile,,,
17043,31,8,2616.55,4.0,5.0,4.0,base-paper quintile,,,
17044,24,12,11962.3,4.0,5.0,5.0,base-paper quintile,,,
17045,112,5,827.6800000000001,3.0,4.0,3.0,base-paper quintile,,,
17046,156,5,1906.07,3.0,4.0,4.0,base-paper quintile,,,
17047,84,6,2289.23,3.0,4.0,4.0,base-paper quintile,,,
17048,117,7,2071.68,3.0,4.0,4.0,base-paper quintile,,,
17049,2,19,9947.48,5.0,5.0,5.0,base-paper quintile,,,
17050,95,11,4691.79,3.0,5.0,5.0,base-paper quintile,,,
17051,193,4,714.39,2.0,4.0,3.0,base-paper quintile,,,
17052,27,1,413.75,4.0,2.0,2.0,base-paper quintile,,,
17053,130,1,498.48,3.0,2.0,2.0,base-paper quintile,,,
17054,27,5,1356.33,4.0,4.0,4.0,base-paper quintile,,,
17055,445,1,239.55,1.0,2.0,1.0,base-paper quintile,,,
17056,737,1,128.60000000000002,1.0,2.0,1.0,base-paper quintile,,,
17057,595,1,294.74,1.0,2.0,2.0,base-paper quintile,,,
17058,81,3,1179.89,3.0,3.0,3.0,base-paper quintile,,,
17059,29,9,5602.53,4.0,5.0,5.0,base-paper quintile,,,
17060,265,1,234.24,2.0,2.0,1.0,base-paper quintile,,,
17061,73,11,5232.2300000000005,3.0,5.0,5.0,base-paper quintile,,,
17062,313,6,1208.22,2.0,4.0,3.0,base-paper quintile,,,
17063,20,13,3638.53,4.0,5.0,5.0,base-paper quintile,,,
17064,58,3,859.35,3.0,3.0,3.0,base-paper quintile,,,
17065,637,2,194.7,1.0,3.0,1.0,base-paper quintile,,,
17066,725,1,228.34,1.0,2.0,1.0,base-paper quintile,,,
17067,724,3,454.54,1.0,3.0,2.0,base-paper quintile,,,
17068,11,47,9161.08,5.0,5.0,5.0,base-paper quintile,,,
17069,27,14,5794.28,4.0,5.0,5.0,base-paper quintile,,,
17070,113,2,445.32,3.0,3.0,2.0,base-paper quintile,,,
17071,27,13,3801.2000000000003,4.0,5.0,5.0,base-paper quintile,,,
17072,624,1,282.05,1.0,2.0,1.0,base-paper quintile,,,
17073,17,4,1446.09,5.0,4.0,4.0,base-paper quintile,,,
17074,562,1,203.05,1.0,2.0,1.0,base-paper quintile,,,
17075,17,10,2241.73,5.0,5.0,4.0,base-paper quintile,,,
17076,35,6,1242.75,4.0,4.0,3.0,base-paper quintile,,,
17077,577,1,306.0,1.0,2.0,2.0,base-paper quintile,,,
17078,35,2,378.2,4.0,3.0,2.0,base-paper quintile,,,
17079,77,1,118.80000000000001,3.0,2.0,1.0,base-paper quintile,,,
17080,21,7,957.53,4.0,4.0,3.0,base-paper quintile,,,
17081,24,6,964.39,4.0,4.0,3.0,base-paper quintile,,,
17082,32,6,4732.03,4.0,4.0,5.0,base-paper quintile,,,
17083,108,9,4049.79,3.0,5.0,5.0,base-paper quintile,,,
17084,34,3,5202.97,4.0,3.0,5.0,base-paper quintile,,,
17085,122,28,7891.41,3.0,5.0,5.0,base-paper quintile,,,
17086,6,6,2050.08,5.0,4.0,4.0,base-paper quintile,,,
17087,737,1,221.53,1.0,2.0,1.0,base-paper quintile,,,
17088,27,4,1991.01,4.0,4.0,4.0,base-paper quintile,,,
17089,385,1,128.45,2.0,2.0,1.0,base-paper quintile,,,
17090,3,13,3149.48,5.0,5.0,5.0,base-paper quintile,,,
17091,2,19,7811.1,5.0,5.0,5.0,base-paper quintile,,,
17092,49,11,5594.96,4.0,5.0,5.0,base-paper quintile,,,
17093,592,1,235.88,1.0,2.0,1.0,base-paper quintile,,,
17094,321,2,402.20000000000005,2.0,3.0,2.0,base-paper quintile,,,
17095,22,7,2572.25,4.0,4.0,4.0,base-paper quintile,,,
17096,14,11,3759.18,5.0,5.0,5.0,base-paper quintile,,,
17097,1,9,1340.45,5.0,5.0,4.0,base-paper quintile,,,
17098,381,3,591.0699999999999,2.0,3.0,2.0,base-paper quintile,,,
17099,532,1,582.17,1.0,2.0,2.0,base-paper quintile,,,
17100,17,2,971.74,5.0,3.0,3.0,base-paper quintile,,,
17101,9,7,2507.05,5.0,4.0,4.0,base-paper quintile,,,
17102,261,1,25.5,2.0,2.0,1.0,base-paper quintile,,,
17103,721,1,424.3,1.0,2.0,2.0,base-paper quintile,,,
17104,423,1,474.03,1.0,2.0,2.0,base-paper quintile,,,
17105,158,2,665.78,3.0,3.0,3.0,base-paper quintile,,,
17106,388,1,491.23,2.0,2.0,2.0,base-paper quintile,,,
17107,32,10,16075.42,4.0,5.0,5.0,base-paper quintile,,,
17108,663,1,174.95,1.0,2.0,1.0,base-paper quintile,,,
17109,28,8,1295.46,4.0,5.0,4.0,base-paper quintile,,,
17110,164,3,510.7,3.0,3.0,2.0,base-paper quintile,,,
17111,46,2,476.58,4.0,3.0,2.0,base-paper quintile,,,
17112,502,1,205.17,1.0,2.0,1.0,base-paper quintile,,,
17113,573,6,2322.59,1.0,4.0,4.0,base-paper quintile,,,
17114,5,8,808.62,5.0,5.0,3.0,base-paper quintile,,,
17115,7,7,2761.4900000000002,5.0,4.0,4.0,base-paper quintile,,,
17116,647,1,389.78,1.0,2.0,2.0,base-paper quintile,,,
17117,287,1,116.19999999999999,2.0,2.0,1.0,base-paper quintile,,,
17118,317,1,157.02,2.0,2.0,1.0,base-paper quintile,,,
17119,2,2,606.91,5.0,3.0,2.0,base-paper quintile,,,
17120,232,1,307.46,2.0,2.0,2.0,base-paper quintile,,,
17121,402,1,314.74,2.0,2.0,2.0,base-paper quintile,,,
17122,118,4,570.5,3.0,4.0,2.0,base-paper quintile,,,
17123,161,3,977.17,3.0,3.0,3.0,base-paper quintile,,,
17124,184,1,298.89,3.0,2.0,2.0,base-paper quintile,,,
17125,49,1,259.35,4.0,2.0,1.0,base-paper quintile,,,
17126,151,9,2070.44,3.0,5.0,4.0,base-paper quintile,,,
17127,428,5,1155.0300000000002,1.0,4.0,3.0,base-paper quintile,,,
17128,334,1,157.09,2.0,2.0,1.0,base-paper quintile,,,
17129,519,1,31.85,1.0,2.0,1.0,base-paper quintile,,,
17131,4,5,2463.17,5.0,4.0,4.0,base-paper quintile,,,
17132,451,2,1272.8,1.0,3.0,4.0,base-paper quintile,,,
17133,15,12,14622.33,5.0,5.0,5.0,base-paper quintile,,,
17134,106,3,637.1,3.0,3.0,3.0,base-paper quintile,,,
17135,15,10,1954.16,5.0,5.0,4.0,base-paper quintile,,,
17136,661,1,231.68,1.0,2.0,1.0,base-paper quintile,,,
17137,415,6,1133.63,1.0,4.0,3.0,base-paper quintile,,,
17138,275,7,4417.27,2.0,4.0,5.0,base-paper quintile,,,
17139,15,25,19584.46,5.0,5.0,5.0,base-paper quintile,,,
17140,246,1,465.32,2.0,2.0,2.0,base-paper quintile,,,
17141,417,4,754.33,1.0,4.0,3.0,base-paper quintile,,,
17142,238,4,1283.75,2.0,4.0,4.0,base-paper quintile,,,
17143,416,2,924.11,1.0,3.0,3.0,base-paper quintile,,,
17144,0,2,984.57,5.0,3.0,3.0,base-paper quintile,,,
17145,512,4,3120.91,1.0,4.0,5.0,base-paper quintile,,,
17146,105,13,5860.24,3.0,5.0,5.0,base-paper quintile,,,
17147,22,9,3199.95,4.0,5.0,5.0,base-paper quintile,,,
17148,51,1,124.88,4.0,2.0,1.0,base-paper quintile,,,
17149,450,1,143.10000000000002,1.0,2.0,1.0,base-paper quintile,,,
17150,376,6,1375.65,2.0,4.0,4.0,base-paper quintile,,,
17151,734,1,231.90000000000003,1.0,2.0,1.0,base-paper quintile,,,
17152,194,4,2016.5,2.0,4.0,4.0,base-paper quintile,,,
17153,23,1,213.78,4.0,2.0,1.0,base-paper quintile,,,
17154,74,1,329.34,3.0,2.0,2.0,base-paper quintile,,,
17155,17,7,892.46,5.0,4.0,3.0,base-paper quintile,,,
17156,491,1,591.87,1.0,2.0,2.0,base-paper quintile,,,
17157,7,19,5151.9,5.0,5.0,5.0,base-paper quintile,,,
17158,31,5,1980.0,4.0,4.0,4.0,base-paper quintile,,,
17159,21,5,2099.59,4.0,4.0,4.0,base-paper quintile,,,
17160,30,17,10209.16,4.0,5.0,5.0,base-paper quintile,,,
17161,443,1,856.01,1.0,2.0,3.0,base-paper quintile,,,
17162,28,10,1715.46,4.0,5.0,4.0,base-paper quintile,,,
17163,21,4,699.78,4.0,4.0,3.0,base-paper quintile,,,
17164,32,7,2467.35,4.0,4.0,4.0,base-paper quintile,,,
17165,283,6,1794.32,2.0,4.0,4.0,base-paper quintile,,,
17166,38,2,206.34,4.0,3.0,1.0,base-paper quintile,,,
17167,379,3,867.11,2.0,3.0,3.0,base-paper quintile,,,
17168,498,1,400.2,1.0,2.0,2.0,base-paper quintile,,,
17169,57,3,1156.73,4.0,3.0,3.0,base-paper quintile,,,
17170,373,2,178.68,2.0,3.0,1.0,base-paper quintile,,,
17171,288,2,384.59,2.0,3.0,2.0,base-paper quintile,,,
17172,78,3,956.5699999999999,3.0,3.0,3.0,base-paper quintile,,,
17173,4,8,3766.6,5.0,5.0,5.0,base-paper quintile,,,
17174,217,1,59.9,2.0,2.0,1.0,base-paper quintile,,,
17175,43,4,1443.69,4.0,4.0,4.0,base-paper quintile,,,
17176,201,3,902.3199999999999,2.0,3.0,3.0,base-paper quintile,,,
17177,504,1,119.5,1.0,2.0,1.0,base-paper quintile,,,
17178,730,1,436.71,1.0,2.0,2.0,base-paper quintile,,,
17179,177,6,1507.26,3.0,4.0,4.0,base-paper quintile,,,
17180,55,11,2256.98,4.0,5.0,4.0,base-paper quintile,,,
17181,56,3,465.37,4.0,3.0,2.0,base-paper quintile,,,
17182,422,2,321.3,1.0,3.0,2.0,base-paper quintile,,,
17183,7,6,3347.31,5.0,4.0,5.0,base-paper quintile,,,
17184,568,2,198.41000000000003,1.0,3.0,1.0,base-paper quintile,,,
17185,591,3,229.46,1.0,3.0,1.0,base-paper quintile,,,
17186,46,2,144.0,4.0,3.0,1.0,base-paper quintile,,,
17187,226,2,467.71,2.0,3.0,2.0,base-paper quintile,,,
17188,10,13,4592.93,5.0,5.0,5.0,base-paper quintile,,,
17189,105,5,957.63,3.0,4.0,3.0,base-paper quintile,,,
17190,58,7,1743.04,3.0,4.0,4.0,base-paper quintile,,,
17191,27,15,4836.05,4.0,5.0,5.0,base-paper quintile,,,
17192,535,1,77.83,1.0,2.0,1.0,base-paper quintile,,,
17193,35,9,2310.04,4.0,5.0,4.0,base-paper quintile,,,
17194,273,3,812.5,2.0,3.0,3.0,base-paper quintile,,,
17195,654,1,562.98,1.0,2.0,2.0,base-paper quintile,,,
17196,427,1,352.9,1.0,2.0,2.0,base-paper quintile,,,
17197,29,1,1013.01,4.0,2.0,3.0,base-paper quintile,,,
17198,23,3,1213.88,4.0,3.0,3.0,base-paper quintile,,,
17199,581,1,145.12,1.0,2.0,1.0,base-paper quintile,,,
17200,386,4,356.71,2.0,4.0,2.0,base-paper quintile,,,
17201,53,4,1242.04,4.0,4.0,3.0,base-paper quintile,,,
17202,420,1,160.65,1.0,2.0,1.0,base-paper quintile,,,
17203,35,10,5575.88,4.0,5.0,5.0,base-paper quintile,,,
17204,174,9,5504.6900000000005,3.0,5.0,5.0,base-paper quintile,,,
17205,53,3,999.35,4.0,3.0,3.0,base-paper quintile,,,
17206,52,1,204.24,4.0,2.0,1.0,base-paper quintile,,,
17207,651,1,303.21999999999997,1.0,2.0,2.0,base-paper quintile,,,
17208,395,1,115.35,2.0,2.0,1.0,base-paper quintile,,,
17209,648,3,611.6,1.0,3.0,2.0,base-paper quintile,,,
17210,392,1,253.37,2.0,2.0,1.0,base-paper quintile,,,
17211,26,13,4046.65,4.0,5.0,5.0,base-paper quintile,,,
17212,252,3,794.41,2.0,3.0,3.0,base-paper quintile,,,
17213,39,13,5182.3,4.0,5.0,5.0,base-paper quintile,,,
17214,59,6,1069.1200000000001,3.0,4.0,3.0,base-paper quintile,,,
17215,463,1,186.15,1.0,2.0,1.0,base-paper quintile,,,
17216,553,1,65.05,1.0,2.0,1.0,base-paper quintile,,,
17217,233,2,218.0,2.0,3.0,1.0,base-paper quintile,,,
17218,3,18,4192.68,5.0,5.0,5.0,base-paper quintile,,,
17219,31,2,259.13,4.0,3.0,1.0,base-paper quintile,,,
17220,23,21,4481.75,4.0,5.0,5.0,base-paper quintile,,,
17221,6,5,978.52,5.0,4.0,3.0,base-paper quintile,,,
17222,64,6,1605.01,3.0,4.0,4.0,base-paper quintile,,,
17223,309,3,873.53,2.0,3.0,3.0,base-paper quintile,,,
17224,500,1,100.86,1.0,2.0,1.0,base-paper quintile,,,
17225,581,1,131.15,1.0,2.0,1.0,base-paper quintile,,,
17226,308,3,900.12,2.0,3.0,3.0,base-paper quintile,,,
17227,18,12,2022.03,4.0,5.0,4.0,base-paper quintile,,,
17228,15,13,3177.24,5.0,5.0,5.0,base-paper quintile,,,
17229,95,2,318.76,3.0,3.0,2.0,base-paper quintile,,,
17230,263,18,9924.95,2.0,5.0,5.0,base-paper quintile,,,
17231,11,25,7197.04,5.0,5.0,5.0,base-paper quintile,,,
17232,2,2,421.52,5.0,3.0,2.0,base-paper quintile,,,
17233,34,3,560.86,4.0,3.0,2.0,base-paper quintile,,,
17234,182,1,149.89000000000001,3.0,2.0,1.0,base-paper quintile,,,
17235,24,8,1904.8799999999999,4.0,5.0,4.0,base-paper quintile,,,
17236,12,12,1929.26,5.0,5.0,4.0,base-paper quintile,,,
17237,10,4,1002.08,5.0,4.0,3.0,base-paper quintile,,,
17238,2,32,7783.1,5.0,5.0,5.0,base-paper quintile,,,
17239,312,4,1189.45,2.0,4.0,3.0,base-paper quintile,,,
17240,595,1,130.6,1.0,2.0,1.0,base-paper quintile,,,
17241,384,12,2744.14,2.0,5.0,4.0,base-paper quintile,,,
17242,107,5,2889.28,3.0,4.0,4.0,base-paper quintile,,,
17243,0,69,20889.86,5.0,5.0,5.0,base-paper quintile,,,
17244,52,5,1826.04,4.0,4.0,4.0,base-paper quintile,,,
17245,204,2,371.63,2.0,3.0,2.0,base-paper quintile,,,
17246,546,2,38.92,1.0,3.0,1.0,base-paper quintile,,,
17247,14,1,282.19,5.0,2.0,1.0,base-paper quintile,,,
17248,119,2,546.16,3.0,3.0,2.0,base-paper quintile,,,
17249,428,1,68.03,1.0,2.0,1.0,base-paper quintile,,,
17250,3,2,384.52,5.0,3.0,2.0,base-paper quintile,,,
17251,362,3,812.4300000000001,2.0,3.0,3.0,base-paper quintile,,,
17252,116,2,353.86,3.0,3.0,2.0,base-paper quintile,,,
17253,17,1,178.26,5.0,2.0,1.0,base-paper quintile,,,
17254,4,3,470.73,5.0,3.0,2.0,base-paper quintile,,,
17255,40,4,799.13,4.0,4.0,3.0,base-paper quintile,,,
17256,106,5,498.93,3.0,4.0,2.0,base-paper quintile,,,
17257,435,2,192.73,1.0,3.0,1.0,base-paper quintile,,,
17258,396,2,417.3,2.0,3.0,2.0,base-paper quintile,,,
17259,147,6,1889.34,3.0,4.0,4.0,base-paper quintile,,,
17260,410,1,120.95,1.0,2.0,1.0,base-paper quintile,,,
17261,509,1,230.44,1.0,2.0,1.0,base-paper quintile,,,
17262,51,11,2757.62,4.0,5.0,4.0,base-paper quintile,,,
17263,207,1,63.440000000000005,2.0,2.0,1.0,base-paper quintile,,,
17264,423,1,279.59,1.0,2.0,1.0,base-paper quintile,,,
17265,138,2,562.9,3.0,3.0,2.0,base-paper quintile,,,
17266,1,5,517.73,5.0,4.0,2.0,base-paper quintile,,,
17267,126,2,317.62,3.0,3.0,2.0,base-paper quintile,,,
17268,107,11,1733.8899999999999,3.0,5.0,4.0,base-paper quintile,,,
17269,385,1,537.46,2.0,2.0,2.0,base-paper quintile,,,
17270,468,2,604.4,1.0,3.0,2.0,base-paper quintile,,,
17271,735,1,210.39,1.0,2.0,1.0,base-paper quintile,,,
17272,41,4,2148.63,4.0,4.0,4.0,base-paper quintile,,,
17273,423,1,141.12,1.0,2.0,1.0,base-paper quintile,,,
17274,34,2,577.38,4.0,3.0,2.0,base-paper quintile,,,
17275,382,1,114.52,2.0,2.0,1.0,base-paper quintile,,,
17276,401,1,508.39,2.0,2.0,2.0,base-paper quintile,,,
17277,227,2,1065.3500000000001,2.0,3.0,3.0,base-paper quintile,,,
17278,240,2,271.24,2.0,3.0,1.0,base-paper quintile,,,
17279,57,1,187.82999999999998,4.0,2.0,1.0,base-paper quintile,,,
17280,437,1,118.85999999999999,1.0,2.0,1.0,base-paper quintile,,,
17281,373,6,797.8499999999999,2.0,4.0,3.0,base-paper quintile,,,
17282,129,5,2339.66,3.0,4.0,4.0,base-paper quintile,,,
17283,378,1,188.46,2.0,2.0,1.0,base-paper quintile,,,
17284,59,8,2793.16,3.0,5.0,4.0,base-paper quintile,,,
17285,627,2,428.34,1.0,3.0,2.0,base-paper quintile,,,
17286,21,3,395.48,4.0,3.0,2.0,base-paper quintile,,,
17287,25,21,4111.96,4.0,5.0,5.0,base-paper quintile,,,
17288,8,11,2499.98,5.0,5.0,4.0,base-paper quintile,,,
17289,31,9,2079.39,4.0,5.0,4.0,base-paper quintile,,,
17290,3,8,1501.44,5.0,5.0,4.0,base-paper quintile,,,
17291,307,1,550.8000000000001,2.0,2.0,2.0,base-paper quintile,,,
17292,471,2,271.75,1.0,3.0,1.0,base-paper quintile,,,
17293,7,17,3774.23,5.0,5.0,5.0,base-paper quintile,,,
17294,668,2,467.78999999999996,1.0,3.0,2.0,base-paper quintile,,,
17295,28,3,556.95,4.0,3.0,2.0,base-paper quintile,,,
17296,729,1,338.13,1.0,2.0,2.0,base-paper quintile,,,
17297,16,1,131.78,5.0,2.0,1.0,base-paper quintile,,,
17298,100,5,957.5600000000001,3.0,4.0,3.0,base-paper quintile,,,
17299,11,6,1016.08,5.0,4.0,3.0,base-paper quintile,,,
17300,390,2,393.64,2.0,3.0,2.0,base-paper quintile,,,
17301,20,2,330.43,4.0,3.0,2.0,base-paper quintile,,,
17302,14,5,1135.63,5.0,4.0,3.0,base-paper quintile,,,
17303,360,1,250.04,2.0,2.0,1.0,base-paper quintile,,,
17304,533,1,111.5,1.0,2.0,1.0,base-paper quintile,,,
17305,648,1,2135.46,1.0,2.0,4.0,base-paper quintile,,,
17306,10,21,9782.35,5.0,5.0,5.0,base-paper quintile,,,
17307,394,11,3999.8900000000003,2.0,5.0,5.0,base-paper quintile,,,
17308,392,2,4511.76,2.0,3.0,5.0,base-paper quintile,,,
17309,94,3,330.59000000000003,3.0,3.0,2.0,base-paper quintile,,,
17310,386,2,1025.1,2.0,3.0,3.0,base-paper quintile,,,
17311,77,6,3566.56,3.0,4.0,5.0,base-paper quintile,,,
17312,138,3,644.3,3.0,3.0,3.0,base-paper quintile,,,
17313,30,1,2328.84,4.0,2.0,4.0,base-paper quintile,,,
17314,24,17,4904.43,4.0,5.0,5.0,base-paper quintile,,,
17315,1,43,9650.6,5.0,5.0,5.0,base-paper quintile,,,
17316,419,1,124.45,1.0,2.0,1.0,base-paper quintile,,,
17317,45,3,2600.34,4.0,3.0,4.0,base-paper quintile,,,
17318,724,1,164.28,1.0,2.0,1.0,base-paper quintile,,,
17319,668,1,29.1,1.0,2.0,1.0,base-paper quintile,,,
17320,99,6,2895.77,3.0,4.0,4.0,base-paper quintile,,,
17321,7,6,1741.18,5.0,4.0,4.0,base-paper quintile,,,
17322,375,5,922.59,2.0,4.0,3.0,base-paper quintile,,,
17323,14,12,1565.59,5.0,5.0,4.0,base-paper quintile,,,
17324,17,12,2301.87,5.0,5.0,4.0,base-paper quintile,,,
17325,279,3,609.5699999999999,2.0,3.0,2.0,base-paper quintile,,,
17326,407,2,321.95,2.0,3.0,2.0,base-paper quintile,,,
17327,409,2,152.35,2.0,3.0,1.0,base-paper quintile,,,
17328,672,1,104.7,1.0,2.0,1.0,base-paper quintile,,,
17329,13,5,1004.4300000000001,5.0,4.0,3.0,base-paper quintile,,,
17330,22,4,423.8,4.0,4.0,2.0,base-paper quintile,,,
17331,123,1,175.2,3.0,2.0,1.0,base-paper quintile,,,
17332,527,5,838.27,1.0,4.0,3.0,base-paper quintile,,,
17333,85,1,494.25,3.0,2.0,2.0,base-paper quintile,,,
17334,301,3,635.15,2.0,3.0,3.0,base-paper quintile,,,
17335,383,2,508.0,2.0,3.0,2.0,base-paper quintile,,,
17336,471,1,81.12,1.0,2.0,1.0,base-paper quintile,,,
17337,150,4,2027.8700000000001,3.0,4.0,4.0,base-paper quintile,,,
17338,16,17,12142.57,5.0,5.0,5.0,base-paper quintile,,,
17339,93,3,362.36,3.0,3.0,2.0,base-paper quintile,,,
17340,29,18,22404.82,4.0,5.0,5.0,base-paper quintile,,,
17341,156,5,1889.83,3.0,4.0,4.0,base-paper quintile,,,
17342,379,4,1227.54,2.0,4.0,3.0,base-paper quintile,,,
17343,354,6,1259.94,2.0,4.0,4.0,base-paper quintile,,,
17344,45,2,468.11,4.0,3.0,2.0,base-paper quintile,,,
17345,14,10,1604.68,5.0,5.0,4.0,base-paper quintile,,,
17346,3,26,5323.0,5.0,5.0,5.0,base-paper quintile,,,
17347,85,1,228.96,3.0,2.0,1.0,base-paper quintile,,,
17348,14,9,2476.41,5.0,5.0,4.0,base-paper quintile,,,
17349,178,5,852.25,3.0,4.0,3.0,base-paper quintile,,,
17350,7,7,1906.041,5.0,4.0,4.0,base-paper quintile,,,
17351,35,12,1988.23,4.0,5.0,4.0,base-paper quintile,,,
17352,695,1,36.25,1.0,2.0,1.0,base-paper quintile,,,
17353,128,4,3242.0,3.0,4.0,5.0,base-paper quintile,,,
17354,50,4,3143.46,4.0,4.0,5.0,base-paper quintile,,,
17355,385,1,285.11,2.0,2.0,1.0,base-paper quintile,,,
17356,311,5,946.47,2.0,4.0,3.0,base-paper quintile,,,
17357,23,2,388.14,4.0,3.0,2.0,base-paper quintile,,,
17358,302,5,866.05,2.0,4.0,3.0,base-paper quintile,,,
17359,10,2,284.46,5.0,3.0,1.0,base-paper quintile,,,
17360,16,6,1231.3799999999999,5.0,4.0,3.0,base-paper quintile,,,
17361,48,5,880.64,4.0,4.0,3.0,base-paper quintile,,,
17362,238,7,1024.04,2.0,4.0,3.0,base-paper quintile,,,
17363,394,3,940.86,2.0,3.0,3.0,base-paper quintile,,,
17364,0,28,12070.42,5.0,5.0,5.0,base-paper quintile,,,
17365,12,15,8224.98,5.0,5.0,5.0,base-paper quintile,,,
17366,431,2,1096.24,1.0,3.0,3.0,base-paper quintile,,,
17367,237,1,168.4,2.0,2.0,1.0,base-paper quintile,,,
17368,22,14,2826.14,4.0,5.0,4.0,base-paper quintile,,,
17369,455,1,979.1999999999999,1.0,2.0,3.0,base-paper quintile,,,
17370,72,4,446.18,3.0,4.0,2.0,base-paper quintile,,,
17371,16,6,662.55,5.0,4.0,3.0,base-paper quintile,,,
17372,40,28,4377.56,4.0,5.0,5.0,base-paper quintile,,,
17373,39,7,1167.5,4.0,4.0,3.0,base-paper quintile,,,
17374,218,3,727.11,2.0,3.0,3.0,base-paper quintile,,,
17375,198,4,660.55,2.0,4.0,3.0,base-paper quintile,,,
17376,70,4,453.64,3.0,4.0,2.0,base-paper quintile,,,
17377,23,78,18319.41,4.0,5.0,5.0,base-paper quintile,,,
17378,373,1,10.95,2.0,2.0,1.0,base-paper quintile,,,
17379,10,1,404.66,5.0,2.0,2.0,base-paper quintile,,,
17380,433,3,645.0,1.0,3.0,3.0,base-paper quintile,,,
17381,8,38,40002.37,5.0,5.0,5.0,base-paper quintile,,,
17382,64,8,902.28,3.0,5.0,3.0,base-paper quintile,,,
17383,3,2,309.99,5.0,3.0,2.0,base-paper quintile,,,
17384,18,3,507.55,4.0,3.0,2.0,base-paper quintile,,,
17385,14,1,261.11,5.0,2.0,1.0,base-paper quintile,,,
17386,7,7,2812.77,5.0,4.0,4.0,base-paper quintile,,,
17387,19,2,784.11,4.0,3.0,3.0,base-paper quintile,,,
17388,77,11,2691.57,3.0,5.0,4.0,base-paper quintile,,,
17389,0,61,57224.68,5.0,5.0,5.0,base-paper quintile,,,
17390,420,1,149.3,1.0,2.0,1.0,base-paper quintile,,,
17391,163,2,508.8,3.0,3.0,2.0,base-paper quintile,,,
17392,306,3,626.56,2.0,3.0,3.0,base-paper quintile,,,
17393,410,2,381.15,1.0,3.0,2.0,base-paper quintile,,,
17394,218,1,203.86999999999998,2.0,2.0,1.0,base-paper quintile,,,
17395,507,1,97.5,1.0,2.0,1.0,base-paper quintile,,,
17396,38,14,8807.1,4.0,5.0,5.0,base-paper quintile,,,
17397,21,3,1233.18,4.0,3.0,3.0,base-paper quintile,,,
17398,114,3,653.38,3.0,3.0,3.0,base-paper quintile,,,
17400,125,8,4677.05,3.0,5.0,5.0,base-paper quintile,,,
17401,540,1,114.85,1.0,2.0,1.0,base-paper quintile,,,
17402,4,23,5096.18,5.0,5.0,5.0,base-paper quintile,,,
17403,35,2,400.57,4.0,3.0,2.0,base-paper quintile,,,
17404,3,23,47781.12,5.0,5.0,5.0,base-paper quintile,,,
17405,0,3,1031.41,5.0,3.0,3.0,base-paper quintile,,,
17406,332,13,4905.05,2.0,5.0,5.0,base-paper quintile,,,
17407,411,1,552.9,1.0,2.0,2.0,base-paper quintile,,,
17408,162,3,316.09000000000003,3.0,3.0,2.0,base-paper quintile,,,
17409,184,10,7793.51,3.0,5.0,5.0,base-paper quintile,,,
17410,15,5,1214.72,5.0,4.0,3.0,base-paper quintile,,,
17411,11,5,1425.38,5.0,4.0,4.0,base-paper quintile,,,
17412,2,16,4417.52,5.0,5.0,5.0,base-paper quintile,,,
17413,404,2,560.14,2.0,3.0,2.0,base-paper quintile,,,
17414,43,6,2249.52,4.0,4.0,4.0,base-paper quintile,,,
17415,79,1,507.84,3.0,2.0,2.0,base-paper quintile,,,
17416,29,22,17298.45,4.0,5.0,5.0,base-paper quintile,,,
17417,548,1,164.18,1.0,2.0,1.0,base-paper quintile,,,
17418,41,3,670.0600000000001,4.0,3.0,3.0,base-paper quintile,,,
17419,10,18,6500.52,5.0,5.0,5.0,base-paper quintile,,,
17420,49,6,1084.43,4.0,4.0,3.0,base-paper quintile,,,
17421,385,3,1059.41,2.0,3.0,3.0,base-paper quintile,,,
17422,15,11,3594.76,5.0,5.0,5.0,base-paper quintile,,,
17423,45,3,1118.95,4.0,3.0,3.0,base-paper quintile,,,
17425,18,2,759.17,4.0,3.0,3.0,base-paper quintile,,,
17426,7,13,8077.77,5.0,5.0,5.0,base-paper quintile,,,
17427,71,1,100.8,3.0,2.0,1.0,base-paper quintile,,,
17428,0,45,31819.760000000002,5.0,5.0,5.0,base-paper quintile,,,
17429,127,5,1357.46,3.0,4.0,4.0,base-paper quintile,,,
17430,32,4,735.17,4.0,4.0,3.0,base-paper quintile,,,
17431,312,1,403.3,2.0,2.0,2.0,base-paper quintile,,,
17432,17,9,1751.39,5.0,5.0,4.0,base-paper quintile,,,
17433,87,2,569.96,3.0,3.0,2.0,base-paper quintile,,,
17434,1,7,2373.82,5.0,4.0,4.0,base-paper quintile,,,
17435,410,1,331.35,1.0,2.0,2.0,base-paper quintile,,,
17436,1,5,534.06,5.0,4.0,2.0,base-paper quintile,,,
17437,529,1,373.17,1.0,2.0,2.0,base-paper quintile,,,
17438,253,5,1422.77,2.0,4.0,4.0,base-paper quintile,,,
17439,655,1,325.74,1.0,2.0,2.0,base-paper quintile,,,
17440,156,4,323.58,3.0,4.0,2.0,base-paper quintile,,,
17441,731,1,293.35,1.0,2.0,2.0,base-paper quintile,,,
17442,36,15,4620.3,4.0,5.0,5.0,base-paper quintile,,,
17443,219,1,534.24,2.0,2.0,2.0,base-paper quintile,,,
17444,147,3,2940.04,3.0,3.0,4.0,base-paper quintile,,,
17446,176,2,120.9,3.0,3.0,1.0,base-paper quintile,,,
17447,39,2,541.53,4.0,3.0,2.0,base-paper quintile,,,
17448,496,46,14556.97,1.0,5.0,5.0,base-paper quintile,,,
17449,1,13,4951.15,5.0,5.0,5.0,base-paper quintile,,,
17450,7,51,246973.09,5.0,5.0,5.0,base-paper quintile,,,
17451,0,7,1721.4,5.0,4.0,4.0,base-paper quintile,,,
17453,17,2,486.71999999999997,5.0,3.0,2.0,base-paper quintile,,,
17454,191,10,1547.94,2.0,5.0,4.0,base-paper quintile,,,
17455,203,1,131.7,2.0,2.0,1.0,base-paper quintile,,,
17456,364,2,1225.42,2.0,3.0,3.0,base-paper quintile,,,
17457,126,14,5984.8099999999995,3.0,5.0,5.0,base-paper quintile,,,
17458,14,2,529.58,5.0,3.0,2.0,base-paper quintile,,,
17459,42,2,657.3,4.0,3.0,3.0,base-paper quintile,,,
17460,93,16,2228.27,3.0,5.0,4.0,base-paper quintile,,,
17461,22,3,757.46,4.0,3.0,3.0,base-paper quintile,,,
17462,59,2,675.69,3.0,3.0,3.0,base-paper quintile,,,
17463,15,7,2557.91,5.0,4.0,4.0,base-paper quintile,,,
17464,157,3,1000.94,3.0,3.0,3.0,base-paper quintile,,,
17465,425,7,2542.79,1.0,4.0,4.0,base-paper quintile,,,
17466,9,2,763.28,5.0,3.0,3.0,base-paper quintile,,,
17467,394,1,102.6,2.0,2.0,1.0,base-paper quintile,,,
17468,9,3,194.8,5.0,3.0,1.0,base-paper quintile,,,
17469,15,17,5051.25,5.0,5.0,5.0,base-paper quintile,,,
17470,44,11,2804.87,4.0,5.0,4.0,base-paper quintile,,,
17471,474,1,321.65000000000003,1.0,2.0,2.0,base-paper quintile,,,
17472,190,4,935.1,2.0,4.0,3.0,base-paper quintile,,,
17473,408,2,607.0,2.0,3.0,2.0,base-paper quintile,,,
17474,599,1,1047.0,1.0,2.0,3.0,base-paper quintile,,,
17475,78,1,194.37,3.0,2.0,1.0,base-paper quintile,,,
17476,395,2,489.86,2.0,3.0,2.0,base-paper quintile,,,
17477,612,2,1144.3,1.0,3.0,3.0,base-paper quintile,,,
17478,407,2,1272.8,2.0,3.0,4.0,base-paper quintile,,,
17479,632,1,389.26000000000005,1.0,2.0,2.0,base-paper quintile,,,
17480,77,2,902.03,3.0,3.0,3.0,base-paper quintile,,,
17481,3,4,1255.59,5.0,4.0,4.0,base-paper quintile,,,
17482,486,2,778.19,1.0,3.0,3.0,base-paper quintile,,,
17483,64,4,591.73,3.0,4.0,2.0,base-paper quintile,,,
17484,575,2,209.57,1.0,3.0,1.0,base-paper quintile,,,
17486,260,1,396.87,2.0,2.0,2.0,base-paper quintile,,,
17487,727,1,160.55,1.0,2.0,1.0,base-paper quintile,,,
17488,640,1,336.5,1.0,2.0,2.0,base-paper quintile,,,
17489,58,2,376.64,3.0,3.0,2.0,base-paper quintile,,,
17490,0,9,2750.5,5.0,5.0,4.0,base-paper quintile,,,
17491,0,17,5981.07,5.0,5.0,5.0,base-paper quintile,,,
17492,247,3,1122.42,2.0,3.0,3.0,base-paper quintile,,,
17493,384,1,100.91000000000001,2.0,2.0,1.0,base-paper quintile,,,
17494,501,1,54.699999999999996,1.0,2.0,1.0,base-paper quintile,,,
17495,7,3,806.72,5.0,3.0,3.0,base-paper quintile,,,
17496,358,4,1412.89,2.0,4.0,4.0,base-paper quintile,,,
17497,389,2,287.25,2.0,3.0,1.0,base-paper quintile,,,
17498,75,1,272.22,3.0,2.0,1.0,base-paper quintile,,,
17499,289,2,1341.39,2.0,3.0,4.0,base-paper quintile,,,
17500,16,3,1138.0,5.0,3.0,3.0,base-paper quintile,,,
17501,220,2,288.6,2.0,3.0,1.0,base-paper quintile,,,
17502,8,4,689.1,5.0,4.0,3.0,base-paper quintile,,,
17503,2,2,558.96,5.0,3.0,2.0,base-paper quintile,,,
17504,205,18,9565.12,2.0,5.0,5.0,base-paper quintile,,,
17505,161,5,2435.48,3.0,4.0,4.0,base-paper quintile,,,
17506,75,1,302.2,3.0,2.0,2.0,base-paper quintile,,,
17507,261,2,605.58,2.0,3.0,2.0,base-paper quintile,,,
17508,280,8,4579.23,2.0,5.0,5.0,base-paper quintile,,,
17509,57,8,6115.14,4.0,5.0,5.0,base-paper quintile,,,
17510,24,2,514.56,4.0,3.0,2.0,base-paper quintile,,,
17511,2,60,175603.55,5.0,5.0,5.0,base-paper quintile,,,
17512,28,18,5467.820000000001,4.0,5.0,5.0,base-paper quintile,,,
17513,71,3,1158.8,3.0,3.0,3.0,base-paper quintile,,,
17514,127,2,542.83,3.0,3.0,2.0,base-paper quintile,,,
17515,30,9,1617.46,4.0,5.0,4.0,base-paper quintile,,,
17516,14,6,957.55,5.0,4.0,3.0,base-paper quintile,,,
17517,308,1,153.94,2.0,2.0,1.0,base-paper quintile,,,
17518,425,2,329.42,1.0,3.0,2.0,base-paper quintile,,,
17519,16,15,5109.47,5.0,5.0,5.0,base-paper quintile,,,
17520,53,1,546.81,4.0,2.0,2.0,base-paper quintile,,,
17521,29,5,1278.06,4.0,4.0,4.0,base-paper quintile,,,
17522,1,5,1070.71,5.0,4.0,3.0,base-paper quintile,,,
17523,10,4,652.74,5.0,4.0,3.0,base-paper quintile,,,
17524,360,3,539.14,2.0,3.0,2.0,base-paper quintile,,,
17525,359,3,1161.9,2.0,3.0,3.0,base-paper quintile,,,
17526,4,12,4166.04,5.0,5.0,5.0,base-paper quintile,,,
17527,53,4,939.37,4.0,4.0,3.0,base-paper quintile,,,
17528,0,8,3628.5,5.0,5.0,5.0,base-paper quintile,,,
17529,609,2,1240.25,1.0,3.0,3.0,base-paper quintile,,,
17530,0,12,3141.51,5.0,5.0,5.0,base-paper quintile,,,
17531,189,3,1266.82,2.0,3.0,4.0,base-paper quintile,,,
17532,385,1,65.34,2.0,2.0,1.0,base-paper quintile,,,
17533,434,1,34.8,1.0,2.0,1.0,base-paper quintile,,,
17534,53,5,1668.83,4.0,4.0,4.0,base-paper quintile,,,
17535,279,1,164.4,2.0,2.0,1.0,base-paper quintile,,,
17536,176,3,364.83,3.0,3.0,2.0,base-paper quintile,,,
17537,29,2,897.62,4.0,3.0,3.0,base-paper quintile,,,
17538,25,1,98.42,4.0,2.0,1.0,base-paper quintile,,,
17539,617,4,1226.57,1.0,4.0,3.0,base-paper quintile,,,
17540,24,6,1590.6000000000001,4.0,4.0,4.0,base-paper quintile,,,
17541,509,1,124.46,1.0,2.0,1.0,base-paper quintile,,,
17542,269,3,341.7,2.0,3.0,2.0,base-paper quintile,,,
17543,549,1,120.05,1.0,2.0,1.0,base-paper quintile,,,
17544,389,3,960.69,2.0,3.0,3.0,base-paper quintile,,,
17545,42,6,1448.54,4.0,4.0,4.0,base-paper quintile,,,
17547,375,2,727.85,2.0,3.0,3.0,base-paper quintile,,,
17548,233,4,731.26,2.0,4.0,3.0,base-paper quintile,,,
17549,23,2,148.86,4.0,3.0,1.0,base-paper quintile,,,
17550,196,9,2547.64,2.0,5.0,4.0,base-paper quintile,,,
17551,358,1,306.84,2.0,2.0,2.0,base-paper quintile,,,
17552,59,12,3085.29,3.0,5.0,5.0,base-paper quintile,,,
17553,129,4,3757.6,3.0,4.0,5.0,base-paper quintile,,,
17554,0,5,1952.45,5.0,4.0,4.0,base-paper quintile,,,
17555,19,5,1057.74,4.0,4.0,3.0,base-paper quintile,,,
17556,205,2,300.67,2.0,3.0,2.0,base-paper quintile,,,
17557,13,4,575.46,5.0,4.0,2.0,base-paper quintile,,,
17558,392,1,259.17,2.0,2.0,1.0,base-paper quintile,,,
17559,512,1,167.62,1.0,2.0,1.0,base-paper quintile,,,
17560,94,8,1895.8,3.0,5.0,4.0,base-paper quintile,,,
17561,18,4,722.34,4.0,4.0,3.0,base-paper quintile,,,
17562,13,7,1122.38,5.0,4.0,3.0,base-paper quintile,,,
17563,577,2,392.38,1.0,3.0,2.0,base-paper quintile,,,
17564,23,3,454.01,4.0,3.0,2.0,base-paper quintile,,,
17565,586,1,131.83,1.0,2.0,1.0,base-paper quintile,,,
17566,7,2,901.21,5.0,3.0,3.0,base-paper quintile,,,
17567,6,9,5356.03,5.0,5.0,5.0,base-paper quintile,,,
17568,632,1,382.79,1.0,2.0,2.0,base-paper quintile,,,
17569,331,1,344.14,2.0,2.0,2.0,base-paper quintile,,,
17570,381,1,100.0,2.0,2.0,1.0,base-paper quintile,,,
17571,49,5,1703.75,4.0,4.0,4.0,base-paper quintile,,,
17572,70,10,723.01,3.0,5.0,3.0,base-paper quintile,,,
17573,28,3,380.6,4.0,3.0,2.0,base-paper quintile,,,
17574,242,1,185.65,2.0,2.0,1.0,base-paper quintile,,,
17575,666,1,171.7,1.0,2.0,1.0,base-paper quintile,,,
17576,7,41,9056.81,5.0,5.0,5.0,base-paper quintile,,,
17577,644,2,348.75,1.0,3.0,2.0,base-paper quintile,,,
17578,217,7,1047.33,2.0,4.0,3.0,base-paper quintile,,,
17579,4,4,753.28,5.0,4.0,3.0,base-paper quintile,,,
17580,252,5,545.27,2.0,4.0,2.0,base-paper quintile,,,
17581,0,43,18757.75,5.0,5.0,5.0,base-paper quintile,,,
17582,235,5,1450.7,2.0,4.0,4.0,base-paper quintile,,,
17583,559,1,135.95,1.0,2.0,1.0,base-paper quintile,,,
17584,6,6,5309.42,5.0,4.0,5.0,base-paper quintile,,,
17585,108,7,2093.3,3.0,4.0,4.0,base-paper quintile,,,
17586,618,1,167.4,1.0,2.0,1.0,base-paper quintile,,,
17587,627,1,181.66,1.0,2.0,1.0,base-paper quintile,,,
17588,99,7,2939.55,3.0,4.0,4.0,base-paper quintile,,,
17589,59,18,14049.87,3.0,5.0,5.0,base-paper quintile,,,
17590,1,3,1479.22,5.0,3.0,4.0,base-paper quintile,,,
17591,72,8,2776.67,3.0,5.0,4.0,base-paper quintile,,,
17592,738,1,148.3,1.0,2.0,1.0,base-paper quintile,,,
17593,3,11,8095.8,5.0,5.0,5.0,base-paper quintile,,,
17594,84,4,2497.88,3.0,4.0,4.0,base-paper quintile,,,
17595,11,2,388.79,5.0,3.0,2.0,base-paper quintile,,,
17596,22,13,4920.67,4.0,5.0,5.0,base-paper quintile,,,
17597,213,5,3484.09,2.0,4.0,5.0,base-paper quintile,,,
17598,380,1,409.98,2.0,2.0,2.0,base-paper quintile,,,
17599,477,1,52.05,1.0,2.0,1.0,base-paper quintile,,,
17600,17,1,161.67000000000002,5.0,2.0,1.0,base-paper quintile,,,
17601,238,2,421.48,2.0,3.0,2.0,base-paper quintile,,,
17602,1,14,7451.13,5.0,5.0,5.0,base-paper quintile,,,
17603,77,4,1793.48,3.0,4.0,4.0,base-paper quintile,,,
17604,216,6,945.9300000000001,2.0,4.0,3.0,base-paper quintile,,,
17605,589,1,160.75,1.0,2.0,1.0,base-paper quintile,,,
17606,736,1,87.30000000000001,1.0,2.0,1.0,base-paper quintile,,,
17607,375,1,333.81,2.0,2.0,2.0,base-paper quintile,,,
17608,32,4,498.53,4.0,4.0,2.0,base-paper quintile,,,
17609,40,11,1894.34,4.0,5.0,4.0,base-paper quintile,,,
17610,539,5,1529.49,1.0,4.0,4.0,base-paper quintile,,,
17611,6,28,8371.98,5.0,5.0,5.0,base-paper quintile,,,
17612,52,18,5394.86,4.0,5.0,5.0,base-paper quintile,,,
17613,22,14,4559.150000000001,4.0,5.0,5.0,base-paper quintile,,,
17614,56,1,390.07,4.0,2.0,2.0,base-paper quintile,,,
17615,129,6,733.2,3.0,4.0,3.0,base-paper quintile,,,
17616,173,4,1060.8,3.0,4.0,3.0,base-paper quintile,,,
17617,558,1,395.33,1.0,2.0,2.0,base-paper quintile,,,
17618,5,11,4073.2400000000002,5.0,5.0,5.0,base-paper quintile,,,
17619,311,1,218.52,2.0,2.0,1.0,base-paper quintile,,,
17620,59,1,81.44,3.0,2.0,1.0,base-paper quintile,,,
17621,20,6,3175.12,4.0,4.0,5.0,base-paper quintile,,,
17622,597,2,1130.21,1.0,3.0,3.0,base-paper quintile,,,
17623,32,7,2383.67,4.0,4.0,4.0,base-paper quintile,,,
17624,14,4,1568.63,5.0,4.0,4.0,base-paper quintile,,,
17625,17,8,6067.8,5.0,5.0,5.0,base-paper quintile,,,
17626,602,1,254.0,1.0,2.0,1.0,base-paper quintile,,,
17627,478,1,296.36,1.0,2.0,2.0,base-paper quintile,,,
17628,80,1,75.75,3.0,2.0,1.0,base-paper quintile,,,
17629,5,10,2455.52,5.0,5.0,4.0,base-paper quintile,,,
17630,169,2,503.59999999999997,3.0,3.0,2.0,base-paper quintile,,,
17631,1,7,998.49,5.0,4.0,3.0,base-paper quintile,,,
17633,30,7,2057.39,4.0,4.0,4.0,base-paper quintile,,,
17634,35,9,2361.9700000000003,4.0,5.0,4.0,base-paper quintile,,,
17635,423,3,1265.58,1.0,3.0,4.0,base-paper quintile,,,
17636,18,1,285.56,4.0,2.0,1.0,base-paper quintile,,,
17637,30,2,547.0600000000001,4.0,3.0,2.0,base-paper quintile,,,
17638,646,2,842.4,1.0,3.0,3.0,base-paper quintile,,,
17639,275,6,615.17,2.0,4.0,2.0,base-paper quintile,,,
17640,86,6,3168.94,3.0,4.0,5.0,base-paper quintile,,,
17642,119,5,1824.49,3.0,4.0,4.0,base-paper quintile,,,
17643,372,2,541.25,2.0,3.0,2.0,base-paper quintile,,,
17644,0,20,6028.6,5.0,5.0,5.0,base-paper quintile,,,
17646,218,12,4149.79,2.0,5.0,5.0,base-paper quintile,,,
17647,64,3,331.65999999999997,3.0,3.0,2.0,base-paper quintile,,,
17648,60,5,2216.37,3.0,4.0,4.0,base-paper quintile,,,
17649,137,3,1578.89,3.0,3.0,4.0,base-paper quintile,,,
17650,20,1,166.08,4.0,2.0,1.0,base-paper quintile,,,
17651,11,16,5703.52,5.0,5.0,5.0,base-paper quintile,,,
17652,24,12,4867.72,4.0,5.0,5.0,base-paper quintile,,,
17653,36,4,1207.56,4.0,4.0,3.0,base-paper quintile,,,
17654,276,1,117.55,2.0,2.0,1.0,base-paper quintile,,,
17655,10,9,3652.48,5.0,5.0,5.0,base-paper quintile,,,
17656,72,5,1674.69,3.0,4.0,4.0,base-paper quintile,,,
17657,429,1,126.0,1.0,2.0,1.0,base-paper quintile,,,
17658,25,2,595.42,4.0,3.0,2.0,base-paper quintile,,,
17659,16,14,3834.79,5.0,5.0,5.0,base-paper quintile,,,
17660,140,2,359.47,3.0,3.0,2.0,base-paper quintile,,,
17662,661,2,412.92,1.0,3.0,2.0,base-paper quintile,,,
17663,25,17,5175.83,4.0,5.0,5.0,base-paper quintile,,,
17664,18,4,1166.23,4.0,4.0,3.0,base-paper quintile,,,
17665,492,1,563.1,1.0,2.0,2.0,base-paper quintile,,,
17666,3,5,2047.8,5.0,4.0,4.0,base-paper quintile,,,
17667,65,9,3950.7,3.0,5.0,5.0,base-paper quintile,,,
17668,0,2,347.75,5.0,3.0,2.0,base-paper quintile,,,
17669,42,10,6142.35,4.0,5.0,5.0,base-paper quintile,,,
17670,227,1,205.7,2.0,2.0,1.0,base-paper quintile,,,
17671,15,5,2403.34,5.0,4.0,4.0,base-paper quintile,,,
17672,49,7,5778.63,4.0,4.0,5.0,base-paper quintile,,,
17673,1,13,4233.58,5.0,5.0,5.0,base-paper quintile,,,
17674,73,2,851.7,3.0,3.0,3.0,base-paper quintile,,,
17675,0,70,38259.6,5.0,5.0,5.0,base-paper quintile,,,
17676,3,10,2765.84,5.0,5.0,4.0,base-paper quintile,,,
17677,1,54,36692.91,5.0,5.0,5.0,base-paper quintile,,,
17678,263,2,599.76,2.0,3.0,2.0,base-paper quintile,,,
17679,52,7,3577.61,4.0,4.0,5.0,base-paper quintile,,,
17680,23,3,497.45,4.0,3.0,2.0,base-paper quintile,,,
17681,596,5,731.2,1.0,4.0,3.0,base-paper quintile,,,
17682,9,11,4456.78,5.0,5.0,5.0,base-paper quintile,,,
17683,385,3,819.01,2.0,3.0,3.0,base-paper quintile,,,
17684,43,1,239.41,4.0,2.0,1.0,base-paper quintile,,,
17685,16,12,5943.17,5.0,5.0,5.0,base-paper quintile,,,
17686,6,9,8296.81,5.0,5.0,5.0,base-paper quintile,,,
17687,420,1,432.68,1.0,2.0,2.0,base-paper quintile,,,
17688,393,1,304.2,2.0,2.0,2.0,base-paper quintile,,,
17689,387,2,317.08,2.0,3.0,2.0,base-paper quintile,,,
17690,29,20,7448.1,4.0,5.0,5.0,base-paper quintile,,,
17691,357,4,780.0500000000001,2.0,4.0,3.0,base-paper quintile,,,
17692,126,12,2975.8,3.0,5.0,5.0,base-paper quintile,,,
17693,136,1,200.47,3.0,2.0,1.0,base-paper quintile,,,
17694,141,3,1695.97,3.0,3.0,4.0,base-paper quintile,,,
17695,131,5,1746.04,3.0,4.0,4.0,base-paper quintile,,,
17696,37,27,7679.59,4.0,5.0,5.0,base-paper quintile,,,
17697,235,1,338.95,2.0,2.0,2.0,base-paper quintile,,,
17698,260,1,154.95,2.0,2.0,1.0,base-paper quintile,,,
17699,476,2,442.0,1.0,3.0,2.0,base-paper quintile,,,
17700,16,14,6679.97,5.0,5.0,5.0,base-paper quintile,,,
17701,252,1,417.95,2.0,2.0,2.0,base-paper quintile,,,
17702,29,6,3144.04,4.0,4.0,5.0,base-paper quintile,,,
17703,34,4,1094.84,4.0,4.0,3.0,base-paper quintile,,,
17704,168,2,885.19,3.0,3.0,3.0,base-paper quintile,,,
17705,2,11,2083.9,5.0,5.0,4.0,base-paper quintile,,,
17706,3,31,20749.98,5.0,5.0,5.0,base-paper quintile,,,
17707,184,8,609.3000000000001,3.0,5.0,2.0,base-paper quintile,,,
17708,187,4,887.9300000000001,3.0,4.0,3.0,base-paper quintile,,,
17709,169,5,671.01,3.0,4.0,3.0,base-paper quintile,,,
17710,423,1,293.5,1.0,2.0,2.0,base-paper quintile,,,
17711,10,2,385.1,5.0,3.0,2.0,base-paper quintile,,,
17712,44,1,522.91,4.0,2.0,2.0,base-paper quintile,,,
17713,381,4,1198.09,2.0,4.0,3.0,base-paper quintile,,,
17714,320,5,1410.18,2.0,4.0,4.0,base-paper quintile,,,
17715,200,2,489.59999999999997,2.0,3.0,2.0,base-paper quintile,,,
17716,22,24,15956.97,4.0,5.0,5.0,base-paper quintile,,,
17717,420,1,376.92,1.0,2.0,2.0,base-paper quintile,,,
17718,231,2,439.18,2.0,3.0,2.0,base-paper quintile,,,
17719,37,15,5396.04,4.0,5.0,5.0,base-paper quintile,,,
17720,25,10,2768.91,4.0,5.0,4.0,base-paper quintile,,,
17721,658,1,307.21000000000004,1.0,2.0,2.0,base-paper quintile,,,
17722,95,5,4430.36,3.0,4.0,5.0,base-paper quintile,,,
17723,126,7,3378.4000000000005,3.0,4.0,5.0,base-paper quintile,,,
17724,70,3,1033.0,3.0,3.0,3.0,base-paper quintile,,,
17725,15,11,3439.08,5.0,5.0,5.0,base-paper quintile,,,
17726,394,7,1092.06,2.0,4.0,3.0,base-paper quintile,,,
17727,14,1,1060.25,5.0,2.0,3.0,base-paper quintile,,,
17728,3,5,4238.76,5.0,4.0,5.0,base-paper quintile,,,
17729,595,1,438.65000000000003,1.0,2.0,2.0,base-paper quintile,,,
17730,2,20,7773.8,5.0,5.0,5.0,base-paper quintile,,,
17731,78,6,1708.99,3.0,4.0,4.0,base-paper quintile,,,
17732,372,8,2470.39,2.0,5.0,4.0,base-paper quintile,,,
17733,38,2,692.19,4.0,3.0,3.0,base-paper quintile,,,
17734,53,6,1442.32,4.0,4.0,4.0,base-paper quintile,,,
17735,1,26,17244.93,5.0,5.0,5.0,base-paper quintile,,,
17736,8,3,377.44,5.0,3.0,2.0,base-paper quintile,,,
17737,8,2,168.24,5.0,3.0,1.0,base-paper quintile,,,
17738,18,13,4183.56,4.0,5.0,5.0,base-paper quintile,,,
17739,11,18,7730.59,5.0,5.0,5.0,base-paper quintile,,,
17740,388,6,426.9,2.0,4.0,2.0,base-paper quintile,,,
17741,406,2,101.1,2.0,3.0,1.0,base-paper quintile,,,
17742,112,11,2098.48,3.0,5.0,4.0,base-paper quintile,,,
17743,447,1,229.2,1.0,2.0,1.0,base-paper quintile,,,
17744,3,7,2649.14,5.0,4.0,4.0,base-paper quintile,,,
17745,477,2,600.34,1.0,3.0,2.0,base-paper quintile,,,
17746,239,4,904.1800000000001,2.0,4.0,3.0,base-paper quintile,,,
17747,112,1,71.4,3.0,2.0,1.0,base-paper quintile,,,
17748,526,1,358.15,1.0,2.0,2.0,base-paper quintile,,,
17749,177,3,1026.18,3.0,3.0,3.0,base-paper quintile,,,
17750,4,9,1797.57,5.0,5.0,4.0,base-paper quintile,,,
17751,420,1,157.85999999999999,1.0,2.0,1.0,base-paper quintile,,,
17752,358,1,80.64,2.0,2.0,1.0,base-paper quintile,,,
17753,463,4,390.56,1.0,4.0,2.0,base-paper quintile,,,
17754,0,13,4577.53,5.0,5.0,5.0,base-paper quintile,,,
17756,375,3,733.7,2.0,3.0,3.0,base-paper quintile,,,
17757,0,56,9422.45,5.0,5.0,5.0,base-paper quintile,,,
17758,18,12,5012.53,4.0,5.0,5.0,base-paper quintile,,,
17759,16,5,1276.91,5.0,4.0,4.0,base-paper quintile,,,
17760,21,6,918.93,4.0,4.0,3.0,base-paper quintile,,,
17761,32,1,712.78,4.0,2.0,3.0,base-paper quintile,,,
17762,455,1,129.75,1.0,2.0,1.0,base-paper quintile,,,
17763,262,4,86.15,2.0,4.0,1.0,base-paper quintile,,,
17764,50,5,1623.64,4.0,4.0,4.0,base-paper quintile,,,
17765,158,4,530.8,3.0,4.0,2.0,base-paper quintile,,,
17766,380,2,299.61,2.0,3.0,2.0,base-paper quintile,,,
17767,14,2,413.05,5.0,3.0,2.0,base-paper quintile,,,
17768,7,7,3509.51,5.0,4.0,5.0,base-paper quintile,,,
17769,12,17,7103.08,5.0,5.0,5.0,base-paper quintile,,,
17770,198,5,1143.27,2.0,4.0,3.0,base-paper quintile,,,
17771,56,4,387.41,4.0,4.0,2.0,base-paper quintile,,,
17772,10,3,384.77,5.0,3.0,2.0,base-paper quintile,,,
17773,513,2,585.27,1.0,3.0,2.0,base-paper quintile,,,
17774,96,9,3328.05,3.0,5.0,5.0,base-paper quintile,,,
17775,254,1,56.4,2.0,2.0,1.0,base-paper quintile,,,
17776,386,2,338.56,2.0,3.0,2.0,base-paper quintile,,,
17777,24,3,665.86,4.0,3.0,3.0,base-paper quintile,,,
17778,661,1,197.70000000000002,1.0,2.0,1.0,base-paper quintile,,,
17779,20,3,658.57,4.0,3.0,3.0,base-paper quintile,,,
17780,666,3,352.91,1.0,3.0,2.0,base-paper quintile,,,
17781,158,2,188.02,3.0,3.0,1.0,base-paper quintile,,,
17782,382,2,679.02,2.0,3.0,3.0,base-paper quintile,,,
17783,71,3,379.91,3.0,3.0,2.0,base-paper quintile,,,
17784,549,1,112.86,1.0,2.0,1.0,base-paper quintile,,,
17785,52,3,403.38,4.0,3.0,2.0,base-paper quintile,,,
17786,84,2,278.74,3.0,3.0,1.0,base-paper quintile,,,
17787,152,4,2601.4700000000003,3.0,4.0,4.0,base-paper quintile,,,
17788,73,2,1117.9,3.0,3.0,3.0,base-paper quintile,,,
17789,280,2,397.15,2.0,3.0,2.0,base-paper quintile,,,
17790,26,20,2783.61,4.0,5.0,4.0,base-paper quintile,,,
17791,29,1,106.1,4.0,2.0,1.0,base-paper quintile,,,
17792,466,2,370.05,1.0,3.0,2.0,base-paper quintile,,,
17793,24,1,323.04,4.0,2.0,2.0,base-paper quintile,,,
17794,686,2,147.3,1.0,3.0,1.0,base-paper quintile,,,
17795,179,2,350.39,3.0,3.0,2.0,base-paper quintile,,,
17796,39,7,1361.99,4.0,4.0,4.0,base-paper quintile,,,
17797,21,8,1985.87,4.0,5.0,4.0,base-paper quintile,,,
17798,581,1,183.09,1.0,2.0,1.0,base-paper quintile,,,
17799,21,20,6341.89,4.0,5.0,5.0,base-paper quintile,,,
17800,36,9,1199.01,4.0,5.0,3.0,base-paper quintile,,,
17801,450,3,798.3299999999999,1.0,3.0,3.0,base-paper quintile,,,
17802,81,10,5053.12,3.0,5.0,5.0,base-paper quintile,,,
17803,391,1,184.66,2.0,2.0,1.0,base-paper quintile,,,
17804,375,3,385.23,2.0,3.0,2.0,base-paper quintile,,,
17805,73,2,927.03,3.0,3.0,3.0,base-paper quintile,,,
17806,10,1,546.04,5.0,2.0,2.0,base-paper quintile,,,
17807,394,3,437.87,2.0,3.0,2.0,base-paper quintile,,,
17808,548,4,262.64,1.0,4.0,1.0,base-paper quintile,,,
17809,15,20,11337.39,5.0,5.0,5.0,base-paper quintile,,,
17810,668,2,374.81,1.0,3.0,2.0,base-paper quintile,,,
17811,3,47,9609.8,5.0,5.0,5.0,base-paper quintile,,,
17812,12,7,1165.8899999999999,5.0,4.0,3.0,base-paper quintile,,,
17813,13,5,1770.8799999999999,5.0,4.0,4.0,base-paper quintile,,,
17814,374,2,1617.32,2.0,3.0,4.0,base-paper quintile,,,
17815,392,1,591.96,2.0,2.0,2.0,base-paper quintile,,,
17816,36,6,112.32,4.0,4.0,1.0,base-paper quintile,,,
17817,3,6,807.85,5.0,4.0,3.0,base-paper quintile,,,
17818,737,1,130.18,1.0,2.0,1.0,base-paper quintile,,,
17819,71,12,6612.5199999999995,3.0,5.0,5.0,base-paper quintile,,,
17820,373,1,183.56,2.0,2.0,1.0,base-paper quintile,,,
17821,405,1,334.62,2.0,2.0,2.0,base-paper quintile,,,
17822,419,5,2188.5,1.0,4.0,4.0,base-paper quintile,,,
17823,420,2,494.25,1.0,3.0,2.0,base-paper quintile,,,
17824,50,1,298.4,4.0,2.0,2.0,base-paper quintile,,,
17825,598,4,731.96,1.0,4.0,3.0,base-paper quintile,,,
17826,373,1,134.59,2.0,2.0,1.0,base-paper quintile,,,
17827,4,6,2388.05,5.0,4.0,4.0,base-paper quintile,,,
17828,22,4,1820.09,4.0,4.0,4.0,base-paper quintile,,,
17829,298,5,4756.74,2.0,4.0,5.0,base-paper quintile,,,
17830,1,3,398.7,5.0,3.0,2.0,base-paper quintile,,,
17831,32,1,35.400000000000006,4.0,2.0,1.0,base-paper quintile,,,
17832,49,1,155.37,4.0,2.0,1.0,base-paper quintile,,,
17833,722,1,342.36,1.0,2.0,2.0,base-paper quintile,,,
17834,414,2,730.47,1.0,3.0,3.0,base-paper quintile,,,
17835,2,3,350.64,5.0,3.0,2.0,base-paper quintile,,,
17836,46,1,110.21000000000001,4.0,2.0,1.0,base-paper quintile,,,
17837,41,8,1593.38,4.0,5.0,4.0,base-paper quintile,,,
17838,26,13,6722.900000000001,4.0,5.0,5.0,base-paper quintile,,,
17839,41,1,338.8,4.0,2.0,2.0,base-paper quintile,,,
17840,443,1,185.72,1.0,2.0,1.0,base-paper quintile,,,
17841,1,211,70884.07,5.0,5.0,5.0,base-paper quintile,,,
17842,601,1,430.69,1.0,2.0,2.0,base-paper quintile,,,
17843,302,2,326.23,2.0,3.0,2.0,base-paper quintile,,,
17844,106,1,51.559999999999995,3.0,2.0,1.0,base-paper quintile,,,
17845,554,4,598.19,1.0,4.0,2.0,base-paper quintile,,,
17846,84,1,2033.1,3.0,2.0,4.0,base-paper quintile,,,
17847,515,2,129.69,1.0,3.0,1.0,base-paper quintile,,,
17848,80,30,3650.9,3.0,5.0,5.0,base-paper quintile,,,
17849,217,8,1063.76,2.0,5.0,3.0,base-paper quintile,,,
17850,371,155,56600.08,2.0,5.0,5.0,base-paper quintile,,,
17851,421,6,1563.34,1.0,4.0,4.0,base-paper quintile,,,
17852,11,5,663.21,5.0,4.0,3.0,base-paper quintile,,,
17853,406,3,1608.19,2.0,3.0,4.0,base-paper quintile,,,
17854,184,6,1071.45,3.0,4.0,3.0,base-paper quintile,,,
17855,372,1,417.94,2.0,2.0,2.0,base-paper quintile,,,
17856,1,4,1418.03,5.0,4.0,4.0,base-paper quintile,,,
17857,3,24,28682.24,5.0,5.0,5.0,base-paper quintile,,,
17858,5,30,12797.65,5.0,5.0,5.0,base-paper quintile,,,
17859,304,1,148.21,2.0,2.0,1.0,base-paper quintile,,,
17860,368,4,1015.54,2.0,4.0,3.0,base-paper quintile,,,
17861,2,18,5127.69,5.0,5.0,5.0,base-paper quintile,,,
17862,323,4,1279.09,2.0,4.0,4.0,base-paper quintile,,,
17863,58,12,5745.2,3.0,5.0,5.0,base-paper quintile,,,
17864,12,5,924.32,5.0,4.0,3.0,base-paper quintile,,,
17865,30,46,26374.39,4.0,5.0,5.0,base-paper quintile,,,
17866,142,3,1134.95,3.0,3.0,3.0,base-paper quintile,,,
17867,29,15,1621.2800000000002,4.0,5.0,4.0,base-paper quintile,,,
17868,385,1,234.65,2.0,2.0,1.0,base-paper quintile,,,
17869,106,7,1036.16,3.0,4.0,3.0,base-paper quintile,,,
17870,1,13,3108.15,5.0,5.0,5.0,base-paper quintile,,,
17871,204,5,1118.99,2.0,4.0,3.0,base-paper quintile,,,
17872,381,1,235.87,2.0,2.0,1.0,base-paper quintile,,,
17873,79,18,6515.88,3.0,5.0,5.0,base-paper quintile,,,
17874,184,6,683.46,3.0,4.0,3.0,base-paper quintile,,,
17875,687,1,167.1,1.0,2.0,1.0,base-paper quintile,,,
17876,399,3,3424.02,2.0,3.0,5.0,base-paper quintile,,,
17877,169,1,237.61,3.0,2.0,1.0,base-paper quintile,,,
17878,43,3,1412.33,4.0,3.0,4.0,base-paper quintile,,,
17879,173,1,178.51999999999998,3.0,2.0,1.0,base-paper quintile,,,
17880,364,3,824.9200000000001,2.0,3.0,3.0,base-paper quintile,,,
17881,303,1,133.35000000000002,2.0,2.0,1.0,base-paper quintile,,,
17882,378,2,313.46,2.0,3.0,2.0,base-paper quintile,,,
17883,2,7,995.85,5.0,4.0,3.0,base-paper quintile,,,
17884,3,20,3072.89,5.0,5.0,5.0,base-paper quintile,,,
17885,11,1,190.19,5.0,2.0,1.0,base-paper quintile,,,
17886,31,6,1608.38,4.0,4.0,4.0,base-paper quintile,,,
17887,128,1,111.35,3.0,2.0,1.0,base-paper quintile,,,
17888,20,25,1820.44,4.0,5.0,4.0,base-paper quintile,,,
17889,211,7,774.87,2.0,4.0,3.0,base-paper quintile,,,
17890,322,2,602.09,2.0,3.0,2.0,base-paper quintile,,,
17891,161,1,203.85999999999999,3.0,2.0,1.0,base-paper quintile,,,
17892,55,3,244.1,4.0,3.0,1.0,base-paper quintile,,,
17893,224,1,112.25,2.0,2.0,1.0,base-paper quintile,,,
17894,71,18,2453.38,3.0,5.0,4.0,base-paper quintile,,,
17895,43,1,98.0,4.0,2.0,1.0,base-paper quintile,,,
17896,22,1,256.32,4.0,2.0,1.0,base-paper quintile,,,
17897,172,9,2585.0,3.0,5.0,4.0,base-paper quintile,,,
17898,84,4,299.18,3.0,4.0,2.0,base-paper quintile,,,
17899,158,1,155.8,3.0,2.0,1.0,base-paper quintile,,,
17900,189,2,112.19999999999999,2.0,3.0,1.0,base-paper quintile,,,
17901,28,3,260.08,4.0,3.0,1.0,base-paper quintile,,,
17902,546,1,216.39999999999998,1.0,2.0,1.0,base-paper quintile,,,
17903,393,1,381.09000000000003,2.0,2.0,2.0,base-paper quintile,,,
17904,20,1,191.67,4.0,2.0,1.0,base-paper quintile,,,
17905,70,13,2383.52,3.0,5.0,4.0,base-paper quintile,,,
17906,246,1,72.9,2.0,2.0,1.0,base-paper quintile,,,
17907,640,1,291.76,1.0,2.0,2.0,base-paper quintile,,,
17908,373,5,1411.54,2.0,4.0,4.0,base-paper quintile,,,
17909,736,1,132.55,1.0,2.0,1.0,base-paper quintile,,,
17910,725,1,261.7,1.0,2.0,1.0,base-paper quintile,,,
17911,8,1,366.23,5.0,2.0,2.0,base-paper quintile,,,
17912,309,6,375.5,2.0,4.0,2.0,base-paper quintile,,,
17913,58,14,3479.64,3.0,5.0,5.0,base-paper quintile,,,
17914,3,1,336.43,5.0,2.0,2.0,base-paper quintile,,,
17915,550,1,242.13,1.0,2.0,1.0,base-paper quintile,,,
17916,628,2,43.87,1.0,3.0,1.0,base-paper quintile,,,
17917,44,3,341.28,4.0,3.0,2.0,base-paper quintile,,,
17918,500,3,396.39,1.0,3.0,2.0,base-paper quintile,,,
17919,87,2,1840.32,3.0,3.0,4.0,base-paper quintile,,,
17920,3,54,24516.46,5.0,5.0,5.0,base-paper quintile,,,
17921,63,10,2423.5,3.0,5.0,4.0,base-paper quintile,,,
17922,542,1,170.4,1.0,2.0,1.0,base-paper quintile,,,
17923,281,3,497.0,2.0,3.0,2.0,base-paper quintile,,,
17924,11,8,3536.7000000000003,5.0,5.0,5.0,base-paper quintile,,,
17925,372,1,488.16,2.0,2.0,2.0,base-paper quintile,,,
17926,132,5,1035.49,3.0,4.0,3.0,base-paper quintile,,,
17927,721,1,294.0,1.0,2.0,2.0,base-paper quintile,,,
17928,44,3,341.24,4.0,3.0,2.0,base-paper quintile,,,
17929,10,12,3082.1,5.0,5.0,5.0,base-paper quintile,,,
17930,35,13,4275.22,4.0,5.0,5.0,base-paper quintile,,,
17931,133,14,3437.29,3.0,5.0,5.0,base-paper quintile,,,
17932,28,3,1331.57,4.0,3.0,4.0,base-paper quintile,,,
17933,631,1,114.69,1.0,2.0,1.0,base-paper quintile,,,
17934,51,3,1049.15,4.0,3.0,3.0,base-paper quintile,,,
17935,137,7,686.14,3.0,4.0,3.0,base-paper quintile,,,
17936,4,1,389.84,5.0,2.0,2.0,base-paper quintile,,,
17937,8,7,4301.22,5.0,4.0,5.0,base-paper quintile,,,
17938,419,1,144.29,1.0,2.0,1.0,base-paper quintile,,,
17939,159,1,99.14,3.0,2.0,1.0,base-paper quintile,,,
17940,48,16,30393.19,4.0,5.0,5.0,base-paper quintile,,,
17941,130,4,1433.28,3.0,4.0,4.0,base-paper quintile,,,
17942,7,1,77.50000000000001,5.0,2.0,1.0,base-paper quintile,,,
17944,422,1,75.41,1.0,2.0,1.0,base-paper quintile,,,
17945,696,3,360.35,1.0,3.0,2.0,base-paper quintile,,,
17946,232,2,149.57999999999998,2.0,3.0,1.0,base-paper quintile,,,
17947,36,1,176.68,4.0,2.0,1.0,base-paper quintile,,,
17948,146,1,358.56000000000006,3.0,2.0,2.0,base-paper quintile,,,
17949,0,118,118628.08,5.0,5.0,5.0,base-paper quintile,,,
17950,71,7,1432.81,3.0,4.0,4.0,base-paper quintile,,,
17951,39,4,1636.0800000000002,4.0,4.0,4.0,base-paper quintile,,,
17952,377,4,819.61,2.0,4.0,3.0,base-paper quintile,,,
17953,539,1,160.82,1.0,2.0,1.0,base-paper quintile,,,
17954,4,19,3966.05,5.0,5.0,5.0,base-paper quintile,,,
17955,198,6,949.9,2.0,4.0,3.0,base-paper quintile,,,
17956,248,1,12.75,2.0,2.0,1.0,base-paper quintile,,,
17957,65,1,111.68,3.0,2.0,1.0,base-paper quintile,,,
17958,116,2,973.88,3.0,3.0,3.0,base-paper quintile,,,
17959,591,1,140.75,1.0,2.0,1.0,base-paper quintile,,,
17960,170,3,135.08,3.0,3.0,1.0,base-paper quintile,,,
17961,20,100,2995.54,4.0,5.0,5.0,base-paper quintile,,,
17962,141,4,687.42,3.0,4.0,3.0,base-paper quintile,,,
17963,470,4,651.51,1.0,4.0,3.0,base-paper quintile,,,
17964,31,2,733.46,4.0,3.0,3.0,base-paper quintile,,,
17965,37,29,7240.9800000000005,4.0,5.0,5.0,base-paper quintile,,,
17966,37,10,1974.42,4.0,5.0,4.0,base-paper quintile,,,
17967,371,2,357.28999999999996,2.0,3.0,2.0,base-paper quintile,,,
17968,373,4,888.04,2.0,4.0,3.0,base-paper quintile,,,
17969,165,20,2369.94,3.0,5.0,4.0,base-paper quintile,,,
17970,210,1,582.59,2.0,2.0,2.0,base-paper quintile,,,
17971,547,1,161.94,1.0,2.0,1.0,base-paper quintile,,,
17972,241,1,136.04,2.0,2.0,1.0,base-paper quintile,,,
17973,51,1,337.04,4.0,2.0,2.0,base-paper quintile,,,
17974,24,6,1858.06,4.0,4.0,4.0,base-paper quintile,,,
17975,14,24,7028.83,5.0,5.0,5.0,base-paper quintile,,,
17976,371,1,706.38,2.0,2.0,3.0,base-paper quintile,,,
17977,28,2,1565.6299999999999,4.0,3.0,4.0,base-paper quintile,,,
17978,364,4,1461.76,2.0,4.0,4.0,base-paper quintile,,,
17979,35,4,757.71,4.0,4.0,3.0,base-paper quintile,,,
17980,165,4,1033.42,3.0,4.0,3.0,base-paper quintile,,,
17981,410,1,239.12,1.0,2.0,1.0,base-paper quintile,,,
17982,680,1,138.18,1.0,2.0,1.0,base-paper quintile,,,
17983,394,1,171.71,2.0,2.0,1.0,base-paper quintile,,,
17984,144,5,1191.27,3.0,4.0,3.0,base-paper quintile,,,
17985,21,1,634.95,4.0,2.0,3.0,base-paper quintile,,,
17986,55,1,20.8,4.0,2.0,1.0,base-paper quintile,,,
17987,184,5,1003.64,3.0,4.0,3.0,base-paper quintile,,,
17988,11,14,489.54,5.0,5.0,2.0,base-paper quintile,,,
17989,378,1,228.82999999999998,2.0,2.0,1.0,base-paper quintile,,,
17990,236,6,1527.6100000000001,2.0,4.0,4.0,base-paper quintile,,,
17991,224,3,320.55,2.0,3.0,2.0,base-paper quintile,,,
17992,388,1,254.13,2.0,2.0,1.0,base-paper quintile,,,
17993,616,1,235.19,1.0,2.0,1.0,base-paper quintile,,,
17994,121,11,2313.32,3.0,5.0,4.0,base-paper quintile,,,
17995,281,3,495.48,2.0,3.0,2.0,base-paper quintile,,,
17996,379,3,482.33,2.0,3.0,2.0,base-paper quintile,,,
17997,73,8,1970.6699999999998,3.0,5.0,4.0,base-paper quintile,,,
17998,379,3,639.24,2.0,3.0,3.0,base-paper quintile,,,
17999,36,3,730.9,4.0,3.0,3.0,base-paper quintile,,,
18000,563,1,124.25,1.0,2.0,1.0,base-paper quintile,,,
18001,11,6,953.84,5.0,4.0,3.0,base-paper quintile,,,
18002,375,4,249.92,2.0,4.0,1.0,base-paper quintile,,,
18003,375,1,358.61,2.0,2.0,2.0,base-paper quintile,,,
18004,361,1,169.47,2.0,2.0,1.0,base-paper quintile,,,
18005,3,2,249.72,5.0,3.0,1.0,base-paper quintile,,,
18006,22,4,997.86,4.0,4.0,3.0,base-paper quintile,,,
18007,392,1,220.32,2.0,2.0,1.0,base-paper quintile,,,
18008,69,23,19787.13,3.0,5.0,5.0,base-paper quintile,,,
18009,234,8,2155.83,2.0,5.0,4.0,base-paper quintile,,,
18010,256,1,174.8,2.0,2.0,1.0,base-paper quintile,,,
18011,372,2,527.03,2.0,3.0,2.0,base-paper quintile,,,
18012,722,1,115.3,1.0,2.0,1.0,base-paper quintile,,,
18013,154,2,187.29,3.0,3.0,1.0,base-paper quintile,,,
18014,27,1,166.42,4.0,2.0,1.0,base-paper quintile,,,
18015,3,1,120.03,5.0,2.0,1.0,base-paper quintile,,,
18016,31,7,1960.46,4.0,4.0,4.0,base-paper quintile,,,
18017,80,4,688.0,3.0,4.0,3.0,base-paper quintile,,,
18018,107,4,297.99,3.0,4.0,2.0,base-paper quintile,,,
18019,51,1,38.45,4.0,2.0,1.0,base-paper quintile,,,
18020,543,1,190.48000000000002,1.0,2.0,1.0,base-paper quintile,,,
18021,509,2,227.06,1.0,3.0,1.0,base-paper quintile,,,
18022,35,5,1651.79,4.0,4.0,4.0,base-paper quintile,,,
18024,152,2,389.78,3.0,3.0,2.0,base-paper quintile,,,
18025,379,6,1177.72,2.0,4.0,3.0,base-paper quintile,,,
18026,500,2,2074.07,1.0,3.0,4.0,base-paper quintile,,,
18027,98,1,115.31,3.0,2.0,1.0,base-paper quintile,,,
18028,582,1,192.05,1.0,2.0,1.0,base-paper quintile,,,
18029,641,1,433.77,1.0,2.0,2.0,base-paper quintile,,,
18030,3,2,230.64999999999998,5.0,3.0,1.0,base-paper quintile,,,
18031,378,1,462.09999999999997,2.0,2.0,2.0,base-paper quintile,,,
18032,333,1,73.5,2.0,2.0,1.0,base-paper quintile,,,
18033,64,1,97.97,3.0,2.0,1.0,base-paper quintile,,,
18034,21,3,793.7,4.0,3.0,3.0,base-paper quintile,,,
18035,35,5,1276.74,4.0,4.0,4.0,base-paper quintile,,,
18036,31,11,1563.6399999999999,4.0,5.0,4.0,base-paper quintile,,,
18037,153,15,167.42,3.0,5.0,1.0,base-paper quintile,,,
18038,555,1,149.41,1.0,2.0,1.0,base-paper quintile,,,
18039,373,4,579.17,2.0,4.0,2.0,base-paper quintile,,,
18040,18,2,357.20000000000005,4.0,3.0,2.0,base-paper quintile,,,
18041,11,38,8752.38,5.0,5.0,5.0,base-paper quintile,,,
18042,53,2,281.15,4.0,3.0,1.0,base-paper quintile,,,
18043,24,3,875.97,4.0,3.0,3.0,base-paper quintile,,,
18044,3,18,3505.61,5.0,5.0,5.0,base-paper quintile,,,
18045,44,1,189.4,4.0,2.0,1.0,base-paper quintile,,,
18046,649,1,189.63,1.0,2.0,1.0,base-paper quintile,,,
18047,380,2,342.69,2.0,3.0,2.0,base-paper quintile,,,
18048,202,3,401.73,2.0,3.0,2.0,base-paper quintile,,,
18049,436,2,556.52,1.0,3.0,2.0,base-paper quintile,,,
18050,358,2,412.06,2.0,3.0,2.0,base-paper quintile,,,
18051,633,7,2282.28,1.0,4.0,4.0,base-paper quintile,,,
18052,564,1,10877.18,1.0,2.0,5.0,base-paper quintile,,,
18053,70,3,571.07,3.0,3.0,2.0,base-paper quintile,,,
18054,392,1,176.5,2.0,2.0,1.0,base-paper quintile,,,
18055,6,14,11195.57,5.0,5.0,5.0,base-paper quintile,,,
18056,287,2,554.6,2.0,3.0,2.0,base-paper quintile,,,
18057,392,3,1203.56,2.0,3.0,3.0,base-paper quintile,,,
18058,9,3,774.06,5.0,3.0,3.0,base-paper quintile,,,
18059,22,3,306.46,4.0,3.0,2.0,base-paper quintile,,,
18060,407,2,1185.46,2.0,3.0,3.0,base-paper quintile,,,
18061,21,28,6488.97,4.0,5.0,5.0,base-paper quintile,,,
18062,172,6,1632.67,3.0,4.0,4.0,base-paper quintile,,,
18063,390,2,186.60000000000002,2.0,3.0,1.0,base-paper quintile,,,
18064,132,11,4495.03,3.0,5.0,5.0,base-paper quintile,,,
18065,5,29,5866.63,5.0,5.0,5.0,base-paper quintile,,,
18066,74,3,1440.4,3.0,3.0,4.0,base-paper quintile,,,
18067,39,1,396.33,4.0,2.0,2.0,base-paper quintile,,,
18068,288,1,101.69999999999999,2.0,2.0,1.0,base-paper quintile,,,
18069,25,11,4540.56,4.0,5.0,5.0,base-paper quintile,,,
18070,668,1,314.1,1.0,2.0,2.0,base-paper quintile,,,
18071,257,6,1428.63,2.0,4.0,4.0,base-paper quintile,,,
18072,185,1,247.44,3.0,2.0,1.0,base-paper quintile,,,
18073,113,12,3877.5200000000004,3.0,5.0,5.0,base-paper quintile,,,
18074,373,2,1509.04,2.0,3.0,4.0,base-paper quintile,,,
18075,22,20,5783.29,4.0,5.0,5.0,base-paper quintile,,,
18076,379,1,151.49,2.0,2.0,1.0,base-paper quintile,,,
18077,7,18,4338.56,5.0,5.0,5.0,base-paper quintile,,,
18078,216,4,844.6,2.0,4.0,3.0,base-paper quintile,,,
18079,44,5,4242.75,4.0,4.0,5.0,base-paper quintile,,,
18080,18,2,1231.5,4.0,3.0,3.0,base-paper quintile,,,
18081,35,3,343.45,4.0,3.0,2.0,base-paper quintile,,,
18082,25,1,703.37,4.0,2.0,3.0,base-paper quintile,,,
18083,397,1,470.72999999999996,2.0,2.0,2.0,base-paper quintile,,,
18084,15,3,812.93,5.0,3.0,3.0,base-paper quintile,,,
18085,329,4,1645.75,2.0,4.0,4.0,base-paper quintile,,,
18086,273,1,101.34,2.0,2.0,1.0,base-paper quintile,,,
18087,97,17,14761.519999999999,3.0,5.0,5.0,base-paper quintile,,,
18088,60,1,167.67000000000002,3.0,2.0,1.0,base-paper quintile,,,
18089,446,1,428.45,1.0,2.0,2.0,base-paper quintile,,,
18090,421,1,349.4,1.0,2.0,2.0,base-paper quintile,,,
18091,592,1,360.85,1.0,2.0,2.0,base-paper quintile,,,
18092,1,18,16179.44,5.0,5.0,5.0,base-paper quintile,,,
18093,92,8,4452.71,3.0,5.0,5.0,base-paper quintile,,,
18094,81,13,6391.52,3.0,5.0,5.0,base-paper quintile,,,
18095,312,5,2303.09,2.0,4.0,4.0,base-paper quintile,,,
18096,11,6,1805.28,5.0,4.0,4.0,base-paper quintile,,,
18097,7,11,4663.32,5.0,5.0,5.0,base-paper quintile,,,
18098,395,1,550.84,2.0,2.0,2.0,base-paper quintile,,,
18099,126,1,168.31,3.0,2.0,1.0,base-paper quintile,,,
18100,549,1,451.56,1.0,2.0,2.0,base-paper quintile,,,
18101,10,5,629.16,5.0,4.0,3.0,base-paper quintile,,,
18102,0,145,608821.65,5.0,5.0,5.0,base-paper quintile,,,
18103,548,1,105.8,1.0,2.0,1.0,base-paper quintile,,,
18104,36,1,754.64,4.0,2.0,3.0,base-paper quintile,,,
18105,37,1,113.48000000000002,4.0,2.0,1.0,base-paper quintile,,,
18106,329,6,1461.46,2.0,4.0,4.0,base-paper quintile,,,
18107,441,1,167.13,1.0,2.0,1.0,base-paper quintile,,,
18108,253,3,848.8100000000001,2.0,3.0,3.0,base-paper quintile,,,
18109,1,38,9893.96,5.0,5.0,5.0,base-paper quintile,,,
18110,19,2,435.43,4.0,3.0,2.0,base-paper quintile,,,
18111,588,1,405.85,1.0,2.0,2.0,base-paper quintile,,,
18112,11,4,775.96,5.0,4.0,3.0,base-paper quintile,,,
18113,368,1,152.64000000000001,2.0,2.0,1.0,base-paper quintile,,,
18114,289,1,220.1,2.0,2.0,1.0,base-paper quintile,,,
18115,697,1,9.700000000000001,1.0,2.0,1.0,base-paper quintile,,,
18116,67,13,2154.3,3.0,5.0,4.0,base-paper quintile,,,
18117,25,1,320.72,4.0,2.0,2.0,base-paper quintile,,,
18118,10,29,6733.22,5.0,5.0,5.0,base-paper quintile,,,
18119,367,1,362.24,2.0,2.0,2.0,base-paper quintile,,,
18120,213,1,111.15,2.0,2.0,1.0,base-paper quintile,,,
18121,148,2,673.1,3.0,3.0,3.0,base-paper quintile,,,
18122,7,6,1826.21,5.0,4.0,4.0,base-paper quintile,,,
18123,23,3,684.59,4.0,3.0,3.0,base-paper quintile,,,
18124,471,1,111.53,1.0,2.0,1.0,base-paper quintile,,,
18125,29,4,1142.99,4.0,4.0,3.0,base-paper quintile,,,
18126,60,1,206.82999999999998,3.0,2.0,1.0,base-paper quintile,,,
18127,18,4,561.53,4.0,4.0,2.0,base-paper quintile,,,
18128,536,1,420.04,1.0,2.0,2.0,base-paper quintile,,,
18129,242,1,112.55000000000001,2.0,2.0,1.0,base-paper quintile,,,
18130,14,3,1059.39,5.0,3.0,3.0,base-paper quintile,,,
18131,631,1,222.95999999999998,1.0,2.0,1.0,base-paper quintile,,,
18132,503,1,226.9,1.0,2.0,1.0,base-paper quintile,,,
18133,211,1,931.4999999999999,2.0,2.0,3.0,base-paper quintile,,,
18134,597,2,445.0,1.0,3.0,2.0,base-paper quintile,,,
18135,28,10,1249.6200000000001,4.0,5.0,4.0,base-paper quintile,,,
18136,62,5,1631.3600000000001,3.0,4.0,4.0,base-paper quintile,,,
18137,550,2,145.99,1.0,3.0,1.0,base-paper quintile,,,
18138,294,1,152.65,2.0,2.0,1.0,base-paper quintile,,,
18139,17,6,8438.34,5.0,4.0,5.0,base-paper quintile,,,
18140,473,1,536.41,1.0,2.0,2.0,base-paper quintile,,,
18141,401,2,882.47,2.0,3.0,3.0,base-paper quintile,,,
18142,156,2,1019.52,3.0,3.0,3.0,base-paper quintile,,,
18143,116,2,1000.16,3.0,3.0,3.0,base-paper quintile,,,
18144,7,19,5058.0,5.0,5.0,5.0,base-paper quintile,,,
18145,12,11,5617.79,5.0,5.0,5.0,base-paper quintile,,,
18146,140,2,160.35000000000002,3.0,3.0,1.0,base-paper quintile,,,
18147,45,2,179.33999999999997,4.0,3.0,1.0,base-paper quintile,,,
18148,646,1,114.10000000000001,1.0,2.0,1.0,base-paper quintile,,,
18149,50,7,1624.71,4.0,4.0,4.0,base-paper quintile,,,
18150,31,3,566.58,4.0,3.0,2.0,base-paper quintile,,,
18151,134,6,1879.44,3.0,4.0,4.0,base-paper quintile,,,
18152,645,1,426.69,1.0,2.0,2.0,base-paper quintile,,,
18153,658,1,246.22,1.0,2.0,1.0,base-paper quintile,,,
18154,2,5,932.6,5.0,4.0,3.0,base-paper quintile,,,
18155,74,3,371.62,3.0,3.0,2.0,base-paper quintile,,,
18156,12,2,941.1700000000001,5.0,3.0,3.0,base-paper quintile,,,
18157,570,1,215.35,1.0,2.0,1.0,base-paper quintile,,,
18158,8,2,453.4,5.0,3.0,2.0,base-paper quintile,,,
18159,300,1,530.15,2.0,2.0,2.0,base-paper quintile,,,
18160,56,3,1003.88,4.0,3.0,3.0,base-paper quintile,,,
18161,14,6,1803.1000000000001,5.0,4.0,4.0,base-paper quintile,,,
18162,731,1,379.16,1.0,2.0,2.0,base-paper quintile,,,
18163,583,1,728.84,1.0,2.0,3.0,base-paper quintile,,,
18164,36,1,399.65000000000003,4.0,2.0,2.0,base-paper quintile,,,
18165,176,1,302.46000000000004,3.0,2.0,2.0,base-paper quintile,,,
18166,623,1,175.5,1.0,2.0,1.0,base-paper quintile,,,
18167,22,3,1384.8600000000001,4.0,3.0,4.0,base-paper quintile,,,
18168,175,16,3770.27,3.0,5.0,5.0,base-paper quintile,,,
18169,60,1,202.65,3.0,2.0,1.0,base-paper quintile,,,
18170,32,9,2878.0,4.0,5.0,4.0,base-paper quintile,,,
18171,58,9,2437.31,3.0,5.0,4.0,base-paper quintile,,,
18172,14,52,17479.84,5.0,5.0,5.0,base-paper quintile,,,
18173,86,5,2696.36,3.0,4.0,4.0,base-paper quintile,,,
18174,6,2,162.5,5.0,3.0,1.0,base-paper quintile,,,
18175,675,1,176.1,1.0,2.0,1.0,base-paper quintile,,,
18176,357,1,476.35,2.0,2.0,2.0,base-paper quintile,,,
18177,30,9,2216.87,4.0,5.0,4.0,base-paper quintile,,,
18178,128,11,6103.74,3.0,5.0,5.0,base-paper quintile,,,
18179,8,8,2547.55,5.0,5.0,4.0,base-paper quintile,,,
18180,4,6,1843.75,5.0,4.0,4.0,base-paper quintile,,,
18181,23,5,1205.94,4.0,4.0,3.0,base-paper quintile,,,
18182,462,1,291.13,1.0,2.0,1.0,base-paper quintile,,,
18183,226,2,632.07,2.0,3.0,3.0,base-paper quintile,,,
18184,14,1,49.8,5.0,2.0,1.0,base-paper quintile,,,
18185,248,1,304.25,2.0,2.0,2.0,base-paper quintile,,,
18186,722,1,329.58,1.0,2.0,2.0,base-paper quintile,,,
18187,631,1,724.89,1.0,2.0,3.0,base-paper quintile,,,
18188,14,6,3280.59,5.0,4.0,5.0,base-paper quintile,,,
18189,77,3,1403.73,3.0,3.0,4.0,base-paper quintile,,,
18190,191,5,745.62,2.0,4.0,3.0,base-paper quintile,,,
18191,261,2,529.4,2.0,3.0,2.0,base-paper quintile,,,
18192,71,1,957.97,3.0,2.0,3.0,base-paper quintile,,,
18193,164,3,1207.35,3.0,3.0,3.0,base-paper quintile,,,
18194,81,6,4162.04,3.0,4.0,5.0,base-paper quintile,,,
18195,386,1,101.16,2.0,2.0,1.0,base-paper quintile,,,
18196,94,4,1464.31,3.0,4.0,4.0,base-paper quintile,,,
18197,575,1,230.1,1.0,2.0,1.0,base-paper quintile,,,
18198,3,17,5425.56,5.0,5.0,5.0,base-paper quintile,,,
18199,683,1,344.75,1.0,2.0,2.0,base-paper quintile,,,
18200,105,1,163.8,3.0,2.0,1.0,base-paper quintile,,,
18201,722,1,447.53000000000003,1.0,2.0,2.0,base-paper quintile,,,
18202,199,3,1396.99,2.0,3.0,4.0,base-paper quintile,,,
18203,156,4,504.42,3.0,4.0,2.0,base-paper quintile,,,
18204,70,3,1993.7,3.0,3.0,4.0,base-paper quintile,,,
18205,35,2,517.36,4.0,3.0,2.0,base-paper quintile,,,
18206,552,1,314.65999999999997,1.0,2.0,2.0,base-paper quintile,,,
18207,498,1,544.47,1.0,2.0,2.0,base-paper quintile,,,
18208,565,1,360.08,1.0,2.0,2.0,base-paper quintile,,,
18209,28,1,139.10000000000002,4.0,2.0,1.0,base-paper quintile,,,
18210,1,7,2768.83,5.0,4.0,4.0,base-paper quintile,,,
18211,25,5,600.07,4.0,4.0,2.0,base-paper quintile,,,
18212,325,2,546.72,2.0,3.0,2.0,base-paper quintile,,,
18213,236,1,232.48000000000002,2.0,2.0,1.0,base-paper quintile,,,
18214,530,4,1780.34,1.0,4.0,4.0,base-paper quintile,,,
18215,88,5,2247.4900000000002,3.0,4.0,4.0,base-paper quintile,,,
18216,30,1,481.75,4.0,2.0,2.0,base-paper quintile,,,
18217,28,4,945.04,4.0,4.0,3.0,base-paper quintile,,,
18218,210,4,1142.0,2.0,4.0,3.0,base-paper quintile,,,
18219,2,17,3562.89,5.0,5.0,5.0,base-paper quintile,,,
18220,226,6,1921.76,2.0,4.0,4.0,base-paper quintile,,,
18221,21,6,1424.94,4.0,4.0,4.0,base-paper quintile,,,
18222,92,1,443.0,3.0,2.0,2.0,base-paper quintile,,,
18223,4,26,14000.85,5.0,5.0,5.0,base-paper quintile,,,
18224,263,1,158.95000000000002,2.0,2.0,1.0,base-paper quintile,,,
18225,2,26,13054.26,5.0,5.0,5.0,base-paper quintile,,,
18226,43,26,11878.88,4.0,5.0,5.0,base-paper quintile,,,
18227,217,2,388.75,2.0,3.0,2.0,base-paper quintile,,,
18228,56,2,779.9,4.0,3.0,3.0,base-paper quintile,,,
18229,11,28,10803.710000000001,5.0,5.0,5.0,base-paper quintile,,,
18230,8,9,4291.06,5.0,5.0,5.0,base-paper quintile,,,
18231,191,28,6880.97,2.0,5.0,5.0,base-paper quintile,,,
18232,81,4,592.97,3.0,4.0,2.0,base-paper quintile,,,
18233,325,1,440.0,2.0,2.0,2.0,base-paper quintile,,,
18234,551,1,179.6,1.0,2.0,1.0,base-paper quintile,,,
18235,71,3,1796.48,3.0,3.0,4.0,base-paper quintile,,,
18236,29,12,1795.3500000000001,4.0,5.0,4.0,base-paper quintile,,,
18237,2,5,987.1,5.0,4.0,3.0,base-paper quintile,,,
18238,514,1,270.92,1.0,2.0,1.0,base-paper quintile,,,
18239,218,6,2150.36,2.0,4.0,4.0,base-paper quintile,,,
18240,45,1,422.58,4.0,2.0,2.0,base-paper quintile,,,
18241,9,21,2986.9900000000002,5.0,5.0,5.0,base-paper quintile,,,
18242,71,8,3605.21,3.0,5.0,5.0,base-paper quintile,,,
18243,413,1,515.78,1.0,2.0,2.0,base-paper quintile,,,
18244,430,2,568.64,1.0,3.0,2.0,base-paper quintile,,,
18245,6,20,6324.9800000000005,5.0,5.0,5.0,base-paper quintile,,,
18246,23,3,758.8199999999999,4.0,3.0,3.0,base-paper quintile,,,
18247,414,3,839.73,1.0,3.0,3.0,base-paper quintile,,,
18248,122,2,804.02,3.0,3.0,3.0,base-paper quintile,,,
18249,16,1,95.34,5.0,2.0,1.0,base-paper quintile,,,
18250,309,1,349.27,2.0,2.0,2.0,base-paper quintile,,,
18251,86,9,26278.86,3.0,5.0,5.0,base-paper quintile,,,
18252,50,7,1542.09,4.0,4.0,4.0,base-paper quintile,,,
18253,642,1,317.88,1.0,2.0,2.0,base-paper quintile,,,
18254,580,1,267.9,1.0,2.0,1.0,base-paper quintile,,,
18255,88,2,303.15,3.0,3.0,2.0,base-paper quintile,,,
18256,387,1,110.7,2.0,2.0,1.0,base-paper quintile,,,
18257,38,12,4600.15,4.0,5.0,5.0,base-paper quintile,,,
18258,463,6,2059.67,1.0,4.0,4.0,base-paper quintile,,,
18259,24,7,4318.200000000001,4.0,4.0,5.0,base-paper quintile,,,
18260,172,23,9962.11,3.0,5.0,5.0,base-paper quintile,,,
18261,42,2,324.24,4.0,3.0,2.0,base-paper quintile,,,
18262,139,3,577.54,3.0,3.0,2.0,base-paper quintile,,,
18263,25,3,1213.1599999999999,4.0,3.0,3.0,base-paper quintile,,,
18264,498,1,603.25,1.0,2.0,2.0,base-paper quintile,,,
18265,71,2,801.51,3.0,3.0,3.0,base-paper quintile,,,
18266,433,1,251.1,1.0,2.0,1.0,base-paper quintile,,,
18267,672,1,269.37,1.0,2.0,1.0,base-paper quintile,,,
18268,133,6,1490.23,3.0,4.0,4.0,base-paper quintile,,,
18269,365,1,337.2,2.0,2.0,2.0,base-paper quintile,,,
18270,37,3,444.55,4.0,3.0,2.0,base-paper quintile,,,
18271,609,2,680.85,1.0,3.0,3.0,base-paper quintile,,,
18272,2,9,4385.9800000000005,5.0,5.0,5.0,base-paper quintile,,,
18273,1,4,357.0,5.0,4.0,2.0,base-paper quintile,,,
18274,29,1,175.92,4.0,2.0,1.0,base-paper quintile,,,
18275,577,2,741.85,1.0,3.0,3.0,base-paper quintile,,,
18276,43,6,1656.52,4.0,4.0,4.0,base-paper quintile,,,
18277,57,5,1180.05,4.0,4.0,3.0,base-paper quintile,,,
18278,73,2,414.20000000000005,3.0,3.0,2.0,base-paper quintile,,,
18279,518,1,231.33999999999997,1.0,2.0,1.0,base-paper quintile,,,
18280,277,2,488.15000000000003,2.0,3.0,2.0,base-paper quintile,,,
18281,180,2,201.14,3.0,3.0,1.0,base-paper quintile,,,
18282,7,2,178.05,5.0,3.0,1.0,base-paper quintile,,,
18283,3,22,2736.65,5.0,5.0,4.0,base-paper quintile,,,
18284,431,1,461.68,1.0,2.0,2.0,base-paper quintile,,,
18285,660,1,427.0,1.0,2.0,2.0,base-paper quintile,,,
18286,476,2,1296.43,1.0,3.0,4.0,base-paper quintile,,,
18287,42,7,4182.99,4.0,4.0,5.0,base-paper quintile,,,
12346,325,12,77556.46,,,,matched fuzzy dense-rank,3.0,1.0,5.0
12347,1,8,5633.32,,,,matched fuzzy dense-rank,5.0,1.0,5.0
12348,74,5,2019.4,,,,matched fuzzy dense-rank,5.0,1.0,4.0
12349,18,4,4428.69,,,,matched fuzzy dense-rank,5.0,1.0,5.0
12350,309,1,334.4,,,,matched fuzzy dense-rank,3.0,1.0,2.0
12351,374,1,300.93,,,,matched fuzzy dense-rank,3.0,1.0,2.0
12352,35,10,2849.84,,,,matched fuzzy dense-rank,5.0,1.0,4.0
12353,203,2,406.76,,,,matched fuzzy dense-rank,4.0,1.0,2.0
12354,231,1,1079.4,,,,matched fuzzy dense-rank,4.0,1.0,3.0
12355,213,2,947.61,,,,matched fuzzy dense-rank,4.0,1.0,3.0
12356,22,6,6373.68,,,,matched fuzzy dense-rank,5.0,1.0,5.0
12357,32,3,18287.66,,,,matched fuzzy dense-rank,5.0,1.0,5.0
12358,1,5,3887.07,,,,matched fuzzy dense-rank,5.0,1.0,5.0
12359,57,10,8935.94,,,,matched fuzzy dense-rank,5.0,1.0,5.0
12360,51,8,4252.89,,,,matched fuzzy dense-rank,5.0,1.0,5.0
12361,286,4,511.25,,,,matched fuzzy dense-rank,3.0,1.0,2.0
12362,2,11,5356.23,,,,matched fuzzy dense-rank,5.0,1.0,5.0
12363,109,2,552.0,,,,matched fuzzy dense-rank,5.0,1.0,2.0
12364,7,4,1313.1,,,,matched fuzzy dense-rank,5.0,1.0,4.0
12365,290,2,641.38,,,,matched fuzzy dense-rank,3.0,1.0,3.0
12366,633,1,500.24,,,,matched fuzzy dense-rank,1.0,1.0,2.0
12367,3,1,168.9,,,,matched fuzzy dense-rank,5.0,1.0,1.0
12368,627,1,917.6999999999999,,,,matched fuzzy dense-rank,1.0,1.0,3.0
12369,412,3,1791.15,,,,matched fuzzy dense-rank,3.0,1.0,4.0
12370,50,7,4320.31,,,,matched fuzzy dense-rank,5.0,1.0,5.0
12371,44,5,4067.38,,,,matched fuzzy dense-rank,5.0,1.0,5.0
12372,71,3,1298.04,,,,matched fuzzy dense-rank,5.0,1.0,4.0
12373,310,3,1127.65,,,,matched fuzzy dense-rank,3.0,1.0,3.0
12374,24,4,2989.2200000000003,,,,matched fuzzy dense-rank,5.0,1.0,4.0
12375,10,2,457.5,,,,matched fuzzy dense-rank,5.0,1.0,2.0
12376,389,2,503.15,,,,matched fuzzy dense-rank,3.0,1.0,2.0
12377,314,4,3426.32,,,,matched fuzzy dense-rank,3.0,1.0,5.0
12378,129,2,5416.32,,,,matched fuzzy dense-rank,5.0,1.0,5.0
12379,81,4,1620.22,,,,matched fuzzy dense-rank,5.0,1.0,4.0
12380,21,11,9676.300000000001,,,,matched fuzzy dense-rank,5.0,1.0,5.0
12381,4,5,1845.31,,,,matched fuzzy dense-rank,5.0,1.0,4.0
12383,184,5,1850.56,,,,matched fuzzy dense-rank,4.0,1.0,4.0
12384,28,2,585.27,,,,matched fuzzy dense-rank,5.0,1.0,2.0
12385,378,1,1938.4,,,,matched fuzzy dense-rank,3.0,1.0,4.0
12386,337,2,660.8,,,,matched fuzzy dense-rank,3.0,1.0,3.0
12387,414,1,143.94,,,,matched fuzzy dense-rank,3.0,1.0,1.0
12388,15,8,3901.11,,,,matched fuzzy dense-rank,5.0,1.0,5.0
12389,402,3,1433.33,,,,matched fuzzy dense-rank,3.0,1.0,4.0
12390,79,1,549.84,,,,matched fuzzy dense-rank,5.0,1.0,2.0
12391,21,6,2773.42,,,,matched fuzzy dense-rank,5.0,1.0,4.0
12392,590,1,234.75000000000003,,,,matched fuzzy dense-rank,1.0,1.0,1.0
12393,71,6,2399.4500000000003,,,,matched fuzzy dense-rank,5.0,1.0,4.0
12394,63,2,1272.48,,,,matched fuzzy dense-rank,5.0,1.0,4.0
12395,18,15,5067.27,,,,matched fuzzy dense-rank,5.0,1.0,5.0
12396,673,1,931.43,,,,matched fuzzy dense-rank,1.0,1.0,3.0
12397,35,2,2409.9,,,,matched fuzzy dense-rank,5.0,1.0,4.0
12398,45,1,1635.6599999999999,,,,matched fuzzy dense-rank,5.0,1.0,4.0
12399,118,7,1962.3,,,,matched fuzzy dense-rank,5.0,1.0,4.0
12400,413,1,205.25,,,,matched fuzzy dense-rank,3.0,1.0,1.0
12401,302,1,84.3,,,,matched fuzzy dense-rank,3.0,1.0,1.0
12402,322,6,1256.9,,,,matched fuzzy dense-rank,3.0,1.0,3.0
12403,49,2,1019.36,,,,matched fuzzy dense-rank,5.0,1.0,3.0
12404,681,1,63.24,,,,matched fuzzy dense-rank,1.0,1.0,1.0
12405,148,1,1710.39,,,,matched fuzzy dense-rank,4.0,1.0,4.0
12406,21,5,6390.36,,,,matched fuzzy dense-rank,5.0,1.0,5.0
12407,49,5,1708.1200000000001,,,,matched fuzzy dense-rank,5.0,1.0,4.0
12408,32,8,4340.7699999999995,,,,matched fuzzy dense-rank,5.0,1.0,5.0
12409,78,7,23419.29,,,,matched fuzzy dense-rank,5.0,1.0,5.0
12410,308,3,1013.71,,,,matched fuzzy dense-rank,3.0,1.0,3.0
12411,409,1,346.9,,,,matched fuzzy dense-rank,3.0,1.0,2.0
12412,74,6,2596.93,,,,matched fuzzy dense-rank,5.0,1.0,4.0
12413,66,4,999.45,,,,matched fuzzy dense-rank,5.0,1.0,3.0
12414,216,6,952.41,,,,matched fuzzy dense-rank,4.0,1.0,3.0
12415,23,28,144458.37,,,,matched fuzzy dense-rank,5.0,2.0,5.0
12416,656,1,202.56,,,,matched fuzzy dense-rank,1.0,1.0,1.0
12417,2,20,6816.91,,,,matched fuzzy dense-rank,5.0,2.0,5.0
12418,112,4,2021.2,,,,matched fuzzy dense-rank,5.0,1.0,4.0
12419,385,2,503.01,,,,matched fuzzy dense-rank,3.0,1.0,2.0
12420,63,1,600.39,,,,matched fuzzy dense-rank,5.0,1.0,2.0
12421,15,6,1098.6,,,,matched fuzzy dense-rank,5.0,1.0,3.0
12422,95,17,5231.8,,,,matched fuzzy dense-rank,5.0,1.0,5.0
12423,0,10,2622.39,,,,matched fuzzy dense-rank,5.0,1.0,4.0
12424,162,4,3340.03,,,,matched fuzzy dense-rank,4.0,1.0,5.0
12425,77,2,1741.41,,,,matched fuzzy dense-rank,5.0,1.0,4.0
12426,194,2,1345.21,,,,matched fuzzy dense-rank,4.0,1.0,4.0
12427,21,3,1129.3,,,,matched fuzzy dense-rank,5.0,1.0,3.0
12428,25,9,7956.46,,,,matched fuzzy dense-rank,5.0,1.0,5.0
12429,8,8,7485.91,,,,matched fuzzy dense-rank,5.0,1.0,5.0
12430,42,1,256.4,,,,matched fuzzy dense-rank,5.0,1.0,1.0
12431,35,27,10857.97,,,,matched fuzzy dense-rank,5.0,2.0,5.0
12432,42,5,5059.32,,,,matched fuzzy dense-rank,5.0,1.0,5.0
12433,0,10,20581.26,,,,matched fuzzy dense-rank,5.0,1.0,5.0
12434,84,3,1103.43,,,,matched fuzzy dense-rank,5.0,1.0,3.0
12435,79,6,13925.93,,,,matched fuzzy dense-rank,5.0,1.0,5.0
12436,99,1,509.01,,,,matched fuzzy dense-rank,5.0,1.0,2.0
12437,1,39,12683.4,,,,matched fuzzy dense-rank,5.0,3.0,5.0
12438,13,2,2906.85,,,,matched fuzzy dense-rank,5.0,1.0,4.0
12439,682,2,1158.18,,,,matched fuzzy dense-rank,1.0,1.0,3.0
12440,461,2,859.2,,,,matched fuzzy dense-rank,2.0,1.0,3.0
12441,366,1,347.1,,,,matched fuzzy dense-rank,3.0,1.0,2.0
12442,2,1,172.06,,,,matched fuzzy dense-rank,5.0,1.0,1.0
12443,731,1,485.31,,,,matched fuzzy dense-rank,1.0,1.0,2.0
12444,20,5,5005.46,,,,matched fuzzy dense-rank,5.0,1.0,5.0
12445,21,2,434.98,,,,matched fuzzy dense-rank,5.0,1.0,2.0
12446,57,1,1002.3100000000001,,,,matched fuzzy dense-rank,5.0,1.0,3.0
12447,242,1,476.49,,,,matched fuzzy dense-rank,4.0,1.0,2.0
12448,43,1,449.45,,,,matched fuzzy dense-rank,5.0,1.0,2.0
12449,21,6,4835.89,,,,matched fuzzy dense-rank,5.0,1.0,5.0
12450,155,5,688.2,,,,matched fuzzy dense-rank,4.0,1.0,3.0
12451,10,8,12669.88,,,,matched fuzzy dense-rank,5.0,1.0,5.0
12452,16,2,430.57,,,,matched fuzzy dense-rank,5.0,1.0,2.0
12453,133,1,707.09,,,,matched fuzzy dense-rank,5.0,1.0,3.0
12454,55,5,16679.78,,,,matched fuzzy dense-rank,5.0,1.0,5.0
12455,72,10,5879.95,,,,matched fuzzy dense-rank,5.0,1.0,5.0
12456,43,3,3181.04,,,,matched fuzzy dense-rank,5.0,1.0,5.0
12457,65,8,2995.91,,,,matched fuzzy dense-rank,5.0,1.0,4.0
12458,70,4,1777.49,,,,matched fuzzy dense-rank,5.0,1.0,4.0
12459,604,1,454.36,,,,matched fuzzy dense-rank,1.0,1.0,2.0
12460,455,1,326.65,,,,matched fuzzy dense-rank,2.0,1.0,2.0
12461,93,2,826.88,,,,matched fuzzy dense-rank,5.0,1.0,3.0
12462,18,2,1189.59,,,,matched fuzzy dense-rank,5.0,1.0,3.0
12463,52,4,1344.78,,,,matched fuzzy dense-rank,5.0,1.0,4.0
12464,9,8,1212.05,,,,matched fuzzy dense-rank,5.0,1.0,3.0
12465,16,2,742.1899999999999,,,,matched fuzzy dense-rank,5.0,1.0,3.0
12466,681,1,56.73,,,,matched fuzzy dense-rank,1.0,1.0,1.0
12467,422,1,132.8,,,,matched fuzzy dense-rank,3.0,1.0,1.0
12468,187,5,3670.74,,,,matched fuzzy dense-rank,4.0,1.0,5.0
12469,522,2,3070.54,,,,matched fuzzy dense-rank,2.0,1.0,5.0
12470,689,1,211.95,,,,matched fuzzy dense-rank,1.0,1.0,1.0
12471,1,79,39963.79,,,,matched fuzzy dense-rank,5.0,4.0,5.0
12472,31,19,17880.59,,,,matched fuzzy dense-rank,5.0,2.0,5.0
12473,28,5,3938.5499999999997,,,,matched fuzzy dense-rank,5.0,1.0,5.0
12474,16,31,12424.45,,,,matched fuzzy dense-rank,5.0,2.0,5.0
12475,53,2,1149.64,,,,matched fuzzy dense-rank,5.0,1.0,3.0
12476,15,23,14115.41,,,,matched fuzzy dense-rank,5.0,2.0,5.0
12477,22,9,20276.37,,,,matched fuzzy dense-rank,5.0,1.0,5.0
12478,3,1,680.99,,,,matched fuzzy dense-rank,5.0,1.0,3.0
12479,10,1,527.2,,,,matched fuzzy dense-rank,5.0,1.0,2.0
12480,27,7,5464.85,,,,matched fuzzy dense-rank,5.0,1.0,5.0
12481,22,15,12361.39,,,,matched fuzzy dense-rank,5.0,1.0,5.0
12482,575,29,23691.4,,,,matched fuzzy dense-rank,1.0,2.0,5.0
12483,16,19,5120.58,,,,matched fuzzy dense-rank,5.0,2.0,5.0
12484,32,12,6370.15,,,,matched fuzzy dense-rank,5.0,1.0,5.0
12485,528,1,708.1,,,,matched fuzzy dense-rank,2.0,1.0,3.0
12486,431,1,1037.28,,,,matched fuzzy dense-rank,2.0,1.0,3.0
12487,730,1,285.29999999999995,,,,matched fuzzy dense-rank,1.0,1.0,1.0
12488,9,3,1298.66,,,,matched fuzzy dense-rank,5.0,1.0,4.0
12489,335,1,334.93,,,,matched fuzzy dense-rank,3.0,1.0,2.0
12490,4,21,9823.64,,,,matched fuzzy dense-rank,5.0,2.0,5.0
12491,38,1,460.40000000000003,,,,matched fuzzy dense-rank,5.0,1.0,2.0
12492,62,3,715.21,,,,matched fuzzy dense-rank,5.0,1.0,3.0
12493,165,2,433.74,,,,matched fuzzy dense-rank,4.0,1.0,2.0
12494,15,9,1872.8700000000001,,,,matched fuzzy dense-rank,5.0,1.0,4.0
12495,640,1,357.4,,,,matched fuzzy dense-rank,1.0,1.0,2.0
12496,619,2,54.09,,,,matched fuzzy dense-rank,1.0,1.0,1.0
12497,81,3,6248.5,,,,matched fuzzy dense-rank,5.0,1.0,5.0
12498,20,3,403.70000000000005,,,,matched fuzzy dense-rank,5.0,1.0,2.0
12499,559,1,393.72,,,,matched fuzzy dense-rank,2.0,1.0,2.0
12500,22,19,5955.21,,,,matched fuzzy dense-rank,5.0,2.0,5.0
12501,336,1,2169.39,,,,matched fuzzy dense-rank,3.0,1.0,4.0
12502,95,5,3723.87,,,,matched fuzzy dense-rank,5.0,1.0,5.0
12503,583,1,1126.0,,,,matched fuzzy dense-rank,1.0,1.0,3.0
12504,17,4,779.05,,,,matched fuzzy dense-rank,5.0,1.0,3.0
12505,408,1,955.2,,,,matched fuzzy dense-rank,3.0,1.0,3.0
12506,232,1,73.5,,,,matched fuzzy dense-rank,4.0,1.0,1.0
12507,133,4,1844.06,,,,matched fuzzy dense-rank,5.0,1.0,4.0
12508,25,2,398.27,,,,matched fuzzy dense-rank,5.0,1.0,2.0
12509,283,1,176.5,,,,matched fuzzy dense-rank,3.0,1.0,1.0
12510,142,9,5178.02,,,,matched fuzzy dense-rank,4.0,1.0,5.0
12511,428,1,3084.02,,,,matched fuzzy dense-rank,3.0,1.0,5.0
12512,65,2,138.03,,,,matched fuzzy dense-rank,5.0,1.0,1.0
12513,112,1,612.29,,,,matched fuzzy dense-rank,5.0,1.0,2.0
12514,266,2,1597.76,,,,matched fuzzy dense-rank,4.0,1.0,4.0
12515,352,1,383.7,,,,matched fuzzy dense-rank,3.0,1.0,2.0
12516,77,4,2648.62,,,,matched fuzzy dense-rank,5.0,1.0,4.0
12517,27,5,2502.84,,,,matched fuzzy dense-rank,5.0,1.0,4.0
12518,0,5,2056.89,,,,matched fuzzy dense-rank,5.0,1.0,4.0
12519,63,2,726.54,,,,matched fuzzy dense-rank,5.0,1.0,3.0
12520,78,5,2634.26,,,,matched fuzzy dense-rank,5.0,1.0,4.0
12521,142,1,599.68,,,,matched fuzzy dense-rank,4.0,1.0,2.0
12522,38,2,192.72,,,,matched fuzzy dense-rank,5.0,1.0,1.0
12523,18,23,4372.15,,,,matched fuzzy dense-rank,5.0,2.0,5.0
12524,8,17,11126.11,,,,matched fuzzy dense-rank,5.0,1.0,5.0
12525,497,3,973.73,,,,matched fuzzy dense-rank,2.0,1.0,3.0
12526,0,3,1316.66,,,,matched fuzzy dense-rank,5.0,1.0,4.0
12527,81,5,735.51,,,,matched fuzzy dense-rank,5.0,1.0,3.0
12528,8,6,1933.48,,,,matched fuzzy dense-rank,5.0,1.0,4.0
12529,527,1,316.48,,,,matched fuzzy dense-rank,2.0,1.0,2.0
12530,59,9,3759.26,,,,matched fuzzy dense-rank,5.0,1.0,5.0
12531,14,2,1933.2,,,,matched fuzzy dense-rank,5.0,1.0,4.0
12532,29,1,349.83000000000004,,,,matched fuzzy dense-rank,5.0,1.0,2.0
12533,627,2,1367.89,,,,matched fuzzy dense-rank,1.0,1.0,4.0
12534,130,1,1089.18,,,,matched fuzzy dense-rank,5.0,1.0,3.0
12535,91,2,716.35,,,,matched fuzzy dense-rank,5.0,1.0,3.0
12536,42,3,12601.830000000002,,,,matched fuzzy dense-rank,5.0,1.0,5.0
12537,408,1,732.94,,,,matched fuzzy dense-rank,3.0,1.0,3.0
12538,28,2,640.45,,,,matched fuzzy dense-rank,5.0,1.0,3.0
12539,21,7,11214.75,,,,matched fuzzy dense-rank,5.0,1.0,5.0
12540,19,33,22254.49,,,,matched fuzzy dense-rank,5.0,2.0,5.0
12541,29,3,981.18,,,,matched fuzzy dense-rank,5.0,1.0,3.0
12542,483,2,481.88,,,,matched fuzzy dense-rank,2.0,1.0,2.0
12543,447,1,980.25,,,,matched fuzzy dense-rank,2.0,1.0,3.0
12544,35,1,372.7,,,,matched fuzzy dense-rank,5.0,1.0,2.0
12545,74,2,1000.39,,,,matched fuzzy dense-rank,5.0,1.0,3.0
12546,46,2,1161.5,,,,matched fuzzy dense-rank,5.0,1.0,3.0
12547,197,3,383.58,,,,matched fuzzy dense-rank,4.0,1.0,2.0
12548,165,1,95.19999999999999,,,,matched fuzzy dense-rank,4.0,1.0,1.0
12549,575,6,1575.68,,,,matched fuzzy dense-rank,1.0,1.0,4.0
12550,78,1,964.83,,,,matched fuzzy dense-rank,5.0,1.0,3.0
12551,357,1,168.0,,,,matched fuzzy dense-rank,3.0,1.0,1.0
12552,38,2,437.82,,,,matched fuzzy dense-rank,5.0,1.0,2.0
12553,7,12,4608.75,,,,matched fuzzy dense-rank,5.0,1.0,5.0
12554,448,1,468.5,,,,matched fuzzy dense-rank,2.0,1.0,2.0
12555,681,1,129.23,,,,matched fuzzy dense-rank,1.0,1.0,1.0
12556,49,2,603.71,,,,matched fuzzy dense-rank,5.0,1.0,2.0
12557,15,8,18716.14,,,,matched fuzzy dense-rank,5.0,1.0,5.0
12558,7,1,269.96,,,,matched fuzzy dense-rank,5.0,1.0,1.0
12559,310,2,561.71,,,,matched fuzzy dense-rank,3.0,1.0,2.0
12560,4,3,2134.01,,,,matched fuzzy dense-rank,5.0,1.0,4.0
12561,302,1,238.85,,,,matched fuzzy dense-rank,3.0,1.0,1.0
12562,7,9,4966.92,,,,matched fuzzy dense-rank,5.0,1.0,5.0
12563,408,1,249.24,,,,matched fuzzy dense-rank,3.0,1.0,1.0
12564,260,1,456.9,,,,matched fuzzy dense-rank,4.0,1.0,2.0
12565,288,1,145.92,,,,matched fuzzy dense-rank,3.0,1.0,1.0
12566,85,1,351.65,,,,matched fuzzy dense-rank,5.0,1.0,2.0
12567,22,15,13709.86,,,,matched fuzzy dense-rank,5.0,1.0,5.0
12568,644,1,70.0,,,,matched fuzzy dense-rank,1.0,1.0,1.0
12569,1,32,4124.69,,,,matched fuzzy dense-rank,5.0,2.0,5.0
12570,681,1,77.52,,,,matched fuzzy dense-rank,1.0,1.0,1.0
12571,39,2,519.61,,,,matched fuzzy dense-rank,5.0,1.0,2.0
12572,8,2,1020.42,,,,matched fuzzy dense-rank,5.0,1.0,3.0
12573,226,5,717.41,,,,matched fuzzy dense-rank,4.0,1.0,3.0
12574,315,1,218.45,,,,matched fuzzy dense-rank,3.0,1.0,1.0
12575,456,2,622.8199999999999,,,,matched fuzzy dense-rank,2.0,1.0,2.0
12576,35,8,2142.72,,,,matched fuzzy dense-rank,5.0,1.0,4.0
12577,34,8,1653.75,,,,matched fuzzy dense-rank,5.0,1.0,4.0
12578,20,4,4642.45,,,,matched fuzzy dense-rank,5.0,1.0,5.0
12579,77,1,440.42,,,,matched fuzzy dense-rank,5.0,1.0,2.0
12580,246,2,1052.9,,,,matched fuzzy dense-rank,4.0,1.0,3.0
12581,39,1,197.71,,,,matched fuzzy dense-rank,5.0,1.0,1.0
12582,238,4,1980.4,,,,matched fuzzy dense-rank,4.0,1.0,4.0
12583,2,27,14447.44,,,,matched fuzzy dense-rank,5.0,2.0,5.0
12584,3,9,2338.15,,,,matched fuzzy dense-rank,5.0,1.0,4.0
12585,233,2,2040.1,,,,matched fuzzy dense-rank,4.0,1.0,4.0
12586,16,4,2062.67,,,,matched fuzzy dense-rank,5.0,1.0,4.0
12587,7,1,144.0,,,,matched fuzzy dense-rank,5.0,1.0,1.0
12588,38,4,958.78,,,,matched fuzzy dense-rank,5.0,1.0,3.0
12589,28,8,4695.66,,,,matched fuzzy dense-rank,5.0,1.0,5.0
12590,210,2,9864.26,,,,matched fuzzy dense-rank,4.0,1.0,5.0
12591,316,3,1352.15,,,,matched fuzzy dense-rank,3.0,1.0,4.0
12592,91,5,2582.66,,,,matched fuzzy dense-rank,5.0,1.0,4.0
12593,108,3,418.09999999999997,,,,matched fuzzy dense-rank,5.0,1.0,2.0
12594,37,15,5090.110000000001,,,,matched fuzzy dense-rank,5.0,1.0,5.0
12595,504,1,299.02,,,,matched fuzzy dense-rank,2.0,1.0,1.0
12596,50,2,618.27,,,,matched fuzzy dense-rank,5.0,1.0,2.0
12597,18,4,3811.22,,,,matched fuzzy dense-rank,5.0,1.0,5.0
12598,9,11,4534.09,,,,matched fuzzy dense-rank,5.0,1.0,5.0
12599,28,13,2296.72,,,,matched fuzzy dense-rank,5.0,1.0,4.0
12600,28,21,5043.92,,,,matched fuzzy dense-rank,5.0,2.0,5.0
12601,189,6,681.26,,,,matched fuzzy dense-rank,4.0,1.0,3.0
12602,58,1,153.12,,,,matched fuzzy dense-rank,5.0,1.0,1.0
12603,21,1,739.1999999999999,,,,matched fuzzy dense-rank,5.0,1.0,3.0
12604,78,2,254.18,,,,matched fuzzy dense-rank,5.0,1.0,1.0
12605,375,4,1232.95,,,,matched fuzzy dense-rank,3.0,1.0,3.0
12606,681,1,21.0,,,,matched fuzzy dense-rank,1.0,1.0,1.0
12607,59,1,1579.51,,,,matched fuzzy dense-rank,5.0,1.0,4.0
12608,404,1,415.79,,,,matched fuzzy dense-rank,3.0,1.0,2.0
12609,77,9,3435.86,,,,matched fuzzy dense-rank,5.0,1.0,5.0
12610,22,5,2099.54,,,,matched fuzzy dense-rank,5.0,1.0,4.0
12611,51,1,1193.32,,,,matched fuzzy dense-rank,5.0,1.0,3.0
12612,73,1,704.0400000000001,,,,matched fuzzy dense-rank,5.0,1.0,3.0
12613,56,10,6835.07,,,,matched fuzzy dense-rank,5.0,1.0,5.0
12614,277,1,315.6,,,,matched fuzzy dense-rank,4.0,1.0,2.0
12615,1,8,5740.98,,,,matched fuzzy dense-rank,5.0,1.0,5.0
12616,94,3,1131.1,,,,matched fuzzy dense-rank,5.0,1.0,3.0
12617,28,1,355.53,,,,matched fuzzy dense-rank,5.0,1.0,2.0
12618,21,1,177.31,,,,matched fuzzy dense-rank,5.0,1.0,1.0
12619,15,10,3781.38,,,,matched fuzzy dense-rank,5.0,1.0,5.0
12620,14,3,1339.41,,,,matched fuzzy dense-rank,5.0,1.0,4.0
12621,1,35,24775.81,,,,matched fuzzy dense-rank,5.0,2.0,5.0
12622,231,1,180.1,,,,matched fuzzy dense-rank,4.0,1.0,1.0
12623,275,7,3747.84,,,,matched fuzzy dense-rank,4.0,1.0,5.0
12624,105,2,641.13,,,,matched fuzzy dense-rank,5.0,1.0,3.0
12625,211,4,5164.88,,,,matched fuzzy dense-rank,4.0,1.0,5.0
12626,22,9,6620.48,,,,matched fuzzy dense-rank,5.0,1.0,5.0
12627,10,7,4478.53,,,,matched fuzzy dense-rank,5.0,1.0,5.0
12628,3,3,786.46,,,,matched fuzzy dense-rank,5.0,1.0,3.0
12629,385,2,1558.22,,,,matched fuzzy dense-rank,3.0,1.0,4.0
12630,9,2,1270.88,,,,matched fuzzy dense-rank,5.0,1.0,3.0
12631,56,6,3481.57,,,,matched fuzzy dense-rank,5.0,1.0,5.0
12632,520,2,804.88,,,,matched fuzzy dense-rank,2.0,1.0,3.0
12633,58,7,5678.16,,,,matched fuzzy dense-rank,5.0,1.0,5.0
12634,535,2,490.0,,,,matched fuzzy dense-rank,2.0,1.0,2.0
12635,89,4,2930.41,,,,matched fuzzy dense-rank,5.0,1.0,4.0
12636,738,1,141.0,,,,matched fuzzy dense-rank,1.0,1.0,1.0
12637,66,12,8340.31,,,,matched fuzzy dense-rank,5.0,1.0,5.0
12638,32,2,921.49,,,,matched fuzzy dense-rank,5.0,1.0,3.0
12639,238,3,1312.37,,,,matched fuzzy dense-rank,4.0,1.0,4.0
12640,23,3,1174.58,,,,matched fuzzy dense-rank,5.0,1.0,3.0
12641,114,1,185.9,,,,matched fuzzy dense-rank,5.0,1.0,1.0
12642,24,3,1013.26,,,,matched fuzzy dense-rank,5.0,1.0,3.0
12643,127,12,8350.42,,,,matched fuzzy dense-rank,5.0,1.0,5.0
12644,129,4,1918.49,,,,matched fuzzy dense-rank,5.0,1.0,4.0
12645,33,8,3539.3,,,,matched fuzzy dense-rank,5.0,1.0,5.0
12646,4,2,1346.97,,,,matched fuzzy dense-rank,5.0,1.0,4.0
12647,21,36,17924.35,,,,matched fuzzy dense-rank,5.0,2.0,5.0
12648,154,4,1112.0,,,,matched fuzzy dense-rank,4.0,1.0,3.0
12649,106,8,2294.65,,,,matched fuzzy dense-rank,5.0,1.0,4.0
12650,2,1,314.44,,,,matched fuzzy dense-rank,5.0,1.0,2.0
12651,334,4,377.75,,,,matched fuzzy dense-rank,3.0,1.0,2.0
12652,330,2,1017.03,,,,matched fuzzy dense-rank,3.0,1.0,3.0
12653,148,3,4160.83,,,,matched fuzzy dense-rank,4.0,1.0,5.0
12654,10,5,601.98,,,,matched fuzzy dense-rank,5.0,1.0,2.0
12655,423,1,261.35,,,,matched fuzzy dense-rank,3.0,1.0,1.0
12656,16,8,6407.83,,,,matched fuzzy dense-rank,5.0,1.0,5.0
12657,10,4,1643.18,,,,matched fuzzy dense-rank,5.0,1.0,4.0
12658,18,1,686.05,,,,matched fuzzy dense-rank,5.0,1.0,3.0
12659,29,1,91.68,,,,matched fuzzy dense-rank,5.0,1.0,1.0
12660,10,1,245.1,,,,matched fuzzy dense-rank,5.0,1.0,1.0
12661,435,1,162.0,,,,matched fuzzy dense-rank,2.0,1.0,1.0
12662,0,20,6988.02,,,,matched fuzzy dense-rank,5.0,2.0,5.0
12663,624,2,239.4,,,,matched fuzzy dense-rank,1.0,1.0,1.0
12664,7,11,6070.04,,,,matched fuzzy dense-rank,5.0,1.0,5.0
12665,324,3,313.6,,,,matched fuzzy dense-rank,3.0,1.0,2.0
12666,393,1,1248.42,,,,matched fuzzy dense-rank,3.0,1.0,3.0
12667,57,1,620.13,,,,matched fuzzy dense-rank,5.0,1.0,2.0
12668,11,10,11444.68,,,,matched fuzzy dense-rank,5.0,1.0,5.0
12669,150,3,2744.0299999999997,,,,matched fuzzy dense-rank,4.0,1.0,4.0
12670,9,7,3760.29,,,,matched fuzzy dense-rank,5.0,1.0,5.0
12671,605,1,2622.481,,,,matched fuzzy dense-rank,1.0,1.0,4.0
12672,329,2,437.05,,,,matched fuzzy dense-rank,3.0,1.0,2.0
12673,4,3,1230.02,,,,matched fuzzy dense-rank,5.0,1.0,3.0
12674,38,4,1970.6,,,,matched fuzzy dense-rank,5.0,1.0,4.0
12675,553,2,958.5,,,,matched fuzzy dense-rank,2.0,1.0,3.0
12676,24,11,2843.09,,,,matched fuzzy dense-rank,5.0,1.0,4.0
12677,554,2,395.1,,,,matched fuzzy dense-rank,2.0,1.0,2.0
12678,41,21,34281.18,,,,matched fuzzy dense-rank,5.0,2.0,5.0
12679,58,4,1113.02,,,,matched fuzzy dense-rank,5.0,1.0,3.0
12680,0,4,880.81,,,,matched fuzzy dense-rank,5.0,1.0,3.0
12681,14,45,30868.28,,,,matched fuzzy dense-rank,5.0,3.0,5.0
12682,3,52,24033.91,,,,matched fuzzy dense-rank,5.0,3.0,5.0
12683,3,21,12696.78,,,,matched fuzzy dense-rank,5.0,2.0,5.0
12684,7,7,2283.63,,,,matched fuzzy dense-rank,5.0,1.0,4.0
12685,27,6,2863.08,,,,matched fuzzy dense-rank,5.0,1.0,4.0
12686,371,1,178.28,,,,matched fuzzy dense-rank,3.0,1.0,1.0
12687,480,2,2138.91,,,,matched fuzzy dense-rank,2.0,1.0,4.0
12688,113,1,4873.8099999999995,,,,matched fuzzy dense-rank,5.0,1.0,5.0
12689,25,2,1247.61,,,,matched fuzzy dense-rank,5.0,1.0,3.0
12690,205,1,389.01,,,,matched fuzzy dense-rank,4.0,1.0,2.0
12691,27,7,1170.4,,,,matched fuzzy dense-rank,5.0,1.0,3.0
12692,636,1,110.95,,,,matched fuzzy dense-rank,1.0,1.0,1.0
12693,126,7,1703.02,,,,matched fuzzy dense-rank,5.0,1.0,4.0
12694,69,3,1843.35,,,,matched fuzzy dense-rank,5.0,1.0,4.0
12695,6,7,1407.1200000000001,,,,matched fuzzy dense-rank,5.0,1.0,4.0
12696,434,2,851.91,,,,matched fuzzy dense-rank,2.0,1.0,3.0
12697,28,3,957.59,,,,matched fuzzy dense-rank,5.0,1.0,3.0
12698,589,1,339.75,,,,matched fuzzy dense-rank,1.0,1.0,2.0
12699,417,1,638.11,,,,matched fuzzy dense-rank,3.0,1.0,3.0
12700,7,4,4939.99,,,,matched fuzzy dense-rank,5.0,1.0,5.0
12701,79,6,2446.41,,,,matched fuzzy dense-rank,5.0,1.0,4.0
12702,19,1,219.0,,,,matched fuzzy dense-rank,5.0,1.0,1.0
12703,70,4,1006.53,,,,matched fuzzy dense-rank,5.0,1.0,3.0
12704,6,8,2340.84,,,,matched fuzzy dense-rank,5.0,1.0,4.0
12705,14,14,11762.1,,,,matched fuzzy dense-rank,5.0,1.0,5.0
12707,291,1,603.42,,,,matched fuzzy dense-rank,3.0,1.0,2.0
12708,29,18,5314.1,,,,matched fuzzy dense-rank,5.0,1.0,5.0
12709,14,34,31093.34,,,,matched fuzzy dense-rank,5.0,2.0,5.0
12710,96,3,1149.02,,,,matched fuzzy dense-rank,5.0,1.0,3.0
12711,611,2,1339.05,,,,matched fuzzy dense-rank,1.0,1.0,4.0
12712,28,21,7193.66,,,,matched fuzzy dense-rank,5.0,2.0,5.0
12713,0,1,848.55,,,,matched fuzzy dense-rank,5.0,1.0,3.0
12714,8,12,14093.71,,,,matched fuzzy dense-rank,5.0,1.0,5.0
12715,105,1,353.86,,,,matched fuzzy dense-rank,5.0,1.0,2.0
12716,3,2,1053.49,,,,matched fuzzy dense-rank,5.0,1.0,3.0
12717,150,3,1308.91,,,,matched fuzzy dense-rank,4.0,1.0,4.0
12718,70,1,238.25,,,,matched fuzzy dense-rank,5.0,1.0,1.0
12719,4,2,644.95,,,,matched fuzzy dense-rank,5.0,1.0,3.0
12720,2,30,8260.67,,,,matched fuzzy dense-rank,5.0,2.0,5.0
12721,31,8,4013.08,,,,matched fuzzy dense-rank,5.0,1.0,5.0
12722,84,4,997.63,,,,matched fuzzy dense-rank,5.0,1.0,3.0
12723,3,5,725.07,,,,matched fuzzy dense-rank,5.0,1.0,3.0
12724,4,7,2317.52,,,,matched fuzzy dense-rank,5.0,1.0,4.0
12725,370,4,2694.56,,,,matched fuzzy dense-rank,3.0,1.0,4.0
12726,27,11,4014.6,,,,matched fuzzy dense-rank,5.0,1.0,5.0
12727,10,10,5679.53,,,,matched fuzzy dense-rank,5.0,1.0,5.0
12728,70,5,1070.17,,,,matched fuzzy dense-rank,5.0,1.0,3.0
12729,113,1,453.01,,,,matched fuzzy dense-rank,5.0,1.0,2.0
12730,521,1,829.25,,,,matched fuzzy dense-rank,2.0,1.0,3.0
12731,23,17,25775.71,,,,matched fuzzy dense-rank,5.0,1.0,5.0
12732,179,1,236.26000000000002,,,,matched fuzzy dense-rank,4.0,1.0,1.0
12733,233,4,2424.87,,,,matched fuzzy dense-rank,4.0,1.0,4.0
12734,352,3,639.65,,,,matched fuzzy dense-rank,3.0,1.0,3.0
12735,314,2,779.5699999999999,,,,matched fuzzy dense-rank,3.0,1.0,3.0
12736,332,1,234.0,,,,matched fuzzy dense-rank,3.0,1.0,1.0
12737,498,2,3710.5,,,,matched fuzzy dense-rank,2.0,1.0,5.0
12738,371,1,310.7,,,,matched fuzzy dense-rank,3.0,1.0,2.0
12739,77,4,2726.73,,,,matched fuzzy dense-rank,5.0,1.0,4.0
12740,63,1,427.6,,,,matched fuzzy dense-rank,5.0,1.0,2.0
12741,528,2,406.07,,,,matched fuzzy dense-rank,2.0,1.0,2.0
12742,625,1,1201.52,,,,matched fuzzy dense-rank,1.0,1.0,3.0
12743,133,2,546.43,,,,matched fuzzy dense-rank,5.0,1.0,2.0
12744,51,11,25317.06,,,,matched fuzzy dense-rank,5.0,1.0,5.0
12745,486,3,925.41,,,,matched fuzzy dense-rank,2.0,1.0,3.0
12746,540,1,254.55,,,,matched fuzzy dense-rank,2.0,1.0,1.0
12747,1,26,9276.539999999999,,,,matched fuzzy dense-rank,5.0,2.0,5.0
12748,0,336,56599.39,,,,matched fuzzy dense-rank,5.0,5.0,5.0
12749,3,9,6897.36,,,,matched fuzzy dense-rank,5.0,1.0,5.0
12750,128,1,275.88,,,,matched fuzzy dense-rank,5.0,1.0,1.0
12751,444,1,268.27,,,,matched fuzzy dense-rank,2.0,1.0,1.0
12752,80,1,4366.78,,,,matched fuzzy dense-rank,5.0,1.0,5.0
12753,22,6,21429.39,,,,matched fuzzy dense-rank,5.0,1.0,5.0
12754,235,3,3010.74,,,,matched fuzzy dense-rank,4.0,1.0,5.0
12755,280,11,9030.66,,,,matched fuzzy dense-rank,3.0,1.0,5.0
12756,86,1,112.07999999999998,,,,matched fuzzy dense-rank,5.0,1.0,1.0
12757,15,13,7857.1,,,,matched fuzzy dense-rank,5.0,1.0,5.0
12758,116,7,9903.24,,,,matched fuzzy dense-rank,5.0,1.0,5.0
12759,51,8,5020.74,,,,matched fuzzy dense-rank,5.0,1.0,5.0
12760,455,1,347.8,,,,matched fuzzy dense-rank,2.0,1.0,2.0
12761,457,2,782.95,,,,matched fuzzy dense-rank,2.0,1.0,3.0
12762,7,2,1898.52,,,,matched fuzzy dense-rank,5.0,1.0,4.0
12763,137,2,814.16,,,,matched fuzzy dense-rank,4.0,1.0,3.0
12764,316,1,1693.88,,,,matched fuzzy dense-rank,3.0,1.0,4.0
12765,471,6,1404.58,,,,matched fuzzy dense-rank,2.0,1.0,4.0
12766,3,9,10068.28,,,,matched fuzzy dense-rank,5.0,1.0,5.0
12767,375,1,949.82,,,,matched fuzzy dense-rank,3.0,1.0,3.0
12768,450,1,168.69000000000003,,,,matched fuzzy dense-rank,2.0,1.0,1.0
12769,238,1,1143.6,,,,matched fuzzy dense-rank,4.0,1.0,3.0
12770,210,2,3246.45,,,,matched fuzzy dense-rank,4.0,1.0,5.0
12771,485,1,282.3,,,,matched fuzzy dense-rank,2.0,1.0,1.0
12772,59,1,892.47,,,,matched fuzzy dense-rank,5.0,1.0,3.0
12773,563,1,124.25,,,,matched fuzzy dense-rank,2.0,1.0,1.0
12774,535,1,98.7,,,,matched fuzzy dense-rank,2.0,1.0,1.0
12775,16,7,1686.12,,,,matched fuzzy dense-rank,5.0,1.0,4.0
12776,667,1,55.5,,,,matched fuzzy dense-rank,1.0,1.0,1.0
12777,457,1,519.45,,,,matched fuzzy dense-rank,2.0,1.0,2.0
12778,19,9,1775.68,,,,matched fuzzy dense-rank,5.0,1.0,4.0
12779,37,14,6722.2699999999995,,,,matched fuzzy dense-rank,5.0,1.0,5.0
12780,598,1,337.4,,,,matched fuzzy dense-rank,1.0,1.0,2.0
12781,63,2,826.74,,,,matched fuzzy dense-rank,5.0,1.0,3.0
12782,4,11,4618.24,,,,matched fuzzy dense-rank,5.0,1.0,5.0
12783,1,6,2225.91,,,,matched fuzzy dense-rank,5.0,1.0,4.0
12784,8,3,1804.75,,,,matched fuzzy dense-rank,5.0,1.0,4.0
12785,363,3,1100.4,,,,matched fuzzy dense-rank,3.0,1.0,3.0
12786,609,1,728.5,,,,matched fuzzy dense-rank,1.0,1.0,3.0
12787,9,4,862.18,,,,matched fuzzy dense-rank,5.0,1.0,3.0
12788,462,4,444.9,,,,matched fuzzy dense-rank,2.0,1.0,2.0
12789,64,3,273.35,,,,matched fuzzy dense-rank,5.0,1.0,1.0
12790,191,2,591.85,,,,matched fuzzy dense-rank,4.0,1.0,2.0
12791,373,6,1056.1100000000001,,,,matched fuzzy dense-rank,3.0,1.0,3.0
12792,256,2,827.01,,,,matched fuzzy dense-rank,4.0,1.0,3.0
12793,334,3,1017.33,,,,matched fuzzy dense-rank,3.0,1.0,3.0
12794,52,2,860.41,,,,matched fuzzy dense-rank,5.0,1.0,3.0
12795,18,1,430.48,,,,matched fuzzy dense-rank,5.0,1.0,2.0
12796,627,1,381.0,,,,matched fuzzy dense-rank,1.0,1.0,2.0
12797,365,2,806.11,,,,matched fuzzy dense-rank,3.0,1.0,3.0
12798,9,4,8510.93,,,,matched fuzzy dense-rank,5.0,1.0,5.0
12799,528,1,219.35,,,,matched fuzzy dense-rank,2.0,1.0,1.0
12800,469,3,584.25,,,,matched fuzzy dense-rank,2.0,1.0,2.0
12801,500,1,1071.82,,,,matched fuzzy dense-rank,2.0,1.0,3.0
12802,186,7,2416.42,,,,matched fuzzy dense-rank,4.0,1.0,4.0
12803,392,1,1092.81,,,,matched fuzzy dense-rank,3.0,1.0,3.0
12804,465,2,327.02,,,,matched fuzzy dense-rank,2.0,1.0,2.0
12805,381,4,1434.95,,,,matched fuzzy dense-rank,3.0,1.0,4.0
12806,434,4,2878.96,,,,matched fuzzy dense-rank,2.0,1.0,4.0
12807,382,1,330.35,,,,matched fuzzy dense-rank,3.0,1.0,2.0
12808,36,5,906.1,,,,matched fuzzy dense-rank,5.0,1.0,3.0
12809,177,3,1755.94,,,,matched fuzzy dense-rank,4.0,1.0,4.0
12810,534,2,534.99,,,,matched fuzzy dense-rank,2.0,1.0,2.0
12811,260,5,1033.9,,,,matched fuzzy dense-rank,4.0,1.0,3.0
12812,44,1,229.64000000000001,,,,matched fuzzy dense-rank,5.0,1.0,1.0
12813,501,3,1687.8,,,,matched fuzzy dense-rank,2.0,1.0,4.0
12814,101,1,125.92,,,,matched fuzzy dense-rank,5.0,1.0,1.0
12815,147,2,1063.46,,,,matched fuzzy dense-rank,4.0,1.0,3.0
12816,95,2,572.2,,,,matched fuzzy dense-rank,5.0,1.0,2.0
12817,280,3,690.98,,,,matched fuzzy dense-rank,3.0,1.0,3.0
12818,261,1,1542.08,,,,matched fuzzy dense-rank,4.0,1.0,4.0
12819,457,1,540.52,,,,matched fuzzy dense-rank,2.0,1.0,2.0
12820,2,11,2689.52,,,,matched fuzzy dense-rank,5.0,1.0,4.0
12821,213,2,220.8,,,,matched fuzzy dense-rank,4.0,1.0,1.0
12822,70,2,948.88,,,,matched fuzzy dense-rank,5.0,1.0,3.0
12823,74,18,6501.5,,,,matched fuzzy dense-rank,5.0,1.0,5.0
12824,59,1,397.12,,,,matched fuzzy dense-rank,5.0,1.0,2.0
12825,520,2,518.63,,,,matched fuzzy dense-rank,2.0,1.0,2.0
12826,2,12,2955.75,,,,matched fuzzy dense-rank,5.0,1.0,4.0
12827,5,3,430.15000000000003,,,,matched fuzzy dense-rank,5.0,1.0,2.0
12828,2,6,1018.71,,,,matched fuzzy dense-rank,5.0,1.0,3.0
12829,336,3,385.3,,,,matched fuzzy dense-rank,3.0,1.0,2.0
12830,37,6,6814.64,,,,matched fuzzy dense-rank,5.0,1.0,5.0
12831,261,3,451.11,,,,matched fuzzy dense-rank,4.0,1.0,2.0
12832,31,2,383.03,,,,matched fuzzy dense-rank,5.0,1.0,2.0
12833,144,1,417.38,,,,matched fuzzy dense-rank,4.0,1.0,2.0
12834,282,1,312.38,,,,matched fuzzy dense-rank,3.0,1.0,2.0
12835,427,41,6043.31,,,,matched fuzzy dense-rank,3.0,3.0,5.0
12836,58,15,6585.62,,,,matched fuzzy dense-rank,5.0,1.0,5.0
12837,172,2,688.41,,,,matched fuzzy dense-rank,4.0,1.0,3.0
12838,33,10,3398.48,,,,matched fuzzy dense-rank,5.0,1.0,5.0
12839,2,26,10071.73,,,,matched fuzzy dense-rank,5.0,2.0,5.0
12840,143,7,4041.97,,,,matched fuzzy dense-rank,4.0,1.0,5.0
12841,4,40,7540.68,,,,matched fuzzy dense-rank,5.0,3.0,5.0
12842,69,4,1917.99,,,,matched fuzzy dense-rank,5.0,1.0,4.0
12843,65,30,6588.41,,,,matched fuzzy dense-rank,5.0,2.0,5.0
12844,28,4,648.6,,,,matched fuzzy dense-rank,5.0,1.0,3.0
12845,266,4,354.09,,,,matched fuzzy dense-rank,4.0,1.0,2.0
12846,681,1,15.58,,,,matched fuzzy dense-rank,1.0,1.0,1.0
12847,21,2,1636.8999999999999,,,,matched fuzzy dense-rank,5.0,1.0,4.0
12848,675,1,208.0,,,,matched fuzzy dense-rank,1.0,1.0,1.0
12849,30,6,3090.56,,,,matched fuzzy dense-rank,5.0,1.0,5.0
12850,445,1,330.0,,,,matched fuzzy dense-rank,2.0,1.0,2.0
12851,96,2,284.13,,,,matched fuzzy dense-rank,5.0,1.0,1.0
12852,294,1,311.55,,,,matched fuzzy dense-rank,3.0,1.0,2.0
12853,134,11,3907.5,,,,matched fuzzy dense-rank,5.0,1.0,5.0
12854,78,7,2994.02,,,,matched fuzzy dense-rank,5.0,1.0,4.0
12855,372,4,650.9399999999999,,,,matched fuzzy dense-rank,3.0,1.0,3.0
12856,7,6,2179.93,,,,matched fuzzy dense-rank,5.0,1.0,4.0
12857,210,6,3688.0,,,,matched fuzzy dense-rank,4.0,1.0,5.0
12858,382,1,177.92,,,,matched fuzzy dense-rank,3.0,1.0,1.0
12859,458,1,575.1,,,,matched fuzzy dense-rank,2.0,1.0,2.0
12860,692,1,55.47,,,,matched fuzzy dense-rank,1.0,1.0,1.0
12861,619,1,68.25,,,,matched fuzzy dense-rank,1.0,1.0,1.0
12862,425,2,1008.3199999999999,,,,matched fuzzy dense-rank,3.0,1.0,3.0
12863,51,6,2792.5499999999997,,,,matched fuzzy dense-rank,5.0,1.0,4.0
12864,137,2,299.57,,,,matched fuzzy dense-rank,4.0,1.0,1.0
12865,25,4,3323.47,,,,matched fuzzy dense-rank,5.0,1.0,5.0
12866,282,3,1227.35,,,,matched fuzzy dense-rank,3.0,1.0,3.0
12867,25,13,7913.29,,,,matched fuzzy dense-rank,5.0,1.0,5.0
12868,185,8,2247.06,,,,matched fuzzy dense-rank,4.0,1.0,4.0
12869,681,1,337.66999999999996,,,,matched fuzzy dense-rank,1.0,1.0,2.0
12870,374,3,1676.95,,,,matched fuzzy dense-rank,3.0,1.0,4.0
12871,83,3,744.02,,,,matched fuzzy dense-rank,5.0,1.0,3.0
12872,326,12,3685.4900000000002,,,,matched fuzzy dense-rank,3.0,1.0,5.0
12873,281,3,2027.3,,,,matched fuzzy dense-rank,3.0,1.0,4.0
12874,384,2,948.42,,,,matched fuzzy dense-rank,3.0,1.0,3.0
12875,142,5,1356.99,,,,matched fuzzy dense-rank,4.0,1.0,4.0
12876,57,4,4081.79,,,,matched fuzzy dense-rank,5.0,1.0,5.0
12877,3,20,2955.17,,,,matched fuzzy dense-rank,5.0,2.0,4.0
12878,235,2,854.99,,,,matched fuzzy dense-rank,4.0,1.0,3.0
12879,44,3,573.22,,,,matched fuzzy dense-rank,5.0,1.0,2.0
12880,381,2,640.13,,,,matched fuzzy dense-rank,3.0,1.0,3.0
12881,275,1,298.0,,,,matched fuzzy dense-rank,4.0,1.0,1.0
12882,8,2,1463.04,,,,matched fuzzy dense-rank,5.0,1.0,4.0
12883,24,4,703.47,,,,matched fuzzy dense-rank,5.0,1.0,3.0
12884,87,1,309.05,,,,matched fuzzy dense-rank,5.0,1.0,2.0
12885,62,3,1175.22,,,,matched fuzzy dense-rank,5.0,1.0,3.0
12886,67,2,1378.4,,,,matched fuzzy dense-rank,5.0,1.0,4.0
12887,383,1,222.4,,,,matched fuzzy dense-rank,3.0,1.0,1.0
12888,213,2,354.12,,,,matched fuzzy dense-rank,4.0,1.0,2.0
12889,380,4,385.46000000000004,,,,matched fuzzy dense-rank,3.0,1.0,2.0
12890,23,2,717.27,,,,matched fuzzy dense-rank,5.0,1.0,3.0
12891,185,11,840.5,,,,matched fuzzy dense-rank,4.0,1.0,3.0
12892,396,1,263.38,,,,matched fuzzy dense-rank,3.0,1.0,1.0
12893,30,1,188.14,,,,matched fuzzy dense-rank,5.0,1.0,1.0
12894,574,1,157.35,,,,matched fuzzy dense-rank,1.0,1.0,1.0
12895,41,2,372.8,,,,matched fuzzy dense-rank,5.0,1.0,2.0
12897,204,4,514.25,,,,matched fuzzy dense-rank,4.0,1.0,2.0
12898,463,2,310.96000000000004,,,,matched fuzzy dense-rank,2.0,1.0,2.0
12899,413,1,366.4,,,,matched fuzzy dense-rank,3.0,1.0,2.0
12900,421,1,340.33,,,,matched fuzzy dense-rank,3.0,1.0,2.0
12901,8,28,17654.54,,,,matched fuzzy dense-rank,5.0,2.0,5.0
12902,264,1,138.68,,,,matched fuzzy dense-rank,4.0,1.0,1.0
12903,428,1,833.53,,,,matched fuzzy dense-rank,3.0,1.0,3.0
12904,17,2,509.58,,,,matched fuzzy dense-rank,5.0,1.0,2.0
12905,576,2,1018.42,,,,matched fuzzy dense-rank,1.0,1.0,3.0
12906,11,5,2919.81,,,,matched fuzzy dense-rank,5.0,1.0,4.0
12907,395,2,508.91,,,,matched fuzzy dense-rank,3.0,1.0,2.0
12908,175,5,1776.0,,,,matched fuzzy dense-rank,4.0,1.0,4.0
12909,39,8,3103.19,,,,matched fuzzy dense-rank,5.0,1.0,5.0
12910,22,13,5796.52,,,,matched fuzzy dense-rank,5.0,1.0,5.0
12911,551,1,1680.47,,,,matched fuzzy dense-rank,2.0,1.0,4.0
12912,2,5,1662.3,,,,matched fuzzy dense-rank,5.0,1.0,4.0
12913,4,13,6700.860000000001,,,,matched fuzzy dense-rank,5.0,1.0,5.0
12914,400,1,223.98,,,,matched fuzzy dense-rank,3.0,1.0,1.0
12915,148,4,1174.75,,,,matched fuzzy dense-rank,4.0,1.0,3.0
12916,138,7,4654.0199999999995,,,,matched fuzzy dense-rank,4.0,1.0,5.0
12917,127,6,4359.2,,,,matched fuzzy dense-rank,5.0,1.0,5.0
12918,625,1,10953.5,,,,matched fuzzy dense-rank,1.0,1.0,5.0
12919,7,6,1335.19,,,,matched fuzzy dense-rank,5.0,1.0,4.0
12920,16,4,488.09000000000003,,,,matched fuzzy dense-rank,5.0,1.0,2.0
12921,8,74,35921.04,,,,matched fuzzy dense-rank,5.0,4.0,5.0
12922,160,1,405.38,,,,matched fuzzy dense-rank,4.0,1.0,2.0
12923,63,3,789.87,,,,matched fuzzy dense-rank,5.0,1.0,3.0
12924,87,12,2469.4,,,,matched fuzzy dense-rank,5.0,1.0,4.0
12925,4,3,729.3299999999999,,,,matched fuzzy dense-rank,5.0,1.0,3.0
12926,410,4,1548.46,,,,matched fuzzy dense-rank,3.0,1.0,4.0
12927,394,1,197.31,,,,matched fuzzy dense-rank,3.0,1.0,1.0
12928,34,12,4304.89,,,,matched fuzzy dense-rank,5.0,1.0,5.0
12929,311,1,117.85,,,,matched fuzzy dense-rank,3.0,1.0,1.0
12930,77,2,415.8,,,,matched fuzzy dense-rank,5.0,1.0,2.0
12931,21,57,92347.34,,,,matched fuzzy dense-rank,5.0,4.0,5.0
12932,538,8,1698.56,,,,matched fuzzy dense-rank,2.0,1.0,4.0
12933,23,8,1687.03,,,,matched fuzzy dense-rank,5.0,1.0,4.0
12934,736,1,181.65,,,,matched fuzzy dense-rank,1.0,1.0,1.0
12935,1,15,4243.86,,,,matched fuzzy dense-rank,5.0,1.0,5.0
12936,16,4,1063.9,,,,matched fuzzy dense-rank,5.0,1.0,3.0
12937,14,9,3097.61,,,,matched fuzzy dense-rank,5.0,1.0,5.0
12938,25,1,114.14,,,,matched fuzzy dense-rank,5.0,1.0,1.0
12939,63,20,25264.8,,,,matched fuzzy dense-rank,5.0,2.0,5.0
12940,54,2,913.54,,,,matched fuzzy dense-rank,5.0,1.0,3.0
12941,723,1,377.49,,,,matched fuzzy dense-rank,1.0,1.0,2.0
12942,130,3,942.65,,,,matched fuzzy dense-rank,5.0,1.0,3.0
12943,557,2,496.5,,,,matched fuzzy dense-rank,2.0,1.0,2.0
12944,35,2,604.51,,,,matched fuzzy dense-rank,5.0,1.0,2.0
12945,287,2,900.11,,,,matched fuzzy dense-rank,3.0,1.0,3.0
12946,436,1,324.45,,,,matched fuzzy dense-rank,2.0,1.0,2.0
12947,143,6,1908.03,,,,matched fuzzy dense-rank,4.0,1.0,4.0
12948,15,9,2317.43,,,,matched fuzzy dense-rank,5.0,1.0,4.0
12949,30,22,15526.7,,,,matched fuzzy dense-rank,5.0,2.0,5.0
12950,1,3,1843.0,,,,matched fuzzy dense-rank,5.0,1.0,4.0
12951,8,15,3213.7200000000003,,,,matched fuzzy dense-rank,5.0,1.0,5.0
12952,5,4,1387.79,,,,matched fuzzy dense-rank,5.0,1.0,4.0
12953,9,2,828.8100000000001,,,,matched fuzzy dense-rank,5.0,1.0,3.0
12954,638,1,162.45,,,,matched fuzzy dense-rank,1.0,1.0,1.0
12955,0,11,4757.16,,,,matched fuzzy dense-rank,5.0,1.0,5.0
12956,305,4,521.89,,,,matched fuzzy dense-rank,3.0,1.0,2.0
12957,9,13,8706.97,,,,matched fuzzy dense-rank,5.0,1.0,5.0
12958,399,2,539.49,,,,matched fuzzy dense-rank,3.0,1.0,2.0
12959,483,1,150.95,,,,matched fuzzy dense-rank,2.0,1.0,1.0
12960,413,4,1322.07,,,,matched fuzzy dense-rank,3.0,1.0,4.0
12961,378,1,211.99,,,,matched fuzzy dense-rank,3.0,1.0,1.0
12962,6,2,266.39,,,,matched fuzzy dense-rank,5.0,1.0,1.0
12963,7,12,3601.59,,,,matched fuzzy dense-rank,5.0,1.0,5.0
12964,436,1,132.24,,,,matched fuzzy dense-rank,2.0,1.0,1.0
12965,88,1,771.91,,,,matched fuzzy dense-rank,5.0,1.0,3.0
12966,9,1,160.18,,,,matched fuzzy dense-rank,5.0,1.0,1.0
12967,357,3,4306.92,,,,matched fuzzy dense-rank,3.0,1.0,5.0
12968,111,1,135.95,,,,matched fuzzy dense-rank,5.0,1.0,1.0
12969,602,1,122.45,,,,matched fuzzy dense-rank,1.0,1.0,1.0
12970,6,10,1524.97,,,,matched fuzzy dense-rank,5.0,1.0,4.0
12971,3,116,15972.79,,,,matched fuzzy dense-rank,5.0,5.0,5.0
12972,413,4,1161.2,,,,matched fuzzy dense-rank,3.0,1.0,3.0
12973,413,1,385.55,,,,matched fuzzy dense-rank,3.0,1.0,2.0
12974,197,2,408.95,,,,matched fuzzy dense-rank,4.0,1.0,2.0
12975,436,6,2100.09,,,,matched fuzzy dense-rank,2.0,1.0,4.0
12976,211,8,3156.38,,,,matched fuzzy dense-rank,4.0,1.0,5.0
12977,155,4,517.63,,,,matched fuzzy dense-rank,4.0,1.0,2.0
12978,384,5,2502.82,,,,matched fuzzy dense-rank,3.0,1.0,4.0
12979,728,1,517.7,,,,matched fuzzy dense-rank,1.0,1.0,2.0
12980,157,21,16245.78,,,,matched fuzzy dense-rank,4.0,2.0,5.0
12981,29,2,372.21999999999997,,,,matched fuzzy dense-rank,5.0,1.0,2.0
12982,242,8,2744.81,,,,matched fuzzy dense-rank,4.0,1.0,4.0
12983,597,1,490.08000000000004,,,,matched fuzzy dense-rank,1.0,1.0,2.0
12984,18,1,97.5,,,,matched fuzzy dense-rank,5.0,1.0,1.0
12985,0,2,1239.38,,,,matched fuzzy dense-rank,5.0,1.0,3.0
12986,428,10,2729.84,,,,matched fuzzy dense-rank,3.0,1.0,4.0
12987,73,5,1312.21,,,,matched fuzzy dense-rank,5.0,1.0,4.0
12988,291,1,535.32,,,,matched fuzzy dense-rank,3.0,1.0,2.0
12989,2,33,13551.75,,,,matched fuzzy dense-rank,5.0,2.0,5.0
12990,30,7,955.5,,,,matched fuzzy dense-rank,5.0,1.0,3.0
12991,22,3,764.82,,,,matched fuzzy dense-rank,5.0,1.0,3.0
12992,724,1,93.35000000000001,,,,matched fuzzy dense-rank,1.0,1.0,1.0
12993,22,8,1259.6299999999999,,,,matched fuzzy dense-rank,5.0,1.0,3.0
12994,3,3,974.4200000000001,,,,matched fuzzy dense-rank,5.0,1.0,3.0
12995,84,1,211.32,,,,matched fuzzy dense-rank,5.0,1.0,1.0
12996,375,1,355.5,,,,matched fuzzy dense-rank,3.0,1.0,2.0
12997,21,8,2110.91,,,,matched fuzzy dense-rank,5.0,1.0,4.0
12998,492,3,920.08,,,,matched fuzzy dense-rank,2.0,1.0,3.0
12999,195,3,455.88,,,,matched fuzzy dense-rank,4.0,1.0,2.0
13000,106,4,1032.5,,,,matched fuzzy dense-rank,5.0,1.0,3.0
13001,3,33,24172.100000000002,,,,matched fuzzy dense-rank,5.0,2.0,5.0
13002,317,3,414.13,,,,matched fuzzy dense-rank,3.0,1.0,2.0
13003,105,3,149.05,,,,matched fuzzy dense-rank,5.0,1.0,1.0
13004,11,36,11650.85,,,,matched fuzzy dense-rank,5.0,2.0,5.0
13005,173,4,999.68,,,,matched fuzzy dense-rank,4.0,1.0,3.0
13006,55,1,81.57,,,,matched fuzzy dense-rank,5.0,1.0,1.0
13007,579,1,175.25,,,,matched fuzzy dense-rank,1.0,1.0,1.0
13008,322,3,612.13,,,,matched fuzzy dense-rank,3.0,1.0,2.0
13009,672,1,234.0,,,,matched fuzzy dense-rank,1.0,1.0,1.0
13010,373,2,330.12,,,,matched fuzzy dense-rank,3.0,1.0,2.0
13011,371,1,101.10000000000001,,,,matched fuzzy dense-rank,3.0,1.0,1.0
13012,8,11,2972.83,,,,matched fuzzy dense-rank,5.0,1.0,4.0
13013,0,29,12625.77,,,,matched fuzzy dense-rank,5.0,2.0,5.0
13014,10,11,5381.08,,,,matched fuzzy dense-rank,5.0,1.0,5.0
13015,52,11,6586.42,,,,matched fuzzy dense-rank,5.0,1.0,5.0
13016,72,3,789.89,,,,matched fuzzy dense-rank,5.0,1.0,3.0
13017,6,1,204.0,,,,matched fuzzy dense-rank,5.0,1.0,1.0
13018,15,35,9763.16,,,,matched fuzzy dense-rank,5.0,2.0,5.0
13019,378,6,1229.95,,,,matched fuzzy dense-rank,3.0,1.0,3.0
13020,562,2,618.96,,,,matched fuzzy dense-rank,2.0,1.0,2.0
13021,3,17,4887.24,,,,matched fuzzy dense-rank,5.0,1.0,5.0
13022,429,1,65.3,,,,matched fuzzy dense-rank,3.0,1.0,1.0
13023,63,3,1449.03,,,,matched fuzzy dense-rank,5.0,1.0,4.0
13024,470,2,555.87,,,,matched fuzzy dense-rank,2.0,1.0,2.0
13025,731,1,323.39,,,,matched fuzzy dense-rank,1.0,1.0,2.0
13026,0,9,1733.08,,,,matched fuzzy dense-rank,5.0,1.0,4.0
13027,113,19,17335.2,,,,matched fuzzy dense-rank,5.0,2.0,5.0
13028,22,2,661.3199999999999,,,,matched fuzzy dense-rank,5.0,1.0,3.0
13029,30,5,1927.3,,,,matched fuzzy dense-rank,5.0,1.0,4.0
13030,10,2,1227.22,,,,matched fuzzy dense-rank,5.0,1.0,3.0
13031,406,5,3419.27,,,,matched fuzzy dense-rank,3.0,1.0,5.0
13032,51,9,2843.55,,,,matched fuzzy dense-rank,5.0,1.0,4.0
13033,356,2,220.55,,,,matched fuzzy dense-rank,3.0,1.0,1.0
13034,54,3,922.68,,,,matched fuzzy dense-rank,5.0,1.0,3.0
13035,73,3,1364.2,,,,matched fuzzy dense-rank,5.0,1.0,4.0
13036,684,1,307.1,,,,matched fuzzy dense-rank,1.0,1.0,2.0
13037,137,12,3914.9500000000003,,,,matched fuzzy dense-rank,4.0,1.0,5.0
13038,79,3,908.46,,,,matched fuzzy dense-rank,5.0,1.0,3.0
13039,583,4,1010.73,,,,matched fuzzy dense-rank,1.0,1.0,3.0
13040,8,2,676.99,,,,matched fuzzy dense-rank,5.0,1.0,3.0
13041,450,4,799.13,,,,matched fuzzy dense-rank,2.0,1.0,3.0
13042,597,3,1556.54,,,,matched fuzzy dense-rank,1.0,1.0,4.0
13043,272,1,516.42,,,,matched fuzzy dense-rank,4.0,1.0,2.0
13044,290,11,4853.9,,,,matched fuzzy dense-rank,3.0,1.0,5.0
13045,98,3,808.92,,,,matched fuzzy dense-rank,5.0,1.0,3.0
13046,30,3,949.25,,,,matched fuzzy dense-rank,5.0,1.0,3.0
13047,31,24,8795.16,,,,matched fuzzy dense-rank,5.0,2.0,5.0
13048,13,9,4084.21,,,,matched fuzzy dense-rank,5.0,1.0,5.0
13049,63,4,1408.24,,,,matched fuzzy dense-rank,5.0,1.0,4.0
13050,14,35,12344.53,,,,matched fuzzy dense-rank,5.0,2.0,5.0
13051,578,2,155.8,,,,matched fuzzy dense-rank,1.0,1.0,1.0
13052,211,7,3168.53,,,,matched fuzzy dense-rank,4.0,1.0,5.0
13053,621,1,127.65,,,,matched fuzzy dense-rank,1.0,1.0,1.0
13055,77,4,2321.11,,,,matched fuzzy dense-rank,5.0,1.0,4.0
13056,550,1,209.48,,,,matched fuzzy dense-rank,2.0,1.0,1.0
13057,529,3,722.09,,,,matched fuzzy dense-rank,2.0,1.0,3.0
13058,24,3,271.40000000000003,,,,matched fuzzy dense-rank,5.0,1.0,1.0
13059,249,10,2303.17,,,,matched fuzzy dense-rank,4.0,1.0,4.0
13060,253,1,307.53,,,,matched fuzzy dense-rank,4.0,1.0,2.0
13061,71,1,248.61,,,,matched fuzzy dense-rank,5.0,1.0,1.0
13062,190,1,346.98,,,,matched fuzzy dense-rank,4.0,1.0,2.0
13063,480,1,188.4,,,,matched fuzzy dense-rank,2.0,1.0,1.0
13064,12,6,1680.74,,,,matched fuzzy dense-rank,5.0,1.0,4.0
13065,372,5,1260.91,,,,matched fuzzy dense-rank,3.0,1.0,3.0
13066,23,2,470.8,,,,matched fuzzy dense-rank,5.0,1.0,2.0
13067,81,3,508.51,,,,matched fuzzy dense-rank,5.0,1.0,2.0
13068,9,2,344.0,,,,matched fuzzy dense-rank,5.0,1.0,2.0
13069,0,38,9683.13,,,,matched fuzzy dense-rank,5.0,3.0,5.0
13070,191,4,751.7,,,,matched fuzzy dense-rank,4.0,1.0,3.0
13071,611,1,129.22,,,,matched fuzzy dense-rank,1.0,1.0,1.0
13072,266,1,177.15,,,,matched fuzzy dense-rank,4.0,1.0,1.0
13073,410,2,418.08,,,,matched fuzzy dense-rank,3.0,1.0,2.0
13074,510,4,1378.74,,,,matched fuzzy dense-rank,2.0,1.0,4.0
13075,129,1,919.61,,,,matched fuzzy dense-rank,5.0,1.0,3.0
13076,457,1,135.4,,,,matched fuzzy dense-rank,2.0,1.0,1.0
13077,0,11,3064.67,,,,matched fuzzy dense-rank,5.0,1.0,5.0
13078,2,57,29532.45,,,,matched fuzzy dense-rank,5.0,4.0,5.0
13079,3,6,419.18,,,,matched fuzzy dense-rank,5.0,1.0,2.0
13080,178,4,280.73,,,,matched fuzzy dense-rank,4.0,1.0,1.0
13081,11,28,59205.15,,,,matched fuzzy dense-rank,5.0,2.0,5.0
13082,125,21,7335.75,,,,matched fuzzy dense-rank,5.0,2.0,5.0
13083,3,3,395.43,,,,matched fuzzy dense-rank,5.0,1.0,2.0
13084,491,1,122.39999999999999,,,,matched fuzzy dense-rank,2.0,1.0,1.0
13085,157,8,2433.28,,,,matched fuzzy dense-rank,4.0,1.0,4.0
13086,382,1,439.33000000000004,,,,matched fuzzy dense-rank,3.0,1.0,2.0
13087,725,1,313.64,,,,matched fuzzy dense-rank,1.0,1.0,2.0
13088,416,1,236.11,,,,matched fuzzy dense-rank,3.0,1.0,1.0
13089,2,203,116737.86,,,,matched fuzzy dense-rank,5.0,5.0,5.0
13090,8,24,14103.09,,,,matched fuzzy dense-rank,5.0,2.0,5.0
13091,27,3,2321.82,,,,matched fuzzy dense-rank,5.0,1.0,4.0
13092,70,12,2140.28,,,,matched fuzzy dense-rank,5.0,1.0,4.0
13093,275,55,54943.65,,,,matched fuzzy dense-rank,4.0,3.0,5.0
13094,20,13,2433.1200000000003,,,,matched fuzzy dense-rank,5.0,1.0,4.0
13095,70,1,74.39999999999999,,,,matched fuzzy dense-rank,5.0,1.0,1.0
13096,393,1,419.70000000000005,,,,matched fuzzy dense-rank,3.0,1.0,2.0
13097,32,28,13389.22,,,,matched fuzzy dense-rank,5.0,2.0,5.0
13098,0,28,28882.44,,,,matched fuzzy dense-rank,5.0,2.0,5.0
13099,98,1,207.35999999999999,,,,matched fuzzy dense-rank,5.0,1.0,1.0
13101,233,4,695.4,,,,matched fuzzy dense-rank,4.0,1.0,3.0
13102,0,37,11696.92,,,,matched fuzzy dense-rank,5.0,3.0,5.0
13103,39,3,709.64,,,,matched fuzzy dense-rank,5.0,1.0,3.0
13104,2,9,1709.1,,,,matched fuzzy dense-rank,5.0,1.0,4.0
13105,435,1,72.0,,,,matched fuzzy dense-rank,2.0,1.0,1.0
13106,132,2,603.46,,,,matched fuzzy dense-rank,5.0,1.0,2.0
13107,43,9,5253.07,,,,matched fuzzy dense-rank,5.0,1.0,5.0
13108,372,2,1098.52,,,,matched fuzzy dense-rank,3.0,1.0,3.0
13109,59,3,1134.03,,,,matched fuzzy dense-rank,5.0,1.0,3.0
13110,30,12,2957.4700000000003,,,,matched fuzzy dense-rank,5.0,1.0,4.0
13111,718,1,321.88000000000005,,,,matched fuzzy dense-rank,1.0,1.0,2.0
13112,540,1,20.6,,,,matched fuzzy dense-rank,2.0,1.0,1.0
13113,0,37,18625.73,,,,matched fuzzy dense-rank,5.0,3.0,5.0
13114,730,1,234.38,,,,matched fuzzy dense-rank,1.0,1.0,1.0
13115,11,10,5494.7,,,,matched fuzzy dense-rank,5.0,1.0,5.0
13116,137,1,501.14,,,,matched fuzzy dense-rank,4.0,1.0,2.0
13117,21,18,2643.81,,,,matched fuzzy dense-rank,5.0,1.0,4.0
13118,19,9,2415.41,,,,matched fuzzy dense-rank,5.0,1.0,4.0
13119,668,1,134.9,,,,matched fuzzy dense-rank,1.0,1.0,1.0
13120,238,1,30.599999999999998,,,,matched fuzzy dense-rank,4.0,1.0,1.0
13121,268,1,283.73,,,,matched fuzzy dense-rank,4.0,1.0,1.0
13122,93,2,922.39,,,,matched fuzzy dense-rank,5.0,1.0,3.0
13123,472,2,506.75,,,,matched fuzzy dense-rank,2.0,1.0,2.0
13124,89,4,4782.45,,,,matched fuzzy dense-rank,5.0,1.0,5.0
13125,523,1,158.57,,,,matched fuzzy dense-rank,2.0,1.0,1.0
13126,4,13,3998.25,,,,matched fuzzy dense-rank,5.0,1.0,5.0
13127,77,1,259.17,,,,matched fuzzy dense-rank,5.0,1.0,1.0
13128,630,1,263.5,,,,matched fuzzy dense-rank,1.0,1.0,1.0
13129,451,2,233.25,,,,matched fuzzy dense-rank,2.0,1.0,1.0
13130,93,1,64.0,,,,matched fuzzy dense-rank,5.0,1.0,1.0
13131,22,7,3313.77,,,,matched fuzzy dense-rank,5.0,1.0,5.0
13132,261,1,77.3,,,,matched fuzzy dense-rank,4.0,1.0,1.0
13133,273,3,200.45000000000002,,,,matched fuzzy dense-rank,4.0,1.0,1.0
13134,85,6,2475.23,,,,matched fuzzy dense-rank,5.0,1.0,4.0
13135,196,2,3371.45,,,,matched fuzzy dense-rank,4.0,1.0,5.0
13136,55,13,6274.56,,,,matched fuzzy dense-rank,5.0,1.0,5.0
13137,10,16,7712.7,,,,matched fuzzy dense-rank,5.0,1.0,5.0
13138,21,7,1467.24,,,,matched fuzzy dense-rank,5.0,1.0,4.0
13139,15,8,8202.98,,,,matched fuzzy dense-rank,5.0,1.0,5.0
13140,107,5,1215.68,,,,matched fuzzy dense-rank,5.0,1.0,3.0
13141,84,17,7668.58,,,,matched fuzzy dense-rank,5.0,1.0,5.0
13142,18,1,307.09,,,,matched fuzzy dense-rank,5.0,1.0,2.0
13143,584,1,405.1,,,,matched fuzzy dense-rank,1.0,1.0,2.0
13144,332,2,135.35,,,,matched fuzzy dense-rank,3.0,1.0,1.0
13145,39,7,1423.52,,,,matched fuzzy dense-rank,5.0,1.0,4.0
13146,25,1,228.91,,,,matched fuzzy dense-rank,5.0,1.0,1.0
13147,9,4,712.8000000000001,,,,matched fuzzy dense-rank,5.0,1.0,3.0
13148,28,26,8621.81,,,,matched fuzzy dense-rank,5.0,2.0,5.0
13149,13,4,1676.06,,,,matched fuzzy dense-rank,5.0,1.0,4.0
13150,483,3,449.96999999999997,,,,matched fuzzy dense-rank,2.0,1.0,2.0
13151,295,3,2580.7400000000002,,,,matched fuzzy dense-rank,3.0,1.0,4.0
13152,416,7,2146.38,,,,matched fuzzy dense-rank,3.0,1.0,4.0
13153,5,1,486.22,,,,matched fuzzy dense-rank,5.0,1.0,2.0
13154,398,3,1624.84,,,,matched fuzzy dense-rank,3.0,1.0,4.0
13155,32,6,1750.18,,,,matched fuzzy dense-rank,5.0,1.0,4.0
13156,384,3,1586.54,,,,matched fuzzy dense-rank,3.0,1.0,4.0
13157,48,9,5687.36,,,,matched fuzzy dense-rank,5.0,1.0,5.0
13158,94,5,1508.18,,,,matched fuzzy dense-rank,5.0,1.0,4.0
13159,8,4,1437.85,,,,matched fuzzy dense-rank,5.0,1.0,4.0
13160,21,1,91.8,,,,matched fuzzy dense-rank,5.0,1.0,1.0
13161,312,2,478.88,,,,matched fuzzy dense-rank,3.0,1.0,2.0
13162,121,16,9275.49,,,,matched fuzzy dense-rank,5.0,1.0,5.0
13163,609,1,17.65,,,,matched fuzzy dense-rank,1.0,1.0,1.0
13164,568,2,372.2,,,,matched fuzzy dense-rank,2.0,1.0,2.0
13165,45,3,1451.16,,,,matched fuzzy dense-rank,5.0,1.0,4.0
13166,282,2,884.18,,,,matched fuzzy dense-rank,3.0,1.0,3.0
13167,18,5,1125.15,,,,matched fuzzy dense-rank,5.0,1.0,3.0
13168,35,5,1875.31,,,,matched fuzzy dense-rank,5.0,1.0,4.0
13169,63,3,840.08,,,,matched fuzzy dense-rank,5.0,1.0,3.0
13170,26,1,116.00999999999999,,,,matched fuzzy dense-rank,5.0,1.0,1.0
13171,21,3,468.41,,,,matched fuzzy dense-rank,5.0,1.0,2.0
13172,399,1,69.6,,,,matched fuzzy dense-rank,3.0,1.0,1.0
13173,3,11,2639.35,,,,matched fuzzy dense-rank,5.0,1.0,4.0
13174,15,12,9494.84,,,,matched fuzzy dense-rank,5.0,1.0,5.0
13175,581,2,831.45,,,,matched fuzzy dense-rank,1.0,1.0,3.0
13176,45,1,492.84,,,,matched fuzzy dense-rank,5.0,1.0,2.0
13177,64,2,512.2,,,,matched fuzzy dense-rank,5.0,1.0,2.0
13178,25,21,14059.19,,,,matched fuzzy dense-rank,5.0,2.0,5.0
13179,618,1,572.3100000000001,,,,matched fuzzy dense-rank,1.0,1.0,2.0
13180,606,1,86.10000000000001,,,,matched fuzzy dense-rank,1.0,1.0,1.0
13181,380,1,359.69,,,,matched fuzzy dense-rank,3.0,1.0,2.0
13182,44,1,121.18,,,,matched fuzzy dense-rank,5.0,1.0,1.0
13183,7,15,7036.18,,,,matched fuzzy dense-rank,5.0,1.0,5.0
13184,14,10,1701.29,,,,matched fuzzy dense-rank,5.0,1.0,4.0
13185,267,1,71.4,,,,matched fuzzy dense-rank,4.0,1.0,1.0
13186,39,3,1575.89,,,,matched fuzzy dense-rank,5.0,1.0,4.0
13187,336,4,367.01,,,,matched fuzzy dense-rank,3.0,1.0,2.0
13188,10,1,114.60000000000001,,,,matched fuzzy dense-rank,5.0,1.0,1.0
13189,18,2,260.68,,,,matched fuzzy dense-rank,5.0,1.0,1.0
13190,543,3,570.66,,,,matched fuzzy dense-rank,2.0,1.0,2.0
13191,657,1,164.69,,,,matched fuzzy dense-rank,1.0,1.0,1.0
13192,94,6,2558.58,,,,matched fuzzy dense-rank,5.0,1.0,4.0
13193,60,1,117.88,,,,matched fuzzy dense-rank,5.0,1.0,1.0
13194,135,2,472.78,,,,matched fuzzy dense-rank,4.0,1.0,2.0
13195,413,1,172.38,,,,matched fuzzy dense-rank,3.0,1.0,1.0
13196,10,7,3068.84,,,,matched fuzzy dense-rank,5.0,1.0,5.0
13197,609,1,373.01000000000005,,,,matched fuzzy dense-rank,1.0,1.0,2.0
13198,9,8,4974.2300000000005,,,,matched fuzzy dense-rank,5.0,1.0,5.0
13199,3,67,16432.89,,,,matched fuzzy dense-rank,5.0,4.0,5.0
13200,18,4,870.09,,,,matched fuzzy dense-rank,5.0,1.0,3.0
13201,501,4,1240.6100000000001,,,,matched fuzzy dense-rank,2.0,1.0,3.0
13202,393,7,1580.3,,,,matched fuzzy dense-rank,3.0,1.0,4.0
13203,9,10,2648.25,,,,matched fuzzy dense-rank,5.0,1.0,4.0
13204,730,1,966.6600000000001,,,,matched fuzzy dense-rank,1.0,1.0,3.0
13205,442,1,2803.2,,,,matched fuzzy dense-rank,2.0,1.0,4.0
13206,399,13,8377.32,,,,matched fuzzy dense-rank,3.0,1.0,5.0
13207,14,4,535.86,,,,matched fuzzy dense-rank,5.0,1.0,2.0
13208,58,9,1988.5,,,,matched fuzzy dense-rank,5.0,1.0,4.0
13209,29,13,8509.51,,,,matched fuzzy dense-rank,5.0,1.0,5.0
13210,93,1,353.48,,,,matched fuzzy dense-rank,5.0,1.0,2.0
13211,9,10,2729.32,,,,matched fuzzy dense-rank,5.0,1.0,4.0
13212,19,3,788.08,,,,matched fuzzy dense-rank,5.0,1.0,3.0
13213,56,11,3851.52,,,,matched fuzzy dense-rank,5.0,1.0,5.0
13214,417,7,3264.23,,,,matched fuzzy dense-rank,3.0,1.0,5.0
13215,401,1,81.6,,,,matched fuzzy dense-rank,3.0,1.0,1.0
13216,267,1,333.74,,,,matched fuzzy dense-rank,4.0,1.0,2.0
13217,121,4,666.48,,,,matched fuzzy dense-rank,5.0,1.0,3.0
13218,126,1,62.63999999999999,,,,matched fuzzy dense-rank,5.0,1.0,1.0
13219,617,1,76.23,,,,matched fuzzy dense-rank,1.0,1.0,1.0
13220,77,5,1336.0900000000001,,,,matched fuzzy dense-rank,5.0,1.0,4.0
13221,239,2,847.41,,,,matched fuzzy dense-rank,4.0,1.0,3.0
13222,576,1,88.5,,,,matched fuzzy dense-rank,1.0,1.0,1.0
13223,199,6,969.1200000000001,,,,matched fuzzy dense-rank,4.0,1.0,3.0
13224,59,2,2155.95,,,,matched fuzzy dense-rank,5.0,1.0,4.0
13225,2,16,16260.07,,,,matched fuzzy dense-rank,5.0,1.0,5.0
13226,272,2,312.46,,,,matched fuzzy dense-rank,4.0,1.0,2.0
13227,201,1,257.7,,,,matched fuzzy dense-rank,4.0,1.0,1.0
13228,80,1,358.0,,,,matched fuzzy dense-rank,5.0,1.0,2.0
13229,225,1,160.95,,,,matched fuzzy dense-rank,4.0,1.0,1.0
13230,3,30,6360.78,,,,matched fuzzy dense-rank,5.0,2.0,5.0
13232,12,7,1357.6,,,,matched fuzzy dense-rank,5.0,1.0,4.0
13233,73,4,1176.46,,,,matched fuzzy dense-rank,5.0,1.0,3.0
13234,672,2,356.95,,,,matched fuzzy dense-rank,1.0,1.0,2.0
13235,211,1,1031.07,,,,matched fuzzy dense-rank,4.0,1.0,3.0
13236,24,2,744.85,,,,matched fuzzy dense-rank,5.0,1.0,3.0
13237,387,1,643.0,,,,matched fuzzy dense-rank,3.0,1.0,3.0
13238,16,6,1006.63,,,,matched fuzzy dense-rank,5.0,1.0,3.0
13239,261,5,1594.69,,,,matched fuzzy dense-rank,4.0,1.0,4.0
13240,95,8,1738.52,,,,matched fuzzy dense-rank,5.0,1.0,4.0
13241,411,1,115.58,,,,matched fuzzy dense-rank,3.0,1.0,1.0
13242,111,7,699.4,,,,matched fuzzy dense-rank,5.0,1.0,3.0
13243,202,5,1278.04,,,,matched fuzzy dense-rank,4.0,1.0,4.0
13244,92,1,121.74000000000001,,,,matched fuzzy dense-rank,5.0,1.0,1.0
13245,50,2,989.22,,,,matched fuzzy dense-rank,5.0,1.0,3.0
13246,17,11,3387.43,,,,matched fuzzy dense-rank,5.0,1.0,5.0
13247,17,4,501.12,,,,matched fuzzy dense-rank,5.0,1.0,2.0
13248,124,2,465.68,,,,matched fuzzy dense-rank,5.0,1.0,2.0
13249,91,9,1608.93,,,,matched fuzzy dense-rank,5.0,1.0,4.0
13250,460,2,256.04,,,,matched fuzzy dense-rank,2.0,1.0,1.0
13251,401,1,252.68,,,,matched fuzzy dense-rank,3.0,1.0,1.0
13252,393,2,399.3,,,,matched fuzzy dense-rank,3.0,1.0,2.0
13253,156,4,2951.11,,,,matched fuzzy dense-rank,4.0,1.0,4.0
13254,375,1,51.410000000000004,,,,matched fuzzy dense-rank,3.0,1.0,1.0
13255,8,3,904.46,,,,matched fuzzy dense-rank,5.0,1.0,3.0
13257,435,1,149.75,,,,matched fuzzy dense-rank,2.0,1.0,1.0
13258,11,5,1035.18,,,,matched fuzzy dense-rank,5.0,1.0,3.0
13259,61,9,1433.38,,,,matched fuzzy dense-rank,5.0,1.0,4.0
13260,60,1,557.62,,,,matched fuzzy dense-rank,5.0,1.0,2.0
13261,268,2,944.1,,,,matched fuzzy dense-rank,4.0,1.0,3.0
13262,262,3,573.45,,,,matched fuzzy dense-rank,4.0,1.0,2.0
13263,0,39,8704.69,,,,matched fuzzy dense-rank,5.0,3.0,5.0
13264,442,1,722.5600000000001,,,,matched fuzzy dense-rank,2.0,1.0,3.0
13265,52,5,2107.66,,,,matched fuzzy dense-rank,5.0,1.0,4.0
13266,10,19,6135.04,,,,matched fuzzy dense-rank,5.0,2.0,5.0
13267,2,36,9758.26,,,,matched fuzzy dense-rank,5.0,2.0,5.0
13268,17,11,3214.69,,,,matched fuzzy dense-rank,5.0,1.0,5.0
13269,0,28,8891.7,,,,matched fuzzy dense-rank,5.0,2.0,5.0
13270,365,1,1180.0,,,,matched fuzzy dense-rank,3.0,1.0,3.0
13271,36,1,217.38,,,,matched fuzzy dense-rank,5.0,1.0,1.0
13272,30,2,276.56,,,,matched fuzzy dense-rank,5.0,1.0,1.0
13273,112,1,138.98,,,,matched fuzzy dense-rank,5.0,1.0,1.0
13274,408,1,360.85,,,,matched fuzzy dense-rank,3.0,1.0,2.0
13275,383,2,241.66,,,,matched fuzzy dense-rank,3.0,1.0,1.0
13276,63,5,1939.26,,,,matched fuzzy dense-rank,5.0,1.0,4.0
13277,15,7,523.3,,,,matched fuzzy dense-rank,5.0,1.0,2.0
13278,40,4,1435.85,,,,matched fuzzy dense-rank,5.0,1.0,4.0
13279,77,1,137.75,,,,matched fuzzy dense-rank,5.0,1.0,1.0
13280,121,7,2322.63,,,,matched fuzzy dense-rank,5.0,1.0,4.0
13281,438,1,350.85,,,,matched fuzzy dense-rank,2.0,1.0,2.0
13282,17,4,1313.19,,,,matched fuzzy dense-rank,5.0,1.0,4.0
13283,59,4,373.36,,,,matched fuzzy dense-rank,5.0,1.0,2.0
13284,330,1,201.19,,,,matched fuzzy dense-rank,3.0,1.0,1.0
13285,22,6,3364.59,,,,matched fuzzy dense-rank,5.0,1.0,5.0
13286,599,1,734.91,,,,matched fuzzy dense-rank,1.0,1.0,3.0
13287,602,3,781.59,,,,matched fuzzy dense-rank,1.0,1.0,3.0
13288,442,5,927.61,,,,matched fuzzy dense-rank,2.0,1.0,3.0
13289,723,1,307.95,,,,matched fuzzy dense-rank,1.0,1.0,2.0
13290,437,1,208.63,,,,matched fuzzy dense-rank,2.0,1.0,1.0
13291,155,11,3320.84,,,,matched fuzzy dense-rank,4.0,1.0,5.0
13292,38,5,994.51,,,,matched fuzzy dense-rank,5.0,1.0,3.0
13293,391,6,1192.94,,,,matched fuzzy dense-rank,3.0,1.0,3.0
13294,189,3,1689.53,,,,matched fuzzy dense-rank,4.0,1.0,4.0
13295,359,4,1101.97,,,,matched fuzzy dense-rank,3.0,1.0,3.0
13296,136,6,792.51,,,,matched fuzzy dense-rank,4.0,1.0,3.0
13297,7,7,4368.62,,,,matched fuzzy dense-rank,5.0,1.0,5.0
13298,0,1,360.0,,,,matched fuzzy dense-rank,5.0,1.0,2.0
13299,267,3,1218.7,,,,matched fuzzy dense-rank,4.0,1.0,3.0
13300,168,3,1285.51,,,,matched fuzzy dense-rank,4.0,1.0,4.0
13301,103,4,618.09,,,,matched fuzzy dense-rank,5.0,1.0,2.0
13302,154,2,159.2,,,,matched fuzzy dense-rank,4.0,1.0,1.0
13303,399,1,61.72,,,,matched fuzzy dense-rank,3.0,1.0,1.0
13304,350,4,1217.99,,,,matched fuzzy dense-rank,3.0,1.0,3.0
13305,3,16,3754.71,,,,matched fuzzy dense-rank,5.0,1.0,5.0
13306,429,1,53.65,,,,matched fuzzy dense-rank,3.0,1.0,1.0
13307,119,3,273.34,,,,matched fuzzy dense-rank,5.0,1.0,1.0
13308,22,4,1670.3700000000001,,,,matched fuzzy dense-rank,5.0,1.0,4.0
13309,6,6,1706.3700000000001,,,,matched fuzzy dense-rank,5.0,1.0,4.0
13310,27,5,1541.2,,,,matched fuzzy dense-rank,5.0,1.0,4.0
13311,3,2,598.57,,,,matched fuzzy dense-rank,5.0,1.0,2.0
13312,450,1,124.75,,,,matched fuzzy dense-rank,2.0,1.0,1.0
13313,21,12,3445.32,,,,matched fuzzy dense-rank,5.0,1.0,5.0
13314,1,3,775.94,,,,matched fuzzy dense-rank,5.0,1.0,3.0
13315,688,1,310.26,,,,matched fuzzy dense-rank,1.0,1.0,2.0
13316,36,10,13191.57,,,,matched fuzzy dense-rank,5.0,1.0,5.0
13317,65,19,6486.091,,,,matched fuzzy dense-rank,5.0,2.0,5.0
13318,0,3,640.76,,,,matched fuzzy dense-rank,5.0,1.0,3.0
13319,4,58,22082.5,,,,matched fuzzy dense-rank,5.0,4.0,5.0
13320,77,6,2228.1,,,,matched fuzzy dense-rank,5.0,1.0,4.0
13321,71,2,567.36,,,,matched fuzzy dense-rank,5.0,1.0,2.0
13322,16,1,199.48000000000002,,,,matched fuzzy dense-rank,5.0,1.0,1.0
13323,2,5,787.85,,,,matched fuzzy dense-rank,5.0,1.0,3.0
13324,35,18,10513.47,,,,matched fuzzy dense-rank,5.0,1.0,5.0
13325,81,1,675.3,,,,matched fuzzy dense-rank,5.0,1.0,3.0
13326,431,1,281.76,,,,matched fuzzy dense-rank,2.0,1.0,1.0
13327,38,20,9879.48,,,,matched fuzzy dense-rank,5.0,2.0,5.0
13328,315,1,1308.48,,,,matched fuzzy dense-rank,3.0,1.0,4.0
13329,31,8,5112.97,,,,matched fuzzy dense-rank,5.0,1.0,5.0
13330,92,6,2806.18,,,,matched fuzzy dense-rank,5.0,1.0,4.0
13331,401,1,262.4,,,,matched fuzzy dense-rank,3.0,1.0,1.0
13332,13,1,350.9,,,,matched fuzzy dense-rank,5.0,1.0,2.0
13333,410,3,1015.74,,,,matched fuzzy dense-rank,3.0,1.0,3.0
13334,81,5,6263.75,,,,matched fuzzy dense-rank,5.0,1.0,5.0
13336,76,1,795.12,,,,matched fuzzy dense-rank,5.0,1.0,3.0
13337,545,1,1575.26,,,,matched fuzzy dense-rank,2.0,1.0,4.0
13338,157,4,2445.62,,,,matched fuzzy dense-rank,4.0,1.0,4.0
13339,200,1,860.12,,,,matched fuzzy dense-rank,4.0,1.0,3.0
13340,44,12,22100.56,,,,matched fuzzy dense-rank,5.0,1.0,5.0
13341,260,1,775.85,,,,matched fuzzy dense-rank,4.0,1.0,3.0
13343,177,1,353.43,,,,matched fuzzy dense-rank,4.0,1.0,2.0
13344,67,3,2543.72,,,,matched fuzzy dense-rank,5.0,1.0,4.0
13345,287,1,389.5,,,,matched fuzzy dense-rank,3.0,1.0,2.0
13346,462,6,299.4,,,,matched fuzzy dense-rank,2.0,1.0,1.0
13347,69,1,341.36,,,,matched fuzzy dense-rank,5.0,1.0,2.0
13348,63,1,233.76,,,,matched fuzzy dense-rank,5.0,1.0,1.0
13349,10,1,247.32,,,,matched fuzzy dense-rank,5.0,1.0,1.0
13350,15,2,979.12,,,,matched fuzzy dense-rank,5.0,1.0,3.0
13351,65,1,373.94,,,,matched fuzzy dense-rank,5.0,1.0,2.0
13352,59,1,397.97999999999996,,,,matched fuzzy dense-rank,5.0,1.0,2.0
13354,70,1,743.53,,,,matched fuzzy dense-rank,5.0,1.0,3.0
13355,121,1,674.7,,,,matched fuzzy dense-rank,5.0,1.0,3.0
13356,79,1,768.24,,,,matched fuzzy dense-rank,5.0,1.0,3.0
13357,256,5,3838.36,,,,matched fuzzy dense-rank,4.0,1.0,5.0
13358,268,1,439.03,,,,matched fuzzy dense-rank,4.0,1.0,2.0
13359,63,2,1043.31,,,,matched fuzzy dense-rank,5.0,1.0,3.0
13360,431,4,1553.65,,,,matched fuzzy dense-rank,2.0,1.0,4.0
13361,471,2,1450.5,,,,matched fuzzy dense-rank,2.0,1.0,4.0
13362,8,7,5394.07,,,,matched fuzzy dense-rank,5.0,1.0,5.0
13363,17,3,1723.86,,,,matched fuzzy dense-rank,5.0,1.0,4.0
13364,70,1,134.95999999999998,,,,matched fuzzy dense-rank,5.0,1.0,1.0
13365,33,2,2225.37,,,,matched fuzzy dense-rank,5.0,1.0,4.0
13366,49,1,56.160000000000004,,,,matched fuzzy dense-rank,5.0,1.0,1.0
13367,431,1,510.20000000000005,,,,matched fuzzy dense-rank,2.0,1.0,2.0
13368,256,4,1121.5,,,,matched fuzzy dense-rank,4.0,1.0,3.0
13369,365,1,616.5600000000001,,,,matched fuzzy dense-rank,3.0,1.0,2.0
13370,371,1,1509.74,,,,matched fuzzy dense-rank,3.0,1.0,4.0
13371,504,2,2297.66,,,,matched fuzzy dense-rank,2.0,1.0,4.0
13372,89,1,378.64,,,,matched fuzzy dense-rank,5.0,1.0,2.0
13373,60,6,7587.1900000000005,,,,matched fuzzy dense-rank,5.0,1.0,5.0
13374,414,2,422.8,,,,matched fuzzy dense-rank,3.0,1.0,2.0
13375,88,2,1792.23,,,,matched fuzzy dense-rank,5.0,1.0,4.0
13376,98,3,1019.76,,,,matched fuzzy dense-rank,5.0,1.0,3.0
13377,396,2,1552.88,,,,matched fuzzy dense-rank,3.0,1.0,4.0
13379,25,3,572.56,,,,matched fuzzy dense-rank,5.0,1.0,2.0
13380,432,1,62.4,,,,matched fuzzy dense-rank,2.0,1.0,1.0
13381,31,12,8224.37,,,,matched fuzzy dense-rank,5.0,1.0,5.0
13382,280,5,1387.58,,,,matched fuzzy dense-rank,3.0,1.0,4.0
13383,543,1,305.28000000000003,,,,matched fuzzy dense-rank,2.0,1.0,2.0
13384,30,11,6680.83,,,,matched fuzzy dense-rank,5.0,1.0,5.0
13385,329,1,534.57,,,,matched fuzzy dense-rank,3.0,1.0,2.0
13386,413,2,835.46,,,,matched fuzzy dense-rank,3.0,1.0,3.0
13387,416,1,189.44,,,,matched fuzzy dense-rank,3.0,1.0,1.0
13388,130,3,1185.65,,,,matched fuzzy dense-rank,5.0,1.0,3.0
13389,10,3,797.96,,,,matched fuzzy dense-rank,5.0,1.0,3.0
13390,74,1,544.08,,,,matched fuzzy dense-rank,5.0,1.0,2.0
13391,203,1,59.8,,,,matched fuzzy dense-rank,4.0,1.0,1.0
13392,676,1,91.14,,,,matched fuzzy dense-rank,1.0,1.0,1.0
13393,583,4,1131.45,,,,matched fuzzy dense-rank,1.0,1.0,3.0
13394,1,19,6621.7,,,,matched fuzzy dense-rank,5.0,2.0,5.0
13395,184,3,1180.23,,,,matched fuzzy dense-rank,4.0,1.0,3.0
13396,28,2,1360.99,,,,matched fuzzy dense-rank,5.0,1.0,4.0
13397,72,10,3191.87,,,,matched fuzzy dense-rank,5.0,1.0,5.0
13398,191,2,670.34,,,,matched fuzzy dense-rank,4.0,1.0,3.0
13399,463,3,275.4,,,,matched fuzzy dense-rank,2.0,1.0,1.0
13400,582,1,310.83,,,,matched fuzzy dense-rank,1.0,1.0,2.0
13402,126,4,1535.13,,,,matched fuzzy dense-rank,5.0,1.0,4.0
13403,17,3,229.5,,,,matched fuzzy dense-rank,5.0,1.0,1.0
13404,0,2,252.49,,,,matched fuzzy dense-rank,5.0,1.0,1.0
13405,73,6,1213.811,,,,matched fuzzy dense-rank,5.0,1.0,3.0
13406,426,2,568.92,,,,matched fuzzy dense-rank,3.0,1.0,2.0
13407,578,3,2244.7,,,,matched fuzzy dense-rank,1.0,1.0,4.0
13408,1,106,51733.462,,,,matched fuzzy dense-rank,5.0,4.0,5.0
13410,23,9,2201.96,,,,matched fuzzy dense-rank,5.0,1.0,4.0
13411,106,1,213.55,,,,matched fuzzy dense-rank,5.0,1.0,1.0
13412,619,1,487.34999999999997,,,,matched fuzzy dense-rank,1.0,1.0,2.0
13413,639,6,429.44,,,,matched fuzzy dense-rank,1.0,1.0,2.0
13414,133,6,2494.14,,,,matched fuzzy dense-rank,5.0,1.0,4.0
13415,472,4,800.67,,,,matched fuzzy dense-rank,2.0,1.0,3.0
13416,43,3,940.8000000000001,,,,matched fuzzy dense-rank,5.0,1.0,3.0
13417,4,6,1669.49,,,,matched fuzzy dense-rank,5.0,1.0,4.0
13418,11,31,12233.6,,,,matched fuzzy dense-rank,5.0,2.0,5.0
13419,63,1,221.06,,,,matched fuzzy dense-rank,5.0,1.0,1.0
13420,149,2,159.85,,,,matched fuzzy dense-rank,4.0,1.0,1.0
13421,39,8,4103.12,,,,matched fuzzy dense-rank,5.0,1.0,5.0
13422,63,1,2626.3,,,,matched fuzzy dense-rank,5.0,1.0,4.0
13423,428,1,217.03,,,,matched fuzzy dense-rank,3.0,1.0,1.0
13424,449,1,572.77,,,,matched fuzzy dense-rank,2.0,1.0,2.0
13425,107,5,3403.63,,,,matched fuzzy dense-rank,5.0,1.0,5.0
13426,0,22,8167.38,,,,matched fuzzy dense-rank,5.0,2.0,5.0
13427,18,6,1006.53,,,,matched fuzzy dense-rank,5.0,1.0,3.0
13428,9,3,499.98,,,,matched fuzzy dense-rank,5.0,1.0,2.0
13429,10,4,1006.8,,,,matched fuzzy dense-rank,5.0,1.0,3.0
13430,18,2,679.45,,,,matched fuzzy dense-rank,5.0,1.0,3.0
13431,66,8,3316.24,,,,matched fuzzy dense-rank,5.0,1.0,5.0
13432,570,2,439.1,,,,matched fuzzy dense-rank,2.0,1.0,2.0
13433,500,4,658.3199999999999,,,,matched fuzzy dense-rank,2.0,1.0,3.0
13434,73,5,1666.8600000000001,,,,matched fuzzy dense-rank,5.0,1.0,4.0
13435,4,9,4475.2300000000005,,,,matched fuzzy dense-rank,5.0,1.0,5.0
13436,1,1,196.89,,,,matched fuzzy dense-rank,5.0,1.0,1.0
13437,13,7,3408.06,,,,matched fuzzy dense-rank,5.0,1.0,5.0
13438,546,1,46.5,,,,matched fuzzy dense-rank,2.0,1.0,1.0
13439,254,3,986.61,,,,matched fuzzy dense-rank,4.0,1.0,3.0
13440,422,7,1295.25,,,,matched fuzzy dense-rank,3.0,1.0,4.0
13441,91,2,720.9,,,,matched fuzzy dense-rank,5.0,1.0,3.0
13442,666,3,419.87,,,,matched fuzzy dense-rank,1.0,1.0,2.0
13443,448,6,1280.16,,,,matched fuzzy dense-rank,2.0,1.0,4.0
13444,373,2,631.6800000000001,,,,matched fuzzy dense-rank,3.0,1.0,2.0
13445,625,1,241.89999999999998,,,,matched fuzzy dense-rank,1.0,1.0,1.0
13446,429,11,3881.89,,,,matched fuzzy dense-rank,3.0,1.0,5.0
13447,22,3,1129.14,,,,matched fuzzy dense-rank,5.0,1.0,3.0
13448,16,13,9240.87,,,,matched fuzzy dense-rank,5.0,1.0,5.0
13449,23,1,291.88,,,,matched fuzzy dense-rank,5.0,1.0,1.0
13450,26,13,4120.04,,,,matched fuzzy dense-rank,5.0,1.0,5.0
13451,25,11,7190.92,,,,matched fuzzy dense-rank,5.0,1.0,5.0
13452,258,3,729.8,,,,matched fuzzy dense-rank,4.0,1.0,3.0
13453,165,3,781.6899999999999,,,,matched fuzzy dense-rank,4.0,1.0,3.0
13454,640,1,219.87,,,,matched fuzzy dense-rank,1.0,1.0,1.0
13455,24,6,2905.93,,,,matched fuzzy dense-rank,5.0,1.0,4.0
13456,17,6,1766.72,,,,matched fuzzy dense-rank,5.0,1.0,4.0
13457,688,2,148.22,,,,matched fuzzy dense-rank,1.0,1.0,1.0
13458,6,16,11959.27,,,,matched fuzzy dense-rank,5.0,1.0,5.0
13459,624,2,1160.4099999999999,,,,matched fuzzy dense-rank,1.0,1.0,3.0
13460,28,2,183.44,,,,matched fuzzy dense-rank,5.0,1.0,1.0
13461,38,6,4160.0,,,,matched fuzzy dense-rank,5.0,1.0,5.0
13462,252,5,1153.85,,,,matched fuzzy dense-rank,4.0,1.0,3.0
13464,57,6,3097.64,,,,matched fuzzy dense-rank,5.0,1.0,5.0
13465,445,2,931.12,,,,matched fuzzy dense-rank,2.0,1.0,3.0
13466,183,5,1013.35,,,,matched fuzzy dense-rank,4.0,1.0,3.0
13467,10,2,1083.71,,,,matched fuzzy dense-rank,5.0,1.0,3.0
13468,1,72,13390.51,,,,matched fuzzy dense-rank,5.0,4.0,5.0
13469,652,1,82.4,,,,matched fuzzy dense-rank,1.0,1.0,1.0
13470,98,2,165.0,,,,matched fuzzy dense-rank,5.0,1.0,1.0
13471,0,4,2531.58,,,,matched fuzzy dense-rank,5.0,1.0,4.0
13472,463,2,592.24,,,,matched fuzzy dense-rank,2.0,1.0,2.0
13473,60,8,2657.7599999999998,,,,matched fuzzy dense-rank,5.0,1.0,4.0
13474,235,3,663.79,,,,matched fuzzy dense-rank,4.0,1.0,3.0
13475,190,4,1431.78,,,,matched fuzzy dense-rank,4.0,1.0,4.0
13476,178,5,2061.4700000000003,,,,matched fuzzy dense-rank,4.0,1.0,4.0
13477,37,11,2834.17,,,,matched fuzzy dense-rank,5.0,1.0,4.0
13478,468,5,2215.78,,,,matched fuzzy dense-rank,2.0,1.0,4.0
13479,200,4,851.37,,,,matched fuzzy dense-rank,4.0,1.0,3.0
13480,416,2,627.82,,,,matched fuzzy dense-rank,3.0,1.0,2.0
13481,45,11,3830.84,,,,matched fuzzy dense-rank,5.0,1.0,5.0
13482,231,2,336.09,,,,matched fuzzy dense-rank,4.0,1.0,2.0
13483,65,1,140.34,,,,matched fuzzy dense-rank,5.0,1.0,1.0
13484,240,3,790.72,,,,matched fuzzy dense-rank,4.0,1.0,3.0
13485,232,11,3019.2200000000003,,,,matched fuzzy dense-rank,4.0,1.0,5.0
13486,77,3,1122.41,,,,matched fuzzy dense-rank,5.0,1.0,3.0
13487,57,5,846.87,,,,matched fuzzy dense-rank,5.0,1.0,3.0
13488,16,23,15587.88,,,,matched fuzzy dense-rank,5.0,2.0,5.0
13489,104,4,449.52,,,,matched fuzzy dense-rank,5.0,1.0,2.0
13490,653,1,154.25,,,,matched fuzzy dense-rank,1.0,1.0,1.0
13491,51,27,4566.56,,,,matched fuzzy dense-rank,5.0,2.0,5.0
13492,135,3,1269.84,,,,matched fuzzy dense-rank,4.0,1.0,3.0
13493,274,2,618.63,,,,matched fuzzy dense-rank,4.0,1.0,2.0
13494,311,1,316.26000000000005,,,,matched fuzzy dense-rank,3.0,1.0,2.0
13495,7,10,5374.26,,,,matched fuzzy dense-rank,5.0,1.0,5.0
13496,10,2,653.33,,,,matched fuzzy dense-rank,5.0,1.0,3.0
13497,282,6,1320.33,,,,matched fuzzy dense-rank,3.0,1.0,4.0
13498,729,1,327.38,,,,matched fuzzy dense-rank,1.0,1.0,2.0
13499,17,5,1159.11,,,,matched fuzzy dense-rank,5.0,1.0,3.0
13500,22,4,1466.3,,,,matched fuzzy dense-rank,5.0,1.0,4.0
13501,287,3,2885.11,,,,matched fuzzy dense-rank,3.0,1.0,4.0
13502,16,5,780.5,,,,matched fuzzy dense-rank,5.0,1.0,3.0
13503,70,6,1905.39,,,,matched fuzzy dense-rank,5.0,1.0,4.0
13504,63,1,295.93,,,,matched fuzzy dense-rank,5.0,1.0,1.0
13505,72,4,4393.63,,,,matched fuzzy dense-rank,5.0,1.0,5.0
13506,315,5,1639.2,,,,matched fuzzy dense-rank,3.0,1.0,4.0
13507,2,4,2479.16,,,,matched fuzzy dense-rank,5.0,1.0,4.0
13508,243,2,287.05,,,,matched fuzzy dense-rank,4.0,1.0,1.0
13509,8,8,1114.72,,,,matched fuzzy dense-rank,5.0,1.0,3.0
13510,0,11,4558.29,,,,matched fuzzy dense-rank,5.0,1.0,5.0
13511,676,1,282.76,,,,matched fuzzy dense-rank,1.0,1.0,1.0
13512,260,4,713.39,,,,matched fuzzy dense-rank,4.0,1.0,3.0
13513,126,3,824.59,,,,matched fuzzy dense-rank,5.0,1.0,3.0
13514,73,4,815.9000000000001,,,,matched fuzzy dense-rank,5.0,1.0,3.0
13515,72,6,1265.82,,,,matched fuzzy dense-rank,5.0,1.0,3.0
13516,20,4,1685.26,,,,matched fuzzy dense-rank,5.0,1.0,4.0
13517,59,3,2128.42,,,,matched fuzzy dense-rank,5.0,1.0,4.0
13518,85,1,659.4399999999999,,,,matched fuzzy dense-rank,5.0,1.0,3.0
13519,77,2,343.21,,,,matched fuzzy dense-rank,5.0,1.0,2.0
13520,58,11,6909.4,,,,matched fuzzy dense-rank,5.0,1.0,5.0
13521,0,3,1093.65,,,,matched fuzzy dense-rank,5.0,1.0,3.0
13522,29,1,125.80000000000001,,,,matched fuzzy dense-rank,5.0,1.0,1.0
13523,32,6,5101.52,,,,matched fuzzy dense-rank,5.0,1.0,5.0
13524,40,5,680.1800000000001,,,,matched fuzzy dense-rank,5.0,1.0,3.0
13525,14,2,628.78,,,,matched fuzzy dense-rank,5.0,1.0,2.0
13526,737,2,1182.0,,,,matched fuzzy dense-rank,1.0,1.0,3.0
13527,33,12,4683.74,,,,matched fuzzy dense-rank,5.0,1.0,5.0
13529,78,2,307.76,,,,matched fuzzy dense-rank,5.0,1.0,2.0
13530,633,1,402.97999999999996,,,,matched fuzzy dense-rank,1.0,1.0,2.0
13531,204,6,1738.52,,,,matched fuzzy dense-rank,4.0,1.0,4.0
13532,33,1,210.31,,,,matched fuzzy dense-rank,5.0,1.0,1.0
13533,182,3,270.79,,,,matched fuzzy dense-rank,4.0,1.0,1.0
13534,1,35,7720.9,,,,matched fuzzy dense-rank,5.0,2.0,5.0
13535,402,1,89.5,,,,matched fuzzy dense-rank,3.0,1.0,1.0
13536,0,7,3448.29,,,,matched fuzzy dense-rank,5.0,1.0,5.0
13537,425,2,717.85,,,,matched fuzzy dense-rank,3.0,1.0,3.0
13538,42,12,3112.73,,,,matched fuzzy dense-rank,5.0,1.0,5.0
13539,85,7,1569.3600000000001,,,,matched fuzzy dense-rank,5.0,1.0,4.0
13540,466,3,632.39,,,,matched fuzzy dense-rank,2.0,1.0,2.0
13541,426,2,785.25,,,,matched fuzzy dense-rank,3.0,1.0,3.0
13542,376,17,4006.17,,,,matched fuzzy dense-rank,3.0,1.0,5.0
13543,633,2,1439.6100000000001,,,,matched fuzzy dense-rank,1.0,1.0,4.0
13544,39,6,829.0,,,,matched fuzzy dense-rank,5.0,1.0,3.0
13545,390,2,374.64,,,,matched fuzzy dense-rank,3.0,1.0,2.0
13546,11,5,1092.14,,,,matched fuzzy dense-rank,5.0,1.0,3.0
13547,407,1,175.53,,,,matched fuzzy dense-rank,3.0,1.0,1.0
13548,95,3,908.99,,,,matched fuzzy dense-rank,5.0,1.0,3.0
13549,25,8,1005.8,,,,matched fuzzy dense-rank,5.0,1.0,3.0
13550,382,1,349.51,,,,matched fuzzy dense-rank,3.0,1.0,2.0
13551,318,2,244.2,,,,matched fuzzy dense-rank,3.0,1.0,1.0
13552,65,22,6978.92,,,,matched fuzzy dense-rank,5.0,2.0,5.0
13553,674,1,517.8,,,,matched fuzzy dense-rank,1.0,1.0,2.0
13554,379,7,1638.28,,,,matched fuzzy dense-rank,3.0,1.0,4.0
13555,73,13,8999.19,,,,matched fuzzy dense-rank,5.0,1.0,5.0
13556,428,2,200.82,,,,matched fuzzy dense-rank,3.0,1.0,1.0
13557,27,13,3032.26,,,,matched fuzzy dense-rank,5.0,1.0,5.0
13558,5,4,605.06,,,,matched fuzzy dense-rank,5.0,1.0,2.0
13559,512,2,990.0,,,,matched fuzzy dense-rank,2.0,1.0,3.0
13560,6,1,174.37,,,,matched fuzzy dense-rank,5.0,1.0,1.0
13561,215,11,1820.72,,,,matched fuzzy dense-rank,4.0,1.0,4.0
13562,81,8,4838.18,,,,matched fuzzy dense-rank,5.0,1.0,5.0
13563,83,2,777.53,,,,matched fuzzy dense-rank,5.0,1.0,3.0
13564,143,37,17249.55,,,,matched fuzzy dense-rank,4.0,3.0,5.0
13565,18,3,414.8,,,,matched fuzzy dense-rank,5.0,1.0,2.0
13566,40,5,1708.1200000000001,,,,matched fuzzy dense-rank,5.0,1.0,4.0
13567,427,4,1083.69,,,,matched fuzzy dense-rank,3.0,1.0,3.0
13568,172,1,192.85,,,,matched fuzzy dense-rank,4.0,1.0,1.0
13569,16,4,893.78,,,,matched fuzzy dense-rank,5.0,1.0,3.0
13570,242,1,239.49,,,,matched fuzzy dense-rank,4.0,1.0,1.0
13571,12,26,4546.54,,,,matched fuzzy dense-rank,5.0,2.0,5.0
13572,205,1,1384.25,,,,matched fuzzy dense-rank,4.0,1.0,4.0
13573,49,6,916.47,,,,matched fuzzy dense-rank,5.0,1.0,3.0
13574,410,1,421.25,,,,matched fuzzy dense-rank,3.0,1.0,2.0
13575,22,5,732.0699999999999,,,,matched fuzzy dense-rank,5.0,1.0,3.0
13576,9,28,11551.74,,,,matched fuzzy dense-rank,5.0,2.0,5.0
13577,24,11,3489.28,,,,matched fuzzy dense-rank,5.0,1.0,5.0
13578,408,1,147.66,,,,matched fuzzy dense-rank,3.0,1.0,1.0
13579,14,5,1539.04,,,,matched fuzzy dense-rank,5.0,1.0,4.0
13580,405,1,107.75,,,,matched fuzzy dense-rank,3.0,1.0,1.0
13581,308,2,280.53000000000003,,,,matched fuzzy dense-rank,3.0,1.0,1.0
13582,389,2,241.68,,,,matched fuzzy dense-rank,3.0,1.0,1.0
13583,155,2,1445.031,,,,matched fuzzy dense-rank,4.0,1.0,4.0
13584,306,3,392.45,,,,matched fuzzy dense-rank,3.0,1.0,2.0
13585,530,3,684.54,,,,matched fuzzy dense-rank,2.0,1.0,3.0
13586,540,1,131.53,,,,matched fuzzy dense-rank,2.0,1.0,1.0
13587,63,4,1673.5,,,,matched fuzzy dense-rank,5.0,1.0,4.0
13588,15,9,2478.95,,,,matched fuzzy dense-rank,5.0,1.0,4.0
13589,14,6,1120.74,,,,matched fuzzy dense-rank,5.0,1.0,3.0
13590,10,18,6349.59,,,,matched fuzzy dense-rank,5.0,1.0,5.0
13591,64,7,2093.94,,,,matched fuzzy dense-rank,5.0,1.0,4.0
13592,35,4,247.95999999999998,,,,matched fuzzy dense-rank,5.0,1.0,1.0
13593,107,14,5523.6900000000005,,,,matched fuzzy dense-rank,5.0,1.0,5.0
13594,52,2,533.32,,,,matched fuzzy dense-rank,5.0,1.0,2.0
13595,516,3,818.22,,,,matched fuzzy dense-rank,2.0,1.0,3.0
13596,5,2,697.04,,,,matched fuzzy dense-rank,5.0,1.0,3.0
13597,399,2,396.71,,,,matched fuzzy dense-rank,3.0,1.0,2.0
13598,46,5,789.59,,,,matched fuzzy dense-rank,5.0,1.0,3.0
13599,0,33,10167.630000000001,,,,matched fuzzy dense-rank,5.0,2.0,5.0
13600,311,2,518.42,,,,matched fuzzy dense-rank,3.0,1.0,2.0
13601,44,4,1185.14,,,,matched fuzzy dense-rank,5.0,1.0,3.0
13602,64,4,1025.17,,,,matched fuzzy dense-rank,5.0,1.0,3.0
13603,25,1,164.34,,,,matched fuzzy dense-rank,5.0,1.0,1.0
13604,658,1,717.62,,,,matched fuzzy dense-rank,1.0,1.0,3.0
13605,386,2,522.67,,,,matched fuzzy dense-rank,3.0,1.0,2.0
13606,28,3,280.53999999999996,,,,matched fuzzy dense-rank,5.0,1.0,1.0
13607,39,2,1078.31,,,,matched fuzzy dense-rank,5.0,1.0,3.0
13608,540,1,236.2,,,,matched fuzzy dense-rank,2.0,1.0,1.0
13609,592,1,167.35,,,,matched fuzzy dense-rank,1.0,1.0,1.0
13610,11,14,2175.88,,,,matched fuzzy dense-rank,5.0,1.0,4.0
13611,88,10,3319.53,,,,matched fuzzy dense-rank,5.0,1.0,5.0
13612,632,1,818.29,,,,matched fuzzy dense-rank,1.0,1.0,3.0
13613,452,5,1039.8500000000001,,,,matched fuzzy dense-rank,2.0,1.0,3.0
13614,23,6,2359.19,,,,matched fuzzy dense-rank,5.0,1.0,4.0
13615,318,8,6272.53,,,,matched fuzzy dense-rank,3.0,1.0,5.0
13616,567,2,288.1,,,,matched fuzzy dense-rank,2.0,1.0,1.0
13617,39,8,1278.75,,,,matched fuzzy dense-rank,5.0,1.0,4.0
13618,173,1,177.34,,,,matched fuzzy dense-rank,4.0,1.0,1.0
13619,544,2,231.69,,,,matched fuzzy dense-rank,2.0,1.0,1.0
13620,527,1,112.34,,,,matched fuzzy dense-rank,2.0,1.0,1.0
13621,116,1,213.85,,,,matched fuzzy dense-rank,5.0,1.0,1.0
13622,695,1,658.95,,,,matched fuzzy dense-rank,1.0,1.0,3.0
13623,30,10,2566.49,,,,matched fuzzy dense-rank,5.0,1.0,4.0
13624,387,1,462.08,,,,matched fuzzy dense-rank,3.0,1.0,2.0
13625,596,1,301.26,,,,matched fuzzy dense-rank,1.0,1.0,2.0
13626,252,2,707.04,,,,matched fuzzy dense-rank,4.0,1.0,3.0
13627,58,7,2245.9,,,,matched fuzzy dense-rank,5.0,1.0,4.0
13628,675,1,310.14,,,,matched fuzzy dense-rank,1.0,1.0,2.0
13629,22,19,13370.86,,,,matched fuzzy dense-rank,5.0,2.0,5.0
13630,4,7,2031.78,,,,matched fuzzy dense-rank,5.0,1.0,4.0
13631,99,11,3070.42,,,,matched fuzzy dense-rank,5.0,1.0,5.0
13632,24,8,3648.15,,,,matched fuzzy dense-rank,5.0,1.0,5.0
13634,32,16,5073.47,,,,matched fuzzy dense-rank,5.0,1.0,5.0
13635,67,4,2999.16,,,,matched fuzzy dense-rank,5.0,1.0,4.0
13636,36,5,949.12,,,,matched fuzzy dense-rank,5.0,1.0,3.0
13637,51,3,810.5,,,,matched fuzzy dense-rank,5.0,1.0,3.0
13638,15,1,122.64,,,,matched fuzzy dense-rank,5.0,1.0,1.0
13639,73,2,1346.27,,,,matched fuzzy dense-rank,5.0,1.0,4.0
13640,610,1,405.0,,,,matched fuzzy dense-rank,1.0,1.0,2.0
13641,640,5,1016.47,,,,matched fuzzy dense-rank,1.0,1.0,3.0
13642,215,4,514.72,,,,matched fuzzy dense-rank,4.0,1.0,2.0
13643,30,10,2156.77,,,,matched fuzzy dense-rank,5.0,1.0,4.0
13644,15,4,2624.26,,,,matched fuzzy dense-rank,5.0,1.0,4.0
13645,119,1,252.1,,,,matched fuzzy dense-rank,5.0,1.0,1.0
13646,399,2,326.25,,,,matched fuzzy dense-rank,3.0,1.0,2.0
13647,9,8,3071.68,,,,matched fuzzy dense-rank,5.0,1.0,5.0
13648,399,8,1764.02,,,,matched fuzzy dense-rank,3.0,1.0,4.0
13649,256,6,1678.88,,,,matched fuzzy dense-rank,4.0,1.0,4.0
13650,16,10,3288.0,,,,matched fuzzy dense-rank,5.0,1.0,5.0
13651,34,3,226.85,,,,matched fuzzy dense-rank,5.0,1.0,1.0
13652,45,5,2570.85,,,,matched fuzzy dense-rank,5.0,1.0,4.0
13653,487,1,152.2,,,,matched fuzzy dense-rank,2.0,1.0,1.0
13654,42,11,6308.0,,,,matched fuzzy dense-rank,5.0,1.0,5.0
13655,113,6,2280.51,,,,matched fuzzy dense-rank,5.0,1.0,4.0
13656,164,4,1078.85,,,,matched fuzzy dense-rank,4.0,1.0,3.0
13657,10,2,382.14,,,,matched fuzzy dense-rank,5.0,1.0,2.0
13658,9,9,6025.5,,,,matched fuzzy dense-rank,5.0,1.0,5.0
13659,205,12,4894.88,,,,matched fuzzy dense-rank,4.0,1.0,5.0
13660,399,1,314.59,,,,matched fuzzy dense-rank,3.0,1.0,2.0
13661,602,1,325.24,,,,matched fuzzy dense-rank,1.0,1.0,2.0
13662,85,11,2250.11,,,,matched fuzzy dense-rank,5.0,1.0,4.0
13663,178,5,2047.51,,,,matched fuzzy dense-rank,4.0,1.0,4.0
13665,385,3,1711.6599999999999,,,,matched fuzzy dense-rank,3.0,1.0,4.0
13666,59,5,127.89999999999999,,,,matched fuzzy dense-rank,5.0,1.0,1.0
13667,148,1,305.02,,,,matched fuzzy dense-rank,4.0,1.0,2.0
13668,2,35,13089.94,,,,matched fuzzy dense-rank,5.0,2.0,5.0
13669,50,3,413.55,,,,matched fuzzy dense-rank,5.0,1.0,2.0
13670,74,1,349.7,,,,matched fuzzy dense-rank,5.0,1.0,2.0
13671,394,1,194.95,,,,matched fuzzy dense-rank,3.0,1.0,1.0
13672,300,3,419.92,,,,matched fuzzy dense-rank,3.0,1.0,2.0
13673,18,2,396.92,,,,matched fuzzy dense-rank,5.0,1.0,2.0
13674,432,1,240.68,,,,matched fuzzy dense-rank,2.0,1.0,1.0
13675,150,2,486.82000000000005,,,,matched fuzzy dense-rank,4.0,1.0,2.0
13676,538,2,243.9,,,,matched fuzzy dense-rank,2.0,1.0,1.0
13677,404,2,556.1899999999999,,,,matched fuzzy dense-rank,3.0,1.0,2.0
13678,151,1,232.6,,,,matched fuzzy dense-rank,4.0,1.0,1.0
13679,493,3,281.26,,,,matched fuzzy dense-rank,2.0,1.0,1.0
13680,0,12,11435.67,,,,matched fuzzy dense-rank,5.0,1.0,5.0
13681,17,4,827.83,,,,matched fuzzy dense-rank,5.0,1.0,3.0
13682,186,1,59.5,,,,matched fuzzy dense-rank,4.0,1.0,1.0
13683,457,1,258.6,,,,matched fuzzy dense-rank,2.0,1.0,1.0
13684,285,4,596.98,,,,matched fuzzy dense-rank,3.0,1.0,2.0
13685,2,7,3119.44,,,,matched fuzzy dense-rank,5.0,1.0,5.0
13686,182,3,409.04,,,,matched fuzzy dense-rank,4.0,1.0,2.0
13687,437,1,11880.84,,,,matched fuzzy dense-rank,2.0,1.0,5.0
13688,634,1,375.5,,,,matched fuzzy dense-rank,1.0,1.0,2.0
13689,62,2,1259.5,,,,matched fuzzy dense-rank,5.0,1.0,3.0
13690,58,1,172.25,,,,matched fuzzy dense-rank,5.0,1.0,1.0
13691,395,1,212.78,,,,matched fuzzy dense-rank,3.0,1.0,1.0
13692,24,5,3114.4,,,,matched fuzzy dense-rank,5.0,1.0,5.0
13693,373,9,2011.82,,,,matched fuzzy dense-rank,3.0,1.0,4.0
13694,3,143,196482.81,,,,matched fuzzy dense-rank,5.0,5.0,5.0
13695,30,16,2770.73,,,,matched fuzzy dense-rank,5.0,1.0,4.0
13696,421,3,2020.4,,,,matched fuzzy dense-rank,3.0,1.0,4.0
13697,38,1,151.29999999999998,,,,matched fuzzy dense-rank,5.0,1.0,1.0
13698,596,2,465.53000000000003,,,,matched fuzzy dense-rank,1.0,1.0,2.0
13699,154,2,764.15,,,,matched fuzzy dense-rank,4.0,1.0,3.0
13700,25,13,2613.46,,,,matched fuzzy dense-rank,5.0,1.0,4.0
13701,446,1,161.0,,,,matched fuzzy dense-rank,2.0,1.0,1.0
13702,445,1,135.18,,,,matched fuzzy dense-rank,2.0,1.0,1.0
13703,317,2,425.56,,,,matched fuzzy dense-rank,3.0,1.0,2.0
13704,4,9,2308.06,,,,matched fuzzy dense-rank,5.0,1.0,4.0
13705,7,7,2035.33,,,,matched fuzzy dense-rank,5.0,1.0,4.0
13706,302,2,631.17,,,,matched fuzzy dense-rank,3.0,1.0,2.0
13707,266,5,3365.86,,,,matched fuzzy dense-rank,4.0,1.0,5.0
13708,270,1,296.88,,,,matched fuzzy dense-rank,4.0,1.0,1.0
13709,3,18,7591.75,,,,matched fuzzy dense-rank,5.0,1.0,5.0
13710,31,3,509.52,,,,matched fuzzy dense-rank,5.0,1.0,2.0
13711,218,9,1792.26,,,,matched fuzzy dense-rank,4.0,1.0,4.0
13712,246,2,766.42,,,,matched fuzzy dense-rank,4.0,1.0,3.0
13713,407,3,743.26,,,,matched fuzzy dense-rank,3.0,1.0,3.0
13714,464,1,161.35,,,,matched fuzzy dense-rank,2.0,1.0,1.0
13715,280,17,8483.29,,,,matched fuzzy dense-rank,3.0,1.0,5.0
13716,268,1,138.28,,,,matched fuzzy dense-rank,4.0,1.0,1.0
13717,31,8,1763.3,,,,matched fuzzy dense-rank,5.0,1.0,4.0
13718,245,2,306.55,,,,matched fuzzy dense-rank,4.0,1.0,2.0
13719,14,11,2815.25,,,,matched fuzzy dense-rank,5.0,1.0,4.0
13720,116,4,799.9,,,,matched fuzzy dense-rank,5.0,1.0,3.0
13721,35,2,741.54,,,,matched fuzzy dense-rank,5.0,1.0,3.0
13722,131,10,5635.41,,,,matched fuzzy dense-rank,5.0,1.0,5.0
13723,216,6,1209.2,,,,matched fuzzy dense-rank,4.0,1.0,3.0
13724,636,1,213.01,,,,matched fuzzy dense-rank,1.0,1.0,1.0
13725,49,8,1980.56,,,,matched fuzzy dense-rank,5.0,1.0,4.0
13726,38,2,1079.6599999999999,,,,matched fuzzy dense-rank,5.0,1.0,3.0
13727,28,8,1080.05,,,,matched fuzzy dense-rank,5.0,1.0,3.0
13728,36,16,2855.17,,,,matched fuzzy dense-rank,5.0,1.0,4.0
13729,435,3,724.73,,,,matched fuzzy dense-rank,2.0,1.0,3.0
13730,135,2,752.6,,,,matched fuzzy dense-rank,4.0,1.0,3.0
13731,218,2,610.59,,,,matched fuzzy dense-rank,4.0,1.0,2.0
13732,27,1,491.86,,,,matched fuzzy dense-rank,5.0,1.0,2.0
13733,410,2,487.03000000000003,,,,matched fuzzy dense-rank,3.0,1.0,2.0
13734,508,4,6701.640000000001,,,,matched fuzzy dense-rank,2.0,1.0,5.0
13735,24,13,9813.22,,,,matched fuzzy dense-rank,5.0,1.0,5.0
13736,4,7,2766.21,,,,matched fuzzy dense-rank,5.0,1.0,4.0
13737,199,1,339.59999999999997,,,,matched fuzzy dense-rank,4.0,1.0,2.0
13738,395,1,440.93,,,,matched fuzzy dense-rank,3.0,1.0,2.0
13739,17,2,292.2,,,,matched fuzzy dense-rank,5.0,1.0,1.0
13740,240,5,1597.77,,,,matched fuzzy dense-rank,4.0,1.0,4.0
13741,71,3,668.4300000000001,,,,matched fuzzy dense-rank,5.0,1.0,3.0
13742,16,12,3131.02,,,,matched fuzzy dense-rank,5.0,1.0,5.0
13743,2,7,1341.6,,,,matched fuzzy dense-rank,5.0,1.0,4.0
13744,94,2,1156.36,,,,matched fuzzy dense-rank,5.0,1.0,3.0
13745,161,2,777.36,,,,matched fuzzy dense-rank,4.0,1.0,3.0
13746,413,1,176.69,,,,matched fuzzy dense-rank,3.0,1.0,1.0
13747,373,2,249.39999999999998,,,,matched fuzzy dense-rank,3.0,1.0,1.0
13748,95,9,2268.35,,,,matched fuzzy dense-rank,5.0,1.0,4.0
13750,53,11,3602.1800000000003,,,,matched fuzzy dense-rank,5.0,1.0,5.0
13751,287,1,296.25,,,,matched fuzzy dense-rank,3.0,1.0,1.0
13752,123,7,1590.73,,,,matched fuzzy dense-rank,5.0,1.0,4.0
13753,287,4,2094.57,,,,matched fuzzy dense-rank,3.0,1.0,4.0
13754,151,3,447.05,,,,matched fuzzy dense-rank,4.0,1.0,2.0
13755,3,9,2161.35,,,,matched fuzzy dense-rank,5.0,1.0,4.0
13756,1,23,9207.5,,,,matched fuzzy dense-rank,5.0,2.0,5.0
13757,674,1,195.55,,,,matched fuzzy dense-rank,1.0,1.0,1.0
13758,11,15,9416.98,,,,matched fuzzy dense-rank,5.0,1.0,5.0
13759,32,2,659.4100000000001,,,,matched fuzzy dense-rank,5.0,1.0,3.0
13760,53,5,1363.6399999999999,,,,matched fuzzy dense-rank,5.0,1.0,4.0
13761,49,6,1952.17,,,,matched fuzzy dense-rank,5.0,1.0,4.0
13762,218,5,2472.48,,,,matched fuzzy dense-rank,4.0,1.0,4.0
13763,62,3,5217.4400000000005,,,,matched fuzzy dense-rank,5.0,1.0,5.0
13764,70,6,2953.26,,,,matched fuzzy dense-rank,5.0,1.0,4.0
13765,652,1,352.821,,,,matched fuzzy dense-rank,1.0,1.0,2.0
13766,494,1,190.35,,,,matched fuzzy dense-rank,2.0,1.0,1.0
13767,1,73,35540.53,,,,matched fuzzy dense-rank,5.0,4.0,5.0
13768,726,2,875.97,,,,matched fuzzy dense-rank,1.0,1.0,3.0
13769,1,20,5800.42,,,,matched fuzzy dense-rank,5.0,2.0,5.0
13770,421,4,785.37,,,,matched fuzzy dense-rank,3.0,1.0,3.0
13771,63,9,5728.82,,,,matched fuzzy dense-rank,5.0,1.0,5.0
13772,33,8,3114.22,,,,matched fuzzy dense-rank,5.0,1.0,5.0
13773,396,2,301.54,,,,matched fuzzy dense-rank,3.0,1.0,2.0
13774,81,1,345.0,,,,matched fuzzy dense-rank,5.0,1.0,2.0
13775,590,1,1049.66,,,,matched fuzzy dense-rank,1.0,1.0,3.0
13776,427,2,623.98,,,,matched fuzzy dense-rank,3.0,1.0,2.0
13777,0,61,56478.42,,,,matched fuzzy dense-rank,5.0,4.0,5.0
13778,102,4,1124.49,,,,matched fuzzy dense-rank,5.0,1.0,3.0
13779,515,1,161.13,,,,matched fuzzy dense-rank,2.0,1.0,1.0
13780,6,3,735.82,,,,matched fuzzy dense-rank,5.0,1.0,3.0
13781,250,3,778.83,,,,matched fuzzy dense-rank,4.0,1.0,3.0
13782,12,13,1793.72,,,,matched fuzzy dense-rank,5.0,1.0,4.0
13783,487,4,1542.09,,,,matched fuzzy dense-rank,2.0,1.0,4.0
13784,9,14,2910.23,,,,matched fuzzy dense-rank,5.0,1.0,4.0
13785,428,4,542.49,,,,matched fuzzy dense-rank,3.0,1.0,2.0
13786,366,6,3358.94,,,,matched fuzzy dense-rank,3.0,1.0,5.0
13787,75,6,1222.5,,,,matched fuzzy dense-rank,5.0,1.0,3.0
13788,504,1,3.75,,,,matched fuzzy dense-rank,2.0,1.0,1.0
13789,387,1,239.45999999999998,,,,matched fuzzy dense-rank,3.0,1.0,1.0
13790,3,1,348.8,,,,matched fuzzy dense-rank,5.0,1.0,2.0
13791,127,2,1516.0,,,,matched fuzzy dense-rank,5.0,1.0,4.0
13792,65,3,383.95,,,,matched fuzzy dense-rank,5.0,1.0,2.0
13793,646,1,96.0,,,,matched fuzzy dense-rank,1.0,1.0,1.0
13794,546,1,126.03,,,,matched fuzzy dense-rank,2.0,1.0,1.0
13795,387,4,836.3,,,,matched fuzzy dense-rank,3.0,1.0,3.0
13796,498,1,289.7,,,,matched fuzzy dense-rank,2.0,1.0,1.0
13797,436,3,1179.45,,,,matched fuzzy dense-rank,2.0,1.0,3.0
13798,0,110,75836.87,,,,matched fuzzy dense-rank,5.0,5.0,5.0
13799,116,9,2803.57,,,,matched fuzzy dense-rank,5.0,1.0,4.0
13800,309,3,1679.56,,,,matched fuzzy dense-rank,3.0,1.0,4.0
13801,66,1,324.8,,,,matched fuzzy dense-rank,5.0,1.0,2.0
13802,138,19,26259.11,,,,matched fuzzy dense-rank,4.0,2.0,5.0
13803,254,3,1338.91,,,,matched fuzzy dense-rank,4.0,1.0,4.0
13804,30,9,3208.52,,,,matched fuzzy dense-rank,5.0,1.0,5.0
13805,51,2,924.6,,,,matched fuzzy dense-rank,5.0,1.0,3.0
13806,63,1,256.38,,,,matched fuzzy dense-rank,5.0,1.0,1.0
13807,366,3,534.8,,,,matched fuzzy dense-rank,3.0,1.0,2.0
13808,5,5,1747.66,,,,matched fuzzy dense-rank,5.0,1.0,4.0
13809,304,3,679.7,,,,matched fuzzy dense-rank,3.0,1.0,3.0
13810,28,3,1499.01,,,,matched fuzzy dense-rank,5.0,1.0,4.0
13811,183,3,814.5,,,,matched fuzzy dense-rank,4.0,1.0,3.0
13812,41,3,539.0,,,,matched fuzzy dense-rank,5.0,1.0,2.0
13813,39,8,2765.47,,,,matched fuzzy dense-rank,5.0,1.0,4.0
13814,91,3,2257.32,,,,matched fuzzy dense-rank,5.0,1.0,4.0
13815,21,8,7475.74,,,,matched fuzzy dense-rank,5.0,1.0,5.0
13816,23,2,571.6700000000001,,,,matched fuzzy dense-rank,5.0,1.0,2.0
13817,28,2,382.98,,,,matched fuzzy dense-rank,5.0,1.0,2.0
13818,429,1,61.28,,,,matched fuzzy dense-rank,3.0,1.0,1.0
13819,301,6,2642.35,,,,matched fuzzy dense-rank,3.0,1.0,4.0
13820,417,3,660.65,,,,matched fuzzy dense-rank,3.0,1.0,3.0
13821,144,6,1410.73,,,,matched fuzzy dense-rank,4.0,1.0,4.0
13822,5,2,632.0,,,,matched fuzzy dense-rank,5.0,1.0,2.0
13823,18,7,3403.4500000000003,,,,matched fuzzy dense-rank,5.0,1.0,5.0
13824,32,12,3314.76,,,,matched fuzzy dense-rank,5.0,1.0,5.0
13825,621,2,255.59,,,,matched fuzzy dense-rank,1.0,1.0,1.0
13826,175,1,189.5,,,,matched fuzzy dense-rank,4.0,1.0,1.0
13827,57,3,412.05,,,,matched fuzzy dense-rank,5.0,1.0,2.0
13828,21,1,209.49,,,,matched fuzzy dense-rank,5.0,1.0,1.0
13829,420,1,102.0,,,,matched fuzzy dense-rank,3.0,1.0,1.0
13830,581,1,156.85000000000002,,,,matched fuzzy dense-rank,1.0,1.0,1.0
13831,15,18,7023.58,,,,matched fuzzy dense-rank,5.0,1.0,5.0
13832,18,2,613.6899999999999,,,,matched fuzzy dense-rank,5.0,1.0,2.0
13833,158,2,701.36,,,,matched fuzzy dense-rank,4.0,1.0,3.0
13834,576,2,324.19,,,,matched fuzzy dense-rank,1.0,1.0,2.0
13835,24,7,1095.27,,,,matched fuzzy dense-rank,5.0,1.0,3.0
13836,398,2,620.37,,,,matched fuzzy dense-rank,3.0,1.0,2.0
13837,211,2,271.24,,,,matched fuzzy dense-rank,4.0,1.0,1.0
13838,5,10,1966.09,,,,matched fuzzy dense-rank,5.0,1.0,4.0
13839,485,1,139.95000000000002,,,,matched fuzzy dense-rank,2.0,1.0,1.0
13840,415,1,651.4,,,,matched fuzzy dense-rank,3.0,1.0,3.0
13841,252,1,85.0,,,,matched fuzzy dense-rank,4.0,1.0,1.0
13842,58,18,5629.91,,,,matched fuzzy dense-rank,5.0,1.0,5.0
13843,380,1,319.75,,,,matched fuzzy dense-rank,3.0,1.0,2.0
13844,10,1,361.62,,,,matched fuzzy dense-rank,5.0,1.0,2.0
13845,64,1,312.98,,,,matched fuzzy dense-rank,5.0,1.0,2.0
13846,24,4,1307.79,,,,matched fuzzy dense-rank,5.0,1.0,4.0
13847,719,1,310.72,,,,matched fuzzy dense-rank,1.0,1.0,2.0
13848,91,8,3335.0,,,,matched fuzzy dense-rank,5.0,1.0,5.0
13849,51,5,3469.3,,,,matched fuzzy dense-rank,5.0,1.0,5.0
13850,128,1,1595.48,,,,matched fuzzy dense-rank,5.0,1.0,4.0
13851,95,8,4606.46,,,,matched fuzzy dense-rank,5.0,1.0,5.0
13852,610,1,187.35000000000002,,,,matched fuzzy dense-rank,1.0,1.0,1.0
13853,56,1,1090.14,,,,matched fuzzy dense-rank,5.0,1.0,3.0
13854,8,39,12253.96,,,,matched fuzzy dense-rank,5.0,3.0,5.0
13855,500,4,1310.3400000000001,,,,matched fuzzy dense-rank,2.0,1.0,4.0
13856,168,11,1142.03,,,,matched fuzzy dense-rank,4.0,1.0,3.0
13857,392,6,1001.01,,,,matched fuzzy dense-rank,3.0,1.0,3.0
13858,56,1,216.17,,,,matched fuzzy dense-rank,5.0,1.0,1.0
13859,325,2,515.86,,,,matched fuzzy dense-rank,3.0,1.0,2.0
13860,0,5,1245.9,,,,matched fuzzy dense-rank,5.0,1.0,3.0
13861,428,2,273.26,,,,matched fuzzy dense-rank,3.0,1.0,1.0
13862,17,9,2556.09,,,,matched fuzzy dense-rank,5.0,1.0,4.0
13863,247,4,1239.55,,,,matched fuzzy dense-rank,4.0,1.0,3.0
13864,386,1,662.4000000000001,,,,matched fuzzy dense-rank,3.0,1.0,3.0
13865,57,4,501.56,,,,matched fuzzy dense-rank,5.0,1.0,2.0
13866,73,1,145.67000000000002,,,,matched fuzzy dense-rank,5.0,1.0,1.0
13867,30,3,1015.29,,,,matched fuzzy dense-rank,5.0,1.0,3.0
13868,6,2,3192.54,,,,matched fuzzy dense-rank,5.0,1.0,5.0
13869,122,10,8111.57,,,,matched fuzzy dense-rank,5.0,1.0,5.0
13870,1,15,5712.08,,,,matched fuzzy dense-rank,5.0,1.0,5.0
13871,22,17,7885.85,,,,matched fuzzy dense-rank,5.0,1.0,5.0
13872,526,3,919.57,,,,matched fuzzy dense-rank,2.0,1.0,3.0
13873,119,8,1038.92,,,,matched fuzzy dense-rank,5.0,1.0,3.0
13874,357,7,2049.15,,,,matched fuzzy dense-rank,3.0,1.0,4.0
13875,53,14,4814.37,,,,matched fuzzy dense-rank,5.0,1.0,5.0
13876,63,1,122.7,,,,matched fuzzy dense-rank,5.0,1.0,1.0
13877,85,3,449.68,,,,matched fuzzy dense-rank,5.0,1.0,2.0
13878,54,4,2473.06,,,,matched fuzzy dense-rank,5.0,1.0,4.0
13879,645,1,395.5,,,,matched fuzzy dense-rank,1.0,1.0,2.0
13880,20,17,4391.66,,,,matched fuzzy dense-rank,5.0,1.0,5.0
13881,3,43,45179.1,,,,matched fuzzy dense-rank,5.0,3.0,5.0
13882,2,5,1191.13,,,,matched fuzzy dense-rank,5.0,1.0,3.0
13883,10,15,6560.02,,,,matched fuzzy dense-rank,5.0,1.0,5.0
13884,6,10,1888.48,,,,matched fuzzy dense-rank,5.0,1.0,4.0
13885,188,2,506.8,,,,matched fuzzy dense-rank,4.0,1.0,2.0
13886,70,1,243.56,,,,matched fuzzy dense-rank,5.0,1.0,1.0
13887,203,1,349.55,,,,matched fuzzy dense-rank,4.0,1.0,2.0
13888,119,7,2169.05,,,,matched fuzzy dense-rank,5.0,1.0,4.0
13889,92,6,1991.23,,,,matched fuzzy dense-rank,5.0,1.0,4.0
13890,0,14,2927.38,,,,matched fuzzy dense-rank,5.0,1.0,4.0
13891,377,3,863.5600000000001,,,,matched fuzzy dense-rank,3.0,1.0,3.0
13892,26,6,1267.6499999999999,,,,matched fuzzy dense-rank,5.0,1.0,3.0
13893,297,1,821.1,,,,matched fuzzy dense-rank,3.0,1.0,3.0
13894,23,3,564.62,,,,matched fuzzy dense-rank,5.0,1.0,2.0
13895,27,6,4008.52,,,,matched fuzzy dense-rank,5.0,1.0,5.0
13896,625,1,388.55,,,,matched fuzzy dense-rank,1.0,1.0,2.0
13897,49,3,1160.72,,,,matched fuzzy dense-rank,5.0,1.0,3.0
13898,325,2,686.4,,,,matched fuzzy dense-rank,3.0,1.0,3.0
13899,15,2,388.52,,,,matched fuzzy dense-rank,5.0,1.0,2.0
13900,182,6,1610.59,,,,matched fuzzy dense-rank,4.0,1.0,4.0
13901,71,15,5676.34,,,,matched fuzzy dense-rank,5.0,1.0,5.0
13902,631,5,34095.26,,,,matched fuzzy dense-rank,1.0,1.0,5.0
13903,399,1,165.45000000000002,,,,matched fuzzy dense-rank,3.0,1.0,1.0
13904,36,2,332.64,,,,matched fuzzy dense-rank,5.0,1.0,2.0
13905,732,1,312.65,,,,matched fuzzy dense-rank,1.0,1.0,2.0
13906,408,1,42.0,,,,matched fuzzy dense-rank,3.0,1.0,1.0
13907,691,1,136.8,,,,matched fuzzy dense-rank,1.0,1.0,1.0
13908,79,4,2369.55,,,,matched fuzzy dense-rank,5.0,1.0,4.0
13909,422,2,286.6,,,,matched fuzzy dense-rank,3.0,1.0,1.0
13911,56,20,4234.99,,,,matched fuzzy dense-rank,5.0,2.0,5.0
13912,423,1,124.95,,,,matched fuzzy dense-rank,3.0,1.0,1.0
13913,506,1,42.22,,,,matched fuzzy dense-rank,2.0,1.0,1.0
13914,11,2,626.45,,,,matched fuzzy dense-rank,5.0,1.0,2.0
13915,393,1,70.80000000000001,,,,matched fuzzy dense-rank,3.0,1.0,1.0
13916,463,4,1275.81,,,,matched fuzzy dense-rank,2.0,1.0,4.0
13917,49,2,272.04,,,,matched fuzzy dense-rank,5.0,1.0,1.0
13918,49,2,1212.8400000000001,,,,matched fuzzy dense-rank,5.0,1.0,3.0
13919,58,4,1360.68,,,,matched fuzzy dense-rank,5.0,1.0,4.0
13920,431,4,1774.68,,,,matched fuzzy dense-rank,2.0,1.0,4.0
13921,401,4,730.7,,,,matched fuzzy dense-rank,3.0,1.0,3.0
13922,351,3,865.2,,,,matched fuzzy dense-rank,3.0,1.0,3.0
13923,53,1,351.13,,,,matched fuzzy dense-rank,5.0,1.0,2.0
13924,1,6,1838.8500000000001,,,,matched fuzzy dense-rank,5.0,1.0,4.0
13925,92,4,678.25,,,,matched fuzzy dense-rank,5.0,1.0,3.0
13926,22,1,223.85000000000002,,,,matched fuzzy dense-rank,5.0,1.0,1.0
13927,74,2,708.26,,,,matched fuzzy dense-rank,5.0,1.0,3.0
13928,10,4,464.57,,,,matched fuzzy dense-rank,5.0,1.0,2.0
13929,168,11,3494.1,,,,matched fuzzy dense-rank,4.0,1.0,5.0
13930,57,2,337.34,,,,matched fuzzy dense-rank,5.0,1.0,2.0
13931,95,11,5257.38,,,,matched fuzzy dense-rank,5.0,1.0,5.0
13932,294,1,307.4,,,,matched fuzzy dense-rank,3.0,1.0,2.0
13933,108,2,608.7900000000001,,,,matched fuzzy dense-rank,5.0,1.0,2.0
13934,263,1,922.1,,,,matched fuzzy dense-rank,4.0,1.0,3.0
13935,596,3,6116.92,,,,matched fuzzy dense-rank,1.0,1.0,5.0
13936,179,3,939.66,,,,matched fuzzy dense-rank,4.0,1.0,3.0
13937,168,2,880.13,,,,matched fuzzy dense-rank,4.0,1.0,3.0
13938,34,1,71.66,,,,matched fuzzy dense-rank,5.0,1.0,1.0
13939,22,7,1560.96,,,,matched fuzzy dense-rank,5.0,1.0,4.0
13940,16,4,839.14,,,,matched fuzzy dense-rank,5.0,1.0,3.0
13941,21,15,11122.300000000001,,,,matched fuzzy dense-rank,5.0,1.0,5.0
13942,534,1,320.0,,,,matched fuzzy dense-rank,2.0,1.0,2.0
13943,577,1,246.54,,,,matched fuzzy dense-rank,1.0,1.0,1.0
13944,652,1,200.43,,,,matched fuzzy dense-rank,1.0,1.0,1.0
13945,394,2,854.15,,,,matched fuzzy dense-rank,3.0,1.0,3.0
13946,78,6,1876.23,,,,matched fuzzy dense-rank,5.0,1.0,4.0
13947,64,1,90.6,,,,matched fuzzy dense-rank,5.0,1.0,1.0
13948,360,4,548.76,,,,matched fuzzy dense-rank,3.0,1.0,2.0
13949,2,6,2427.32,,,,matched fuzzy dense-rank,5.0,1.0,4.0
13950,10,4,745.06,,,,matched fuzzy dense-rank,5.0,1.0,3.0
13951,175,3,674.45,,,,matched fuzzy dense-rank,4.0,1.0,3.0
13952,217,14,12823.521,,,,matched fuzzy dense-rank,4.0,1.0,5.0
13953,6,12,6640.68,,,,matched fuzzy dense-rank,5.0,1.0,5.0
13954,1,2,439.92,,,,matched fuzzy dense-rank,5.0,1.0,2.0
13955,153,3,545.17,,,,matched fuzzy dense-rank,4.0,1.0,2.0
13956,4,5,1026.42,,,,matched fuzzy dense-rank,5.0,1.0,3.0
13957,417,3,458.25,,,,matched fuzzy dense-rank,3.0,1.0,2.0
13958,379,8,4709.2300000000005,,,,matched fuzzy dense-rank,3.0,1.0,5.0
13959,78,6,1076.18,,,,matched fuzzy dense-rank,5.0,1.0,3.0
13960,20,2,230.22,,,,matched fuzzy dense-rank,5.0,1.0,1.0
13961,391,1,538.4,,,,matched fuzzy dense-rank,3.0,1.0,2.0
13962,21,3,362.8,,,,matched fuzzy dense-rank,5.0,1.0,2.0
13963,307,17,3011.87,,,,matched fuzzy dense-rank,3.0,1.0,5.0
13964,386,2,438.9,,,,matched fuzzy dense-rank,3.0,1.0,2.0
13965,476,3,996.61,,,,matched fuzzy dense-rank,2.0,1.0,3.0
13966,434,1,390.86,,,,matched fuzzy dense-rank,2.0,1.0,2.0
13967,145,2,166.3,,,,matched fuzzy dense-rank,4.0,1.0,1.0
13968,422,1,123.66,,,,matched fuzzy dense-rank,3.0,1.0,1.0
13969,6,35,13365.87,,,,matched fuzzy dense-rank,5.0,2.0,5.0
13970,385,2,846.55,,,,matched fuzzy dense-rank,3.0,1.0,3.0
13971,18,14,4667.57,,,,matched fuzzy dense-rank,5.0,1.0,5.0
13972,70,2,190.25,,,,matched fuzzy dense-rank,5.0,1.0,1.0
13973,286,1,264.7,,,,matched fuzzy dense-rank,3.0,1.0,1.0
13974,48,2,677.72,,,,matched fuzzy dense-rank,5.0,1.0,3.0
13975,30,12,5358.84,,,,matched fuzzy dense-rank,5.0,1.0,5.0
13976,206,4,1192.36,,,,matched fuzzy dense-rank,4.0,1.0,3.0
13977,410,1,519.8100000000001,,,,matched fuzzy dense-rank,3.0,1.0,2.0
13978,14,2,196.79000000000002,,,,matched fuzzy dense-rank,5.0,1.0,1.0
13979,72,7,3416.23,,,,matched fuzzy dense-rank,5.0,1.0,5.0
13980,59,5,799.92,,,,matched fuzzy dense-rank,5.0,1.0,3.0
13981,415,1,331.14,,,,matched fuzzy dense-rank,3.0,1.0,2.0
13982,38,9,4445.59,,,,matched fuzzy dense-rank,5.0,1.0,5.0
13983,29,21,7108.45,,,,matched fuzzy dense-rank,5.0,2.0,5.0
13984,26,12,2048.6,,,,matched fuzzy dense-rank,5.0,1.0,4.0
13985,3,22,10020.86,,,,matched fuzzy dense-rank,5.0,2.0,5.0
13986,16,1,320.46,,,,matched fuzzy dense-rank,5.0,1.0,2.0
13987,379,2,682.54,,,,matched fuzzy dense-rank,3.0,1.0,3.0
13988,19,8,4757.8,,,,matched fuzzy dense-rank,5.0,1.0,5.0
13989,65,5,2026.06,,,,matched fuzzy dense-rank,5.0,1.0,4.0
13990,212,1,311.3,,,,matched fuzzy dense-rank,4.0,1.0,2.0
13991,11,6,855.97,,,,matched fuzzy dense-rank,5.0,1.0,3.0
13992,29,3,219.5,,,,matched fuzzy dense-rank,5.0,1.0,1.0
13993,42,19,6775.71,,,,matched fuzzy dense-rank,5.0,2.0,5.0
13994,3,6,2313.14,,,,matched fuzzy dense-rank,5.0,1.0,4.0
13995,14,14,3902.01,,,,matched fuzzy dense-rank,5.0,1.0,5.0
13996,385,2,895.76,,,,matched fuzzy dense-rank,3.0,1.0,3.0
13997,518,3,382.31,,,,matched fuzzy dense-rank,2.0,1.0,2.0
13998,446,3,566.7,,,,matched fuzzy dense-rank,2.0,1.0,2.0
13999,9,29,9502.26,,,,matched fuzzy dense-rank,5.0,2.0,5.0
14000,210,5,2046.3400000000001,,,,matched fuzzy dense-rank,4.0,1.0,4.0
14001,45,9,4530.09,,,,matched fuzzy dense-rank,5.0,1.0,5.0
14002,133,2,529.73,,,,matched fuzzy dense-rank,5.0,1.0,2.0
14003,732,1,209.41,,,,matched fuzzy dense-rank,1.0,1.0,1.0
14004,42,11,6258.45,,,,matched fuzzy dense-rank,5.0,1.0,5.0
14005,9,5,2874.72,,,,matched fuzzy dense-rank,5.0,1.0,4.0
14006,115,7,2196.67,,,,matched fuzzy dense-rank,5.0,1.0,4.0
14007,512,1,79.48,,,,matched fuzzy dense-rank,2.0,1.0,1.0
14008,431,1,509.04,,,,matched fuzzy dense-rank,2.0,1.0,2.0
14009,197,3,1099.91,,,,matched fuzzy dense-rank,4.0,1.0,3.0
14010,564,2,445.15,,,,matched fuzzy dense-rank,2.0,1.0,2.0
14011,479,2,457.82,,,,matched fuzzy dense-rank,2.0,1.0,2.0
14012,277,1,328.8,,,,matched fuzzy dense-rank,4.0,1.0,2.0
14013,109,5,1084.57,,,,matched fuzzy dense-rank,5.0,1.0,3.0
14014,76,3,1948.21,,,,matched fuzzy dense-rank,5.0,1.0,4.0
14015,52,1,917.34,,,,matched fuzzy dense-rank,5.0,1.0,3.0
14016,161,11,11403.41,,,,matched fuzzy dense-rank,4.0,1.0,5.0
14017,570,1,229.75,,,,matched fuzzy dense-rank,2.0,1.0,1.0
14018,644,1,367.15000000000003,,,,matched fuzzy dense-rank,1.0,1.0,2.0
14019,46,3,1421.61,,,,matched fuzzy dense-rank,5.0,1.0,4.0
14020,16,4,1249.01,,,,matched fuzzy dense-rank,5.0,1.0,3.0
14021,154,7,1716.58,,,,matched fuzzy dense-rank,4.0,1.0,4.0
14022,224,2,792.15,,,,matched fuzzy dense-rank,4.0,1.0,3.0
14023,6,2,584.07,,,,matched fuzzy dense-rank,5.0,1.0,2.0
14024,121,3,645.74,,,,matched fuzzy dense-rank,5.0,1.0,3.0
14025,464,8,4057.9,,,,matched fuzzy dense-rank,2.0,1.0,5.0
14026,470,2,713.11,,,,matched fuzzy dense-rank,2.0,1.0,3.0
14027,60,1,104.82,,,,matched fuzzy dense-rank,5.0,1.0,1.0
14028,549,3,10396.5,,,,matched fuzzy dense-rank,2.0,1.0,5.0
14029,62,2,467.66,,,,matched fuzzy dense-rank,5.0,1.0,2.0
14030,17,20,8262.29,,,,matched fuzzy dense-rank,5.0,2.0,5.0
14031,6,44,40999.17,,,,matched fuzzy dense-rank,5.0,3.0,5.0
14032,1,16,4850.2699999999995,,,,matched fuzzy dense-rank,5.0,1.0,5.0
14033,554,1,109.44,,,,matched fuzzy dense-rank,2.0,1.0,1.0
14034,21,3,651.8199999999999,,,,matched fuzzy dense-rank,5.0,1.0,3.0
14035,28,9,2856.72,,,,matched fuzzy dense-rank,5.0,1.0,4.0
14036,284,1,626.65,,,,matched fuzzy dense-rank,3.0,1.0,2.0
14037,175,6,836.95,,,,matched fuzzy dense-rank,4.0,1.0,3.0
14038,77,5,3069.88,,,,matched fuzzy dense-rank,5.0,1.0,5.0
14039,32,2,267.28000000000003,,,,matched fuzzy dense-rank,5.0,1.0,1.0
14040,40,35,12645.57,,,,matched fuzzy dense-rank,5.0,2.0,5.0
14041,265,1,141.41,,,,matched fuzzy dense-rank,4.0,1.0,1.0
14042,724,1,431.98,,,,matched fuzzy dense-rank,1.0,1.0,2.0
14043,490,2,304.25,,,,matched fuzzy dense-rank,2.0,1.0,2.0
14044,26,10,3123.1,,,,matched fuzzy dense-rank,5.0,1.0,5.0
14045,108,16,11313.029999999999,,,,matched fuzzy dense-rank,5.0,1.0,5.0
14046,283,1,154.99,,,,matched fuzzy dense-rank,3.0,1.0,1.0
14047,8,14,4255.03,,,,matched fuzzy dense-rank,5.0,1.0,5.0
14048,304,3,748.69,,,,matched fuzzy dense-rank,3.0,1.0,3.0
14049,16,13,13239.03,,,,matched fuzzy dense-rank,5.0,1.0,5.0
14050,31,2,746.36,,,,matched fuzzy dense-rank,5.0,1.0,3.0
14051,0,37,22434.0,,,,matched fuzzy dense-rank,5.0,3.0,5.0
14052,19,2,480.81,,,,matched fuzzy dense-rank,5.0,1.0,2.0
14053,123,4,572.3,,,,matched fuzzy dense-rank,5.0,1.0,2.0
14054,64,1,92.46,,,,matched fuzzy dense-rank,5.0,1.0,1.0
14055,105,3,1520.96,,,,matched fuzzy dense-rank,5.0,1.0,4.0
14056,0,23,8214.65,,,,matched fuzzy dense-rank,5.0,2.0,5.0
14057,23,22,8408.84,,,,matched fuzzy dense-rank,5.0,2.0,5.0
14058,462,2,469.19,,,,matched fuzzy dense-rank,2.0,1.0,2.0
14059,266,1,183.6,,,,matched fuzzy dense-rank,4.0,1.0,1.0
14060,4,30,9519.08,,,,matched fuzzy dense-rank,5.0,2.0,5.0
14061,506,3,917.4300000000001,,,,matched fuzzy dense-rank,2.0,1.0,3.0
14062,9,24,25604.2,,,,matched fuzzy dense-rank,5.0,2.0,5.0
14063,437,9,22710.2,,,,matched fuzzy dense-rank,2.0,1.0,5.0
14064,28,15,3332.42,,,,matched fuzzy dense-rank,5.0,1.0,5.0
14065,388,3,891.02,,,,matched fuzzy dense-rank,3.0,1.0,3.0
14066,266,1,152.55,,,,matched fuzzy dense-rank,4.0,1.0,1.0
14067,63,2,374.7,,,,matched fuzzy dense-rank,5.0,1.0,2.0
14068,319,4,1528.3700000000001,,,,matched fuzzy dense-rank,3.0,1.0,4.0
14069,514,2,230.06,,,,matched fuzzy dense-rank,2.0,1.0,1.0
14070,684,1,326.55,,,,matched fuzzy dense-rank,1.0,1.0,2.0
14071,3,8,1438.82,,,,matched fuzzy dense-rank,5.0,1.0,4.0
14072,666,1,390.85,,,,matched fuzzy dense-rank,1.0,1.0,2.0
14073,31,1,151.04,,,,matched fuzzy dense-rank,5.0,1.0,1.0
14074,622,1,219.39999999999998,,,,matched fuzzy dense-rank,1.0,1.0,1.0
14075,4,6,1734.87,,,,matched fuzzy dense-rank,5.0,1.0,4.0
14076,128,1,122.47,,,,matched fuzzy dense-rank,5.0,1.0,1.0
14077,40,6,615.0799999999999,,,,matched fuzzy dense-rank,5.0,1.0,2.0
14078,101,9,1692.6299999999999,,,,matched fuzzy dense-rank,5.0,1.0,4.0
14079,124,2,618.73,,,,matched fuzzy dense-rank,5.0,1.0,2.0
14080,32,5,1115.68,,,,matched fuzzy dense-rank,5.0,1.0,3.0
14081,301,10,5370.1,,,,matched fuzzy dense-rank,3.0,1.0,5.0
14082,364,2,413.36,,,,matched fuzzy dense-rank,3.0,1.0,2.0
14083,3,11,1407.26,,,,matched fuzzy dense-rank,5.0,1.0,4.0
14084,511,1,150.5,,,,matched fuzzy dense-rank,2.0,1.0,1.0
14085,1,33,10104.97,,,,matched fuzzy dense-rank,5.0,2.0,5.0
14086,462,1,39.95,,,,matched fuzzy dense-rank,2.0,1.0,1.0
14087,2,3,846.22,,,,matched fuzzy dense-rank,5.0,1.0,3.0
14088,9,16,64036.8,,,,matched fuzzy dense-rank,5.0,1.0,5.0
14089,56,1,161.0,,,,matched fuzzy dense-rank,5.0,1.0,1.0
14090,324,1,76.32000000000001,,,,matched fuzzy dense-rank,3.0,1.0,1.0
14091,653,2,9530.08,,,,matched fuzzy dense-rank,1.0,1.0,5.0
14092,7,24,7229.45,,,,matched fuzzy dense-rank,5.0,2.0,5.0
14093,11,1,442.85,,,,matched fuzzy dense-rank,5.0,1.0,2.0
14094,439,1,335.22,,,,matched fuzzy dense-rank,2.0,1.0,2.0
14095,722,1,2.95,,,,matched fuzzy dense-rank,1.0,1.0,1.0
14096,3,17,65164.79,,,,matched fuzzy dense-rank,5.0,1.0,5.0
14097,480,2,422.85999999999996,,,,matched fuzzy dense-rank,2.0,1.0,2.0
14098,36,1,147.35,,,,matched fuzzy dense-rank,5.0,1.0,1.0
14099,15,20,5765.71,,,,matched fuzzy dense-rank,5.0,2.0,5.0
14100,137,1,194.9,,,,matched fuzzy dense-rank,4.0,1.0,1.0
14101,73,13,9961.93,,,,matched fuzzy dense-rank,5.0,1.0,5.0
14102,4,5,1360.28,,,,matched fuzzy dense-rank,5.0,1.0,4.0
14104,154,5,771.5799999999999,,,,matched fuzzy dense-rank,4.0,1.0,3.0
14105,238,5,5988.83,,,,matched fuzzy dense-rank,4.0,1.0,5.0
14106,736,1,214.79999999999998,,,,matched fuzzy dense-rank,1.0,1.0,1.0
14107,51,11,4877.3,,,,matched fuzzy dense-rank,5.0,1.0,5.0
14108,30,4,1044.96,,,,matched fuzzy dense-rank,5.0,1.0,3.0
14109,72,1,144.2,,,,matched fuzzy dense-rank,5.0,1.0,1.0
14110,3,33,12987.95,,,,matched fuzzy dense-rank,5.0,2.0,5.0
14111,13,4,692.85,,,,matched fuzzy dense-rank,5.0,1.0,3.0
14112,22,13,5834.59,,,,matched fuzzy dense-rank,5.0,1.0,5.0
14113,3,16,7092.610000000001,,,,matched fuzzy dense-rank,5.0,1.0,5.0
14114,273,7,1364.09,,,,matched fuzzy dense-rank,4.0,1.0,4.0
14115,501,2,622.6700000000001,,,,matched fuzzy dense-rank,2.0,1.0,2.0
14116,19,5,1382.74,,,,matched fuzzy dense-rank,5.0,1.0,4.0
14117,143,1,90.0,,,,matched fuzzy dense-rank,4.0,1.0,1.0
14118,428,1,458.45,,,,matched fuzzy dense-rank,3.0,1.0,2.0
14119,375,2,183.37,,,,matched fuzzy dense-rank,3.0,1.0,1.0
14121,3,4,2780.15,,,,matched fuzzy dense-rank,5.0,1.0,4.0
14122,405,3,362.42,,,,matched fuzzy dense-rank,3.0,1.0,2.0
14123,732,1,436.18,,,,matched fuzzy dense-rank,1.0,1.0,2.0
14124,83,1,419.58000000000004,,,,matched fuzzy dense-rank,5.0,1.0,2.0
14125,10,3,2740.43,,,,matched fuzzy dense-rank,5.0,1.0,4.0
14126,7,4,1172.46,,,,matched fuzzy dense-rank,5.0,1.0,3.0
14127,122,6,1900.0800000000002,,,,matched fuzzy dense-rank,5.0,1.0,4.0
14128,60,3,924.21,,,,matched fuzzy dense-rank,5.0,1.0,3.0
14129,1,9,2591.34,,,,matched fuzzy dense-rank,5.0,1.0,4.0
14130,318,4,1882.67,,,,matched fuzzy dense-rank,3.0,1.0,4.0
14131,648,1,187.87,,,,matched fuzzy dense-rank,1.0,1.0,1.0
14132,1,11,3586.0299999999997,,,,matched fuzzy dense-rank,5.0,1.0,5.0
14133,129,4,911.14,,,,matched fuzzy dense-rank,5.0,1.0,3.0
14134,382,15,11123.35,,,,matched fuzzy dense-rank,3.0,1.0,5.0
14135,1,24,9643.92,,,,matched fuzzy dense-rank,5.0,2.0,5.0
14136,400,5,1570.81,,,,matched fuzzy dense-rank,3.0,1.0,4.0
14137,695,1,332.7,,,,matched fuzzy dense-rank,1.0,1.0,2.0
14138,1,2,982.3800000000001,,,,matched fuzzy dense-rank,5.0,1.0,3.0
14139,45,4,1086.8,,,,matched fuzzy dense-rank,5.0,1.0,3.0
14140,3,2,935.05,,,,matched fuzzy dense-rank,5.0,1.0,3.0
14141,2,4,915.13,,,,matched fuzzy dense-rank,5.0,1.0,3.0
14142,372,2,983.15,,,,matched fuzzy dense-rank,3.0,1.0,3.0
14143,133,1,115.8,,,,matched fuzzy dense-rank,5.0,1.0,1.0
14144,485,1,30.599999999999998,,,,matched fuzzy dense-rank,2.0,1.0,1.0
14145,46,7,7600.05,,,,matched fuzzy dense-rank,5.0,1.0,5.0
14146,8,12,9450.3,,,,matched fuzzy dense-rank,5.0,1.0,5.0
14147,77,9,2590.2,,,,matched fuzzy dense-rank,5.0,1.0,4.0
14148,233,2,466.29,,,,matched fuzzy dense-rank,4.0,1.0,2.0
14149,220,1,446.62,,,,matched fuzzy dense-rank,4.0,1.0,2.0
14150,35,2,658.64,,,,matched fuzzy dense-rank,5.0,1.0,3.0
14151,672,2,679.45,,,,matched fuzzy dense-rank,1.0,1.0,3.0
14152,74,7,1997.3400000000001,,,,matched fuzzy dense-rank,5.0,1.0,4.0
14153,482,1,233.4,,,,matched fuzzy dense-rank,2.0,1.0,1.0
14154,238,8,6460.7,,,,matched fuzzy dense-rank,4.0,1.0,5.0
14155,265,1,118.75,,,,matched fuzzy dense-rank,4.0,1.0,1.0
14156,9,156,313946.37,,,,matched fuzzy dense-rank,5.0,5.0,5.0
14157,19,5,1002.78,,,,matched fuzzy dense-rank,5.0,1.0,3.0
14158,39,1,507.66,,,,matched fuzzy dense-rank,5.0,1.0,2.0
14159,19,20,7938.01,,,,matched fuzzy dense-rank,5.0,2.0,5.0
14160,609,7,8421.47,,,,matched fuzzy dense-rank,1.0,1.0,5.0
14161,215,7,3318.88,,,,matched fuzzy dense-rank,4.0,1.0,5.0
14162,173,2,289.36,,,,matched fuzzy dense-rank,4.0,1.0,1.0
14163,86,5,2594.62,,,,matched fuzzy dense-rank,5.0,1.0,4.0
14164,70,2,1631.77,,,,matched fuzzy dense-rank,5.0,1.0,4.0
14165,275,1,122.53999999999999,,,,matched fuzzy dense-rank,4.0,1.0,1.0
14166,504,2,256.85,,,,matched fuzzy dense-rank,2.0,1.0,1.0
14167,38,8,1296.49,,,,matched fuzzy dense-rank,5.0,1.0,4.0
14168,420,2,370.45,,,,matched fuzzy dense-rank,3.0,1.0,2.0
14169,430,2,624.4300000000001,,,,matched fuzzy dense-rank,2.0,1.0,2.0
14170,374,3,597.33,,,,matched fuzzy dense-rank,3.0,1.0,2.0
14171,97,2,498.79,,,,matched fuzzy dense-rank,5.0,1.0,2.0
14172,604,3,402.72,,,,matched fuzzy dense-rank,1.0,1.0,2.0
14173,10,6,586.0,,,,matched fuzzy dense-rank,5.0,1.0,2.0
14174,32,1,134.46,,,,matched fuzzy dense-rank,5.0,1.0,1.0
14175,59,8,7678.88,,,,matched fuzzy dense-rank,5.0,1.0,5.0
14176,296,5,916.01,,,,matched fuzzy dense-rank,3.0,1.0,3.0
14177,85,13,2229.34,,,,matched fuzzy dense-rank,5.0,1.0,4.0
14178,8,7,1620.93,,,,matched fuzzy dense-rank,5.0,1.0,4.0
14179,40,2,719.78,,,,matched fuzzy dense-rank,5.0,1.0,3.0
14180,10,33,6319.25,,,,matched fuzzy dense-rank,5.0,2.0,5.0
14181,410,2,310.55,,,,matched fuzzy dense-rank,3.0,1.0,2.0
14182,443,4,678.77,,,,matched fuzzy dense-rank,2.0,1.0,3.0
14183,410,2,286.29,,,,matched fuzzy dense-rank,3.0,1.0,1.0
14184,66,1,452.89,,,,matched fuzzy dense-rank,5.0,1.0,2.0
14185,330,1,197.65,,,,matched fuzzy dense-rank,3.0,1.0,1.0
14186,426,5,1550.63,,,,matched fuzzy dense-rank,3.0,1.0,4.0
14187,473,1,123.5,,,,matched fuzzy dense-rank,2.0,1.0,1.0
14188,30,6,2054.36,,,,matched fuzzy dense-rank,5.0,1.0,4.0
14189,1,16,5814.39,,,,matched fuzzy dense-rank,5.0,1.0,5.0
14190,665,1,79.9,,,,matched fuzzy dense-rank,1.0,1.0,1.0
14191,1,15,4817.66,,,,matched fuzzy dense-rank,5.0,1.0,5.0
14192,387,1,293.74,,,,matched fuzzy dense-rank,3.0,1.0,1.0
14193,67,3,1210.19,,,,matched fuzzy dense-rank,5.0,1.0,3.0
14194,4,36,18670.59,,,,matched fuzzy dense-rank,5.0,2.0,5.0
14195,201,6,2615.6,,,,matched fuzzy dense-rank,4.0,1.0,4.0
14196,106,1,335.52,,,,matched fuzzy dense-rank,5.0,1.0,2.0
14197,410,1,390.05,,,,matched fuzzy dense-rank,3.0,1.0,2.0
14198,17,9,1569.73,,,,matched fuzzy dense-rank,5.0,1.0,4.0
14199,217,4,1091.7,,,,matched fuzzy dense-rank,4.0,1.0,3.0
14200,616,1,379.2,,,,matched fuzzy dense-rank,1.0,1.0,2.0
14201,59,10,1193.54,,,,matched fuzzy dense-rank,5.0,1.0,3.0
14202,380,3,847.76,,,,matched fuzzy dense-rank,3.0,1.0,3.0
14203,396,1,339.34,,,,matched fuzzy dense-rank,3.0,1.0,2.0
14204,1,4,1062.96,,,,matched fuzzy dense-rank,5.0,1.0,3.0
14205,16,9,2414.2,,,,matched fuzzy dense-rank,5.0,1.0,4.0
14206,238,3,1185.01,,,,matched fuzzy dense-rank,4.0,1.0,3.0
14207,687,1,157.8,,,,matched fuzzy dense-rank,1.0,1.0,1.0
14208,94,2,567.05,,,,matched fuzzy dense-rank,5.0,1.0,2.0
14209,10,15,4993.27,,,,matched fuzzy dense-rank,5.0,1.0,5.0
14210,105,16,5861.52,,,,matched fuzzy dense-rank,5.0,1.0,5.0
14211,52,18,4402.29,,,,matched fuzzy dense-rank,5.0,1.0,5.0
14212,89,2,2190.14,,,,matched fuzzy dense-rank,5.0,1.0,4.0
14213,404,1,1192.2,,,,matched fuzzy dense-rank,3.0,1.0,3.0
14214,30,5,1004.38,,,,matched fuzzy dense-rank,5.0,1.0,3.0
14215,11,9,3416.33,,,,matched fuzzy dense-rank,5.0,1.0,5.0
14216,2,5,2150.04,,,,matched fuzzy dense-rank,5.0,1.0,4.0
14217,1,23,3416.89,,,,matched fuzzy dense-rank,5.0,2.0,5.0
14218,42,1,169.48000000000002,,,,matched fuzzy dense-rank,5.0,1.0,1.0
14219,3,3,633.83,,,,matched fuzzy dense-rank,5.0,1.0,2.0
14220,246,4,1515.0,,,,matched fuzzy dense-rank,4.0,1.0,4.0
14221,41,17,6517.49,,,,matched fuzzy dense-rank,5.0,1.0,5.0
14222,176,1,683.17,,,,matched fuzzy dense-rank,4.0,1.0,3.0
14223,91,3,991.13,,,,matched fuzzy dense-rank,5.0,1.0,3.0
14224,109,9,1897.9,,,,matched fuzzy dense-rank,5.0,1.0,4.0
14225,434,4,2037.02,,,,matched fuzzy dense-rank,2.0,1.0,4.0
14226,28,6,3002.53,,,,matched fuzzy dense-rank,5.0,1.0,5.0
14227,25,15,6368.71,,,,matched fuzzy dense-rank,5.0,1.0,5.0
14228,437,3,745.5,,,,matched fuzzy dense-rank,2.0,1.0,3.0
14229,51,7,2594.04,,,,matched fuzzy dense-rank,5.0,1.0,4.0
14230,435,3,979.8000000000001,,,,matched fuzzy dense-rank,2.0,1.0,3.0
14231,183,4,1235.6200000000001,,,,matched fuzzy dense-rank,4.0,1.0,3.0
14232,42,5,2048.07,,,,matched fuzzy dense-rank,5.0,1.0,4.0
14233,48,7,2904.27,,,,matched fuzzy dense-rank,5.0,1.0,4.0
14234,21,4,775.46,,,,matched fuzzy dense-rank,5.0,1.0,3.0
14235,74,9,4717.99,,,,matched fuzzy dense-rank,5.0,1.0,5.0
14236,80,5,1744.64,,,,matched fuzzy dense-rank,5.0,1.0,4.0
14237,372,2,632.14,,,,matched fuzzy dense-rank,3.0,1.0,2.0
14238,325,3,434.23,,,,matched fuzzy dense-rank,3.0,1.0,2.0
14239,42,21,4263.17,,,,matched fuzzy dense-rank,5.0,2.0,5.0
14240,29,3,1247.49,,,,matched fuzzy dense-rank,5.0,1.0,3.0
14241,183,2,333.70000000000005,,,,matched fuzzy dense-rank,4.0,1.0,2.0
14242,234,2,280.55,,,,matched fuzzy dense-rank,4.0,1.0,1.0
14243,8,17,7431.05,,,,matched fuzzy dense-rank,5.0,1.0,5.0
14244,660,1,366.41999999999996,,,,matched fuzzy dense-rank,1.0,1.0,2.0
14245,219,2,1693.45,,,,matched fuzzy dense-rank,4.0,1.0,4.0
14246,110,3,1474.06,,,,matched fuzzy dense-rank,5.0,1.0,4.0
14247,277,5,772.66,,,,matched fuzzy dense-rank,4.0,1.0,3.0
14248,317,3,1032.95,,,,matched fuzzy dense-rank,3.0,1.0,3.0
14249,410,12,5625.461,,,,matched fuzzy dense-rank,3.0,1.0,5.0
14250,6,3,1904.05,,,,matched fuzzy dense-rank,5.0,1.0,4.0
14251,1,5,2879.7000000000003,,,,matched fuzzy dense-rank,5.0,1.0,4.0
14252,380,1,350.99,,,,matched fuzzy dense-rank,3.0,1.0,2.0
14253,492,2,363.40000000000003,,,,matched fuzzy dense-rank,2.0,1.0,2.0
14254,432,1,601.03,,,,matched fuzzy dense-rank,2.0,1.0,2.0
14255,545,1,1000.63,,,,matched fuzzy dense-rank,2.0,1.0,3.0
14256,259,5,2473.9900000000002,,,,matched fuzzy dense-rank,4.0,1.0,4.0
14257,63,9,5954.45,,,,matched fuzzy dense-rank,5.0,1.0,5.0
14258,8,25,32051.34,,,,matched fuzzy dense-rank,5.0,2.0,5.0
14259,141,1,120.0,,,,matched fuzzy dense-rank,4.0,1.0,1.0
14260,470,3,824.28,,,,matched fuzzy dense-rank,2.0,1.0,3.0
14261,50,2,1163.45,,,,matched fuzzy dense-rank,5.0,1.0,3.0
14262,7,8,2618.23,,,,matched fuzzy dense-rank,5.0,1.0,4.0
14263,422,1,322.93,,,,matched fuzzy dense-rank,3.0,1.0,2.0
14264,154,6,1517.3600000000001,,,,matched fuzzy dense-rank,4.0,1.0,4.0
14265,108,4,1373.35,,,,matched fuzzy dense-rank,5.0,1.0,4.0
14266,427,1,40.56,,,,matched fuzzy dense-rank,3.0,1.0,1.0
14267,162,3,1516.24,,,,matched fuzzy dense-rank,4.0,1.0,4.0
14268,470,1,354.85,,,,matched fuzzy dense-rank,2.0,1.0,2.0
14269,438,1,295.73,,,,matched fuzzy dense-rank,2.0,1.0,1.0
14270,331,1,492.65000000000003,,,,matched fuzzy dense-rank,3.0,1.0,2.0
14271,225,2,219.13,,,,matched fuzzy dense-rank,4.0,1.0,1.0
14272,73,4,920.81,,,,matched fuzzy dense-rank,5.0,1.0,3.0
14273,50,4,559.97,,,,matched fuzzy dense-rank,5.0,1.0,2.0
14274,685,1,256.6,,,,matched fuzzy dense-rank,1.0,1.0,1.0
14275,395,6,1189.3799999999999,,,,matched fuzzy dense-rank,3.0,1.0,3.0
14276,98,7,2102.68,,,,matched fuzzy dense-rank,5.0,1.0,4.0
14277,14,9,17225.81,,,,matched fuzzy dense-rank,5.0,1.0,5.0
14278,409,1,205.83,,,,matched fuzzy dense-rank,3.0,1.0,1.0
14279,520,2,191.86,,,,matched fuzzy dense-rank,2.0,1.0,1.0
14280,196,1,134.04,,,,matched fuzzy dense-rank,4.0,1.0,1.0
14281,407,1,245.15,,,,matched fuzzy dense-rank,3.0,1.0,1.0
14282,2,25,7849.66,,,,matched fuzzy dense-rank,5.0,2.0,5.0
14283,462,4,628.4399999999999,,,,matched fuzzy dense-rank,2.0,1.0,2.0
14284,30,3,1299.65,,,,matched fuzzy dense-rank,5.0,1.0,4.0
14285,20,8,3284.42,,,,matched fuzzy dense-rank,5.0,1.0,5.0
14286,23,7,8479.76,,,,matched fuzzy dense-rank,5.0,1.0,5.0
14287,7,3,176.63,,,,matched fuzzy dense-rank,5.0,1.0,1.0
14288,212,1,426.6,,,,matched fuzzy dense-rank,4.0,1.0,2.0
14289,8,6,911.26,,,,matched fuzzy dense-rank,5.0,1.0,3.0
14290,10,8,4516.56,,,,matched fuzzy dense-rank,5.0,1.0,5.0
14291,1,23,7904.1,,,,matched fuzzy dense-rank,5.0,2.0,5.0
14292,7,16,9226.25,,,,matched fuzzy dense-rank,5.0,1.0,5.0
14293,2,9,3267.9300000000003,,,,matched fuzzy dense-rank,5.0,1.0,5.0
14294,406,1,375.34,,,,matched fuzzy dense-rank,3.0,1.0,2.0
14295,39,5,2362.91,,,,matched fuzzy dense-rank,5.0,1.0,4.0
14296,420,2,456.40000000000003,,,,matched fuzzy dense-rank,3.0,1.0,2.0
14297,17,4,1305.33,,,,matched fuzzy dense-rank,5.0,1.0,4.0
14298,7,82,91194.49,,,,matched fuzzy dense-rank,5.0,4.0,5.0
14299,7,27,14499.49,,,,matched fuzzy dense-rank,5.0,2.0,5.0
14300,18,1,43.2,,,,matched fuzzy dense-rank,5.0,1.0,1.0
14301,116,4,1992.18,,,,matched fuzzy dense-rank,5.0,1.0,4.0
14302,430,3,742.9000000000001,,,,matched fuzzy dense-rank,2.0,1.0,3.0
14303,406,2,277.94,,,,matched fuzzy dense-rank,3.0,1.0,1.0
14304,222,3,1725.01,,,,matched fuzzy dense-rank,4.0,1.0,4.0
14305,70,3,1858.96,,,,matched fuzzy dense-rank,5.0,1.0,4.0
14306,50,6,3151.4,,,,matched fuzzy dense-rank,5.0,1.0,5.0
14307,88,10,5071.03,,,,matched fuzzy dense-rank,5.0,1.0,5.0
14308,548,2,1147.02,,,,matched fuzzy dense-rank,2.0,1.0,3.0
14309,7,11,3780.81,,,,matched fuzzy dense-rank,5.0,1.0,5.0
14310,432,1,492.1,,,,matched fuzzy dense-rank,2.0,1.0,2.0
14311,242,2,516.45,,,,matched fuzzy dense-rank,4.0,1.0,2.0
14312,46,11,3090.29,,,,matched fuzzy dense-rank,5.0,1.0,5.0
14314,106,2,229.8,,,,matched fuzzy dense-rank,5.0,1.0,1.0
14315,44,8,3197.82,,,,matched fuzzy dense-rank,5.0,1.0,5.0
14316,421,5,1370.34,,,,matched fuzzy dense-rank,3.0,1.0,4.0
14317,64,1,508.58000000000004,,,,matched fuzzy dense-rank,5.0,1.0,2.0
14318,459,1,158.02,,,,matched fuzzy dense-rank,2.0,1.0,1.0
14319,423,1,494.85,,,,matched fuzzy dense-rank,3.0,1.0,2.0
14320,206,5,1346.75,,,,matched fuzzy dense-rank,4.0,1.0,4.0
14321,10,7,2218.06,,,,matched fuzzy dense-rank,5.0,1.0,4.0
14322,428,4,474.1,,,,matched fuzzy dense-rank,3.0,1.0,2.0
14323,114,2,605.0600000000001,,,,matched fuzzy dense-rank,5.0,1.0,2.0
14324,409,2,701.61,,,,matched fuzzy dense-rank,3.0,1.0,3.0
14325,569,1,245.48000000000002,,,,matched fuzzy dense-rank,2.0,1.0,1.0
14326,241,3,940.98,,,,matched fuzzy dense-rank,4.0,1.0,3.0
14327,162,6,1894.93,,,,matched fuzzy dense-rank,4.0,1.0,4.0
14328,437,1,445.05,,,,matched fuzzy dense-rank,2.0,1.0,2.0
14329,16,15,9927.22,,,,matched fuzzy dense-rank,5.0,1.0,5.0
14330,623,1,200.63,,,,matched fuzzy dense-rank,1.0,1.0,1.0
14331,123,2,462.65999999999997,,,,matched fuzzy dense-rank,5.0,1.0,2.0
14332,22,5,1943.51,,,,matched fuzzy dense-rank,5.0,1.0,4.0
14333,67,1,415.2,,,,matched fuzzy dense-rank,5.0,1.0,2.0
14334,16,12,4318.48,,,,matched fuzzy dense-rank,5.0,1.0,5.0
14335,15,2,468.26,,,,matched fuzzy dense-rank,5.0,1.0,2.0
14336,16,4,1614.91,,,,matched fuzzy dense-rank,5.0,1.0,4.0
14338,160,3,928.1,,,,matched fuzzy dense-rank,4.0,1.0,3.0
14339,242,2,620.27,,,,matched fuzzy dense-rank,4.0,1.0,2.0
14340,218,1,134.7,,,,matched fuzzy dense-rank,4.0,1.0,1.0
14341,44,18,4467.32,,,,matched fuzzy dense-rank,5.0,1.0,5.0
14342,20,6,918.44,,,,matched fuzzy dense-rank,5.0,1.0,3.0
14343,420,4,1088.91,,,,matched fuzzy dense-rank,3.0,1.0,3.0
14344,126,20,3333.7000000000003,,,,matched fuzzy dense-rank,5.0,2.0,5.0
14345,38,1,108.97999999999999,,,,matched fuzzy dense-rank,5.0,1.0,1.0
14346,120,5,2315.75,,,,matched fuzzy dense-rank,5.0,1.0,4.0
14347,736,1,82.6,,,,matched fuzzy dense-rank,1.0,1.0,1.0
14348,259,1,409.57,,,,matched fuzzy dense-rank,4.0,1.0,2.0
14349,9,1,133.5,,,,matched fuzzy dense-rank,5.0,1.0,1.0
14350,273,3,972.03,,,,matched fuzzy dense-rank,4.0,1.0,3.0
14351,164,1,51.0,,,,matched fuzzy dense-rank,4.0,1.0,1.0
14352,156,4,1078.96,,,,matched fuzzy dense-rank,4.0,1.0,3.0
14353,214,3,376.5,,,,matched fuzzy dense-rank,4.0,1.0,2.0
14354,5,2,163.62,,,,matched fuzzy dense-rank,5.0,1.0,1.0
14355,365,3,1014.45,,,,matched fuzzy dense-rank,3.0,1.0,3.0
14356,79,2,701.23,,,,matched fuzzy dense-rank,5.0,1.0,3.0
14357,42,1,225.77,,,,matched fuzzy dense-rank,5.0,1.0,1.0
14358,388,2,400.06,,,,matched fuzzy dense-rank,3.0,1.0,2.0
14359,18,3,912.18,,,,matched fuzzy dense-rank,5.0,1.0,3.0
14360,31,4,2128.23,,,,matched fuzzy dense-rank,5.0,1.0,4.0
14361,578,1,214.70999999999998,,,,matched fuzzy dense-rank,1.0,1.0,1.0
14362,21,1,161.2,,,,matched fuzzy dense-rank,5.0,1.0,1.0
14363,401,2,227.47000000000003,,,,matched fuzzy dense-rank,3.0,1.0,1.0
14364,108,8,3717.35,,,,matched fuzzy dense-rank,5.0,1.0,5.0
14365,394,2,634.68,,,,matched fuzzy dense-rank,3.0,1.0,3.0
14366,524,1,136.0,,,,matched fuzzy dense-rank,2.0,1.0,1.0
14367,7,16,9261.52,,,,matched fuzzy dense-rank,5.0,1.0,5.0
14368,319,1,155.0,,,,matched fuzzy dense-rank,3.0,1.0,1.0
14369,641,2,469.13,,,,matched fuzzy dense-rank,1.0,1.0,2.0
14370,450,6,1175.78,,,,matched fuzzy dense-rank,2.0,1.0,3.0
14371,294,1,100.5,,,,matched fuzzy dense-rank,3.0,1.0,1.0
14372,442,2,860.08,,,,matched fuzzy dense-rank,2.0,1.0,3.0
14373,357,1,76.55,,,,matched fuzzy dense-rank,3.0,1.0,1.0
14374,540,1,108.0,,,,matched fuzzy dense-rank,2.0,1.0,1.0
14375,184,3,1132.99,,,,matched fuzzy dense-rank,4.0,1.0,3.0
14376,682,1,215.46,,,,matched fuzzy dense-rank,1.0,1.0,1.0
14377,190,2,617.05,,,,matched fuzzy dense-rank,4.0,1.0,2.0
14378,621,1,131.25,,,,matched fuzzy dense-rank,1.0,1.0,1.0
14379,43,4,1268.91,,,,matched fuzzy dense-rank,5.0,1.0,3.0
14380,681,1,48.96,,,,matched fuzzy dense-rank,1.0,1.0,1.0
14381,51,2,631.34,,,,matched fuzzy dense-rank,5.0,1.0,2.0
14382,25,2,1246.8,,,,matched fuzzy dense-rank,5.0,1.0,3.0
14383,37,3,1247.69,,,,matched fuzzy dense-rank,5.0,1.0,3.0
14384,500,1,58.5,,,,matched fuzzy dense-rank,2.0,1.0,1.0
14385,8,3,202.11,,,,matched fuzzy dense-rank,5.0,1.0,1.0
14386,296,1,142.4,,,,matched fuzzy dense-rank,3.0,1.0,1.0
14387,32,3,1770.56,,,,matched fuzzy dense-rank,5.0,1.0,4.0
14388,9,16,6701.0,,,,matched fuzzy dense-rank,5.0,1.0,5.0
14389,64,5,1898.01,,,,matched fuzzy dense-rank,5.0,1.0,4.0
14390,9,13,6399.83,,,,matched fuzzy dense-rank,5.0,1.0,5.0
14391,576,1,135.6,,,,matched fuzzy dense-rank,1.0,1.0,1.0
14392,431,1,266.4,,,,matched fuzzy dense-rank,2.0,1.0,1.0
14393,217,1,67.95,,,,matched fuzzy dense-rank,4.0,1.0,1.0
14394,564,1,93.8,,,,matched fuzzy dense-rank,2.0,1.0,1.0
14395,1,20,8208.01,,,,matched fuzzy dense-rank,5.0,2.0,5.0
14396,64,7,2121.93,,,,matched fuzzy dense-rank,5.0,1.0,4.0
14397,2,19,2612.96,,,,matched fuzzy dense-rank,5.0,2.0,4.0
14398,400,2,707.79,,,,matched fuzzy dense-rank,3.0,1.0,3.0
14399,393,8,2113.16,,,,matched fuzzy dense-rank,3.0,1.0,4.0
14400,148,3,1732.47,,,,matched fuzzy dense-rank,4.0,1.0,4.0
14401,3,22,6795.9,,,,matched fuzzy dense-rank,5.0,2.0,5.0
14402,651,1,285.6,,,,matched fuzzy dense-rank,1.0,1.0,1.0
14403,129,6,1880.51,,,,matched fuzzy dense-rank,5.0,1.0,4.0
14404,33,13,2899.11,,,,matched fuzzy dense-rank,5.0,1.0,4.0
14405,386,1,195.0,,,,matched fuzzy dense-rank,3.0,1.0,1.0
14406,118,1,156.75,,,,matched fuzzy dense-rank,5.0,1.0,1.0
14407,106,6,2157.73,,,,matched fuzzy dense-rank,5.0,1.0,4.0
14408,10,11,4109.77,,,,matched fuzzy dense-rank,5.0,1.0,5.0
14409,70,9,3756.09,,,,matched fuzzy dense-rank,5.0,1.0,5.0
14410,91,11,2651.14,,,,matched fuzzy dense-rank,5.0,1.0,4.0
14411,310,1,1063.0,,,,matched fuzzy dense-rank,3.0,1.0,3.0
14412,42,3,1426.19,,,,matched fuzzy dense-rank,5.0,1.0,4.0
14413,361,4,770.37,,,,matched fuzzy dense-rank,3.0,1.0,3.0
14414,91,8,2399.33,,,,matched fuzzy dense-rank,5.0,1.0,4.0
14415,0,23,12091.6,,,,matched fuzzy dense-rank,5.0,2.0,5.0
14416,21,2,490.22,,,,matched fuzzy dense-rank,5.0,1.0,2.0
14417,387,1,604.2,,,,matched fuzzy dense-rank,3.0,1.0,2.0
14418,3,3,1937.25,,,,matched fuzzy dense-rank,5.0,1.0,4.0
14419,10,7,1260.91,,,,matched fuzzy dense-rank,5.0,1.0,3.0
14420,98,4,1639.17,,,,matched fuzzy dense-rank,5.0,1.0,4.0
14421,56,6,2469.37,,,,matched fuzzy dense-rank,5.0,1.0,4.0
14422,0,19,10271.52,,,,matched fuzzy dense-rank,5.0,2.0,5.0
14423,217,3,916.6099999999999,,,,matched fuzzy dense-rank,4.0,1.0,3.0
14424,17,1,322.08,,,,matched fuzzy dense-rank,5.0,1.0,2.0
14425,434,3,661.39,,,,matched fuzzy dense-rank,2.0,1.0,3.0
14426,23,17,11727.94,,,,matched fuzzy dense-rank,5.0,1.0,5.0
14427,49,4,1263.52,,,,matched fuzzy dense-rank,5.0,1.0,3.0
14428,6,5,1244.83,,,,matched fuzzy dense-rank,5.0,1.0,3.0
14429,403,1,516.28,,,,matched fuzzy dense-rank,3.0,1.0,2.0
14430,511,3,1220.9,,,,matched fuzzy dense-rank,2.0,1.0,3.0
14431,302,4,2614.2,,,,matched fuzzy dense-rank,3.0,1.0,4.0
14432,9,6,2255.51,,,,matched fuzzy dense-rank,5.0,1.0,4.0
14433,465,1,289.6,,,,matched fuzzy dense-rank,2.0,1.0,1.0
14434,21,6,1372.8,,,,matched fuzzy dense-rank,5.0,1.0,4.0
14435,501,1,90.42,,,,matched fuzzy dense-rank,2.0,1.0,1.0
14436,98,2,271.70000000000005,,,,matched fuzzy dense-rank,5.0,1.0,1.0
14437,365,5,958.84,,,,matched fuzzy dense-rank,3.0,1.0,3.0
14438,305,1,131.9,,,,matched fuzzy dense-rank,3.0,1.0,1.0
14439,319,5,9443.04,,,,matched fuzzy dense-rank,3.0,1.0,5.0
14440,7,13,6638.7300000000005,,,,matched fuzzy dense-rank,5.0,1.0,5.0
14441,0,11,4611.6900000000005,,,,matched fuzzy dense-rank,5.0,1.0,5.0
14442,204,7,5367.0199999999995,,,,matched fuzzy dense-rank,4.0,1.0,5.0
14443,53,5,2386.47,,,,matched fuzzy dense-rank,5.0,1.0,4.0
14444,455,1,132.04,,,,matched fuzzy dense-rank,2.0,1.0,1.0
14445,455,1,221.65,,,,matched fuzzy dense-rank,2.0,1.0,1.0
14446,0,5,1241.31,,,,matched fuzzy dense-rank,5.0,1.0,3.0
14447,18,6,1711.73,,,,matched fuzzy dense-rank,5.0,1.0,4.0
14448,8,2,375.35,,,,matched fuzzy dense-rank,5.0,1.0,2.0
14449,18,8,2482.8,,,,matched fuzzy dense-rank,5.0,1.0,4.0
14450,180,7,1128.44,,,,matched fuzzy dense-rank,4.0,1.0,3.0
14451,59,12,3308.77,,,,matched fuzzy dense-rank,5.0,1.0,5.0
14452,10,4,665.59,,,,matched fuzzy dense-rank,5.0,1.0,3.0
14453,189,1,119.93,,,,matched fuzzy dense-rank,4.0,1.0,1.0
14454,375,5,977.3,,,,matched fuzzy dense-rank,3.0,1.0,3.0
14455,431,4,628.21,,,,matched fuzzy dense-rank,2.0,1.0,2.0
14456,4,9,3062.4,,,,matched fuzzy dense-rank,5.0,1.0,5.0
14457,310,1,113.64,,,,matched fuzzy dense-rank,3.0,1.0,1.0
14458,380,1,237.42,,,,matched fuzzy dense-rank,3.0,1.0,1.0
14459,154,2,5375.741,,,,matched fuzzy dense-rank,4.0,1.0,5.0
14460,109,9,1093.5,,,,matched fuzzy dense-rank,5.0,1.0,3.0
14461,147,13,6713.5,,,,matched fuzzy dense-rank,4.0,1.0,5.0
14462,65,12,2270.01,,,,matched fuzzy dense-rank,5.0,1.0,4.0
14463,97,4,786.5699999999999,,,,matched fuzzy dense-rank,5.0,1.0,3.0
14464,567,2,111.0,,,,matched fuzzy dense-rank,2.0,1.0,1.0
14465,246,11,3946.03,,,,matched fuzzy dense-rank,4.0,1.0,5.0
14466,28,13,4646.9,,,,matched fuzzy dense-rank,5.0,1.0,5.0
14467,17,12,2220.9900000000002,,,,matched fuzzy dense-rank,5.0,1.0,4.0
14468,733,1,204.24,,,,matched fuzzy dense-rank,1.0,1.0,1.0
14469,415,4,2112.21,,,,matched fuzzy dense-rank,3.0,1.0,4.0
14470,11,3,712.04,,,,matched fuzzy dense-rank,5.0,1.0,3.0
14471,590,2,400.95,,,,matched fuzzy dense-rank,1.0,1.0,2.0
14472,103,9,2228.22,,,,matched fuzzy dense-rank,5.0,1.0,4.0
14473,73,2,234.34000000000003,,,,matched fuzzy dense-rank,5.0,1.0,1.0
14474,45,2,1278.08,,,,matched fuzzy dense-rank,5.0,1.0,4.0
14475,71,4,1151.15,,,,matched fuzzy dense-rank,5.0,1.0,3.0
14476,256,1,215.7,,,,matched fuzzy dense-rank,4.0,1.0,1.0
14477,19,7,1969.6,,,,matched fuzzy dense-rank,5.0,1.0,4.0
14478,381,4,1276.66,,,,matched fuzzy dense-rank,3.0,1.0,4.0
14479,253,4,1299.11,,,,matched fuzzy dense-rank,4.0,1.0,4.0
14480,10,4,1299.52,,,,matched fuzzy dense-rank,5.0,1.0,4.0
14481,164,5,2311.4900000000002,,,,matched fuzzy dense-rank,4.0,1.0,4.0
14482,17,12,4357.91,,,,matched fuzzy dense-rank,5.0,1.0,5.0
14483,281,2,257.1,,,,matched fuzzy dense-rank,3.0,1.0,1.0
14484,49,4,1070.98,,,,matched fuzzy dense-rank,5.0,1.0,3.0
14485,38,1,165.75,,,,matched fuzzy dense-rank,5.0,1.0,1.0
14486,511,2,175.5,,,,matched fuzzy dense-rank,2.0,1.0,1.0
14487,26,7,1453.61,,,,matched fuzzy dense-rank,5.0,1.0,4.0
14488,67,1,1064.28,,,,matched fuzzy dense-rank,5.0,1.0,3.0
14489,206,4,1574.93,,,,matched fuzzy dense-rank,4.0,1.0,4.0
14490,405,2,1273.47,,,,matched fuzzy dense-rank,3.0,1.0,4.0
14491,174,2,468.13,,,,matched fuzzy dense-rank,4.0,1.0,2.0
14492,429,7,1921.91,,,,matched fuzzy dense-rank,3.0,1.0,4.0
14493,6,10,5130.15,,,,matched fuzzy dense-rank,5.0,1.0,5.0
14494,25,3,401.46,,,,matched fuzzy dense-rank,5.0,1.0,2.0
14495,50,3,174.8,,,,matched fuzzy dense-rank,5.0,1.0,1.0
14496,311,7,2668.23,,,,matched fuzzy dense-rank,3.0,1.0,4.0
14497,308,2,697.0600000000001,,,,matched fuzzy dense-rank,3.0,1.0,3.0
14498,42,10,3911.27,,,,matched fuzzy dense-rank,5.0,1.0,5.0
14499,25,7,2138.9700000000003,,,,matched fuzzy dense-rank,5.0,1.0,4.0
14500,87,3,356.85,,,,matched fuzzy dense-rank,5.0,1.0,2.0
14501,183,2,251.21,,,,matched fuzzy dense-rank,4.0,1.0,1.0
14502,19,11,2470.67,,,,matched fuzzy dense-rank,5.0,1.0,4.0
14503,2,6,3543.26,,,,matched fuzzy dense-rank,5.0,1.0,5.0
14504,46,4,673.26,,,,matched fuzzy dense-rank,5.0,1.0,3.0
14505,16,19,12001.84,,,,matched fuzzy dense-rank,5.0,2.0,5.0
14506,16,7,3290.67,,,,matched fuzzy dense-rank,5.0,1.0,5.0
14507,23,11,3284.43,,,,matched fuzzy dense-rank,5.0,1.0,5.0
14508,21,5,874.94,,,,matched fuzzy dense-rank,5.0,1.0,3.0
14509,533,1,110.95,,,,matched fuzzy dense-rank,2.0,1.0,1.0
14510,375,3,1007.28,,,,matched fuzzy dense-rank,3.0,1.0,3.0
14511,10,5,1314.81,,,,matched fuzzy dense-rank,5.0,1.0,4.0
14512,187,7,1223.47,,,,matched fuzzy dense-rank,4.0,1.0,3.0
14513,100,6,788.01,,,,matched fuzzy dense-rank,5.0,1.0,3.0
14514,60,9,4598.9800000000005,,,,matched fuzzy dense-rank,5.0,1.0,5.0
14515,17,12,3749.2599999999998,,,,matched fuzzy dense-rank,5.0,1.0,5.0
14516,515,1,163.92,,,,matched fuzzy dense-rank,2.0,1.0,1.0
14517,32,2,330.45,,,,matched fuzzy dense-rank,5.0,1.0,2.0
14518,63,1,174.37,,,,matched fuzzy dense-rank,5.0,1.0,1.0
14519,683,2,206.09,,,,matched fuzzy dense-rank,1.0,1.0,1.0
14520,1,2,270.6,,,,matched fuzzy dense-rank,5.0,1.0,1.0
14521,490,1,199.45000000000002,,,,matched fuzzy dense-rank,2.0,1.0,1.0
14522,23,8,1758.6200000000001,,,,matched fuzzy dense-rank,5.0,1.0,4.0
14523,107,1,241.09,,,,matched fuzzy dense-rank,5.0,1.0,1.0
14524,31,13,2933.71,,,,matched fuzzy dense-rank,5.0,1.0,4.0
14525,19,17,8240.64,,,,matched fuzzy dense-rank,5.0,1.0,5.0
14526,388,1,262.4,,,,matched fuzzy dense-rank,3.0,1.0,1.0
14527,2,122,27792.3,,,,matched fuzzy dense-rank,5.0,5.0,5.0
14528,36,1,364.21999999999997,,,,matched fuzzy dense-rank,5.0,1.0,2.0
14529,59,3,620.04,,,,matched fuzzy dense-rank,5.0,1.0,2.0
14530,25,16,6197.4,,,,matched fuzzy dense-rank,5.0,1.0,5.0
14531,479,1,376.34,,,,matched fuzzy dense-rank,2.0,1.0,2.0
14532,235,11,3859.1800000000003,,,,matched fuzzy dense-rank,4.0,1.0,5.0
14533,24,11,3466.37,,,,matched fuzzy dense-rank,5.0,1.0,5.0
14534,2,26,6271.11,,,,matched fuzzy dense-rank,5.0,2.0,5.0
14535,59,9,6030.7300000000005,,,,matched fuzzy dense-rank,5.0,1.0,5.0
14536,259,1,171.8,,,,matched fuzzy dense-rank,4.0,1.0,1.0
14537,57,2,641.4,,,,matched fuzzy dense-rank,5.0,1.0,3.0
14538,64,5,1370.8400000000001,,,,matched fuzzy dense-rank,5.0,1.0,4.0
14539,15,2,537.48,,,,matched fuzzy dense-rank,5.0,1.0,2.0
14540,9,11,3795.34,,,,matched fuzzy dense-rank,5.0,1.0,5.0
14541,58,14,2499.68,,,,matched fuzzy dense-rank,5.0,1.0,4.0
14542,185,1,103.25,,,,matched fuzzy dense-rank,4.0,1.0,1.0
14543,28,39,14906.77,,,,matched fuzzy dense-rank,5.0,3.0,5.0
14544,23,3,2982.43,,,,matched fuzzy dense-rank,5.0,1.0,4.0
14545,673,1,349.25,,,,matched fuzzy dense-rank,1.0,1.0,2.0
14546,4,11,5197.9,,,,matched fuzzy dense-rank,5.0,1.0,5.0
14547,3,8,4007.54,,,,matched fuzzy dense-rank,5.0,1.0,5.0
14548,150,9,2627.49,,,,matched fuzzy dense-rank,4.0,1.0,4.0
14549,310,4,916.5500000000001,,,,matched fuzzy dense-rank,3.0,1.0,3.0
14550,10,4,1353.31,,,,matched fuzzy dense-rank,5.0,1.0,4.0
14551,17,7,880.04,,,,matched fuzzy dense-rank,5.0,1.0,3.0
14552,151,3,511.28000000000003,,,,matched fuzzy dense-rank,4.0,1.0,2.0
14553,18,9,1841.54,,,,matched fuzzy dense-rank,5.0,1.0,4.0
14554,9,4,2381.04,,,,matched fuzzy dense-rank,5.0,1.0,4.0
14555,56,6,2315.63,,,,matched fuzzy dense-rank,5.0,1.0,4.0
14556,595,3,835.34,,,,matched fuzzy dense-rank,1.0,1.0,3.0
14557,84,1,788.38,,,,matched fuzzy dense-rank,5.0,1.0,3.0
14558,653,3,655.5,,,,matched fuzzy dense-rank,1.0,1.0,3.0
14559,389,1,75.6,,,,matched fuzzy dense-rank,3.0,1.0,1.0
14560,6,44,6114.03,,,,matched fuzzy dense-rank,5.0,3.0,5.0
14561,75,3,1080.76,,,,matched fuzzy dense-rank,5.0,1.0,3.0
14562,3,26,6729.400000000001,,,,matched fuzzy dense-rank,5.0,2.0,5.0
14563,509,2,679.44,,,,matched fuzzy dense-rank,2.0,1.0,3.0
14564,434,2,2605.62,,,,matched fuzzy dense-rank,2.0,1.0,4.0
14565,95,5,3859.2200000000003,,,,matched fuzzy dense-rank,5.0,1.0,5.0
14566,110,4,4092.0,,,,matched fuzzy dense-rank,5.0,1.0,5.0
14567,56,2,1530.3600000000001,,,,matched fuzzy dense-rank,5.0,1.0,4.0
14568,434,1,919.7,,,,matched fuzzy dense-rank,2.0,1.0,3.0
14569,0,4,598.98,,,,matched fuzzy dense-rank,5.0,1.0,2.0
14570,280,3,613.75,,,,matched fuzzy dense-rank,3.0,1.0,2.0
14571,424,1,161.65,,,,matched fuzzy dense-rank,3.0,1.0,1.0
14572,2,11,5615.18,,,,matched fuzzy dense-rank,5.0,1.0,5.0
14573,179,13,2621.42,,,,matched fuzzy dense-rank,4.0,1.0,4.0
14574,732,1,143.70000000000002,,,,matched fuzzy dense-rank,1.0,1.0,1.0
14575,487,1,460.71,,,,matched fuzzy dense-rank,2.0,1.0,2.0
14576,371,1,70.80000000000001,,,,matched fuzzy dense-rank,3.0,1.0,1.0
14577,12,7,1374.25,,,,matched fuzzy dense-rank,5.0,1.0,4.0
14578,2,1,168.63,,,,matched fuzzy dense-rank,5.0,1.0,1.0
14579,431,1,105.56,,,,matched fuzzy dense-rank,2.0,1.0,1.0
14580,517,1,14.850000000000001,,,,matched fuzzy dense-rank,2.0,1.0,1.0
14581,16,2,433.8,,,,matched fuzzy dense-rank,5.0,1.0,2.0
14582,40,1,114.11,,,,matched fuzzy dense-rank,5.0,1.0,1.0
14583,5,8,1781.03,,,,matched fuzzy dense-rank,5.0,1.0,4.0
14584,168,8,1747.91,,,,matched fuzzy dense-rank,4.0,1.0,4.0
14585,49,5,1143.27,,,,matched fuzzy dense-rank,5.0,1.0,3.0
14586,276,1,237.36,,,,matched fuzzy dense-rank,4.0,1.0,1.0
14587,18,9,1601.14,,,,matched fuzzy dense-rank,5.0,1.0,4.0
14588,577,1,135.39,,,,matched fuzzy dense-rank,1.0,1.0,1.0
14589,371,1,79.5,,,,matched fuzzy dense-rank,3.0,1.0,1.0
14590,424,20,3006.62,,,,matched fuzzy dense-rank,3.0,2.0,5.0
14591,14,4,1447.14,,,,matched fuzzy dense-rank,5.0,1.0,4.0
14592,34,3,570.46,,,,matched fuzzy dense-rank,5.0,1.0,2.0
14593,21,12,3712.0099999999998,,,,matched fuzzy dense-rank,5.0,1.0,5.0
14594,6,2,634.83,,,,matched fuzzy dense-rank,5.0,1.0,3.0
14595,19,8,2164.45,,,,matched fuzzy dense-rank,5.0,1.0,4.0
14596,626,1,229.47,,,,matched fuzzy dense-rank,1.0,1.0,1.0
14597,10,6,2201.54,,,,matched fuzzy dense-rank,5.0,1.0,4.0
14598,43,2,384.04,,,,matched fuzzy dense-rank,5.0,1.0,2.0
14599,389,2,474.54,,,,matched fuzzy dense-rank,3.0,1.0,2.0
14600,305,2,865.1700000000001,,,,matched fuzzy dense-rank,3.0,1.0,3.0
14601,10,1,213.96,,,,matched fuzzy dense-rank,5.0,1.0,1.0
14602,655,1,205.35999999999999,,,,matched fuzzy dense-rank,1.0,1.0,1.0
14603,274,1,660.0,,,,matched fuzzy dense-rank,4.0,1.0,3.0
14604,632,1,143.85999999999999,,,,matched fuzzy dense-rank,1.0,1.0,1.0
14605,373,4,937.16,,,,matched fuzzy dense-rank,3.0,1.0,3.0
14606,0,192,30861.06,,,,matched fuzzy dense-rank,5.0,5.0,5.0
14607,15,22,24137.63,,,,matched fuzzy dense-rank,5.0,2.0,5.0
14608,3,11,3352.94,,,,matched fuzzy dense-rank,5.0,1.0,5.0
14609,71,10,1486.2,,,,matched fuzzy dense-rank,5.0,1.0,4.0
14610,395,2,24.35,,,,matched fuzzy dense-rank,3.0,1.0,1.0
14611,443,2,604.3299999999999,,,,matched fuzzy dense-rank,2.0,1.0,2.0
14612,414,1,877.7,,,,matched fuzzy dense-rank,3.0,1.0,3.0
14613,679,1,76.32000000000001,,,,matched fuzzy dense-rank,1.0,1.0,1.0
14614,385,1,295.13,,,,matched fuzzy dense-rank,3.0,1.0,1.0
14615,393,5,951.76,,,,matched fuzzy dense-rank,3.0,1.0,3.0
14616,242,5,527.78,,,,matched fuzzy dense-rank,4.0,1.0,2.0
14617,402,2,190.47000000000003,,,,matched fuzzy dense-rank,3.0,1.0,1.0
14618,8,7,1342.32,,,,matched fuzzy dense-rank,5.0,1.0,4.0
14619,245,2,1291.24,,,,matched fuzzy dense-rank,4.0,1.0,4.0
14620,205,2,412.78000000000003,,,,matched fuzzy dense-rank,4.0,1.0,2.0
14621,0,9,3000.57,,,,matched fuzzy dense-rank,5.0,1.0,5.0
14622,184,1,320.58000000000004,,,,matched fuzzy dense-rank,4.0,1.0,2.0
14623,31,10,2059.58,,,,matched fuzzy dense-rank,5.0,1.0,4.0
14624,56,6,814.07,,,,matched fuzzy dense-rank,5.0,1.0,3.0
14625,195,11,4497.88,,,,matched fuzzy dense-rank,4.0,1.0,5.0
14626,23,11,5410.92,,,,matched fuzzy dense-rank,5.0,1.0,5.0
14627,378,1,462.75,,,,matched fuzzy dense-rank,3.0,1.0,2.0
14628,90,5,1998.0,,,,matched fuzzy dense-rank,5.0,1.0,4.0
14629,3,2,959.01,,,,matched fuzzy dense-rank,5.0,1.0,3.0
14630,483,1,338.65,,,,matched fuzzy dense-rank,2.0,1.0,2.0
14631,50,6,2025.69,,,,matched fuzzy dense-rank,5.0,1.0,4.0
14632,262,1,114.56,,,,matched fuzzy dense-rank,4.0,1.0,1.0
14633,265,1,344.90000000000003,,,,matched fuzzy dense-rank,4.0,1.0,2.0
14634,437,4,2124.46,,,,matched fuzzy dense-rank,2.0,1.0,4.0
14635,453,1,215.22,,,,matched fuzzy dense-rank,2.0,1.0,1.0
14636,35,2,609.85,,,,matched fuzzy dense-rank,5.0,1.0,2.0
14637,676,1,106.67999999999999,,,,matched fuzzy dense-rank,1.0,1.0,1.0
14638,50,1,443.6,,,,matched fuzzy dense-rank,5.0,1.0,2.0
14639,51,9,4978.96,,,,matched fuzzy dense-rank,5.0,1.0,5.0
14640,23,10,3667.06,,,,matched fuzzy dense-rank,5.0,1.0,5.0
14641,21,1,110.46,,,,matched fuzzy dense-rank,5.0,1.0,1.0
14642,58,1,96.12,,,,matched fuzzy dense-rank,5.0,1.0,1.0
14643,169,5,1679.89,,,,matched fuzzy dense-rank,4.0,1.0,4.0
14644,67,7,2247.72,,,,matched fuzzy dense-rank,5.0,1.0,4.0
14645,156,3,876.89,,,,matched fuzzy dense-rank,4.0,1.0,3.0
14646,1,151,528602.52,,,,matched fuzzy dense-rank,5.0,5.0,5.0
14647,200,2,519.97,,,,matched fuzzy dense-rank,4.0,1.0,2.0
14648,415,15,4546.86,,,,matched fuzzy dense-rank,3.0,1.0,5.0
14649,4,9,3775.31,,,,matched fuzzy dense-rank,5.0,1.0,5.0
14650,588,1,62.5,,,,matched fuzzy dense-rank,1.0,1.0,1.0
14651,66,9,2034.1200000000001,,,,matched fuzzy dense-rank,5.0,1.0,4.0
14652,76,1,114.18,,,,matched fuzzy dense-rank,5.0,1.0,1.0
14653,0,12,3614.54,,,,matched fuzzy dense-rank,5.0,1.0,5.0
14654,737,1,246.86,,,,matched fuzzy dense-rank,1.0,1.0,1.0
14655,7,7,3878.51,,,,matched fuzzy dense-rank,5.0,1.0,5.0
14656,168,5,814.65,,,,matched fuzzy dense-rank,4.0,1.0,3.0
14657,17,6,1460.8700000000001,,,,matched fuzzy dense-rank,5.0,1.0,4.0
14658,4,2,247.15,,,,matched fuzzy dense-rank,5.0,1.0,1.0
14659,8,9,2529.93,,,,matched fuzzy dense-rank,5.0,1.0,4.0
14660,86,2,285.74,,,,matched fuzzy dense-rank,5.0,1.0,1.0
14661,26,1,107.95,,,,matched fuzzy dense-rank,5.0,1.0,1.0
14662,28,7,1416.33,,,,matched fuzzy dense-rank,5.0,1.0,4.0
14663,429,2,490.6,,,,matched fuzzy dense-rank,3.0,1.0,2.0
14664,19,2,637.89,,,,matched fuzzy dense-rank,5.0,1.0,3.0
14665,60,7,2749.65,,,,matched fuzzy dense-rank,5.0,1.0,4.0
14666,23,1,195.25,,,,matched fuzzy dense-rank,5.0,1.0,1.0
14667,10,54,21927.14,,,,matched fuzzy dense-rank,5.0,3.0,5.0
14668,444,1,111.63,,,,matched fuzzy dense-rank,2.0,1.0,1.0
14669,241,7,3243.93,,,,matched fuzzy dense-rank,4.0,1.0,5.0
14670,279,3,602.0,,,,matched fuzzy dense-rank,3.0,1.0,2.0
14671,548,2,1127.45,,,,matched fuzzy dense-rank,2.0,1.0,3.0
14672,234,4,1113.14,,,,matched fuzzy dense-rank,4.0,1.0,3.0
14673,2,7,3410.81,,,,matched fuzzy dense-rank,5.0,1.0,5.0
14674,508,1,173.66,,,,matched fuzzy dense-rank,2.0,1.0,1.0
14675,15,2,1066.9,,,,matched fuzzy dense-rank,5.0,1.0,3.0
14676,30,12,8356.79,,,,matched fuzzy dense-rank,5.0,1.0,5.0
14677,592,1,184.91,,,,matched fuzzy dense-rank,1.0,1.0,1.0
14678,578,1,403.39,,,,matched fuzzy dense-rank,1.0,1.0,2.0
14679,381,3,1289.44,,,,matched fuzzy dense-rank,3.0,1.0,4.0
14680,24,58,57412.77,,,,matched fuzzy dense-rank,5.0,4.0,5.0
14681,70,6,875.1500000000001,,,,matched fuzzy dense-rank,5.0,1.0,3.0
14682,187,6,1514.81,,,,matched fuzzy dense-rank,4.0,1.0,4.0
14683,587,1,146.56,,,,matched fuzzy dense-rank,1.0,1.0,1.0
14684,25,6,1468.55,,,,matched fuzzy dense-rank,5.0,1.0,4.0
14685,575,8,4619.79,,,,matched fuzzy dense-rank,1.0,1.0,5.0
14686,413,5,885.83,,,,matched fuzzy dense-rank,3.0,1.0,3.0
14687,106,3,1402.06,,,,matched fuzzy dense-rank,5.0,1.0,4.0
14688,7,28,7713.57,,,,matched fuzzy dense-rank,5.0,2.0,5.0
14689,208,1,112.8,,,,matched fuzzy dense-rank,4.0,1.0,1.0
14690,43,4,794.33,,,,matched fuzzy dense-rank,5.0,1.0,3.0
14691,30,5,2114.33,,,,matched fuzzy dense-rank,5.0,1.0,4.0
14692,136,12,1745.09,,,,matched fuzzy dense-rank,4.0,1.0,4.0
14693,264,7,1165.36,,,,matched fuzzy dense-rank,4.0,1.0,3.0
14694,616,1,244.31,,,,matched fuzzy dense-rank,1.0,1.0,1.0
14695,518,3,1620.07,,,,matched fuzzy dense-rank,2.0,1.0,4.0
14696,3,8,2767.9,,,,matched fuzzy dense-rank,5.0,1.0,4.0
14697,217,2,188.60999999999999,,,,matched fuzzy dense-rank,4.0,1.0,1.0
14698,1,5,1250.76,,,,matched fuzzy dense-rank,5.0,1.0,3.0
14699,213,4,702.6,,,,matched fuzzy dense-rank,4.0,1.0,3.0
14700,31,5,3116.26,,,,matched fuzzy dense-rank,5.0,1.0,5.0
14701,10,15,4562.09,,,,matched fuzzy dense-rank,5.0,1.0,5.0
14702,0,29,6754.22,,,,matched fuzzy dense-rank,5.0,2.0,5.0
14703,14,1,318.17,,,,matched fuzzy dense-rank,5.0,1.0,2.0
14704,10,11,1813.57,,,,matched fuzzy dense-rank,5.0,1.0,4.0
14705,198,1,179.0,,,,matched fuzzy dense-rank,4.0,1.0,1.0
14706,618,1,390.69,,,,matched fuzzy dense-rank,1.0,1.0,2.0
14707,435,2,139.2,,,,matched fuzzy dense-rank,2.0,1.0,1.0
14708,2,5,2212.2799999999997,,,,matched fuzzy dense-rank,5.0,1.0,4.0
14709,14,25,8886.33,,,,matched fuzzy dense-rank,5.0,2.0,5.0
14710,13,13,1922.59,,,,matched fuzzy dense-rank,5.0,1.0,4.0
14711,9,11,2868.8,,,,matched fuzzy dense-rank,5.0,1.0,4.0
14712,28,4,1328.0700000000002,,,,matched fuzzy dense-rank,5.0,1.0,4.0
14713,8,21,5418.87,,,,matched fuzzy dense-rank,5.0,2.0,5.0
14714,23,4,906.24,,,,matched fuzzy dense-rank,5.0,1.0,3.0
14715,24,8,1840.45,,,,matched fuzzy dense-rank,5.0,1.0,4.0
14716,42,3,565.45,,,,matched fuzzy dense-rank,5.0,1.0,2.0
14717,732,1,81.3,,,,matched fuzzy dense-rank,1.0,1.0,1.0
14718,409,1,226.42,,,,matched fuzzy dense-rank,3.0,1.0,1.0
14719,1,5,1602.13,,,,matched fuzzy dense-rank,5.0,1.0,4.0
14720,5,3,663.81,,,,matched fuzzy dense-rank,5.0,1.0,3.0
14721,378,1,115.77,,,,matched fuzzy dense-rank,3.0,1.0,1.0
14722,146,3,513.37,,,,matched fuzzy dense-rank,4.0,1.0,2.0
14723,9,11,2093.06,,,,matched fuzzy dense-rank,5.0,1.0,4.0
14724,589,1,345.25,,,,matched fuzzy dense-rank,1.0,1.0,2.0
14725,24,4,1315.24,,,,matched fuzzy dense-rank,5.0,1.0,4.0
14726,654,1,124.75,,,,matched fuzzy dense-rank,1.0,1.0,1.0
14727,273,3,467.92999999999995,,,,matched fuzzy dense-rank,4.0,1.0,2.0
14728,412,1,190.58,,,,matched fuzzy dense-rank,3.0,1.0,1.0
14729,373,3,907.38,,,,matched fuzzy dense-rank,3.0,1.0,3.0
14730,0,8,2005.06,,,,matched fuzzy dense-rank,5.0,1.0,4.0
14731,46,3,380.02,,,,matched fuzzy dense-rank,5.0,1.0,2.0
14732,7,19,5517.07,,,,matched fuzzy dense-rank,5.0,2.0,5.0
14733,15,15,16184.97,,,,matched fuzzy dense-rank,5.0,1.0,5.0
14734,425,4,1056.42,,,,matched fuzzy dense-rank,3.0,1.0,3.0
14735,3,56,12240.16,,,,matched fuzzy dense-rank,5.0,3.0,5.0
14736,484,2,401.08,,,,matched fuzzy dense-rank,2.0,1.0,2.0
14737,3,4,3554.17,,,,matched fuzzy dense-rank,5.0,1.0,5.0
14738,42,9,1821.9,,,,matched fuzzy dense-rank,5.0,1.0,4.0
14739,3,25,12287.5,,,,matched fuzzy dense-rank,5.0,2.0,5.0
14740,196,11,4161.06,,,,matched fuzzy dense-rank,4.0,1.0,5.0
14741,11,7,1897.59,,,,matched fuzzy dense-rank,5.0,1.0,4.0
14742,434,1,579.85,,,,matched fuzzy dense-rank,2.0,1.0,2.0
14743,592,1,50.48,,,,matched fuzzy dense-rank,1.0,1.0,1.0
14744,15,14,3885.08,,,,matched fuzzy dense-rank,5.0,1.0,5.0
14745,112,12,2571.81,,,,matched fuzzy dense-rank,5.0,1.0,4.0
14746,405,4,593.5,,,,matched fuzzy dense-rank,3.0,1.0,2.0
14747,248,1,328.2,,,,matched fuzzy dense-rank,4.0,1.0,2.0
14748,28,10,3152.32,,,,matched fuzzy dense-rank,5.0,1.0,5.0
14749,479,1,310.15,,,,matched fuzzy dense-rank,2.0,1.0,2.0
14750,735,1,112.03,,,,matched fuzzy dense-rank,1.0,1.0,1.0
14751,683,2,126.45,,,,matched fuzzy dense-rank,1.0,1.0,1.0
14752,43,1,389.64,,,,matched fuzzy dense-rank,5.0,1.0,2.0
14753,86,2,869.51,,,,matched fuzzy dense-rank,5.0,1.0,3.0
14754,44,6,1550.48,,,,matched fuzzy dense-rank,5.0,1.0,4.0
14755,9,25,9972.550000000001,,,,matched fuzzy dense-rank,5.0,2.0,5.0
14756,14,3,2653.76,,,,matched fuzzy dense-rank,5.0,1.0,4.0
14757,74,1,420.5,,,,matched fuzzy dense-rank,5.0,1.0,2.0
14758,144,7,2864.97,,,,matched fuzzy dense-rank,4.0,1.0,4.0
14759,4,3,1625.97,,,,matched fuzzy dense-rank,5.0,1.0,4.0
14760,296,1,89.2,,,,matched fuzzy dense-rank,3.0,1.0,1.0
14761,58,3,447.92,,,,matched fuzzy dense-rank,5.0,1.0,2.0
14762,263,2,417.57,,,,matched fuzzy dense-rank,4.0,1.0,2.0
14764,46,1,278.3,,,,matched fuzzy dense-rank,5.0,1.0,1.0
14765,28,3,254.11,,,,matched fuzzy dense-rank,5.0,1.0,1.0
14766,7,11,6556.13,,,,matched fuzzy dense-rank,5.0,1.0,5.0
14767,473,1,382.81,,,,matched fuzzy dense-rank,2.0,1.0,2.0
14768,16,2,192.60000000000002,,,,matched fuzzy dense-rank,5.0,1.0,1.0
14769,2,17,15771.88,,,,matched fuzzy dense-rank,5.0,1.0,5.0
14770,231,8,3637.64,,,,matched fuzzy dense-rank,4.0,1.0,5.0
14771,620,2,594.62,,,,matched fuzzy dense-rank,1.0,1.0,2.0
14772,111,1,139.26,,,,matched fuzzy dense-rank,5.0,1.0,1.0
14773,592,1,140.55,,,,matched fuzzy dense-rank,1.0,1.0,1.0
14774,528,1,241.45,,,,matched fuzzy dense-rank,2.0,1.0,1.0
14775,57,3,1418.46,,,,matched fuzzy dense-rank,5.0,1.0,4.0
14776,50,15,3708.3,,,,matched fuzzy dense-rank,5.0,1.0,5.0
14777,403,1,307.56,,,,matched fuzzy dense-rank,3.0,1.0,2.0
14778,126,2,730.86,,,,matched fuzzy dense-rank,5.0,1.0,3.0
14779,280,3,386.15,,,,matched fuzzy dense-rank,3.0,1.0,2.0
14780,54,2,447.68,,,,matched fuzzy dense-rank,5.0,1.0,2.0
14782,319,1,200.10000000000002,,,,matched fuzzy dense-rank,3.0,1.0,1.0
14783,658,1,307.3,,,,matched fuzzy dense-rank,1.0,1.0,2.0
14784,25,3,449.93,,,,matched fuzzy dense-rank,5.0,1.0,2.0
14785,9,2,77.4,,,,matched fuzzy dense-rank,5.0,1.0,1.0
14786,549,1,90.96,,,,matched fuzzy dense-rank,2.0,1.0,1.0
14787,470,1,110.65,,,,matched fuzzy dense-rank,2.0,1.0,1.0
14788,6,3,1156.32,,,,matched fuzzy dense-rank,5.0,1.0,3.0
14789,28,1,197.64,,,,matched fuzzy dense-rank,5.0,1.0,1.0
14790,16,10,2526.62,,,,matched fuzzy dense-rank,5.0,1.0,4.0
14791,606,1,303.63,,,,matched fuzzy dense-rank,1.0,1.0,2.0
14792,63,1,6.2,,,,matched fuzzy dense-rank,5.0,1.0,1.0
14793,20,2,625.9,,,,matched fuzzy dense-rank,5.0,1.0,2.0
14794,2,10,1953.9,,,,matched fuzzy dense-rank,5.0,1.0,4.0
14795,165,1,131.45000000000002,,,,matched fuzzy dense-rank,4.0,1.0,1.0
14796,0,27,10889.64,,,,matched fuzzy dense-rank,5.0,2.0,5.0
14797,506,1,300.31,,,,matched fuzzy dense-rank,2.0,1.0,1.0
14798,52,8,724.31,,,,matched fuzzy dense-rank,5.0,1.0,3.0
14799,50,2,338.15,,,,matched fuzzy dense-rank,5.0,1.0,2.0
14800,47,17,7774.32,,,,matched fuzzy dense-rank,5.0,1.0,5.0
14801,60,1,193.14,,,,matched fuzzy dense-rank,5.0,1.0,1.0
14802,437,2,1502.98,,,,matched fuzzy dense-rank,2.0,1.0,4.0
14803,161,3,845.55,,,,matched fuzzy dense-rank,4.0,1.0,3.0
14804,8,1,353.27,,,,matched fuzzy dense-rank,5.0,1.0,2.0
14805,14,7,1104.64,,,,matched fuzzy dense-rank,5.0,1.0,3.0
14806,74,2,303.43,,,,matched fuzzy dense-rank,5.0,1.0,2.0
14807,390,2,519.29,,,,matched fuzzy dense-rank,3.0,1.0,2.0
14808,39,8,2741.17,,,,matched fuzzy dense-rank,5.0,1.0,4.0
14809,620,2,686.76,,,,matched fuzzy dense-rank,1.0,1.0,3.0
14810,40,13,2537.02,,,,matched fuzzy dense-rank,5.0,1.0,4.0
14811,386,1,170.5,,,,matched fuzzy dense-rank,3.0,1.0,1.0
14812,598,1,185.8,,,,matched fuzzy dense-rank,1.0,1.0,1.0
14813,369,4,1090.87,,,,matched fuzzy dense-rank,3.0,1.0,3.0
14814,580,1,160.46,,,,matched fuzzy dense-rank,1.0,1.0,1.0
14815,36,2,778.5,,,,matched fuzzy dense-rank,5.0,1.0,3.0
14816,196,1,271.85,,,,matched fuzzy dense-rank,4.0,1.0,1.0
14817,199,7,3959.86,,,,matched fuzzy dense-rank,4.0,1.0,5.0
14818,73,6,1170.41,,,,matched fuzzy dense-rank,5.0,1.0,3.0
14819,63,4,470.16,,,,matched fuzzy dense-rank,5.0,1.0,2.0
14820,20,9,1274.76,,,,matched fuzzy dense-rank,5.0,1.0,4.0
14821,366,7,1286.45,,,,matched fuzzy dense-rank,3.0,1.0,4.0
14822,484,1,157.70000000000002,,,,matched fuzzy dense-rank,2.0,1.0,1.0
14823,179,3,321.43,,,,matched fuzzy dense-rank,4.0,1.0,2.0
14824,9,10,4022.9100000000003,,,,matched fuzzy dense-rank,5.0,1.0,5.0
14825,3,24,4925.08,,,,matched fuzzy dense-rank,5.0,2.0,5.0
14826,581,2,385.2,,,,matched fuzzy dense-rank,1.0,1.0,2.0
14828,196,13,9839.460000000001,,,,matched fuzzy dense-rank,4.0,1.0,5.0
14829,28,7,1692.84,,,,matched fuzzy dense-rank,5.0,1.0,4.0
14830,52,1,197.13,,,,matched fuzzy dense-rank,5.0,1.0,1.0
14831,679,3,1676.57,,,,matched fuzzy dense-rank,1.0,1.0,4.0
14832,629,1,322.69,,,,matched fuzzy dense-rank,1.0,1.0,2.0
14833,498,1,94.8,,,,matched fuzzy dense-rank,2.0,1.0,1.0
14834,17,7,2206.16,,,,matched fuzzy dense-rank,5.0,1.0,4.0
14835,528,2,297.0,,,,matched fuzzy dense-rank,2.0,1.0,1.0
14836,9,3,102.44999999999999,,,,matched fuzzy dense-rank,5.0,1.0,1.0
14837,89,9,3460.32,,,,matched fuzzy dense-rank,5.0,1.0,5.0
14838,422,2,773.6700000000001,,,,matched fuzzy dense-rank,3.0,1.0,3.0
14839,417,3,915.28,,,,matched fuzzy dense-rank,3.0,1.0,3.0
14840,267,2,362.71,,,,matched fuzzy dense-rank,4.0,1.0,2.0
14841,52,14,7163.0,,,,matched fuzzy dense-rank,5.0,1.0,5.0
14842,43,4,2824.69,,,,matched fuzzy dense-rank,5.0,1.0,4.0
14843,436,1,211.79999999999998,,,,matched fuzzy dense-rank,2.0,1.0,1.0
14844,63,10,6702.43,,,,matched fuzzy dense-rank,5.0,1.0,5.0
14845,599,1,150.0,,,,matched fuzzy dense-rank,1.0,1.0,1.0
14846,426,1,437.4,,,,matched fuzzy dense-rank,3.0,1.0,2.0
14847,148,3,1348.95,,,,matched fuzzy dense-rank,4.0,1.0,4.0
14848,404,1,310.56,,,,matched fuzzy dense-rank,3.0,1.0,2.0
14849,21,43,15763.45,,,,matched fuzzy dense-rank,5.0,3.0,5.0
14850,311,7,1794.01,,,,matched fuzzy dense-rank,3.0,1.0,4.0
14851,22,3,829.4100000000001,,,,matched fuzzy dense-rank,5.0,1.0,3.0
14852,57,18,6147.18,,,,matched fuzzy dense-rank,5.0,1.0,5.0
14853,23,5,1376.87,,,,matched fuzzy dense-rank,5.0,1.0,4.0
14854,77,11,4322.86,,,,matched fuzzy dense-rank,5.0,1.0,5.0
14855,118,7,6520.3,,,,matched fuzzy dense-rank,5.0,1.0,5.0
14856,35,3,1311.3799999999999,,,,matched fuzzy dense-rank,5.0,1.0,4.0
14857,59,7,3651.851,,,,matched fuzzy dense-rank,5.0,1.0,5.0
14858,505,1,180.75,,,,matched fuzzy dense-rank,2.0,1.0,1.0
14859,12,5,1705.64,,,,matched fuzzy dense-rank,5.0,1.0,4.0
14860,18,1,170.32,,,,matched fuzzy dense-rank,5.0,1.0,1.0
14861,51,10,1380.73,,,,matched fuzzy dense-rank,5.0,1.0,4.0
14862,25,2,841.1999999999999,,,,matched fuzzy dense-rank,5.0,1.0,3.0
14863,28,1,266.76,,,,matched fuzzy dense-rank,5.0,1.0,1.0
14865,6,4,129.72,,,,matched fuzzy dense-rank,5.0,1.0,1.0
14866,10,19,20850.22,,,,matched fuzzy dense-rank,5.0,2.0,5.0
14867,185,16,2952.06,,,,matched fuzzy dense-rank,4.0,1.0,4.0
14868,2,12,4184.01,,,,matched fuzzy dense-rank,5.0,1.0,5.0
14869,8,6,2804.24,,,,matched fuzzy dense-rank,5.0,1.0,4.0
14870,261,6,1838.95,,,,matched fuzzy dense-rank,4.0,1.0,4.0
14871,2,9,1258.97,,,,matched fuzzy dense-rank,5.0,1.0,3.0
14872,483,3,816.6,,,,matched fuzzy dense-rank,2.0,1.0,3.0
14873,209,2,854.13,,,,matched fuzzy dense-rank,4.0,1.0,3.0
14874,534,1,116.18,,,,matched fuzzy dense-rank,2.0,1.0,1.0
14875,107,3,2862.4,,,,matched fuzzy dense-rank,5.0,1.0,4.0
14876,520,2,256.7,,,,matched fuzzy dense-rank,2.0,1.0,1.0
14877,417,2,437.0,,,,matched fuzzy dense-rank,3.0,1.0,2.0
14878,12,25,4105.24,,,,matched fuzzy dense-rank,5.0,2.0,5.0
14879,684,1,185.06,,,,matched fuzzy dense-rank,1.0,1.0,1.0
14880,76,3,706.19,,,,matched fuzzy dense-rank,5.0,1.0,3.0
14881,19,1,255.4,,,,matched fuzzy dense-rank,5.0,1.0,1.0
14882,26,14,3628.15,,,,matched fuzzy dense-rank,5.0,1.0,5.0
14883,18,6,761.59,,,,matched fuzzy dense-rank,5.0,1.0,3.0
14884,668,1,120.6,,,,matched fuzzy dense-rank,1.0,1.0,1.0
14885,131,3,1598.12,,,,matched fuzzy dense-rank,5.0,1.0,4.0
14886,252,1,364.8,,,,matched fuzzy dense-rank,4.0,1.0,2.0
14887,78,1,1862.0,,,,matched fuzzy dense-rank,5.0,1.0,4.0
14888,206,1,369.2,,,,matched fuzzy dense-rank,4.0,1.0,2.0
14889,335,1,135.9,,,,matched fuzzy dense-rank,3.0,1.0,1.0
14890,253,3,817.25,,,,matched fuzzy dense-rank,4.0,1.0,3.0
14891,147,4,1106.73,,,,matched fuzzy dense-rank,4.0,1.0,3.0
14892,690,1,202.35000000000002,,,,matched fuzzy dense-rank,1.0,1.0,1.0
14893,9,3,1809.6100000000001,,,,matched fuzzy dense-rank,5.0,1.0,4.0
14894,84,3,1492.81,,,,matched fuzzy dense-rank,5.0,1.0,4.0
14895,7,38,25119.54,,,,matched fuzzy dense-rank,5.0,3.0,5.0
14896,204,8,2092.42,,,,matched fuzzy dense-rank,4.0,1.0,4.0
14897,7,8,3140.54,,,,matched fuzzy dense-rank,5.0,1.0,5.0
14898,22,14,3507.81,,,,matched fuzzy dense-rank,5.0,1.0,5.0
14899,394,1,1384.88,,,,matched fuzzy dense-rank,3.0,1.0,4.0
14900,521,1,13.919999999999998,,,,matched fuzzy dense-rank,2.0,1.0,1.0
14901,10,12,2289.65,,,,matched fuzzy dense-rank,5.0,1.0,4.0
14902,25,3,1035.6200000000001,,,,matched fuzzy dense-rank,5.0,1.0,3.0
14903,20,5,2810.63,,,,matched fuzzy dense-rank,5.0,1.0,4.0
14904,1,4,1640.64,,,,matched fuzzy dense-rank,5.0,1.0,4.0
14905,157,8,1971.39,,,,matched fuzzy dense-rank,4.0,1.0,4.0
14906,444,1,68.44,,,,matched fuzzy dense-rank,2.0,1.0,1.0
14907,2,16,6165.79,,,,matched fuzzy dense-rank,5.0,1.0,5.0
14908,73,2,381.9,,,,matched fuzzy dense-rank,5.0,1.0,2.0
14909,436,3,1404.68,,,,matched fuzzy dense-rank,2.0,1.0,4.0
14910,2,4,434.35,,,,matched fuzzy dense-rank,5.0,1.0,2.0
14911,0,398,295972.63,,,,matched fuzzy dense-rank,5.0,5.0,5.0
14912,16,6,1889.25,,,,matched fuzzy dense-rank,5.0,1.0,4.0
14913,35,8,4073.13,,,,matched fuzzy dense-rank,5.0,1.0,5.0
14915,90,11,1811.25,,,,matched fuzzy dense-rank,5.0,1.0,4.0
14916,70,8,3042.95,,,,matched fuzzy dense-rank,5.0,1.0,5.0
14917,596,2,1123.75,,,,matched fuzzy dense-rank,1.0,1.0,3.0
14918,115,9,5955.81,,,,matched fuzzy dense-rank,5.0,1.0,5.0
14919,538,1,359.35,,,,matched fuzzy dense-rank,2.0,1.0,2.0
14920,212,3,1607.17,,,,matched fuzzy dense-rank,4.0,1.0,4.0
14921,29,2,1316.07,,,,matched fuzzy dense-rank,5.0,1.0,4.0
14922,393,2,843.74,,,,matched fuzzy dense-rank,3.0,1.0,3.0
14923,50,1,749.1,,,,matched fuzzy dense-rank,5.0,1.0,3.0
14924,245,3,931.01,,,,matched fuzzy dense-rank,4.0,1.0,3.0
14926,381,2,359.4,,,,matched fuzzy dense-rank,3.0,1.0,2.0
14927,396,1,308.2,,,,matched fuzzy dense-rank,3.0,1.0,2.0
14928,627,1,223.91000000000003,,,,matched fuzzy dense-rank,1.0,1.0,1.0
14929,31,2,836.69,,,,matched fuzzy dense-rank,5.0,1.0,3.0
14930,108,6,5246.63,,,,matched fuzzy dense-rank,5.0,1.0,5.0
14931,4,5,1257.68,,,,matched fuzzy dense-rank,5.0,1.0,3.0
14932,365,2,1029.66,,,,matched fuzzy dense-rank,3.0,1.0,3.0
14933,443,4,1770.0,,,,matched fuzzy dense-rank,2.0,1.0,4.0
14934,81,5,3503.5,,,,matched fuzzy dense-rank,5.0,1.0,5.0
14935,296,2,2849.83,,,,matched fuzzy dense-rank,3.0,1.0,4.0
14936,33,12,12410.81,,,,matched fuzzy dense-rank,5.0,1.0,5.0
14937,56,3,1621.88,,,,matched fuzzy dense-rank,5.0,1.0,4.0
14938,561,2,2322.43,,,,matched fuzzy dense-rank,2.0,1.0,4.0
14940,417,2,531.49,,,,matched fuzzy dense-rank,3.0,1.0,2.0
14941,578,1,182.1,,,,matched fuzzy dense-rank,1.0,1.0,1.0
14942,401,4,746.56,,,,matched fuzzy dense-rank,3.0,1.0,3.0
14943,662,1,107.62,,,,matched fuzzy dense-rank,1.0,1.0,1.0
14944,29,19,9784.67,,,,matched fuzzy dense-rank,5.0,2.0,5.0
14945,413,1,179.4,,,,matched fuzzy dense-rank,3.0,1.0,1.0
14946,13,1,100.9,,,,matched fuzzy dense-rank,5.0,1.0,1.0
14947,71,6,1049.79,,,,matched fuzzy dense-rank,5.0,1.0,3.0
14948,22,6,1101.97,,,,matched fuzzy dense-rank,5.0,1.0,3.0
14949,468,4,515.0,,,,matched fuzzy dense-rank,2.0,1.0,2.0
14950,18,1,371.2,,,,matched fuzzy dense-rank,5.0,1.0,2.0
14951,78,1,311.69,,,,matched fuzzy dense-rank,5.0,1.0,2.0
14952,59,32,17629.35,,,,matched fuzzy dense-rank,5.0,2.0,5.0
14953,24,4,1013.77,,,,matched fuzzy dense-rank,5.0,1.0,3.0
14954,11,2,503.44,,,,matched fuzzy dense-rank,5.0,1.0,2.0
14955,732,1,163.77,,,,matched fuzzy dense-rank,1.0,1.0,1.0
14956,420,1,1325.0,,,,matched fuzzy dense-rank,3.0,1.0,4.0
14957,252,2,333.29,,,,matched fuzzy dense-rank,4.0,1.0,2.0
14958,146,6,957.9399999999999,,,,matched fuzzy dense-rank,4.0,1.0,3.0
14959,63,4,695.42,,,,matched fuzzy dense-rank,5.0,1.0,3.0
14960,7,2,221.27,,,,matched fuzzy dense-rank,5.0,1.0,1.0
14961,10,22,16410.15,,,,matched fuzzy dense-rank,5.0,2.0,5.0
14962,270,4,366.91,,,,matched fuzzy dense-rank,4.0,1.0,2.0
14963,9,12,3164.48,,,,matched fuzzy dense-rank,5.0,1.0,5.0
14964,246,1,206.21,,,,matched fuzzy dense-rank,4.0,1.0,1.0
14965,95,2,599.0,,,,matched fuzzy dense-rank,5.0,1.0,2.0
14966,14,6,1115.8400000000001,,,,matched fuzzy dense-rank,5.0,1.0,3.0
14967,49,6,1982.6100000000001,,,,matched fuzzy dense-rank,5.0,1.0,4.0
14968,29,2,504.99,,,,matched fuzzy dense-rank,5.0,1.0,2.0
14969,703,1,906.23,,,,matched fuzzy dense-rank,1.0,1.0,3.0
14970,67,12,4919.35,,,,matched fuzzy dense-rank,5.0,1.0,5.0
14971,34,3,1116.57,,,,matched fuzzy dense-rank,5.0,1.0,3.0
14972,127,2,145.07,,,,matched fuzzy dense-rank,5.0,1.0,1.0
14973,106,3,1314.45,,,,matched fuzzy dense-rank,5.0,1.0,4.0
14974,36,1,114.39,,,,matched fuzzy dense-rank,5.0,1.0,1.0
14975,56,2,472.39,,,,matched fuzzy dense-rank,5.0,1.0,2.0
14976,56,7,790.86,,,,matched fuzzy dense-rank,5.0,1.0,3.0
14977,725,1,31.929999999999996,,,,matched fuzzy dense-rank,1.0,1.0,1.0
14978,71,10,3142.14,,,,matched fuzzy dense-rank,5.0,1.0,5.0
14979,734,1,439.46,,,,matched fuzzy dense-rank,1.0,1.0,2.0
14980,736,1,150.68,,,,matched fuzzy dense-rank,1.0,1.0,1.0
14981,245,2,372.92,,,,matched fuzzy dense-rank,4.0,1.0,2.0
14982,571,1,237.78,,,,matched fuzzy dense-rank,2.0,1.0,1.0
14983,688,1,183.20000000000002,,,,matched fuzzy dense-rank,1.0,1.0,1.0
14984,18,6,1271.41,,,,matched fuzzy dense-rank,5.0,1.0,3.0
14985,197,2,296.75,,,,matched fuzzy dense-rank,4.0,1.0,1.0
14986,375,2,566.9,,,,matched fuzzy dense-rank,3.0,1.0,2.0
14987,15,8,1713.85,,,,matched fuzzy dense-rank,5.0,1.0,4.0
14988,211,7,2066.6,,,,matched fuzzy dense-rank,4.0,1.0,4.0
14989,661,1,342.4,,,,matched fuzzy dense-rank,1.0,1.0,2.0
14990,611,2,305.42,,,,matched fuzzy dense-rank,1.0,1.0,2.0
14991,429,1,314.67,,,,matched fuzzy dense-rank,3.0,1.0,2.0
14992,441,1,210.5,,,,matched fuzzy dense-rank,2.0,1.0,1.0
14993,563,1,36.13,,,,matched fuzzy dense-rank,2.0,1.0,1.0
14994,381,5,960.63,,,,matched fuzzy dense-rank,3.0,1.0,3.0
14995,38,2,233.23000000000002,,,,matched fuzzy dense-rank,5.0,1.0,1.0
14996,480,2,442.28999999999996,,,,matched fuzzy dense-rank,2.0,1.0,2.0
14997,45,4,776.5999999999999,,,,matched fuzzy dense-rank,5.0,1.0,3.0
14998,169,4,770.73,,,,matched fuzzy dense-rank,4.0,1.0,3.0
14999,592,1,129.48000000000002,,,,matched fuzzy dense-rank,1.0,1.0,1.0
15000,47,1,490.52,,,,matched fuzzy dense-rank,5.0,1.0,2.0
15001,393,2,230.85999999999999,,,,matched fuzzy dense-rank,3.0,1.0,1.0
15002,115,9,4817.28,,,,matched fuzzy dense-rank,5.0,1.0,5.0
15003,472,6,1060.7,,,,matched fuzzy dense-rank,2.0,1.0,3.0
15004,146,1,1246.32,,,,matched fuzzy dense-rank,4.0,1.0,3.0
15005,15,56,14106.2,,,,matched fuzzy dense-rank,5.0,3.0,5.0
15006,50,2,825.14,,,,matched fuzzy dense-rank,5.0,1.0,3.0
15007,158,1,156.91,,,,matched fuzzy dense-rank,4.0,1.0,1.0
15008,479,2,360.0,,,,matched fuzzy dense-rank,2.0,1.0,2.0
15009,11,3,1261.78,,,,matched fuzzy dense-rank,5.0,1.0,3.0
15010,35,1,308.94,,,,matched fuzzy dense-rank,5.0,1.0,2.0
15011,395,2,416.6,,,,matched fuzzy dense-rank,3.0,1.0,2.0
15012,53,3,860.62,,,,matched fuzzy dense-rank,5.0,1.0,3.0
15013,487,10,1641.3,,,,matched fuzzy dense-rank,2.0,1.0,4.0
15014,42,2,260.17,,,,matched fuzzy dense-rank,5.0,1.0,1.0
15015,500,13,2365.02,,,,matched fuzzy dense-rank,2.0,1.0,4.0
15016,172,5,630.3,,,,matched fuzzy dense-rank,4.0,1.0,2.0
15017,33,1,125.58,,,,matched fuzzy dense-rank,5.0,1.0,1.0
15018,38,3,607.46,,,,matched fuzzy dense-rank,5.0,1.0,2.0
15019,266,1,266.0,,,,matched fuzzy dense-rank,4.0,1.0,1.0
15020,378,1,203.42,,,,matched fuzzy dense-rank,3.0,1.0,1.0
15021,8,12,2783.83,,,,matched fuzzy dense-rank,5.0,1.0,4.0
15022,11,5,1186.09,,,,matched fuzzy dense-rank,5.0,1.0,3.0
15023,2,20,12170.68,,,,matched fuzzy dense-rank,5.0,2.0,5.0
15024,9,16,4075.51,,,,matched fuzzy dense-rank,5.0,1.0,5.0
15025,32,2,1013.09,,,,matched fuzzy dense-rank,5.0,1.0,3.0
15026,79,5,1061.61,,,,matched fuzzy dense-rank,5.0,1.0,3.0
15027,30,10,3195.6,,,,matched fuzzy dense-rank,5.0,1.0,5.0
15028,7,6,1157.71,,,,matched fuzzy dense-rank,5.0,1.0,3.0
15029,619,1,365.1,,,,matched fuzzy dense-rank,1.0,1.0,2.0
15030,71,8,1979.91,,,,matched fuzzy dense-rank,5.0,1.0,4.0
15031,3,14,3156.58,,,,matched fuzzy dense-rank,5.0,1.0,5.0
15032,255,8,13780.65,,,,matched fuzzy dense-rank,4.0,1.0,5.0
15033,4,10,2586.67,,,,matched fuzzy dense-rank,5.0,1.0,4.0
15034,15,14,8313.4,,,,matched fuzzy dense-rank,5.0,1.0,5.0
15035,89,1,252.73000000000002,,,,matched fuzzy dense-rank,5.0,1.0,1.0
15036,71,3,465.55,,,,matched fuzzy dense-rank,5.0,1.0,2.0
15037,375,2,402.51,,,,matched fuzzy dense-rank,3.0,1.0,2.0
15038,58,9,1309.86,,,,matched fuzzy dense-rank,5.0,1.0,4.0
15039,9,93,40031.43,,,,matched fuzzy dense-rank,5.0,4.0,5.0
15040,541,1,7.49,,,,matched fuzzy dense-rank,2.0,1.0,1.0
15041,169,2,294.02,,,,matched fuzzy dense-rank,4.0,1.0,1.0
15042,198,2,315.45,,,,matched fuzzy dense-rank,4.0,1.0,2.0
15043,30,6,2873.7999999999997,,,,matched fuzzy dense-rank,5.0,1.0,4.0
15044,18,35,16204.33,,,,matched fuzzy dense-rank,5.0,2.0,5.0
15045,151,2,735.66,,,,matched fuzzy dense-rank,4.0,1.0,3.0
15046,8,25,7812.389999999999,,,,matched fuzzy dense-rank,5.0,2.0,5.0
15047,269,1,343.62,,,,matched fuzzy dense-rank,4.0,1.0,2.0
15048,64,4,482.75,,,,matched fuzzy dense-rank,5.0,1.0,2.0
15049,273,1,121.17000000000002,,,,matched fuzzy dense-rank,4.0,1.0,1.0
15050,24,5,4193.79,,,,matched fuzzy dense-rank,5.0,1.0,5.0
15051,22,9,3935.16,,,,matched fuzzy dense-rank,5.0,1.0,5.0
15052,318,1,215.78,,,,matched fuzzy dense-rank,3.0,1.0,1.0
15053,4,3,697.79,,,,matched fuzzy dense-rank,5.0,1.0,3.0
15054,11,2,302.1,,,,matched fuzzy dense-rank,5.0,1.0,2.0
15055,474,3,560.07,,,,matched fuzzy dense-rank,2.0,1.0,2.0
15056,519,1,133.45,,,,matched fuzzy dense-rank,2.0,1.0,1.0
15057,274,5,3255.96,,,,matched fuzzy dense-rank,4.0,1.0,5.0
15058,24,16,3410.03,,,,matched fuzzy dense-rank,5.0,1.0,5.0
15059,40,19,3523.57,,,,matched fuzzy dense-rank,5.0,2.0,5.0
15060,7,4,303.09,,,,matched fuzzy dense-rank,5.0,1.0,2.0
15061,3,127,137818.52,,,,matched fuzzy dense-rank,5.0,5.0,5.0
15062,70,8,2585.62,,,,matched fuzzy dense-rank,5.0,1.0,4.0
15063,212,1,370.79999999999995,,,,matched fuzzy dense-rank,4.0,1.0,2.0
15064,409,4,1254.41,,,,matched fuzzy dense-rank,3.0,1.0,3.0
15065,37,5,3326.86,,,,matched fuzzy dense-rank,5.0,1.0,5.0
15066,52,1,893.59,,,,matched fuzzy dense-rank,5.0,1.0,3.0
15067,77,5,3877.88,,,,matched fuzzy dense-rank,5.0,1.0,5.0
15068,45,4,1176.85,,,,matched fuzzy dense-rank,5.0,1.0,3.0
15069,178,1,1109.53,,,,matched fuzzy dense-rank,4.0,1.0,3.0
15070,372,3,843.25,,,,matched fuzzy dense-rank,3.0,1.0,3.0
15071,93,4,1455.56,,,,matched fuzzy dense-rank,5.0,1.0,4.0
15072,478,1,187.51999999999998,,,,matched fuzzy dense-rank,2.0,1.0,1.0
15073,9,8,2788.02,,,,matched fuzzy dense-rank,5.0,1.0,4.0
15074,104,3,1566.33,,,,matched fuzzy dense-rank,5.0,1.0,4.0
15075,77,1,773.03,,,,matched fuzzy dense-rank,5.0,1.0,3.0
15076,172,3,1447.74,,,,matched fuzzy dense-rank,4.0,1.0,4.0
15077,494,2,2428.08,,,,matched fuzzy dense-rank,2.0,1.0,4.0
15078,6,53,17761.88,,,,matched fuzzy dense-rank,5.0,3.0,5.0
15079,212,11,3767.35,,,,matched fuzzy dense-rank,4.0,1.0,5.0
15080,427,2,546.25,,,,matched fuzzy dense-rank,3.0,1.0,2.0
15081,21,12,1965.72,,,,matched fuzzy dense-rank,5.0,1.0,4.0
15082,668,1,93.35000000000001,,,,matched fuzzy dense-rank,1.0,1.0,1.0
15083,256,1,88.2,,,,matched fuzzy dense-rank,4.0,1.0,1.0
15084,379,2,965.2,,,,matched fuzzy dense-rank,3.0,1.0,3.0
15085,729,1,347.54,,,,matched fuzzy dense-rank,1.0,1.0,2.0
15086,564,2,218.53,,,,matched fuzzy dense-rank,2.0,1.0,1.0
15087,281,1,306.94,,,,matched fuzzy dense-rank,3.0,1.0,2.0
15088,20,2,1160.07,,,,matched fuzzy dense-rank,5.0,1.0,3.0
15089,9,6,2420.84,,,,matched fuzzy dense-rank,5.0,1.0,4.0
15090,307,1,381.32,,,,matched fuzzy dense-rank,3.0,1.0,2.0
15091,67,3,1046.6100000000001,,,,matched fuzzy dense-rank,5.0,1.0,3.0
15092,214,3,776.46,,,,matched fuzzy dense-rank,4.0,1.0,3.0
15093,17,23,14326.11,,,,matched fuzzy dense-rank,5.0,2.0,5.0
15094,462,2,83.0,,,,matched fuzzy dense-rank,2.0,1.0,1.0
15095,103,10,3141.64,,,,matched fuzzy dense-rank,5.0,1.0,5.0
15096,42,1,219.39000000000001,,,,matched fuzzy dense-rank,5.0,1.0,1.0
15097,3,3,908.35,,,,matched fuzzy dense-rank,5.0,1.0,3.0
15098,181,3,39916.5,,,,matched fuzzy dense-rank,4.0,1.0,5.0
15099,83,1,410.48,,,,matched fuzzy dense-rank,5.0,1.0,2.0
15100,333,7,2894.7,,,,matched fuzzy dense-rank,3.0,1.0,4.0
15101,8,6,1477.94,,,,matched fuzzy dense-rank,5.0,1.0,4.0
15102,530,2,554.67,,,,matched fuzzy dense-rank,2.0,1.0,2.0
15103,30,2,703.36,,,,matched fuzzy dense-rank,5.0,1.0,3.0
15104,196,2,1027.44,,,,matched fuzzy dense-rank,4.0,1.0,3.0
15105,17,9,3094.91,,,,matched fuzzy dense-rank,5.0,1.0,5.0
15106,17,5,1422.52,,,,matched fuzzy dense-rank,5.0,1.0,4.0
15107,310,9,940.35,,,,matched fuzzy dense-rank,3.0,1.0,3.0
15108,141,4,1300.25,,,,matched fuzzy dense-rank,4.0,1.0,4.0
15109,245,3,983.1,,,,matched fuzzy dense-rank,4.0,1.0,3.0
15110,23,6,1505.8500000000001,,,,matched fuzzy dense-rank,5.0,1.0,4.0
15111,28,5,2730.87,,,,matched fuzzy dense-rank,5.0,1.0,4.0
15112,610,1,209.4,,,,matched fuzzy dense-rank,1.0,1.0,1.0
15113,9,3,3609.33,,,,matched fuzzy dense-rank,5.0,1.0,5.0
15114,29,12,3400.12,,,,matched fuzzy dense-rank,5.0,1.0,5.0
15115,17,2,531.85,,,,matched fuzzy dense-rank,5.0,1.0,2.0
15116,17,4,1352.75,,,,matched fuzzy dense-rank,5.0,1.0,4.0
15117,14,8,2485.9700000000003,,,,matched fuzzy dense-rank,5.0,1.0,4.0
15118,133,1,244.8,,,,matched fuzzy dense-rank,5.0,1.0,1.0
15119,245,1,266.4,,,,matched fuzzy dense-rank,4.0,1.0,1.0
15120,133,1,358.82,,,,matched fuzzy dense-rank,5.0,1.0,2.0
15121,49,2,457.72,,,,matched fuzzy dense-rank,5.0,1.0,2.0
15122,113,11,4497.47,,,,matched fuzzy dense-rank,5.0,1.0,5.0
15123,6,5,4656.17,,,,matched fuzzy dense-rank,5.0,1.0,5.0
15124,22,4,450.82,,,,matched fuzzy dense-rank,5.0,1.0,2.0
15125,24,24,17024.87,,,,matched fuzzy dense-rank,5.0,2.0,5.0
15126,536,2,449.49,,,,matched fuzzy dense-rank,2.0,1.0,2.0
15127,65,2,711.5,,,,matched fuzzy dense-rank,5.0,1.0,3.0
15128,59,5,1783.68,,,,matched fuzzy dense-rank,5.0,1.0,4.0
15129,49,23,6860.18,,,,matched fuzzy dense-rank,5.0,2.0,5.0
15130,169,1,330.11,,,,matched fuzzy dense-rank,4.0,1.0,2.0
15131,394,1,80.28,,,,matched fuzzy dense-rank,3.0,1.0,1.0
15132,17,5,977.9300000000001,,,,matched fuzzy dense-rank,5.0,1.0,3.0
15133,127,5,1806.9,,,,matched fuzzy dense-rank,5.0,1.0,4.0
15134,14,10,1596.29,,,,matched fuzzy dense-rank,5.0,1.0,4.0
15135,238,2,305.68,,,,matched fuzzy dense-rank,4.0,1.0,2.0
15136,2,4,1286.7,,,,matched fuzzy dense-rank,5.0,1.0,4.0
15137,520,2,823.4,,,,matched fuzzy dense-rank,2.0,1.0,3.0
15138,393,1,502.52,,,,matched fuzzy dense-rank,3.0,1.0,2.0
15139,239,2,178.96,,,,matched fuzzy dense-rank,4.0,1.0,1.0
15140,51,8,3243.69,,,,matched fuzzy dense-rank,5.0,1.0,5.0
15141,457,7,1388.47,,,,matched fuzzy dense-rank,2.0,1.0,4.0
15142,45,6,2619.92,,,,matched fuzzy dense-rank,5.0,1.0,4.0
15143,225,2,563.63,,,,matched fuzzy dense-rank,4.0,1.0,2.0
15144,7,29,12160.31,,,,matched fuzzy dense-rank,5.0,2.0,5.0
15145,3,4,1194.73,,,,matched fuzzy dense-rank,5.0,1.0,3.0
15146,164,2,1327.16,,,,matched fuzzy dense-rank,4.0,1.0,4.0
15147,239,1,623.5,,,,matched fuzzy dense-rank,4.0,1.0,2.0
15148,10,1,301.29,,,,matched fuzzy dense-rank,5.0,1.0,2.0
15149,133,5,1554.6100000000001,,,,matched fuzzy dense-rank,5.0,1.0,4.0
15150,16,13,9001.08,,,,matched fuzzy dense-rank,5.0,1.0,5.0
15151,422,2,2085.61,,,,matched fuzzy dense-rank,3.0,1.0,4.0
15152,9,14,5263.83,,,,matched fuzzy dense-rank,5.0,1.0,5.0
15153,30,1,329.25,,,,matched fuzzy dense-rank,5.0,1.0,2.0
15154,74,3,1388.41,,,,matched fuzzy dense-rank,5.0,1.0,4.0
15155,382,1,383.96999999999997,,,,matched fuzzy dense-rank,3.0,1.0,2.0
15156,0,3,961.49,,,,matched fuzzy dense-rank,5.0,1.0,3.0
15157,3,5,2654.11,,,,matched fuzzy dense-rank,5.0,1.0,4.0
15158,44,2,606.02,,,,matched fuzzy dense-rank,5.0,1.0,2.0
15159,1,34,22116.73,,,,matched fuzzy dense-rank,5.0,2.0,5.0
15160,356,4,589.27,,,,matched fuzzy dense-rank,3.0,1.0,2.0
15161,387,1,119.92,,,,matched fuzzy dense-rank,3.0,1.0,1.0
15162,730,1,312.9,,,,matched fuzzy dense-rank,1.0,1.0,2.0
15163,17,2,304.47,,,,matched fuzzy dense-rank,5.0,1.0,2.0
15164,68,9,2068.92,,,,matched fuzzy dense-rank,5.0,1.0,4.0
15165,372,1,975.5,,,,matched fuzzy dense-rank,3.0,1.0,3.0
15166,467,1,167.16,,,,matched fuzzy dense-rank,2.0,1.0,1.0
15167,320,5,1659.67,,,,matched fuzzy dense-rank,3.0,1.0,4.0
15168,25,1,106.56,,,,matched fuzzy dense-rank,5.0,1.0,1.0
15169,381,2,569.22,,,,matched fuzzy dense-rank,3.0,1.0,2.0
15170,406,1,81.15,,,,matched fuzzy dense-rank,3.0,1.0,1.0
15171,330,1,1289.5,,,,matched fuzzy dense-rank,3.0,1.0,4.0
15172,8,5,1624.05,,,,matched fuzzy dense-rank,5.0,1.0,4.0
15173,380,7,1494.6,,,,matched fuzzy dense-rank,3.0,1.0,4.0
15174,322,2,481.46,,,,matched fuzzy dense-rank,3.0,1.0,2.0
15175,71,1,224.14,,,,matched fuzzy dense-rank,5.0,1.0,1.0
15176,667,1,988.04,,,,matched fuzzy dense-rank,1.0,1.0,3.0
15177,425,1,948.93,,,,matched fuzzy dense-rank,3.0,1.0,3.0
15178,259,1,40.5,,,,matched fuzzy dense-rank,4.0,1.0,1.0
15179,17,13,7491.92,,,,matched fuzzy dense-rank,5.0,1.0,5.0
15180,366,3,904.4300000000001,,,,matched fuzzy dense-rank,3.0,1.0,3.0
15181,65,5,1200.2,,,,matched fuzzy dense-rank,5.0,1.0,3.0
15182,153,11,2998.952,,,,matched fuzzy dense-rank,4.0,1.0,4.0
15183,547,3,639.93,,,,matched fuzzy dense-rank,2.0,1.0,3.0
15184,28,4,689.95,,,,matched fuzzy dense-rank,5.0,1.0,3.0
15185,69,1,310.62,,,,matched fuzzy dense-rank,5.0,1.0,2.0
15186,13,5,1403.2,,,,matched fuzzy dense-rank,5.0,1.0,4.0
15187,1,16,4777.18,,,,matched fuzzy dense-rank,5.0,1.0,5.0
15188,724,1,310.43,,,,matched fuzzy dense-rank,1.0,1.0,2.0
15189,0,46,17524.38,,,,matched fuzzy dense-rank,5.0,3.0,5.0
15190,433,1,834.4399999999999,,,,matched fuzzy dense-rank,2.0,1.0,3.0
15191,462,3,588.05,,,,matched fuzzy dense-rank,2.0,1.0,2.0
15192,119,5,1981.39,,,,matched fuzzy dense-rank,5.0,1.0,4.0
15193,60,1,499.32,,,,matched fuzzy dense-rank,5.0,1.0,2.0
15194,2,28,12427.69,,,,matched fuzzy dense-rank,5.0,2.0,5.0
15195,2,1,3861.0,,,,matched fuzzy dense-rank,5.0,1.0,5.0
15196,432,2,316.25,,,,matched fuzzy dense-rank,2.0,1.0,2.0
15197,10,6,1877.51,,,,matched fuzzy dense-rank,5.0,1.0,4.0
15198,91,5,571.35,,,,matched fuzzy dense-rank,5.0,1.0,2.0
15199,58,10,3122.4,,,,matched fuzzy dense-rank,5.0,1.0,5.0
15200,494,1,549.05,,,,matched fuzzy dense-rank,2.0,1.0,2.0
15201,86,7,1842.95,,,,matched fuzzy dense-rank,5.0,1.0,4.0
15202,419,3,6001.49,,,,matched fuzzy dense-rank,3.0,1.0,5.0
15203,25,15,4400.18,,,,matched fuzzy dense-rank,5.0,1.0,5.0
15204,356,1,316.58,,,,matched fuzzy dense-rank,3.0,1.0,2.0
15205,84,2,653.24,,,,matched fuzzy dense-rank,5.0,1.0,3.0
15206,9,4,420.29999999999995,,,,matched fuzzy dense-rank,5.0,1.0,2.0
15207,415,3,683.9200000000001,,,,matched fuzzy dense-rank,3.0,1.0,3.0
15208,0,6,970.52,,,,matched fuzzy dense-rank,5.0,1.0,3.0
15209,729,1,178.98000000000002,,,,matched fuzzy dense-rank,1.0,1.0,1.0
15210,224,3,1176.19,,,,matched fuzzy dense-rank,4.0,1.0,3.0
15211,59,2,1277.48,,,,matched fuzzy dense-rank,5.0,1.0,4.0
15212,240,2,208.28,,,,matched fuzzy dense-rank,4.0,1.0,1.0
15213,318,2,328.35,,,,matched fuzzy dense-rank,3.0,1.0,2.0
15214,1,8,1661.44,,,,matched fuzzy dense-rank,5.0,1.0,4.0
15215,46,7,2422.43,,,,matched fuzzy dense-rank,5.0,1.0,4.0
15216,87,2,486.09,,,,matched fuzzy dense-rank,5.0,1.0,2.0
15217,562,1,426.24,,,,matched fuzzy dense-rank,2.0,1.0,2.0
15218,10,22,11516.57,,,,matched fuzzy dense-rank,5.0,2.0,5.0
15219,175,2,685.45,,,,matched fuzzy dense-rank,4.0,1.0,3.0
15220,51,6,1778.96,,,,matched fuzzy dense-rank,5.0,1.0,4.0
15221,365,4,2465.4500000000003,,,,matched fuzzy dense-rank,3.0,1.0,4.0
15222,318,11,3550.91,,,,matched fuzzy dense-rank,3.0,1.0,5.0
15223,225,5,1417.95,,,,matched fuzzy dense-rank,4.0,1.0,4.0
15224,357,5,871.36,,,,matched fuzzy dense-rank,3.0,1.0,3.0
15225,233,1,409.40000000000003,,,,matched fuzzy dense-rank,4.0,1.0,2.0
15226,310,1,154.41,,,,matched fuzzy dense-rank,3.0,1.0,1.0
15227,36,9,2488.4900000000002,,,,matched fuzzy dense-rank,5.0,1.0,4.0
15228,65,6,5580.2699999999995,,,,matched fuzzy dense-rank,5.0,1.0,5.0
15229,585,1,160.5,,,,matched fuzzy dense-rank,1.0,1.0,1.0
15230,238,2,429.6,,,,matched fuzzy dense-rank,4.0,1.0,2.0
15231,620,1,250.26,,,,matched fuzzy dense-rank,1.0,1.0,1.0
15232,112,2,612.06,,,,matched fuzzy dense-rank,5.0,1.0,2.0
15233,400,1,59.400000000000006,,,,matched fuzzy dense-rank,3.0,1.0,1.0
15234,276,1,197.0,,,,matched fuzzy dense-rank,4.0,1.0,1.0
15235,217,16,2937.81,,,,matched fuzzy dense-rank,4.0,1.0,4.0
15236,298,1,321.05,,,,matched fuzzy dense-rank,3.0,1.0,2.0
15237,1,4,1412.32,,,,matched fuzzy dense-rank,5.0,1.0,4.0
15238,28,3,1071.99,,,,matched fuzzy dense-rank,5.0,1.0,3.0
15239,9,2,780.59,,,,matched fuzzy dense-rank,5.0,1.0,3.0
15240,44,12,4459.98,,,,matched fuzzy dense-rank,5.0,1.0,5.0
15241,66,11,3050.16,,,,matched fuzzy dense-rank,5.0,1.0,5.0
15242,421,1,302.04,,,,matched fuzzy dense-rank,3.0,1.0,2.0
15243,73,2,927.2800000000001,,,,matched fuzzy dense-rank,5.0,1.0,3.0
15244,64,3,912.08,,,,matched fuzzy dense-rank,5.0,1.0,3.0
15245,133,8,4610.84,,,,matched fuzzy dense-rank,5.0,1.0,5.0
15246,237,3,780.4,,,,matched fuzzy dense-rank,4.0,1.0,3.0
15247,121,3,976.06,,,,matched fuzzy dense-rank,5.0,1.0,3.0
15248,410,3,1893.93,,,,matched fuzzy dense-rank,3.0,1.0,4.0
15249,31,18,9266.0,,,,matched fuzzy dense-rank,5.0,1.0,5.0
15250,640,1,60.0,,,,matched fuzzy dense-rank,1.0,1.0,1.0
15251,8,21,20324.54,,,,matched fuzzy dense-rank,5.0,2.0,5.0
15252,35,5,2103.41,,,,matched fuzzy dense-rank,5.0,1.0,4.0
15253,15,8,2055.09,,,,matched fuzzy dense-rank,5.0,1.0,4.0
15254,126,3,1088.35,,,,matched fuzzy dense-rank,5.0,1.0,3.0
15255,66,9,3729.42,,,,matched fuzzy dense-rank,5.0,1.0,5.0
15256,148,2,170.4,,,,matched fuzzy dense-rank,4.0,1.0,1.0
15257,282,2,685.9,,,,matched fuzzy dense-rank,3.0,1.0,3.0
15258,168,2,623.16,,,,matched fuzzy dense-rank,4.0,1.0,2.0
15259,512,4,1182.3799999999999,,,,matched fuzzy dense-rank,2.0,1.0,3.0
15260,99,25,9188.23,,,,matched fuzzy dense-rank,5.0,2.0,5.0
15261,134,4,1508.0,,,,matched fuzzy dense-rank,5.0,1.0,4.0
15262,323,3,418.82,,,,matched fuzzy dense-rank,3.0,1.0,2.0
15263,106,1,156.51,,,,matched fuzzy dense-rank,5.0,1.0,1.0
15264,63,2,848.4,,,,matched fuzzy dense-rank,5.0,1.0,3.0
15265,150,4,3345.64,,,,matched fuzzy dense-rank,4.0,1.0,5.0
15266,337,5,852.21,,,,matched fuzzy dense-rank,3.0,1.0,3.0
15267,21,5,1717.36,,,,matched fuzzy dense-rank,5.0,1.0,4.0
15268,478,3,961.9000000000001,,,,matched fuzzy dense-rank,2.0,1.0,3.0
15269,23,3,1225.3600000000001,,,,matched fuzzy dense-rank,5.0,1.0,3.0
15270,15,21,8524.86,,,,matched fuzzy dense-rank,5.0,2.0,5.0
15271,6,24,4709.54,,,,matched fuzzy dense-rank,5.0,2.0,5.0
15272,56,6,2085.48,,,,matched fuzzy dense-rank,5.0,1.0,4.0
15273,599,1,228.96,,,,matched fuzzy dense-rank,1.0,1.0,1.0
15274,3,2,716.57,,,,matched fuzzy dense-rank,5.0,1.0,3.0
15275,37,1,615.14,,,,matched fuzzy dense-rank,5.0,1.0,2.0
15276,65,4,649.53,,,,matched fuzzy dense-rank,5.0,1.0,3.0
15277,46,2,476.34,,,,matched fuzzy dense-rank,5.0,1.0,2.0
15278,561,4,496.15999999999997,,,,matched fuzzy dense-rank,2.0,1.0,2.0
15279,354,5,1580.54,,,,matched fuzzy dense-rank,3.0,1.0,4.0
15280,171,3,406.21999999999997,,,,matched fuzzy dense-rank,4.0,1.0,2.0
15281,58,16,8543.57,,,,matched fuzzy dense-rank,5.0,1.0,5.0
15282,569,1,348.59,,,,matched fuzzy dense-rank,2.0,1.0,2.0
15283,389,3,148.33,,,,matched fuzzy dense-rank,3.0,1.0,1.0
15284,499,1,24.75,,,,matched fuzzy dense-rank,2.0,1.0,1.0
15285,407,1,94.92,,,,matched fuzzy dense-rank,3.0,1.0,1.0
15286,49,1,240.55,,,,matched fuzzy dense-rank,5.0,1.0,1.0
15287,21,5,856.03,,,,matched fuzzy dense-rank,5.0,1.0,3.0
15288,42,10,3883.13,,,,matched fuzzy dense-rank,5.0,1.0,5.0
15289,28,5,1593.09,,,,matched fuzzy dense-rank,5.0,1.0,4.0
15290,4,26,10496.28,,,,matched fuzzy dense-rank,5.0,2.0,5.0
15291,25,40,13846.56,,,,matched fuzzy dense-rank,5.0,3.0,5.0
15292,200,1,180.94,,,,matched fuzzy dense-rank,4.0,1.0,1.0
15293,665,1,247.5,,,,matched fuzzy dense-rank,1.0,1.0,1.0
15294,410,1,233.35,,,,matched fuzzy dense-rank,3.0,1.0,1.0
15295,653,1,217.23999999999998,,,,matched fuzzy dense-rank,1.0,1.0,1.0
15296,50,12,10342.83,,,,matched fuzzy dense-rank,5.0,1.0,5.0
15297,9,3,641.94,,,,matched fuzzy dense-rank,5.0,1.0,3.0
15298,1,23,9459.37,,,,matched fuzzy dense-rank,5.0,2.0,5.0
15299,66,10,7991.54,,,,matched fuzzy dense-rank,5.0,1.0,5.0
15300,63,1,496.44,,,,matched fuzzy dense-rank,5.0,1.0,2.0
15301,50,17,7603.4400000000005,,,,matched fuzzy dense-rank,5.0,1.0,5.0
15302,729,1,308.0,,,,matched fuzzy dense-rank,1.0,1.0,2.0
15303,289,3,1224.18,,,,matched fuzzy dense-rank,3.0,1.0,3.0
15304,60,9,919.5500000000001,,,,matched fuzzy dense-rank,5.0,1.0,3.0
15305,554,1,93.6,,,,matched fuzzy dense-rank,2.0,1.0,1.0
15306,63,9,3484.73,,,,matched fuzzy dense-rank,5.0,1.0,5.0
15307,95,1,205.3,,,,matched fuzzy dense-rank,5.0,1.0,1.0
15308,273,1,310.47,,,,matched fuzzy dense-rank,4.0,1.0,2.0
15309,610,4,797.96,,,,matched fuzzy dense-rank,1.0,1.0,3.0
15310,478,1,1634.64,,,,matched fuzzy dense-rank,2.0,1.0,4.0
15311,0,208,116771.16,,,,matched fuzzy dense-rank,5.0,5.0,5.0
15312,74,12,2930.19,,,,matched fuzzy dense-rank,5.0,1.0,4.0
15313,109,1,52.0,,,,matched fuzzy dense-rank,5.0,1.0,1.0
15314,198,3,820.4499999999999,,,,matched fuzzy dense-rank,4.0,1.0,3.0
15315,63,2,570.5,,,,matched fuzzy dense-rank,5.0,1.0,2.0
15316,326,1,165.0,,,,matched fuzzy dense-rank,3.0,1.0,1.0
15317,676,1,129.75,,,,matched fuzzy dense-rank,1.0,1.0,1.0
15318,3,1,312.62,,,,matched fuzzy dense-rank,5.0,1.0,2.0
15319,283,1,204.5,,,,matched fuzzy dense-rank,3.0,1.0,1.0
15320,43,1,267.13,,,,matched fuzzy dense-rank,5.0,1.0,1.0
15321,70,12,6709.7300000000005,,,,matched fuzzy dense-rank,5.0,1.0,5.0
15322,85,2,1390.86,,,,matched fuzzy dense-rank,5.0,1.0,4.0
15323,562,3,434.6,,,,matched fuzzy dense-rank,2.0,1.0,2.0
15324,700,1,140.22000000000003,,,,matched fuzzy dense-rank,1.0,1.0,1.0
15325,103,8,1602.01,,,,matched fuzzy dense-rank,5.0,1.0,4.0
15326,333,5,1700.52,,,,matched fuzzy dense-rank,3.0,1.0,4.0
15327,52,1,208.75,,,,matched fuzzy dense-rank,5.0,1.0,1.0
15328,407,1,107.24,,,,matched fuzzy dense-rank,3.0,1.0,1.0
15329,38,11,2984.33,,,,matched fuzzy dense-rank,5.0,1.0,4.0
15330,31,2,714.96,,,,matched fuzzy dense-rank,5.0,1.0,3.0
15331,499,3,767.91,,,,matched fuzzy dense-rank,2.0,1.0,3.0
15332,365,6,6553.74,,,,matched fuzzy dense-rank,3.0,1.0,5.0
15333,207,1,1028.56,,,,matched fuzzy dense-rank,4.0,1.0,3.0
15334,156,3,351.67,,,,matched fuzzy dense-rank,4.0,1.0,2.0
15335,53,1,173.97,,,,matched fuzzy dense-rank,5.0,1.0,1.0
15336,401,1,240.5,,,,matched fuzzy dense-rank,3.0,1.0,1.0
15337,410,1,373.02,,,,matched fuzzy dense-rank,3.0,1.0,2.0
15338,676,1,283.43,,,,matched fuzzy dense-rank,1.0,1.0,1.0
15339,65,7,1827.84,,,,matched fuzzy dense-rank,5.0,1.0,4.0
15340,561,1,105.5,,,,matched fuzzy dense-rank,2.0,1.0,1.0
15341,80,2,2402.7200000000003,,,,matched fuzzy dense-rank,5.0,1.0,4.0
15342,129,1,406.09,,,,matched fuzzy dense-rank,5.0,1.0,2.0
15343,86,1,364.5,,,,matched fuzzy dense-rank,5.0,1.0,2.0
15344,0,3,563.94,,,,matched fuzzy dense-rank,5.0,1.0,2.0
15345,45,1,393.54,,,,matched fuzzy dense-rank,5.0,1.0,2.0
15346,332,3,596.12,,,,matched fuzzy dense-rank,3.0,1.0,2.0
15347,365,4,1363.6,,,,matched fuzzy dense-rank,3.0,1.0,4.0
15348,71,1,158.04,,,,matched fuzzy dense-rank,5.0,1.0,1.0
15349,157,2,473.81,,,,matched fuzzy dense-rank,4.0,1.0,2.0
15350,372,2,663.25,,,,matched fuzzy dense-rank,3.0,1.0,3.0
15351,11,10,3738.29,,,,matched fuzzy dense-rank,5.0,1.0,5.0
15352,548,1,114.95,,,,matched fuzzy dense-rank,2.0,1.0,1.0
15353,254,7,3175.95,,,,matched fuzzy dense-rank,4.0,1.0,5.0
15354,602,3,284.4,,,,matched fuzzy dense-rank,1.0,1.0,1.0
15355,28,2,277.05,,,,matched fuzzy dense-rank,5.0,1.0,1.0
15356,30,13,3464.95,,,,matched fuzzy dense-rank,5.0,1.0,5.0
15358,4,42,17050.41,,,,matched fuzzy dense-rank,5.0,3.0,5.0
15359,662,8,181.35,,,,matched fuzzy dense-rank,1.0,1.0,1.0
15360,39,1,427.93,,,,matched fuzzy dense-rank,5.0,1.0,2.0
15361,361,4,689.07,,,,matched fuzzy dense-rank,3.0,1.0,3.0
15362,448,2,613.08,,,,matched fuzzy dense-rank,2.0,1.0,2.0
15363,372,2,1004.11,,,,matched fuzzy dense-rank,3.0,1.0,3.0
15364,95,2,913.19,,,,matched fuzzy dense-rank,5.0,1.0,3.0
15365,25,13,4557.13,,,,matched fuzzy dense-rank,5.0,1.0,5.0
15366,74,7,2389.08,,,,matched fuzzy dense-rank,5.0,1.0,4.0
15367,56,11,5081.33,,,,matched fuzzy dense-rank,5.0,1.0,5.0
15368,20,2,722.74,,,,matched fuzzy dense-rank,5.0,1.0,3.0
15369,491,11,6251.26,,,,matched fuzzy dense-rank,2.0,1.0,5.0
15370,40,8,3739.01,,,,matched fuzzy dense-rank,5.0,1.0,5.0
15371,661,1,59.400000000000006,,,,matched fuzzy dense-rank,1.0,1.0,1.0
15372,136,8,6017.06,,,,matched fuzzy dense-rank,4.0,1.0,5.0
15373,7,17,3421.39,,,,matched fuzzy dense-rank,5.0,1.0,5.0
15374,128,2,307.32,,,,matched fuzzy dense-rank,5.0,1.0,2.0
15375,689,1,60.959999999999994,,,,matched fuzzy dense-rank,1.0,1.0,1.0
15376,39,3,1233.3600000000001,,,,matched fuzzy dense-rank,5.0,1.0,3.0
15377,382,4,1211.75,,,,matched fuzzy dense-rank,3.0,1.0,3.0
15378,462,2,246.5,,,,matched fuzzy dense-rank,2.0,1.0,1.0
15379,168,8,4877.84,,,,matched fuzzy dense-rank,4.0,1.0,5.0
15380,8,11,3479.0600000000004,,,,matched fuzzy dense-rank,5.0,1.0,5.0
15381,213,5,1890.5700000000002,,,,matched fuzzy dense-rank,4.0,1.0,4.0
15382,14,12,13733.550000000001,,,,matched fuzzy dense-rank,5.0,1.0,5.0
15384,169,4,2027.79,,,,matched fuzzy dense-rank,4.0,1.0,4.0
15385,39,3,942.08,,,,matched fuzzy dense-rank,5.0,1.0,3.0
15386,185,1,394.14,,,,matched fuzzy dense-rank,4.0,1.0,2.0
15387,491,1,468.65,,,,matched fuzzy dense-rank,2.0,1.0,2.0
15388,269,1,140.54,,,,matched fuzzy dense-rank,4.0,1.0,1.0
15389,171,5,2733.8,,,,matched fuzzy dense-rank,4.0,1.0,4.0
15390,395,2,1216.66,,,,matched fuzzy dense-rank,3.0,1.0,3.0
15391,583,1,289.87,,,,matched fuzzy dense-rank,1.0,1.0,1.0
15392,4,7,2911.62,,,,matched fuzzy dense-rank,5.0,1.0,4.0
15393,15,5,891.34,,,,matched fuzzy dense-rank,5.0,1.0,3.0
15394,9,11,5286.8,,,,matched fuzzy dense-rank,5.0,1.0,5.0
15395,325,1,107.45,,,,matched fuzzy dense-rank,3.0,1.0,1.0
15396,112,2,796.38,,,,matched fuzzy dense-rank,5.0,1.0,3.0
15397,289,1,94.0,,,,matched fuzzy dense-rank,3.0,1.0,1.0
15398,15,2,1345.53,,,,matched fuzzy dense-rank,5.0,1.0,4.0
15399,0,3,815.77,,,,matched fuzzy dense-rank,5.0,1.0,3.0
15400,91,8,1302.3,,,,matched fuzzy dense-rank,5.0,1.0,4.0
15401,451,2,216.95000000000002,,,,matched fuzzy dense-rank,2.0,1.0,1.0
15402,148,6,1830.54,,,,matched fuzzy dense-rank,4.0,1.0,4.0
15403,491,2,170.88,,,,matched fuzzy dense-rank,2.0,1.0,1.0
15404,375,1,257.06,,,,matched fuzzy dense-rank,3.0,1.0,1.0
15405,188,2,659.84,,,,matched fuzzy dense-rank,4.0,1.0,3.0
15406,30,4,975.87,,,,matched fuzzy dense-rank,5.0,1.0,3.0
15407,33,4,1056.44,,,,matched fuzzy dense-rank,5.0,1.0,3.0
15408,263,1,267.18,,,,matched fuzzy dense-rank,4.0,1.0,1.0
15409,720,1,131.25,,,,matched fuzzy dense-rank,1.0,1.0,1.0
15410,83,10,4685.72,,,,matched fuzzy dense-rank,5.0,1.0,5.0
15411,25,4,1358.88,,,,matched fuzzy dense-rank,5.0,1.0,4.0
15412,170,1,190.53,,,,matched fuzzy dense-rank,4.0,1.0,1.0
15413,691,5,6798.72,,,,matched fuzzy dense-rank,1.0,1.0,5.0
15414,9,3,774.9000000000001,,,,matched fuzzy dense-rank,5.0,1.0,3.0
15415,312,1,572.8100000000001,,,,matched fuzzy dense-rank,3.0,1.0,2.0
15416,64,7,4572.82,,,,matched fuzzy dense-rank,5.0,1.0,5.0
15417,84,1,508.8,,,,matched fuzzy dense-rank,5.0,1.0,2.0
15418,424,2,452.32,,,,matched fuzzy dense-rank,3.0,1.0,2.0
15419,24,1,135.86,,,,matched fuzzy dense-rank,5.0,1.0,1.0
15420,433,6,743.0,,,,matched fuzzy dense-rank,2.0,1.0,3.0
15421,58,10,3805.34,,,,matched fuzzy dense-rank,5.0,1.0,5.0
15422,322,7,1619.97,,,,matched fuzzy dense-rank,3.0,1.0,4.0
15423,37,3,266.89,,,,matched fuzzy dense-rank,5.0,1.0,1.0
15424,253,3,597.78,,,,matched fuzzy dense-rank,4.0,1.0,2.0
15425,399,4,1944.57,,,,matched fuzzy dense-rank,3.0,1.0,4.0
15426,18,9,2615.39,,,,matched fuzzy dense-rank,5.0,1.0,4.0
15427,32,3,1483.14,,,,matched fuzzy dense-rank,5.0,1.0,4.0
15428,14,4,762.75,,,,matched fuzzy dense-rank,5.0,1.0,3.0
15429,26,2,397.35,,,,matched fuzzy dense-rank,5.0,1.0,2.0
15430,467,2,954.75,,,,matched fuzzy dense-rank,2.0,1.0,3.0
15431,502,1,153.24,,,,matched fuzzy dense-rank,2.0,1.0,1.0
15432,22,2,320.76,,,,matched fuzzy dense-rank,5.0,1.0,2.0
15433,213,2,533.3,,,,matched fuzzy dense-rank,4.0,1.0,2.0
15434,7,11,2567.06,,,,matched fuzzy dense-rank,5.0,1.0,4.0
15435,21,1,149.29,,,,matched fuzzy dense-rank,5.0,1.0,1.0
15436,11,3,1122.53,,,,matched fuzzy dense-rank,5.0,1.0,3.0
15437,261,2,393.45,,,,matched fuzzy dense-rank,4.0,1.0,2.0
15438,130,1,156.57999999999998,,,,matched fuzzy dense-rank,5.0,1.0,1.0
15439,404,4,1269.05,,,,matched fuzzy dense-rank,3.0,1.0,3.0
15440,54,3,383.68,,,,matched fuzzy dense-rank,5.0,1.0,2.0
15441,395,3,1254.21,,,,matched fuzzy dense-rank,3.0,1.0,3.0
15442,248,1,594.0,,,,matched fuzzy dense-rank,4.0,1.0,2.0
15443,1,14,5175.93,,,,matched fuzzy dense-rank,5.0,1.0,5.0
15444,8,2,1418.26,,,,matched fuzzy dense-rank,5.0,1.0,4.0
15445,263,2,284.5,,,,matched fuzzy dense-rank,4.0,1.0,1.0
15446,376,3,406.95,,,,matched fuzzy dense-rank,3.0,1.0,2.0
15447,330,5,492.88,,,,matched fuzzy dense-rank,3.0,1.0,2.0
15448,312,2,788.81,,,,matched fuzzy dense-rank,3.0,1.0,3.0
15449,25,3,974.52,,,,matched fuzzy dense-rank,5.0,1.0,3.0
15450,29,1,429.84,,,,matched fuzzy dense-rank,5.0,1.0,2.0
15451,433,2,233.21,,,,matched fuzzy dense-rank,2.0,1.0,1.0
15452,29,6,1799.1100000000001,,,,matched fuzzy dense-rank,5.0,1.0,4.0
15453,1,7,1388.37,,,,matched fuzzy dense-rank,5.0,1.0,4.0
15454,361,2,307.69,,,,matched fuzzy dense-rank,3.0,1.0,2.0
15455,597,1,38.25,,,,matched fuzzy dense-rank,1.0,1.0,1.0
15456,282,10,2119.27,,,,matched fuzzy dense-rank,3.0,1.0,4.0
15457,261,1,237.07,,,,matched fuzzy dense-rank,4.0,1.0,1.0
15458,24,2,370.43999999999994,,,,matched fuzzy dense-rank,5.0,1.0,2.0
15459,416,2,202.82999999999998,,,,matched fuzzy dense-rank,3.0,1.0,1.0
15460,353,1,216.76,,,,matched fuzzy dense-rank,3.0,1.0,1.0
15461,460,2,429.7,,,,matched fuzzy dense-rank,2.0,1.0,2.0
15462,93,4,737.05,,,,matched fuzzy dense-rank,5.0,1.0,3.0
15463,28,1,126.14,,,,matched fuzzy dense-rank,5.0,1.0,1.0
15464,337,1,1048.85,,,,matched fuzzy dense-rank,3.0,1.0,3.0
15465,19,32,12655.65,,,,matched fuzzy dense-rank,5.0,2.0,5.0
15466,84,4,1571.01,,,,matched fuzzy dense-rank,5.0,1.0,4.0
15467,8,3,524.88,,,,matched fuzzy dense-rank,5.0,1.0,2.0
15468,50,3,1430.48,,,,matched fuzzy dense-rank,5.0,1.0,4.0
15469,49,3,874.25,,,,matched fuzzy dense-rank,5.0,1.0,3.0
15470,575,1,63.419999999999995,,,,matched fuzzy dense-rank,1.0,1.0,1.0
15471,1,3,1316.56,,,,matched fuzzy dense-rank,5.0,1.0,4.0
15472,112,1,371.56,,,,matched fuzzy dense-rank,5.0,1.0,2.0
15473,13,8,2046.0,,,,matched fuzzy dense-rank,5.0,1.0,4.0
15474,595,1,163.1,,,,matched fuzzy dense-rank,1.0,1.0,1.0
15475,76,1,454.10999999999996,,,,matched fuzzy dense-rank,5.0,1.0,2.0
15476,379,4,2209.98,,,,matched fuzzy dense-rank,3.0,1.0,4.0
15477,649,1,368.4,,,,matched fuzzy dense-rank,1.0,1.0,2.0
15478,39,3,2024.98,,,,matched fuzzy dense-rank,5.0,1.0,4.0
15479,732,1,147.4,,,,matched fuzzy dense-rank,1.0,1.0,1.0
15480,115,5,6279.0,,,,matched fuzzy dense-rank,5.0,1.0,5.0
15481,400,1,1993.34,,,,matched fuzzy dense-rank,3.0,1.0,4.0
15482,15,19,14592.56,,,,matched fuzzy dense-rank,5.0,2.0,5.0
15483,160,10,862.2,,,,matched fuzzy dense-rank,4.0,1.0,3.0
15484,0,6,4656.0,,,,matched fuzzy dense-rank,5.0,1.0,5.0
15485,29,7,5771.51,,,,matched fuzzy dense-rank,5.0,1.0,5.0
15486,526,1,102.0,,,,matched fuzzy dense-rank,2.0,1.0,1.0
15487,679,1,231.32,,,,matched fuzzy dense-rank,1.0,1.0,1.0
15488,92,5,431.92,,,,matched fuzzy dense-rank,5.0,1.0,2.0
15489,22,8,2419.61,,,,matched fuzzy dense-rank,5.0,1.0,4.0
15490,429,1,217.6,,,,matched fuzzy dense-rank,3.0,1.0,1.0
15491,94,6,3100.09,,,,matched fuzzy dense-rank,5.0,1.0,5.0
15492,27,2,659.4599999999999,,,,matched fuzzy dense-rank,5.0,1.0,3.0
15493,32,9,4314.9800000000005,,,,matched fuzzy dense-rank,5.0,1.0,5.0
15494,20,5,3780.05,,,,matched fuzzy dense-rank,5.0,1.0,5.0
15495,378,1,246.5,,,,matched fuzzy dense-rank,3.0,1.0,1.0
15496,630,1,146.14000000000001,,,,matched fuzzy dense-rank,1.0,1.0,1.0
15497,17,9,8657.39,,,,matched fuzzy dense-rank,5.0,1.0,5.0
15498,2,44,26039.58,,,,matched fuzzy dense-rank,5.0,3.0,5.0
15499,723,1,161.6,,,,matched fuzzy dense-rank,1.0,1.0,1.0
15500,7,4,1131.56,,,,matched fuzzy dense-rank,5.0,1.0,3.0
15501,404,2,402.5,,,,matched fuzzy dense-rank,3.0,1.0,2.0
15502,15,14,13993.47,,,,matched fuzzy dense-rank,5.0,1.0,5.0
15503,362,2,267.15,,,,matched fuzzy dense-rank,3.0,1.0,1.0
15504,80,4,423.85,,,,matched fuzzy dense-rank,5.0,1.0,2.0
15505,52,5,3610.96,,,,matched fuzzy dense-rank,5.0,1.0,5.0
15506,22,6,2040.03,,,,matched fuzzy dense-rank,5.0,1.0,4.0
15507,171,1,492.36,,,,matched fuzzy dense-rank,4.0,1.0,2.0
15508,188,6,1000.27,,,,matched fuzzy dense-rank,4.0,1.0,3.0
15509,379,1,166.51,,,,matched fuzzy dense-rank,3.0,1.0,1.0
15510,330,1,250.0,,,,matched fuzzy dense-rank,3.0,1.0,1.0
15511,11,5,909.23,,,,matched fuzzy dense-rank,5.0,1.0,3.0
15512,155,4,331.58,,,,matched fuzzy dense-rank,4.0,1.0,2.0
15513,32,35,27750.55,,,,matched fuzzy dense-rank,5.0,2.0,5.0
15514,11,18,6598.55,,,,matched fuzzy dense-rank,5.0,1.0,5.0
15515,386,1,171.81,,,,matched fuzzy dense-rank,3.0,1.0,1.0
15516,44,3,62.43,,,,matched fuzzy dense-rank,5.0,1.0,1.0
15517,232,1,267.03,,,,matched fuzzy dense-rank,4.0,1.0,1.0
15518,63,15,4218.94,,,,matched fuzzy dense-rank,5.0,1.0,5.0
15519,382,2,344.61,,,,matched fuzzy dense-rank,3.0,1.0,2.0
15520,1,1,343.5,,,,matched fuzzy dense-rank,5.0,1.0,2.0
15521,39,16,7106.69,,,,matched fuzzy dense-rank,5.0,1.0,5.0
15522,32,2,398.84,,,,matched fuzzy dense-rank,5.0,1.0,2.0
15523,83,16,17359.99,,,,matched fuzzy dense-rank,5.0,1.0,5.0
15524,24,2,591.4,,,,matched fuzzy dense-rank,5.0,1.0,2.0
15525,1,4,1295.7,,,,matched fuzzy dense-rank,5.0,1.0,4.0
15526,32,2,148.44,,,,matched fuzzy dense-rank,5.0,1.0,1.0
15527,18,23,5575.64,,,,matched fuzzy dense-rank,5.0,2.0,5.0
15528,253,1,229.33,,,,matched fuzzy dense-rank,4.0,1.0,1.0
15529,22,12,5111.95,,,,matched fuzzy dense-rank,5.0,1.0,5.0
15530,21,5,1813.72,,,,matched fuzzy dense-rank,5.0,1.0,4.0
15531,7,2,2007.44,,,,matched fuzzy dense-rank,5.0,1.0,4.0
15532,24,10,3771.9,,,,matched fuzzy dense-rank,5.0,1.0,5.0
15533,18,3,807.57,,,,matched fuzzy dense-rank,5.0,1.0,3.0
15534,725,1,162.25,,,,matched fuzzy dense-rank,1.0,1.0,1.0
15535,172,6,1087.82,,,,matched fuzzy dense-rank,4.0,1.0,3.0
15536,408,1,259.09,,,,matched fuzzy dense-rank,3.0,1.0,1.0
15537,162,1,110.92,,,,matched fuzzy dense-rank,4.0,1.0,1.0
15538,537,6,3358.3999999999996,,,,matched fuzzy dense-rank,2.0,1.0,5.0
15539,6,1,538.46,,,,matched fuzzy dense-rank,5.0,1.0,2.0
15540,10,2,460.68,,,,matched fuzzy dense-rank,5.0,1.0,2.0
15541,113,1,85.13000000000001,,,,matched fuzzy dense-rank,5.0,1.0,1.0
15542,511,3,918.45,,,,matched fuzzy dense-rank,2.0,1.0,3.0
15543,287,2,242.84,,,,matched fuzzy dense-rank,3.0,1.0,1.0
15544,8,20,8162.43,,,,matched fuzzy dense-rank,5.0,2.0,5.0
15545,53,2,428.05,,,,matched fuzzy dense-rank,5.0,1.0,2.0
15546,606,2,1079.1000000000001,,,,matched fuzzy dense-rank,1.0,1.0,3.0
15547,6,26,10154.39,,,,matched fuzzy dense-rank,5.0,2.0,5.0
15548,595,1,158.09,,,,matched fuzzy dense-rank,1.0,1.0,1.0
15549,76,8,2345.96,,,,matched fuzzy dense-rank,5.0,1.0,4.0
15550,3,12,2218.8,,,,matched fuzzy dense-rank,5.0,1.0,4.0
15551,36,7,1710.08,,,,matched fuzzy dense-rank,5.0,1.0,4.0
15552,216,2,252.52,,,,matched fuzzy dense-rank,4.0,1.0,1.0
15553,59,1,437.23,,,,matched fuzzy dense-rank,5.0,1.0,2.0
15554,277,1,217.2,,,,matched fuzzy dense-rank,4.0,1.0,1.0
15555,11,36,12112.35,,,,matched fuzzy dense-rank,5.0,2.0,5.0
15556,23,1,279.77,,,,matched fuzzy dense-rank,5.0,1.0,1.0
15557,28,1,473.65000000000003,,,,matched fuzzy dense-rank,5.0,1.0,2.0
15558,638,1,214.13,,,,matched fuzzy dense-rank,1.0,1.0,1.0
15559,567,1,1109.4,,,,matched fuzzy dense-rank,2.0,1.0,3.0
15560,397,2,153.52,,,,matched fuzzy dense-rank,3.0,1.0,1.0
15561,11,8,1934.3899999999999,,,,matched fuzzy dense-rank,5.0,1.0,4.0
15562,351,3,673.3800000000001,,,,matched fuzzy dense-rank,3.0,1.0,3.0
15563,21,7,2867.0,,,,matched fuzzy dense-rank,5.0,1.0,4.0
15564,462,2,70.74000000000001,,,,matched fuzzy dense-rank,2.0,1.0,1.0
15565,49,2,173.16,,,,matched fuzzy dense-rank,5.0,1.0,1.0
15566,392,2,227.87,,,,matched fuzzy dense-rank,3.0,1.0,1.0
15567,18,1,186.01,,,,matched fuzzy dense-rank,5.0,1.0,1.0
15568,2,3,758.29,,,,matched fuzzy dense-rank,5.0,1.0,3.0
15569,103,10,3586.35,,,,matched fuzzy dense-rank,5.0,1.0,5.0
15570,6,25,9311.04,,,,matched fuzzy dense-rank,5.0,2.0,5.0
15571,11,14,4051.63,,,,matched fuzzy dense-rank,5.0,1.0,5.0
15572,4,10,4068.67,,,,matched fuzzy dense-rank,5.0,1.0,5.0
15573,31,5,1207.18,,,,matched fuzzy dense-rank,5.0,1.0,3.0
15574,177,6,1518.7,,,,matched fuzzy dense-rank,4.0,1.0,4.0
15575,619,1,30.1,,,,matched fuzzy dense-rank,1.0,1.0,1.0
15576,37,1,940.6700000000001,,,,matched fuzzy dense-rank,5.0,1.0,3.0
15577,150,5,397.98,,,,matched fuzzy dense-rank,4.0,1.0,2.0
15578,161,1,127.1,,,,matched fuzzy dense-rank,4.0,1.0,1.0
15579,68,5,1302.5,,,,matched fuzzy dense-rank,5.0,1.0,4.0
15580,376,8,1381.19,,,,matched fuzzy dense-rank,3.0,1.0,4.0
15581,120,38,7794.59,,,,matched fuzzy dense-rank,5.0,3.0,5.0
15582,24,3,682.9100000000001,,,,matched fuzzy dense-rank,5.0,1.0,3.0
15583,375,1,107.86,,,,matched fuzzy dense-rank,3.0,1.0,1.0
15584,23,6,1277.5,,,,matched fuzzy dense-rank,5.0,1.0,4.0
15585,176,1,455.3,,,,matched fuzzy dense-rank,4.0,1.0,2.0
15586,592,3,1139.1,,,,matched fuzzy dense-rank,1.0,1.0,3.0
15587,49,7,1522.0800000000002,,,,matched fuzzy dense-rank,5.0,1.0,4.0
15588,677,1,579.6,,,,matched fuzzy dense-rank,1.0,1.0,2.0
15589,255,3,478.53000000000003,,,,matched fuzzy dense-rank,4.0,1.0,2.0
15590,381,5,1496.6,,,,matched fuzzy dense-rank,3.0,1.0,4.0
15591,582,3,217.9,,,,matched fuzzy dense-rank,1.0,1.0,1.0
15592,46,1,388.58,,,,matched fuzzy dense-rank,5.0,1.0,2.0
15593,70,1,199.8,,,,matched fuzzy dense-rank,5.0,1.0,1.0
15594,15,5,1771.78,,,,matched fuzzy dense-rank,5.0,1.0,4.0
15595,487,1,357.6,,,,matched fuzzy dense-rank,2.0,1.0,2.0
15596,100,9,3130.04,,,,matched fuzzy dense-rank,5.0,1.0,5.0
15597,34,2,563.37,,,,matched fuzzy dense-rank,5.0,1.0,2.0
15598,52,2,548.02,,,,matched fuzzy dense-rank,5.0,1.0,2.0
15599,26,3,1250.06,,,,matched fuzzy dense-rank,5.0,1.0,3.0
15600,427,4,1199.31,,,,matched fuzzy dense-rank,3.0,1.0,3.0
15601,10,30,14960.12,,,,matched fuzzy dense-rank,5.0,2.0,5.0
15602,7,16,3230.51,,,,matched fuzzy dense-rank,5.0,1.0,5.0
15603,78,2,88.48,,,,matched fuzzy dense-rank,5.0,1.0,1.0
15604,51,1,216.39,,,,matched fuzzy dense-rank,5.0,1.0,1.0
15605,35,9,1936.8,,,,matched fuzzy dense-rank,5.0,1.0,4.0
15606,60,17,5230.99,,,,matched fuzzy dense-rank,5.0,1.0,5.0
15607,336,9,1708.97,,,,matched fuzzy dense-rank,3.0,1.0,4.0
15608,27,5,1785.98,,,,matched fuzzy dense-rank,5.0,1.0,4.0
15609,183,1,298.48,,,,matched fuzzy dense-rank,4.0,1.0,1.0
15610,51,1,112.46000000000001,,,,matched fuzzy dense-rank,5.0,1.0,1.0
15611,9,26,2997.28,,,,matched fuzzy dense-rank,5.0,2.0,4.0
15612,35,2,195.15,,,,matched fuzzy dense-rank,5.0,1.0,1.0
15613,609,1,433.71999999999997,,,,matched fuzzy dense-rank,1.0,1.0,2.0
15614,437,4,3147.36,,,,matched fuzzy dense-rank,2.0,1.0,5.0
15615,9,47,21373.97,,,,matched fuzzy dense-rank,5.0,3.0,5.0
15616,437,1,317.11,,,,matched fuzzy dense-rank,2.0,1.0,2.0
15617,395,3,828.5500000000001,,,,matched fuzzy dense-rank,3.0,1.0,3.0
15618,32,4,776.851,,,,matched fuzzy dense-rank,5.0,1.0,3.0
15619,10,1,336.40000000000003,,,,matched fuzzy dense-rank,5.0,1.0,2.0
15620,56,4,1942.36,,,,matched fuzzy dense-rank,5.0,1.0,4.0
15621,3,4,1293.03,,,,matched fuzzy dense-rank,5.0,1.0,4.0
15622,42,17,7852.61,,,,matched fuzzy dense-rank,5.0,1.0,5.0
15623,140,8,2437.05,,,,matched fuzzy dense-rank,4.0,1.0,4.0
15624,116,4,588.13,,,,matched fuzzy dense-rank,5.0,1.0,2.0
15625,103,9,3236.4,,,,matched fuzzy dense-rank,5.0,1.0,5.0
15626,74,3,1067.52,,,,matched fuzzy dense-rank,5.0,1.0,3.0
15627,456,2,566.9,,,,matched fuzzy dense-rank,2.0,1.0,2.0
15628,4,17,5652.26,,,,matched fuzzy dense-rank,5.0,1.0,5.0
15629,449,4,2240.9,,,,matched fuzzy dense-rank,2.0,1.0,4.0
15630,44,3,1481.4,,,,matched fuzzy dense-rank,5.0,1.0,4.0
15631,641,1,596.67,,,,matched fuzzy dense-rank,1.0,1.0,2.0
15632,15,8,3285.31,,,,matched fuzzy dense-rank,5.0,1.0,5.0
15633,508,13,4352.46,,,,matched fuzzy dense-rank,2.0,1.0,5.0
15634,16,2,554.65,,,,matched fuzzy dense-rank,5.0,1.0,2.0
15635,395,1,100.35,,,,matched fuzzy dense-rank,3.0,1.0,1.0
15636,89,4,1444.58,,,,matched fuzzy dense-rank,5.0,1.0,4.0
15637,52,5,797.59,,,,matched fuzzy dense-rank,5.0,1.0,3.0
15638,378,6,2265.2,,,,matched fuzzy dense-rank,3.0,1.0,4.0
15639,133,3,1065.08,,,,matched fuzzy dense-rank,5.0,1.0,3.0
15640,3,29,23957.58,,,,matched fuzzy dense-rank,5.0,2.0,5.0
15641,104,12,5345.55,,,,matched fuzzy dense-rank,5.0,1.0,5.0
15642,729,1,105.78000000000002,,,,matched fuzzy dense-rank,1.0,1.0,1.0
15643,191,3,664.0,,,,matched fuzzy dense-rank,4.0,1.0,3.0
15644,165,4,813.0,,,,matched fuzzy dense-rank,4.0,1.0,3.0
15645,18,3,1055.17,,,,matched fuzzy dense-rank,5.0,1.0,3.0
15646,157,5,974.61,,,,matched fuzzy dense-rank,4.0,1.0,3.0
15647,414,1,169.0,,,,matched fuzzy dense-rank,3.0,1.0,1.0
15648,203,2,657.35,,,,matched fuzzy dense-rank,4.0,1.0,3.0
15649,335,4,2170.35,,,,matched fuzzy dense-rank,3.0,1.0,4.0
15650,521,2,553.88,,,,matched fuzzy dense-rank,2.0,1.0,2.0
15651,36,5,1259.06,,,,matched fuzzy dense-rank,5.0,1.0,3.0
15652,90,5,1420.34,,,,matched fuzzy dense-rank,5.0,1.0,4.0
15653,92,2,877.4399999999999,,,,matched fuzzy dense-rank,5.0,1.0,3.0
15654,8,2,922.53,,,,matched fuzzy dense-rank,5.0,1.0,3.0
15655,242,1,560.67,,,,matched fuzzy dense-rank,4.0,1.0,2.0
15656,44,4,748.5,,,,matched fuzzy dense-rank,5.0,1.0,3.0
15657,22,1,30.0,,,,matched fuzzy dense-rank,5.0,1.0,1.0
15658,189,8,2423.4700000000003,,,,matched fuzzy dense-rank,4.0,1.0,4.0
15659,43,3,532.49,,,,matched fuzzy dense-rank,5.0,1.0,2.0
15660,24,15,2812.99,,,,matched fuzzy dense-rank,5.0,1.0,4.0
15661,316,8,1215.95,,,,matched fuzzy dense-rank,3.0,1.0,3.0
15662,660,2,283.73,,,,matched fuzzy dense-rank,1.0,1.0,1.0
15663,105,1,138.14,,,,matched fuzzy dense-rank,5.0,1.0,1.0
15664,50,4,1254.03,,,,matched fuzzy dense-rank,5.0,1.0,3.0
15665,167,5,4015.12,,,,matched fuzzy dense-rank,4.0,1.0,5.0
15666,471,2,632.9399999999999,,,,matched fuzzy dense-rank,2.0,1.0,2.0
15667,39,1,301.32,,,,matched fuzzy dense-rank,5.0,1.0,2.0
15668,217,1,76.32000000000001,,,,matched fuzzy dense-rank,4.0,1.0,1.0
15669,39,4,684.34,,,,matched fuzzy dense-rank,5.0,1.0,3.0
15670,296,2,325.2,,,,matched fuzzy dense-rank,3.0,1.0,2.0
15671,18,7,2657.13,,,,matched fuzzy dense-rank,5.0,1.0,4.0
15672,724,1,45.300000000000004,,,,matched fuzzy dense-rank,1.0,1.0,1.0
15673,87,9,6414.79,,,,matched fuzzy dense-rank,5.0,1.0,5.0
15674,72,13,6948.2300000000005,,,,matched fuzzy dense-rank,5.0,1.0,5.0
15675,80,4,542.04,,,,matched fuzzy dense-rank,5.0,1.0,2.0
15676,18,3,3435.76,,,,matched fuzzy dense-rank,5.0,1.0,5.0
15677,48,3,1305.63,,,,matched fuzzy dense-rank,5.0,1.0,4.0
15678,52,3,1893.89,,,,matched fuzzy dense-rank,5.0,1.0,4.0
15679,23,4,781.28,,,,matched fuzzy dense-rank,5.0,1.0,3.0
15680,8,10,4507.58,,,,matched fuzzy dense-rank,5.0,1.0,5.0
15681,24,14,2989.7,,,,matched fuzzy dense-rank,5.0,1.0,4.0
15682,598,2,318.24,,,,matched fuzzy dense-rank,1.0,1.0,2.0
15683,116,2,524.54,,,,matched fuzzy dense-rank,5.0,1.0,2.0
15684,546,3,173.95,,,,matched fuzzy dense-rank,2.0,1.0,1.0
15685,449,1,55.980000000000004,,,,matched fuzzy dense-rank,2.0,1.0,1.0
15686,419,1,90.0,,,,matched fuzzy dense-rank,3.0,1.0,1.0
15687,8,9,2993.1,,,,matched fuzzy dense-rank,5.0,1.0,4.0
15688,418,1,190.57,,,,matched fuzzy dense-rank,3.0,1.0,1.0
15689,119,3,521.03,,,,matched fuzzy dense-rank,5.0,1.0,2.0
15690,3,2,239.76,,,,matched fuzzy dense-rank,5.0,1.0,1.0
15691,251,4,571.3,,,,matched fuzzy dense-rank,4.0,1.0,2.0
15692,27,1,191.04,,,,matched fuzzy dense-rank,5.0,1.0,1.0
15693,658,1,37.5,,,,matched fuzzy dense-rank,1.0,1.0,1.0
15694,0,24,10810.81,,,,matched fuzzy dense-rank,5.0,2.0,5.0
15695,266,4,1131.04,,,,matched fuzzy dense-rank,4.0,1.0,3.0
15696,32,13,3906.57,,,,matched fuzzy dense-rank,5.0,1.0,5.0
15697,689,1,246.75,,,,matched fuzzy dense-rank,1.0,1.0,1.0
15698,623,1,46.2,,,,matched fuzzy dense-rank,1.0,1.0,1.0
15699,17,1,309.65,,,,matched fuzzy dense-rank,5.0,1.0,2.0
15700,171,2,696.68,,,,matched fuzzy dense-rank,4.0,1.0,3.0
15701,1,4,1542.14,,,,matched fuzzy dense-rank,5.0,1.0,4.0
15702,475,2,140.39000000000001,,,,matched fuzzy dense-rank,2.0,1.0,1.0
15703,264,1,211.5,,,,matched fuzzy dense-rank,4.0,1.0,1.0
15704,139,6,3817.96,,,,matched fuzzy dense-rank,4.0,1.0,5.0
15705,200,1,143.1,,,,matched fuzzy dense-rank,4.0,1.0,1.0
15706,63,4,1060.56,,,,matched fuzzy dense-rank,5.0,1.0,3.0
15707,34,4,945.58,,,,matched fuzzy dense-rank,5.0,1.0,3.0
15708,40,9,4378.72,,,,matched fuzzy dense-rank,5.0,1.0,5.0
15709,283,2,327.85,,,,matched fuzzy dense-rank,3.0,1.0,2.0
15710,416,1,898.87,,,,matched fuzzy dense-rank,3.0,1.0,3.0
15711,556,2,420.25,,,,matched fuzzy dense-rank,2.0,1.0,2.0
15712,8,12,3472.4100000000003,,,,matched fuzzy dense-rank,5.0,1.0,5.0
15713,142,4,1010.79,,,,matched fuzzy dense-rank,4.0,1.0,3.0
15714,11,5,784.8100000000001,,,,matched fuzzy dense-rank,5.0,1.0,3.0
15715,555,5,658.02,,,,matched fuzzy dense-rank,2.0,1.0,3.0
15716,145,11,3056.81,,,,matched fuzzy dense-rank,4.0,1.0,5.0
15717,233,5,607.0,,,,matched fuzzy dense-rank,4.0,1.0,2.0
15718,539,1,293.79,,,,matched fuzzy dense-rank,2.0,1.0,1.0
15719,32,31,10223.06,,,,matched fuzzy dense-rank,5.0,2.0,5.0
15720,23,2,741.92,,,,matched fuzzy dense-rank,5.0,1.0,3.0
15721,11,1,507.08,,,,matched fuzzy dense-rank,5.0,1.0,2.0
15722,35,11,5258.1,,,,matched fuzzy dense-rank,5.0,1.0,5.0
15723,364,4,947.65,,,,matched fuzzy dense-rank,3.0,1.0,3.0
15724,200,3,310.85,,,,matched fuzzy dense-rank,4.0,1.0,2.0
15725,14,1,415.25,,,,matched fuzzy dense-rank,5.0,1.0,2.0
15726,389,1,321.91,,,,matched fuzzy dense-rank,3.0,1.0,2.0
15727,16,15,9445.51,,,,matched fuzzy dense-rank,5.0,1.0,5.0
15728,379,2,544.6,,,,matched fuzzy dense-rank,3.0,1.0,2.0
15729,212,3,192.55,,,,matched fuzzy dense-rank,4.0,1.0,1.0
15730,65,5,1726.58,,,,matched fuzzy dense-rank,5.0,1.0,4.0
15731,553,1,125.3,,,,matched fuzzy dense-rank,2.0,1.0,1.0
15732,211,10,1682.07,,,,matched fuzzy dense-rank,4.0,1.0,4.0
15733,282,1,162.3,,,,matched fuzzy dense-rank,3.0,1.0,1.0
15734,114,4,2263.3,,,,matched fuzzy dense-rank,5.0,1.0,4.0
15735,420,1,327.68,,,,matched fuzzy dense-rank,3.0,1.0,2.0
15736,434,2,1815.72,,,,matched fuzzy dense-rank,2.0,1.0,4.0
15737,14,8,1205.1200000000001,,,,matched fuzzy dense-rank,5.0,1.0,3.0
15738,18,41,13372.970000000001,,,,matched fuzzy dense-rank,5.0,3.0,5.0
15739,65,1,449.12,,,,matched fuzzy dense-rank,5.0,1.0,2.0
15740,48,1,154.88,,,,matched fuzzy dense-rank,5.0,1.0,1.0
15741,457,2,208.62,,,,matched fuzzy dense-rank,2.0,1.0,1.0
15742,618,1,156.87,,,,matched fuzzy dense-rank,1.0,1.0,1.0
15743,15,4,784.46,,,,matched fuzzy dense-rank,5.0,1.0,3.0
15744,77,1,34.8,,,,matched fuzzy dense-rank,5.0,1.0,1.0
15745,18,4,1094.59,,,,matched fuzzy dense-rank,5.0,1.0,3.0
15746,133,1,196.88,,,,matched fuzzy dense-rank,5.0,1.0,1.0
15747,12,9,2562.61,,,,matched fuzzy dense-rank,5.0,1.0,4.0
15748,39,3,614.7600000000001,,,,matched fuzzy dense-rank,5.0,1.0,2.0
15749,234,3,44534.3,,,,matched fuzzy dense-rank,4.0,1.0,5.0
15750,2,18,6797.191,,,,matched fuzzy dense-rank,5.0,1.0,5.0
15751,460,11,1380.44,,,,matched fuzzy dense-rank,2.0,1.0,4.0
15752,39,9,4207.54,,,,matched fuzzy dense-rank,5.0,1.0,5.0
15753,304,1,79.2,,,,matched fuzzy dense-rank,3.0,1.0,1.0
15754,50,9,3037.61,,,,matched fuzzy dense-rank,5.0,1.0,5.0
15755,9,17,5993.12,,,,matched fuzzy dense-rank,5.0,1.0,5.0
15756,60,4,532.96,,,,matched fuzzy dense-rank,5.0,1.0,2.0
15757,65,6,2940.36,,,,matched fuzzy dense-rank,5.0,1.0,4.0
15758,24,1,205.25,,,,matched fuzzy dense-rank,5.0,1.0,1.0
15759,217,7,830.9300000000001,,,,matched fuzzy dense-rank,4.0,1.0,3.0
15760,630,2,13916.34,,,,matched fuzzy dense-rank,1.0,1.0,5.0
15761,442,1,143.05,,,,matched fuzzy dense-rank,2.0,1.0,1.0
15762,64,2,583.75,,,,matched fuzzy dense-rank,5.0,1.0,2.0
15763,31,2,1086.92,,,,matched fuzzy dense-rank,5.0,1.0,3.0
15764,87,8,4503.08,,,,matched fuzzy dense-rank,5.0,1.0,5.0
15765,666,1,370.63,,,,matched fuzzy dense-rank,1.0,1.0,2.0
15766,63,3,831.06,,,,matched fuzzy dense-rank,5.0,1.0,3.0
15768,115,34,15601.09,,,,matched fuzzy dense-rank,5.0,2.0,5.0
15769,6,46,88704.32,,,,matched fuzzy dense-rank,5.0,3.0,5.0
15770,612,1,321.45,,,,matched fuzzy dense-rank,1.0,1.0,2.0
15771,603,3,1006.54,,,,matched fuzzy dense-rank,1.0,1.0,3.0
15772,417,1,280.88,,,,matched fuzzy dense-rank,3.0,1.0,1.0
15773,5,2,774.52,,,,matched fuzzy dense-rank,5.0,1.0,3.0
15774,68,6,1329.94,,,,matched fuzzy dense-rank,5.0,1.0,4.0
15775,244,2,150.5,,,,matched fuzzy dense-rank,4.0,1.0,1.0
15776,132,1,241.62,,,,matched fuzzy dense-rank,5.0,1.0,1.0
15777,240,7,1762.61,,,,matched fuzzy dense-rank,4.0,1.0,4.0
15778,430,1,307.95,,,,matched fuzzy dense-rank,2.0,1.0,2.0
15779,462,2,124.08000000000001,,,,matched fuzzy dense-rank,2.0,1.0,1.0
15780,183,3,475.28000000000003,,,,matched fuzzy dense-rank,4.0,1.0,2.0
15781,24,3,345.46,,,,matched fuzzy dense-rank,5.0,1.0,2.0
15782,9,4,4014.1,,,,matched fuzzy dense-rank,5.0,1.0,5.0
15783,10,1,246.3,,,,matched fuzzy dense-rank,5.0,1.0,1.0
15784,467,2,848.3299999999999,,,,matched fuzzy dense-rank,2.0,1.0,3.0
15785,32,16,5969.93,,,,matched fuzzy dense-rank,5.0,1.0,5.0
15786,45,5,8514.82,,,,matched fuzzy dense-rank,5.0,1.0,5.0
15787,25,3,948.05,,,,matched fuzzy dense-rank,5.0,1.0,3.0
15788,508,1,221.82999999999998,,,,matched fuzzy dense-rank,2.0,1.0,1.0
15789,357,6,1962.01,,,,matched fuzzy dense-rank,3.0,1.0,4.0
15790,9,1,220.85,,,,matched fuzzy dense-rank,5.0,1.0,1.0
15791,43,5,3608.34,,,,matched fuzzy dense-rank,5.0,1.0,5.0
15792,399,2,933.84,,,,matched fuzzy dense-rank,3.0,1.0,3.0
15793,14,8,2399.57,,,,matched fuzzy dense-rank,5.0,1.0,4.0
15794,735,2,777.0,,,,matched fuzzy dense-rank,1.0,1.0,3.0
15795,149,8,1979.8700000000001,,,,matched fuzzy dense-rank,4.0,1.0,4.0
15796,0,17,5175.83,,,,matched fuzzy dense-rank,5.0,1.0,5.0
15797,112,6,2821.08,,,,matched fuzzy dense-rank,5.0,1.0,4.0
15798,492,3,1535.37,,,,matched fuzzy dense-rank,2.0,1.0,4.0
15799,75,4,1424.29,,,,matched fuzzy dense-rank,5.0,1.0,4.0
15800,106,7,1242.58,,,,matched fuzzy dense-rank,5.0,1.0,3.0
15801,45,3,1063.95,,,,matched fuzzy dense-rank,5.0,1.0,3.0
15802,142,1,451.42,,,,matched fuzzy dense-rank,4.0,1.0,2.0
15803,50,4,1929.66,,,,matched fuzzy dense-rank,5.0,1.0,4.0
15804,0,13,4206.39,,,,matched fuzzy dense-rank,5.0,1.0,5.0
15805,22,30,10189.23,,,,matched fuzzy dense-rank,5.0,2.0,5.0
15806,45,3,784.58,,,,matched fuzzy dense-rank,5.0,1.0,3.0
15807,49,5,1817.52,,,,matched fuzzy dense-rank,5.0,1.0,4.0
15808,305,21,18409.93,,,,matched fuzzy dense-rank,3.0,2.0,5.0
15809,35,7,1274.44,,,,matched fuzzy dense-rank,5.0,1.0,4.0
15810,78,8,2999.04,,,,matched fuzzy dense-rank,5.0,1.0,4.0
15811,21,7,3890.52,,,,matched fuzzy dense-rank,5.0,1.0,5.0
15812,106,12,5201.47,,,,matched fuzzy dense-rank,5.0,1.0,5.0
15813,207,2,1303.9099999999999,,,,matched fuzzy dense-rank,4.0,1.0,4.0
15814,16,6,2634.44,,,,matched fuzzy dense-rank,5.0,1.0,4.0
15815,63,5,2100.6,,,,matched fuzzy dense-rank,5.0,1.0,4.0
15816,541,2,144.14999999999998,,,,matched fuzzy dense-rank,2.0,1.0,1.0
15817,420,3,2766.4,,,,matched fuzzy dense-rank,3.0,1.0,4.0
15818,587,1,340.5,,,,matched fuzzy dense-rank,1.0,1.0,2.0
15819,48,10,3934.79,,,,matched fuzzy dense-rank,5.0,1.0,5.0
15820,319,1,206.98,,,,matched fuzzy dense-rank,3.0,1.0,1.0
15821,43,2,570.96,,,,matched fuzzy dense-rank,5.0,1.0,2.0
15822,2,6,1840.06,,,,matched fuzzy dense-rank,5.0,1.0,4.0
15823,371,3,3897.17,,,,matched fuzzy dense-rank,3.0,1.0,5.0
15824,452,2,890.94,,,,matched fuzzy dense-rank,2.0,1.0,3.0
15825,171,1,532.94,,,,matched fuzzy dense-rank,4.0,1.0,2.0
15826,55,4,2598.28,,,,matched fuzzy dense-rank,5.0,1.0,4.0
15827,72,28,3794.07,,,,matched fuzzy dense-rank,5.0,2.0,5.0
15828,374,1,1108.82,,,,matched fuzzy dense-rank,3.0,1.0,3.0
15829,98,2,636.14,,,,matched fuzzy dense-rank,5.0,1.0,3.0
15830,37,1,576.0,,,,matched fuzzy dense-rank,5.0,1.0,2.0
15831,57,3,801.76,,,,matched fuzzy dense-rank,5.0,1.0,3.0
15832,253,1,836.79,,,,matched fuzzy dense-rank,4.0,1.0,3.0
15833,737,1,80.4,,,,matched fuzzy dense-rank,1.0,1.0,1.0
15834,69,7,3772.9900000000002,,,,matched fuzzy dense-rank,5.0,1.0,5.0
15835,43,4,954.09,,,,matched fuzzy dense-rank,5.0,1.0,3.0
15836,49,1,137.37,,,,matched fuzzy dense-rank,5.0,1.0,1.0
15837,64,2,777.01,,,,matched fuzzy dense-rank,5.0,1.0,3.0
15838,10,34,74163.0,,,,matched fuzzy dense-rank,5.0,2.0,5.0
15839,32,3,1048.49,,,,matched fuzzy dense-rank,5.0,1.0,3.0
15840,58,2,355.56,,,,matched fuzzy dense-rank,5.0,1.0,2.0
15841,72,9,2742.41,,,,matched fuzzy dense-rank,5.0,1.0,4.0
15842,392,2,548.8,,,,matched fuzzy dense-rank,3.0,1.0,2.0
15843,303,1,118.95000000000002,,,,matched fuzzy dense-rank,3.0,1.0,1.0
15844,45,1,130.73999999999998,,,,matched fuzzy dense-rank,5.0,1.0,1.0
15845,17,11,4426.28,,,,matched fuzzy dense-rank,5.0,1.0,5.0
15846,384,1,107.01,,,,matched fuzzy dense-rank,3.0,1.0,1.0
15847,37,5,822.57,,,,matched fuzzy dense-rank,5.0,1.0,3.0
15848,621,1,139.94,,,,matched fuzzy dense-rank,1.0,1.0,1.0
15850,18,6,1058.72,,,,matched fuzzy dense-rank,5.0,1.0,3.0
15851,526,1,109.73,,,,matched fuzzy dense-rank,2.0,1.0,1.0
15852,186,3,257.26,,,,matched fuzzy dense-rank,4.0,1.0,1.0
15853,51,1,110.8,,,,matched fuzzy dense-rank,5.0,1.0,1.0
15854,3,21,5583.81,,,,matched fuzzy dense-rank,5.0,2.0,5.0
15855,136,6,1052.72,,,,matched fuzzy dense-rank,4.0,1.0,3.0
15856,3,52,34220.340000000004,,,,matched fuzzy dense-rank,5.0,3.0,5.0
15857,18,2,570.48,,,,matched fuzzy dense-rank,5.0,1.0,2.0
15858,15,13,3960.37,,,,matched fuzzy dense-rank,5.0,1.0,5.0
15859,431,1,438.46,,,,matched fuzzy dense-rank,2.0,1.0,2.0
15860,40,17,2505.21,,,,matched fuzzy dense-rank,5.0,1.0,4.0
15861,11,12,4401.79,,,,matched fuzzy dense-rank,5.0,1.0,5.0
15862,7,13,2928.29,,,,matched fuzzy dense-rank,5.0,1.0,4.0
15863,25,5,358.7,,,,matched fuzzy dense-rank,5.0,1.0,2.0
15864,21,7,2180.76,,,,matched fuzzy dense-rank,5.0,1.0,4.0
15865,40,5,2248.92,,,,matched fuzzy dense-rank,5.0,1.0,4.0
15866,100,1,230.53,,,,matched fuzzy dense-rank,5.0,1.0,1.0
15867,4,31,9063.95,,,,matched fuzzy dense-rank,5.0,2.0,5.0
15868,582,1,94.53,,,,matched fuzzy dense-rank,1.0,1.0,1.0
15869,276,3,323.65999999999997,,,,matched fuzzy dense-rank,4.0,1.0,2.0
15870,32,4,862.61,,,,matched fuzzy dense-rank,5.0,1.0,3.0
15871,436,1,33.099999999999994,,,,matched fuzzy dense-rank,2.0,1.0,1.0
15872,14,4,795.68,,,,matched fuzzy dense-rank,5.0,1.0,3.0
15873,499,4,313.91999999999996,,,,matched fuzzy dense-rank,2.0,1.0,2.0
15874,63,21,11284.76,,,,matched fuzzy dense-rank,5.0,2.0,5.0
15875,645,1,111.72,,,,matched fuzzy dense-rank,1.0,1.0,1.0
15876,408,2,1449.1399999999999,,,,matched fuzzy dense-rank,3.0,1.0,4.0
15877,1,2,493.28,,,,matched fuzzy dense-rank,5.0,1.0,2.0
15878,561,2,330.77,,,,matched fuzzy dense-rank,2.0,1.0,2.0
15879,403,4,1157.3,,,,matched fuzzy dense-rank,3.0,1.0,3.0
15880,368,1,686.5600000000001,,,,matched fuzzy dense-rank,3.0,1.0,3.0
15881,311,5,501.39000000000004,,,,matched fuzzy dense-rank,3.0,1.0,2.0
15882,198,8,1495.98,,,,matched fuzzy dense-rank,4.0,1.0,4.0
15883,1,2,396.48,,,,matched fuzzy dense-rank,5.0,1.0,2.0
15884,431,2,249.70000000000002,,,,matched fuzzy dense-rank,2.0,1.0,1.0
15885,92,15,1951.82,,,,matched fuzzy dense-rank,5.0,1.0,4.0
15886,59,4,1052.8700000000001,,,,matched fuzzy dense-rank,5.0,1.0,3.0
15887,406,3,1027.15,,,,matched fuzzy dense-rank,3.0,1.0,3.0
15888,80,3,429.16,,,,matched fuzzy dense-rank,5.0,1.0,2.0
15889,156,8,1806.28,,,,matched fuzzy dense-rank,4.0,1.0,4.0
15890,394,5,535.65,,,,matched fuzzy dense-rank,3.0,1.0,2.0
15891,226,1,524.52,,,,matched fuzzy dense-rank,4.0,1.0,2.0
15892,668,1,128.2,,,,matched fuzzy dense-rank,1.0,1.0,1.0
15893,481,1,305.28000000000003,,,,matched fuzzy dense-rank,2.0,1.0,2.0
15894,252,2,420.29,,,,matched fuzzy dense-rank,4.0,1.0,2.0
15895,149,1,179.17,,,,matched fuzzy dense-rank,4.0,1.0,1.0
15897,193,2,222.05,,,,matched fuzzy dense-rank,4.0,1.0,1.0
15898,0,25,5596.31,,,,matched fuzzy dense-rank,5.0,2.0,5.0
15899,368,1,112.5,,,,matched fuzzy dense-rank,3.0,1.0,1.0
15900,23,4,900.4,,,,matched fuzzy dense-rank,5.0,1.0,3.0
15901,16,7,703.22,,,,matched fuzzy dense-rank,5.0,1.0,3.0
15902,379,1,145.01,,,,matched fuzzy dense-rank,3.0,1.0,1.0
15903,9,12,8939.84,,,,matched fuzzy dense-rank,5.0,1.0,5.0
15904,7,1,164.68,,,,matched fuzzy dense-rank,5.0,1.0,1.0
15905,542,1,114.69,,,,matched fuzzy dense-rank,2.0,1.0,1.0
15906,19,10,2555.64,,,,matched fuzzy dense-rank,5.0,1.0,4.0
15907,3,3,967.45,,,,matched fuzzy dense-rank,5.0,1.0,3.0
15908,490,2,764.57,,,,matched fuzzy dense-rank,2.0,1.0,3.0
15909,173,1,191.94,,,,matched fuzzy dense-rank,4.0,1.0,1.0
15910,0,15,2681.8,,,,matched fuzzy dense-rank,5.0,1.0,4.0
15911,623,8,1702.34,,,,matched fuzzy dense-rank,1.0,1.0,4.0
15912,177,9,1074.7,,,,matched fuzzy dense-rank,4.0,1.0,3.0
15913,533,1,6.300000000000001,,,,matched fuzzy dense-rank,2.0,1.0,1.0
15914,377,2,205.99,,,,matched fuzzy dense-rank,3.0,1.0,1.0
15915,401,1,429.21,,,,matched fuzzy dense-rank,3.0,1.0,2.0
15916,15,13,3427.17,,,,matched fuzzy dense-rank,5.0,1.0,5.0
15917,247,5,560.63,,,,matched fuzzy dense-rank,4.0,1.0,2.0
15918,190,3,582.88,,,,matched fuzzy dense-rank,4.0,1.0,2.0
15919,19,2,910.61,,,,matched fuzzy dense-rank,5.0,1.0,3.0
15920,153,9,571.64,,,,matched fuzzy dense-rank,4.0,1.0,2.0
15921,172,4,802.11,,,,matched fuzzy dense-rank,4.0,1.0,3.0
15922,372,1,739.0,,,,matched fuzzy dense-rank,3.0,1.0,3.0
15923,372,1,254.16,,,,matched fuzzy dense-rank,3.0,1.0,1.0
15924,730,1,102.82,,,,matched fuzzy dense-rank,1.0,1.0,1.0
15925,193,1,207.15,,,,matched fuzzy dense-rank,4.0,1.0,1.0
15926,541,1,134.44,,,,matched fuzzy dense-rank,2.0,1.0,1.0
15927,646,1,123.39,,,,matched fuzzy dense-rank,1.0,1.0,1.0
15928,655,1,293.53,,,,matched fuzzy dense-rank,1.0,1.0,1.0
15929,643,1,594.0,,,,matched fuzzy dense-rank,1.0,1.0,2.0
15930,66,1,426.63,,,,matched fuzzy dense-rank,5.0,1.0,2.0
15931,427,1,239.9,,,,matched fuzzy dense-rank,3.0,1.0,1.0
15932,3,8,2495.87,,,,matched fuzzy dense-rank,5.0,1.0,4.0
15933,20,3,1107.46,,,,matched fuzzy dense-rank,5.0,1.0,3.0
15934,417,2,2190.66,,,,matched fuzzy dense-rank,3.0,1.0,4.0
15935,238,2,416.86,,,,matched fuzzy dense-rank,4.0,1.0,2.0
15936,378,2,282.79,,,,matched fuzzy dense-rank,3.0,1.0,1.0
15937,63,1,145.35,,,,matched fuzzy dense-rank,5.0,1.0,1.0
15938,111,9,734.81,,,,matched fuzzy dense-rank,5.0,1.0,3.0
15939,89,16,9060.39,,,,matched fuzzy dense-rank,5.0,1.0,5.0
15940,310,1,35.8,,,,matched fuzzy dense-rank,3.0,1.0,1.0
15941,636,1,405.0,,,,matched fuzzy dense-rank,1.0,1.0,2.0
15942,133,1,337.44,,,,matched fuzzy dense-rank,5.0,1.0,2.0
15943,649,2,271.28999999999996,,,,matched fuzzy dense-rank,1.0,1.0,1.0
15944,276,4,2164.24,,,,matched fuzzy dense-rank,4.0,1.0,4.0
15945,364,4,827.27,,,,matched fuzzy dense-rank,3.0,1.0,3.0
15946,502,3,2304.18,,,,matched fuzzy dense-rank,2.0,1.0,4.0
15947,82,1,1708.24,,,,matched fuzzy dense-rank,5.0,1.0,4.0
15948,7,3,1509.0900000000001,,,,matched fuzzy dense-rank,5.0,1.0,4.0
15949,16,2,364.72,,,,matched fuzzy dense-rank,5.0,1.0,2.0
15950,31,10,7180.71,,,,matched fuzzy dense-rank,5.0,1.0,5.0
15951,8,3,1013.17,,,,matched fuzzy dense-rank,5.0,1.0,3.0
15952,33,4,806.57,,,,matched fuzzy dense-rank,5.0,1.0,3.0
15953,14,18,3669.5499999999997,,,,matched fuzzy dense-rank,5.0,1.0,5.0
15954,588,1,190.75,,,,matched fuzzy dense-rank,1.0,1.0,1.0
15955,23,22,8658.36,,,,matched fuzzy dense-rank,5.0,2.0,5.0
15956,550,2,617.6,,,,matched fuzzy dense-rank,2.0,1.0,2.0
15957,31,3,930.1,,,,matched fuzzy dense-rank,5.0,1.0,3.0
15958,73,4,492.99,,,,matched fuzzy dense-rank,5.0,1.0,2.0
15959,681,3,579.49,,,,matched fuzzy dense-rank,1.0,1.0,2.0
15960,373,4,410.95,,,,matched fuzzy dense-rank,3.0,1.0,2.0
15961,378,1,451.28999999999996,,,,matched fuzzy dense-rank,3.0,1.0,2.0
15962,448,1,295.83,,,,matched fuzzy dense-rank,2.0,1.0,1.0
15963,19,2,470.76,,,,matched fuzzy dense-rank,5.0,1.0,2.0
15964,662,1,272.96000000000004,,,,matched fuzzy dense-rank,1.0,1.0,1.0
15965,16,13,3013.09,,,,matched fuzzy dense-rank,5.0,1.0,5.0
15966,450,1,426.53000000000003,,,,matched fuzzy dense-rank,2.0,1.0,2.0
15967,22,12,3041.6,,,,matched fuzzy dense-rank,5.0,1.0,5.0
15968,387,1,418.05,,,,matched fuzzy dense-rank,3.0,1.0,2.0
15969,2,5,1127.05,,,,matched fuzzy dense-rank,5.0,1.0,3.0
15970,303,2,1017.32,,,,matched fuzzy dense-rank,3.0,1.0,3.0
15971,17,18,5902.83,,,,matched fuzzy dense-rank,5.0,1.0,5.0
15972,455,5,1810.27,,,,matched fuzzy dense-rank,2.0,1.0,4.0
15973,366,3,988.44,,,,matched fuzzy dense-rank,3.0,1.0,3.0
15974,38,7,3442.15,,,,matched fuzzy dense-rank,5.0,1.0,5.0
15975,83,1,371.01,,,,matched fuzzy dense-rank,5.0,1.0,2.0
15976,164,6,1746.6399999999999,,,,matched fuzzy dense-rank,4.0,1.0,4.0
15977,16,2,1054.73,,,,matched fuzzy dense-rank,5.0,1.0,3.0
15978,76,3,3279.42,,,,matched fuzzy dense-rank,5.0,1.0,5.0
15979,602,1,329.22,,,,matched fuzzy dense-rank,1.0,1.0,2.0
15980,88,7,6593.68,,,,matched fuzzy dense-rank,5.0,1.0,5.0
15981,24,21,9362.77,,,,matched fuzzy dense-rank,5.0,2.0,5.0
15982,604,1,324.51,,,,matched fuzzy dense-rank,1.0,1.0,2.0
15983,21,8,3958.8199999999997,,,,matched fuzzy dense-rank,5.0,1.0,5.0
15984,2,30,8759.32,,,,matched fuzzy dense-rank,5.0,2.0,5.0
15985,122,7,2715.28,,,,matched fuzzy dense-rank,5.0,1.0,4.0
15986,29,2,354.42,,,,matched fuzzy dense-rank,5.0,1.0,2.0
15987,11,8,1682.13,,,,matched fuzzy dense-rank,5.0,1.0,4.0
15988,18,3,770.09,,,,matched fuzzy dense-rank,5.0,1.0,3.0
15989,375,2,372.51,,,,matched fuzzy dense-rank,3.0,1.0,2.0
15990,43,7,2010.05,,,,matched fuzzy dense-rank,5.0,1.0,4.0
15991,533,1,150.55,,,,matched fuzzy dense-rank,2.0,1.0,1.0
15992,3,3,896.6,,,,matched fuzzy dense-rank,5.0,1.0,3.0
15993,8,7,2797.57,,,,matched fuzzy dense-rank,5.0,1.0,4.0
15994,54,3,1202.18,,,,matched fuzzy dense-rank,5.0,1.0,3.0
15995,413,1,696.19,,,,matched fuzzy dense-rank,3.0,1.0,3.0
15996,87,7,1686.9,,,,matched fuzzy dense-rank,5.0,1.0,4.0
15998,36,16,8308.34,,,,matched fuzzy dense-rank,5.0,1.0,5.0
15999,735,1,20.4,,,,matched fuzzy dense-rank,1.0,1.0,1.0
16000,2,3,12393.7,,,,matched fuzzy dense-rank,5.0,1.0,5.0
16001,380,1,583.39,,,,matched fuzzy dense-rank,3.0,1.0,2.0
16002,624,1,169.21,,,,matched fuzzy dense-rank,1.0,1.0,1.0
16003,29,10,5613.83,,,,matched fuzzy dense-rank,5.0,1.0,5.0
16004,474,5,2146.39,,,,matched fuzzy dense-rank,2.0,1.0,4.0
16005,11,10,2436.22,,,,matched fuzzy dense-rank,5.0,1.0,4.0
16006,210,2,347.17,,,,matched fuzzy dense-rank,4.0,1.0,2.0
16007,47,7,3075.14,,,,matched fuzzy dense-rank,5.0,1.0,5.0
16008,23,15,5384.13,,,,matched fuzzy dense-rank,5.0,1.0,5.0
16009,21,4,992.71,,,,matched fuzzy dense-rank,5.0,1.0,3.0
16010,245,11,1724.06,,,,matched fuzzy dense-rank,4.0,1.0,4.0
16011,7,29,5880.46,,,,matched fuzzy dense-rank,5.0,2.0,5.0
16012,34,5,2989.79,,,,matched fuzzy dense-rank,5.0,1.0,4.0
16013,3,84,57446.44,,,,matched fuzzy dense-rank,5.0,4.0,5.0
16014,37,5,1130.27,,,,matched fuzzy dense-rank,5.0,1.0,3.0
16015,3,3,705.39,,,,matched fuzzy dense-rank,5.0,1.0,3.0
16016,2,11,2533.94,,,,matched fuzzy dense-rank,5.0,1.0,4.0
16017,46,5,1553.83,,,,matched fuzzy dense-rank,5.0,1.0,4.0
16018,38,4,698.13,,,,matched fuzzy dense-rank,5.0,1.0,3.0
16019,46,27,17465.85,,,,matched fuzzy dense-rank,5.0,2.0,5.0
16020,16,3,851.01,,,,matched fuzzy dense-rank,5.0,1.0,3.0
16021,394,2,532.25,,,,matched fuzzy dense-rank,3.0,1.0,2.0
16022,259,1,628.28,,,,matched fuzzy dense-rank,4.0,1.0,2.0
16023,45,3,719.81,,,,matched fuzzy dense-rank,5.0,1.0,3.0
16024,11,3,484.2,,,,matched fuzzy dense-rank,5.0,1.0,2.0
16025,29,1,439.65999999999997,,,,matched fuzzy dense-rank,5.0,1.0,2.0
16026,42,1,236.09,,,,matched fuzzy dense-rank,5.0,1.0,1.0
16027,91,15,2048.36,,,,matched fuzzy dense-rank,5.0,1.0,4.0
16028,595,1,82.2,,,,matched fuzzy dense-rank,1.0,1.0,1.0
16029,38,107,122209.14,,,,matched fuzzy dense-rank,5.0,5.0,5.0
16030,309,1,331.24,,,,matched fuzzy dense-rank,3.0,1.0,2.0
16031,91,2,548.94,,,,matched fuzzy dense-rank,5.0,1.0,2.0
16032,455,6,1970.45,,,,matched fuzzy dense-rank,2.0,1.0,4.0
16033,5,27,10836.13,,,,matched fuzzy dense-rank,5.0,2.0,5.0
16034,195,6,928.72,,,,matched fuzzy dense-rank,4.0,1.0,3.0
16035,559,1,217.73,,,,matched fuzzy dense-rank,2.0,1.0,1.0
16036,86,4,2556.84,,,,matched fuzzy dense-rank,5.0,1.0,4.0
16037,269,5,1509.34,,,,matched fuzzy dense-rank,4.0,1.0,4.0
16038,7,3,471.78000000000003,,,,matched fuzzy dense-rank,5.0,1.0,2.0
16039,423,2,456.4,,,,matched fuzzy dense-rank,3.0,1.0,2.0
16040,64,7,2416.9,,,,matched fuzzy dense-rank,5.0,1.0,4.0
16041,30,3,3166.4,,,,matched fuzzy dense-rank,5.0,1.0,5.0
16042,21,8,2265.12,,,,matched fuzzy dense-rank,5.0,1.0,4.0
16043,37,8,1856.5900000000001,,,,matched fuzzy dense-rank,5.0,1.0,4.0
16044,434,1,340.84000000000003,,,,matched fuzzy dense-rank,2.0,1.0,2.0
16045,119,8,3434.9300000000003,,,,matched fuzzy dense-rank,5.0,1.0,5.0
16046,561,1,235.78,,,,matched fuzzy dense-rank,2.0,1.0,1.0
16047,681,1,107.14,,,,matched fuzzy dense-rank,1.0,1.0,1.0
16048,372,4,1075.23,,,,matched fuzzy dense-rank,3.0,1.0,3.0
16049,39,6,1899.68,,,,matched fuzzy dense-rank,5.0,1.0,4.0
16050,173,3,300.7,,,,matched fuzzy dense-rank,4.0,1.0,2.0
16051,681,1,188.44,,,,matched fuzzy dense-rank,1.0,1.0,1.0
16052,53,1,362.06,,,,matched fuzzy dense-rank,5.0,1.0,2.0
16053,32,6,3634.84,,,,matched fuzzy dense-rank,5.0,1.0,5.0
16054,144,4,2111.88,,,,matched fuzzy dense-rank,4.0,1.0,4.0
16055,220,1,134.8,,,,matched fuzzy dense-rank,4.0,1.0,1.0
16056,44,1,664.85,,,,matched fuzzy dense-rank,5.0,1.0,3.0
16057,15,10,3854.85,,,,matched fuzzy dense-rank,5.0,1.0,5.0
16058,405,1,62.7,,,,matched fuzzy dense-rank,3.0,1.0,1.0
16059,65,12,3217.77,,,,matched fuzzy dense-rank,5.0,1.0,5.0
16060,400,3,541.95,,,,matched fuzzy dense-rank,3.0,1.0,2.0
16061,430,1,89.65,,,,matched fuzzy dense-rank,2.0,1.0,1.0
16062,9,8,2863.45,,,,matched fuzzy dense-rank,5.0,1.0,4.0
16063,259,1,335.32,,,,matched fuzzy dense-rank,4.0,1.0,2.0
16064,724,1,111.0,,,,matched fuzzy dense-rank,1.0,1.0,1.0
16065,364,8,2382.62,,,,matched fuzzy dense-rank,3.0,1.0,4.0
16066,16,5,1521.87,,,,matched fuzzy dense-rank,5.0,1.0,4.0
16067,562,3,3395.29,,,,matched fuzzy dense-rank,2.0,1.0,5.0
16068,593,1,122.93,,,,matched fuzzy dense-rank,1.0,1.0,1.0
16069,417,1,457.7,,,,matched fuzzy dense-rank,3.0,1.0,2.0
16070,21,2,852.15,,,,matched fuzzy dense-rank,5.0,1.0,3.0
16071,44,4,1076.8,,,,matched fuzzy dense-rank,5.0,1.0,3.0
16072,287,4,4328.89,,,,matched fuzzy dense-rank,3.0,1.0,5.0
16073,296,1,122.39999999999999,,,,matched fuzzy dense-rank,3.0,1.0,1.0
16074,389,1,265.25,,,,matched fuzzy dense-rank,3.0,1.0,1.0
16075,502,2,736.9300000000001,,,,matched fuzzy dense-rank,2.0,1.0,3.0
16076,2,10,2234.73,,,,matched fuzzy dense-rank,5.0,1.0,4.0
16077,625,1,2300.4,,,,matched fuzzy dense-rank,1.0,1.0,4.0
16078,283,2,362.99,,,,matched fuzzy dense-rank,3.0,1.0,2.0
16079,16,3,1352.0,,,,matched fuzzy dense-rank,5.0,1.0,4.0
16080,81,4,602.5600000000001,,,,matched fuzzy dense-rank,5.0,1.0,2.0
16081,55,8,4460.18,,,,matched fuzzy dense-rank,5.0,1.0,5.0
16082,669,1,106.75,,,,matched fuzzy dense-rank,1.0,1.0,1.0
16083,100,4,2351.42,,,,matched fuzzy dense-rank,5.0,1.0,4.0
16084,298,1,436.18,,,,matched fuzzy dense-rank,3.0,1.0,2.0
16085,22,12,2343.53,,,,matched fuzzy dense-rank,5.0,1.0,4.0
16086,58,10,2864.9900000000002,,,,matched fuzzy dense-rank,5.0,1.0,4.0
16087,388,5,1739.92,,,,matched fuzzy dense-rank,3.0,1.0,4.0
16088,575,2,1437.43,,,,matched fuzzy dense-rank,1.0,1.0,4.0
16089,385,2,271.44,,,,matched fuzzy dense-rank,3.0,1.0,1.0
16090,623,1,205.91,,,,matched fuzzy dense-rank,1.0,1.0,1.0
16091,154,2,315.06,,,,matched fuzzy dense-rank,4.0,1.0,2.0
16092,114,6,1587.94,,,,matched fuzzy dense-rank,5.0,1.0,4.0
16093,106,1,17.0,,,,matched fuzzy dense-rank,5.0,1.0,1.0
16094,11,11,3695.56,,,,matched fuzzy dense-rank,5.0,1.0,5.0
16095,455,1,447.05,,,,matched fuzzy dense-rank,2.0,1.0,2.0
16096,263,4,1584.97,,,,matched fuzzy dense-rank,4.0,1.0,4.0
16097,239,1,185.04999999999998,,,,matched fuzzy dense-rank,4.0,1.0,1.0
16098,87,14,4448.1,,,,matched fuzzy dense-rank,5.0,1.0,5.0
16099,49,7,1573.2,,,,matched fuzzy dense-rank,5.0,1.0,4.0
16100,462,1,582.64,,,,matched fuzzy dense-rank,2.0,1.0,2.0
16101,70,4,3229.16,,,,matched fuzzy dense-rank,5.0,1.0,5.0
16102,41,3,1842.14,,,,matched fuzzy dense-rank,5.0,1.0,4.0
16103,6,22,6191.71,,,,matched fuzzy dense-rank,5.0,2.0,5.0
16104,61,9,2778.61,,,,matched fuzzy dense-rank,5.0,1.0,4.0
16105,248,5,2386.19,,,,matched fuzzy dense-rank,4.0,1.0,4.0
16106,65,1,108.38,,,,matched fuzzy dense-rank,5.0,1.0,1.0
16107,17,7,3204.1600000000003,,,,matched fuzzy dense-rank,5.0,1.0,5.0
16108,84,4,2235.92,,,,matched fuzzy dense-rank,5.0,1.0,4.0
16109,218,3,939.48,,,,matched fuzzy dense-rank,4.0,1.0,3.0
16110,44,4,1819.27,,,,matched fuzzy dense-rank,5.0,1.0,4.0
16111,427,1,562.48,,,,matched fuzzy dense-rank,3.0,1.0,2.0
16112,142,4,195.73999999999998,,,,matched fuzzy dense-rank,4.0,1.0,1.0
16113,182,1,161.38,,,,matched fuzzy dense-rank,4.0,1.0,1.0
16114,170,1,135.75000000000003,,,,matched fuzzy dense-rank,4.0,1.0,1.0
16115,9,12,2575.14,,,,matched fuzzy dense-rank,5.0,1.0,4.0
16116,211,1,612.78,,,,matched fuzzy dense-rank,4.0,1.0,2.0
16117,189,3,654.4,,,,matched fuzzy dense-rank,4.0,1.0,3.0
16118,652,1,4376.25,,,,matched fuzzy dense-rank,1.0,1.0,5.0
16119,7,8,1720.81,,,,matched fuzzy dense-rank,5.0,1.0,4.0
16120,58,6,3056.91,,,,matched fuzzy dense-rank,5.0,1.0,5.0
16121,56,5,1477.09,,,,matched fuzzy dense-rank,5.0,1.0,4.0
16122,72,6,1001.34,,,,matched fuzzy dense-rank,5.0,1.0,3.0
16123,51,1,307.78,,,,matched fuzzy dense-rank,5.0,1.0,2.0
16124,316,4,1772.49,,,,matched fuzzy dense-rank,3.0,1.0,4.0
16125,366,14,4587.65,,,,matched fuzzy dense-rank,3.0,1.0,5.0
16126,28,15,14646.800000000001,,,,matched fuzzy dense-rank,5.0,1.0,5.0
16127,38,2,801.31,,,,matched fuzzy dense-rank,5.0,1.0,3.0
16128,17,11,3801.05,,,,matched fuzzy dense-rank,5.0,1.0,5.0
16129,406,3,1396.05,,,,matched fuzzy dense-rank,3.0,1.0,4.0
16130,421,4,987.48,,,,matched fuzzy dense-rank,3.0,1.0,3.0
16131,51,12,9957.42,,,,matched fuzzy dense-rank,5.0,1.0,5.0
16132,543,2,664.1999999999999,,,,matched fuzzy dense-rank,2.0,1.0,3.0
16133,3,56,22992.260000000002,,,,matched fuzzy dense-rank,5.0,3.0,5.0
16134,21,5,2145.34,,,,matched fuzzy dense-rank,5.0,1.0,4.0
16135,262,2,819.45,,,,matched fuzzy dense-rank,4.0,1.0,3.0
16136,59,4,946.8,,,,matched fuzzy dense-rank,5.0,1.0,3.0
16137,679,1,422.7,,,,matched fuzzy dense-rank,1.0,1.0,2.0
16138,378,3,910.35,,,,matched fuzzy dense-rank,3.0,1.0,3.0
16139,18,5,1111.15,,,,matched fuzzy dense-rank,5.0,1.0,3.0
16140,65,3,1557.6000000000001,,,,matched fuzzy dense-rank,5.0,1.0,4.0
16141,87,2,955.94,,,,matched fuzzy dense-rank,5.0,1.0,3.0
16142,249,1,535.34,,,,matched fuzzy dense-rank,4.0,1.0,2.0
16143,2,12,4910.83,,,,matched fuzzy dense-rank,5.0,1.0,5.0
16144,246,1,175.2,,,,matched fuzzy dense-rank,4.0,1.0,1.0
16145,8,19,6805.4400000000005,,,,matched fuzzy dense-rank,5.0,2.0,5.0
16146,156,4,946.38,,,,matched fuzzy dense-rank,4.0,1.0,3.0
16147,133,5,2398.91,,,,matched fuzzy dense-rank,5.0,1.0,4.0
16148,295,2,386.62,,,,matched fuzzy dense-rank,3.0,1.0,2.0
16149,4,3,422.22,,,,matched fuzzy dense-rank,5.0,1.0,2.0
16150,42,10,4395.59,,,,matched fuzzy dense-rank,5.0,1.0,5.0
16152,268,1,1829.04,,,,matched fuzzy dense-rank,4.0,1.0,4.0
16153,49,11,5133.49,,,,matched fuzzy dense-rank,5.0,1.0,5.0
16155,381,5,796.9,,,,matched fuzzy dense-rank,3.0,1.0,3.0
16156,8,20,6218.18,,,,matched fuzzy dense-rank,5.0,2.0,5.0
16157,15,3,656.69,,,,matched fuzzy dense-rank,5.0,1.0,3.0
16158,521,9,628.32,,,,matched fuzzy dense-rank,2.0,1.0,2.0
16159,281,4,1232.79,,,,matched fuzzy dense-rank,3.0,1.0,3.0
16160,64,2,1025.44,,,,matched fuzzy dense-rank,5.0,1.0,3.0
16161,1,43,12831.8,,,,matched fuzzy dense-rank,5.0,3.0,5.0
16162,251,1,37.4,,,,matched fuzzy dense-rank,4.0,1.0,1.0
16163,231,6,2849.58,,,,matched fuzzy dense-rank,4.0,1.0,4.0
16164,16,3,822.48,,,,matched fuzzy dense-rank,5.0,1.0,3.0
16165,504,1,79.9,,,,matched fuzzy dense-rank,2.0,1.0,1.0
16166,427,2,435.83,,,,matched fuzzy dense-rank,3.0,1.0,2.0
16167,413,5,1386.1200000000001,,,,matched fuzzy dense-rank,3.0,1.0,4.0
16168,10,66,10636.47,,,,matched fuzzy dense-rank,5.0,4.0,5.0
16169,7,4,1822.97,,,,matched fuzzy dense-rank,5.0,1.0,4.0
16170,50,20,6869.0,,,,matched fuzzy dense-rank,5.0,2.0,5.0
16171,58,1,73.2,,,,matched fuzzy dense-rank,5.0,1.0,1.0
16172,94,8,1884.55,,,,matched fuzzy dense-rank,5.0,1.0,4.0
16173,15,6,1418.32,,,,matched fuzzy dense-rank,5.0,1.0,4.0
16174,125,7,2246.75,,,,matched fuzzy dense-rank,5.0,1.0,4.0
16175,93,7,1836.44,,,,matched fuzzy dense-rank,5.0,1.0,4.0
16176,420,4,2052.69,,,,matched fuzzy dense-rank,3.0,1.0,4.0
16177,49,8,2247.31,,,,matched fuzzy dense-rank,5.0,1.0,4.0
16178,137,2,612.6,,,,matched fuzzy dense-rank,4.0,1.0,2.0
16179,60,1,215.83,,,,matched fuzzy dense-rank,5.0,1.0,1.0
16180,99,13,16249.87,,,,matched fuzzy dense-rank,5.0,1.0,5.0
16181,72,1,305.54,,,,matched fuzzy dense-rank,5.0,1.0,2.0
16182,71,9,9971.65,,,,matched fuzzy dense-rank,5.0,1.0,5.0
16183,66,4,1077.81,,,,matched fuzzy dense-rank,5.0,1.0,3.0
16184,63,6,1158.79,,,,matched fuzzy dense-rank,5.0,1.0,3.0
16185,16,3,644.72,,,,matched fuzzy dense-rank,5.0,1.0,3.0
16186,22,26,9026.11,,,,matched fuzzy dense-rank,5.0,2.0,5.0
16187,31,15,6911.4400000000005,,,,matched fuzzy dense-rank,5.0,1.0,5.0
16188,44,5,1087.66,,,,matched fuzzy dense-rank,5.0,1.0,3.0
16189,15,2,215.48,,,,matched fuzzy dense-rank,5.0,1.0,1.0
16190,39,8,2723.55,,,,matched fuzzy dense-rank,5.0,1.0,4.0
16191,2,24,15688.02,,,,matched fuzzy dense-rank,5.0,2.0,5.0
16192,735,1,351.3,,,,matched fuzzy dense-rank,1.0,1.0,2.0
16193,236,2,630.43,,,,matched fuzzy dense-rank,4.0,1.0,2.0
16194,374,1,308.59999999999997,,,,matched fuzzy dense-rank,3.0,1.0,2.0
16195,722,1,323.25,,,,matched fuzzy dense-rank,1.0,1.0,2.0
16196,488,1,93.3,,,,matched fuzzy dense-rank,2.0,1.0,1.0
16197,468,9,2016.71,,,,matched fuzzy dense-rank,2.0,1.0,4.0
16198,74,2,1030.0410000000002,,,,matched fuzzy dense-rank,5.0,1.0,3.0
16199,391,7,942.75,,,,matched fuzzy dense-rank,3.0,1.0,3.0
16200,3,12,5643.45,,,,matched fuzzy dense-rank,5.0,1.0,5.0
16201,2,5,2112.12,,,,matched fuzzy dense-rank,5.0,1.0,4.0
16202,360,9,2501.9900000000002,,,,matched fuzzy dense-rank,3.0,1.0,4.0
16203,58,6,1114.54,,,,matched fuzzy dense-rank,5.0,1.0,3.0
16204,22,3,944.24,,,,matched fuzzy dense-rank,5.0,1.0,3.0
16205,30,7,1830.61,,,,matched fuzzy dense-rank,5.0,1.0,4.0
16206,54,13,2602.32,,,,matched fuzzy dense-rank,5.0,1.0,4.0
16207,24,1,394.38,,,,matched fuzzy dense-rank,5.0,1.0,2.0
16208,44,10,3440.45,,,,matched fuzzy dense-rank,5.0,1.0,5.0
16209,88,9,4146.78,,,,matched fuzzy dense-rank,5.0,1.0,5.0
16210,1,35,38489.51,,,,matched fuzzy dense-rank,5.0,2.0,5.0
16211,88,3,1090.59,,,,matched fuzzy dense-rank,5.0,1.0,3.0
16212,18,4,1293.71,,,,matched fuzzy dense-rank,5.0,1.0,4.0
16213,78,1,159.0,,,,matched fuzzy dense-rank,5.0,1.0,1.0
16214,170,4,2038.25,,,,matched fuzzy dense-rank,4.0,1.0,4.0
16215,80,1,242.35,,,,matched fuzzy dense-rank,5.0,1.0,1.0
16216,266,1,914.9300000000001,,,,matched fuzzy dense-rank,4.0,1.0,3.0
16217,234,2,304.25,,,,matched fuzzy dense-rank,4.0,1.0,2.0
16218,29,13,4439.97,,,,matched fuzzy dense-rank,5.0,1.0,5.0
16219,500,1,40.8,,,,matched fuzzy dense-rank,2.0,1.0,1.0
16221,36,9,2235.5099999999998,,,,matched fuzzy dense-rank,5.0,1.0,4.0
16222,317,2,1345.22,,,,matched fuzzy dense-rank,3.0,1.0,4.0
16223,374,2,1102.3500000000001,,,,matched fuzzy dense-rank,3.0,1.0,3.0
16224,56,5,1616.54,,,,matched fuzzy dense-rank,5.0,1.0,4.0
16225,44,15,2867.4100000000003,,,,matched fuzzy dense-rank,5.0,1.0,4.0
16226,202,5,672.1700000000001,,,,matched fuzzy dense-rank,4.0,1.0,3.0
16227,224,3,1027.22,,,,matched fuzzy dense-rank,4.0,1.0,3.0
16228,384,3,890.8100000000001,,,,matched fuzzy dense-rank,3.0,1.0,3.0
16229,86,6,2867.86,,,,matched fuzzy dense-rank,5.0,1.0,4.0
16230,189,2,542.03,,,,matched fuzzy dense-rank,4.0,1.0,2.0
16231,378,4,1078.22,,,,matched fuzzy dense-rank,3.0,1.0,3.0
16232,43,7,2712.97,,,,matched fuzzy dense-rank,5.0,1.0,4.0
16233,70,9,1965.71,,,,matched fuzzy dense-rank,5.0,1.0,4.0
16234,475,3,333.18,,,,matched fuzzy dense-rank,2.0,1.0,2.0
16235,40,9,2053.71,,,,matched fuzzy dense-rank,5.0,1.0,4.0
16236,77,1,432.2,,,,matched fuzzy dense-rank,5.0,1.0,2.0
16237,436,1,136.65,,,,matched fuzzy dense-rank,2.0,1.0,1.0
16238,422,1,63.66,,,,matched fuzzy dense-rank,3.0,1.0,1.0
16239,56,6,1492.2,,,,matched fuzzy dense-rank,5.0,1.0,4.0
16240,23,2,3718.8,,,,matched fuzzy dense-rank,5.0,1.0,5.0
16241,9,16,4329.31,,,,matched fuzzy dense-rank,5.0,1.0,5.0
16242,7,14,7474.4,,,,matched fuzzy dense-rank,5.0,1.0,5.0
16243,33,2,409.1,,,,matched fuzzy dense-rank,5.0,1.0,2.0
16244,211,2,2579.38,,,,matched fuzzy dense-rank,4.0,1.0,4.0
16245,23,3,1413.66,,,,matched fuzzy dense-rank,5.0,1.0,4.0
16246,459,2,827.25,,,,matched fuzzy dense-rank,2.0,1.0,3.0
16247,169,1,114.56,,,,matched fuzzy dense-rank,4.0,1.0,1.0
16248,61,1,152.94,,,,matched fuzzy dense-rank,5.0,1.0,1.0
16249,52,5,1800.07,,,,matched fuzzy dense-rank,5.0,1.0,4.0
16250,260,3,791.38,,,,matched fuzzy dense-rank,4.0,1.0,3.0
16251,511,1,128.31,,,,matched fuzzy dense-rank,2.0,1.0,1.0
16252,382,1,295.09000000000003,,,,matched fuzzy dense-rank,3.0,1.0,1.0
16253,66,7,7310.15,,,,matched fuzzy dense-rank,5.0,1.0,5.0
16254,377,3,985.14,,,,matched fuzzy dense-rank,3.0,1.0,3.0
16255,16,15,4906.8,,,,matched fuzzy dense-rank,5.0,1.0,5.0
16256,266,3,1629.37,,,,matched fuzzy dense-rank,4.0,1.0,4.0
16257,176,1,46.95,,,,matched fuzzy dense-rank,4.0,1.0,1.0
16258,44,15,11942.52,,,,matched fuzzy dense-rank,5.0,1.0,5.0
16259,409,3,361.94,,,,matched fuzzy dense-rank,3.0,1.0,2.0
16260,50,1,1035.45,,,,matched fuzzy dense-rank,5.0,1.0,3.0
16261,16,6,1059.45,,,,matched fuzzy dense-rank,5.0,1.0,3.0
16262,377,1,755.15,,,,matched fuzzy dense-rank,3.0,1.0,3.0
16263,422,1,351.01,,,,matched fuzzy dense-rank,3.0,1.0,2.0
16264,437,2,837.53,,,,matched fuzzy dense-rank,2.0,1.0,3.0
16265,8,12,6935.17,,,,matched fuzzy dense-rank,5.0,1.0,5.0
16266,73,14,1757.95,,,,matched fuzzy dense-rank,5.0,1.0,4.0
16267,590,1,186.66,,,,matched fuzzy dense-rank,1.0,1.0,1.0
16268,70,2,667.65,,,,matched fuzzy dense-rank,5.0,1.0,3.0
16269,437,1,717.57,,,,matched fuzzy dense-rank,2.0,1.0,3.0
16270,352,1,1141.24,,,,matched fuzzy dense-rank,3.0,1.0,3.0
16271,2,10,3463.02,,,,matched fuzzy dense-rank,5.0,1.0,5.0
16272,116,1,411.7,,,,matched fuzzy dense-rank,5.0,1.0,2.0
16273,647,2,336.03999999999996,,,,matched fuzzy dense-rank,1.0,1.0,2.0
16274,372,1,715.9,,,,matched fuzzy dense-rank,3.0,1.0,3.0
16275,196,3,2151.11,,,,matched fuzzy dense-rank,4.0,1.0,4.0
16276,176,3,2629.3900000000003,,,,matched fuzzy dense-rank,4.0,1.0,4.0
16277,733,1,188.69,,,,matched fuzzy dense-rank,1.0,1.0,1.0
16278,99,3,1117.84,,,,matched fuzzy dense-rank,5.0,1.0,3.0
16279,20,9,5705.08,,,,matched fuzzy dense-rank,5.0,1.0,5.0
16280,724,1,238.05,,,,matched fuzzy dense-rank,1.0,1.0,1.0
16281,71,3,3424.02,,,,matched fuzzy dense-rank,5.0,1.0,5.0
16282,339,3,1307.58,,,,matched fuzzy dense-rank,3.0,1.0,4.0
16283,5,8,4403.82,,,,matched fuzzy dense-rank,5.0,1.0,5.0
16284,30,3,1029.77,,,,matched fuzzy dense-rank,5.0,1.0,3.0
16285,645,1,176.9,,,,matched fuzzy dense-rank,1.0,1.0,1.0
16286,476,2,328.95,,,,matched fuzzy dense-rank,2.0,1.0,2.0
16287,169,5,1006.98,,,,matched fuzzy dense-rank,4.0,1.0,3.0
16288,469,1,129.85,,,,matched fuzzy dense-rank,2.0,1.0,1.0
16289,461,1,136.31,,,,matched fuzzy dense-rank,2.0,1.0,1.0
16290,464,4,2069.3,,,,matched fuzzy dense-rank,2.0,1.0,4.0
16291,681,1,117.72,,,,matched fuzzy dense-rank,1.0,1.0,1.0
16292,121,5,1253.76,,,,matched fuzzy dense-rank,5.0,1.0,3.0
16293,21,15,4657.95,,,,matched fuzzy dense-rank,5.0,1.0,5.0
16294,476,1,126.05000000000001,,,,matched fuzzy dense-rank,2.0,1.0,1.0
16295,9,4,1328.55,,,,matched fuzzy dense-rank,5.0,1.0,4.0
16296,625,4,1313.67,,,,matched fuzzy dense-rank,1.0,1.0,4.0
16297,268,1,301.9,,,,matched fuzzy dense-rank,4.0,1.0,2.0
16298,22,7,1085.7,,,,matched fuzzy dense-rank,5.0,1.0,3.0
16299,476,1,193.65,,,,matched fuzzy dense-rank,2.0,1.0,1.0
16300,429,3,1392.43,,,,matched fuzzy dense-rank,3.0,1.0,4.0
16301,736,1,107.33,,,,matched fuzzy dense-rank,1.0,1.0,1.0
16302,126,1,233.22,,,,matched fuzzy dense-rank,5.0,1.0,1.0
16303,25,7,7928.27,,,,matched fuzzy dense-rank,5.0,1.0,5.0
16304,694,1,381.66,,,,matched fuzzy dense-rank,1.0,1.0,2.0
16305,138,1,361.21999999999997,,,,matched fuzzy dense-rank,4.0,1.0,2.0
16306,213,7,1192.82,,,,matched fuzzy dense-rank,4.0,1.0,3.0
16307,428,3,1194.92,,,,matched fuzzy dense-rank,3.0,1.0,3.0
16308,37,7,5120.0,,,,matched fuzzy dense-rank,5.0,1.0,5.0
16309,105,2,706.57,,,,matched fuzzy dense-rank,5.0,1.0,3.0
16310,413,2,460.08,,,,matched fuzzy dense-rank,3.0,1.0,2.0
16311,17,2,616.26,,,,matched fuzzy dense-rank,5.0,1.0,2.0
16312,431,1,171.15,,,,matched fuzzy dense-rank,2.0,1.0,1.0
16313,2,2,274.15000000000003,,,,matched fuzzy dense-rank,5.0,1.0,1.0
16314,389,3,1491.4,,,,matched fuzzy dense-rank,3.0,1.0,4.0
16315,330,2,402.71,,,,matched fuzzy dense-rank,3.0,1.0,2.0
16316,63,13,5744.91,,,,matched fuzzy dense-rank,5.0,1.0,5.0
16317,119,5,2192.51,,,,matched fuzzy dense-rank,5.0,1.0,4.0
16318,34,1,328.15,,,,matched fuzzy dense-rank,5.0,1.0,2.0
16319,217,1,404.40000000000003,,,,matched fuzzy dense-rank,4.0,1.0,2.0
16320,171,6,5628.99,,,,matched fuzzy dense-rank,4.0,1.0,5.0
16321,71,7,604.5500000000001,,,,matched fuzzy dense-rank,5.0,1.0,2.0
16322,0,2,326.75,,,,matched fuzzy dense-rank,5.0,1.0,2.0
16323,195,2,353.66,,,,matched fuzzy dense-rank,4.0,1.0,2.0
16324,127,3,428.68,,,,matched fuzzy dense-rank,5.0,1.0,2.0
16325,46,12,3597.5,,,,matched fuzzy dense-rank,5.0,1.0,5.0
16326,5,24,4826.99,,,,matched fuzzy dense-rank,5.0,2.0,5.0
16327,13,16,10731.34,,,,matched fuzzy dense-rank,5.0,1.0,5.0
16328,562,1,310.83,,,,matched fuzzy dense-rank,2.0,1.0,2.0
16329,427,4,1703.07,,,,matched fuzzy dense-rank,3.0,1.0,4.0
16330,17,7,634.33,,,,matched fuzzy dense-rank,5.0,1.0,2.0
16331,431,6,2037.7,,,,matched fuzzy dense-rank,2.0,1.0,4.0
16332,27,11,2010.41,,,,matched fuzzy dense-rank,5.0,1.0,4.0
16333,7,22,26626.8,,,,matched fuzzy dense-rank,5.0,2.0,5.0
16334,491,1,277.48,,,,matched fuzzy dense-rank,2.0,1.0,1.0
16335,551,7,2774.0,,,,matched fuzzy dense-rank,2.0,1.0,4.0
16336,420,4,3517.69,,,,matched fuzzy dense-rank,3.0,1.0,5.0
16337,36,1,151.05,,,,matched fuzzy dense-rank,5.0,1.0,1.0
16338,156,1,214.79999999999998,,,,matched fuzzy dense-rank,4.0,1.0,1.0
16339,283,1,109.95,,,,matched fuzzy dense-rank,3.0,1.0,1.0
16340,106,3,1526.06,,,,matched fuzzy dense-rank,5.0,1.0,4.0
16341,24,7,3850.79,,,,matched fuzzy dense-rank,5.0,1.0,5.0
16342,74,4,322.41,,,,matched fuzzy dense-rank,5.0,1.0,2.0
16343,15,3,687.0699999999999,,,,matched fuzzy dense-rank,5.0,1.0,3.0
16344,157,4,842.42,,,,matched fuzzy dense-rank,4.0,1.0,3.0
16345,43,2,1198.74,,,,matched fuzzy dense-rank,5.0,1.0,3.0
16346,384,1,224.51,,,,matched fuzzy dense-rank,3.0,1.0,1.0
16347,10,11,3509.41,,,,matched fuzzy dense-rank,5.0,1.0,5.0
16348,31,8,1798.22,,,,matched fuzzy dense-rank,5.0,1.0,4.0
16349,290,1,53.5,,,,matched fuzzy dense-rank,3.0,1.0,1.0
16350,20,9,2253.89,,,,matched fuzzy dense-rank,5.0,1.0,4.0
16351,332,13,3330.0299999999997,,,,matched fuzzy dense-rank,3.0,1.0,5.0
16352,17,2,494.44,,,,matched fuzzy dense-rank,5.0,1.0,2.0
16353,3,38,9999.460000000001,,,,matched fuzzy dense-rank,5.0,3.0,5.0
16354,62,5,1129.51,,,,matched fuzzy dense-rank,5.0,1.0,3.0
16355,374,1,416.35,,,,matched fuzzy dense-rank,3.0,1.0,2.0
16356,197,6,415.87,,,,matched fuzzy dense-rank,4.0,1.0,2.0
16357,32,4,868.37,,,,matched fuzzy dense-rank,5.0,1.0,3.0
16358,0,5,2919.65,,,,matched fuzzy dense-rank,5.0,1.0,4.0
16359,6,16,2697.75,,,,matched fuzzy dense-rank,5.0,1.0,4.0
16360,4,6,3512.53,,,,matched fuzzy dense-rank,5.0,1.0,5.0
16361,9,4,896.66,,,,matched fuzzy dense-rank,5.0,1.0,3.0
16362,31,6,946.94,,,,matched fuzzy dense-rank,5.0,1.0,3.0
16363,52,1,109.36000000000001,,,,matched fuzzy dense-rank,5.0,1.0,1.0
16364,11,2,707.04,,,,matched fuzzy dense-rank,5.0,1.0,3.0
16365,17,15,3307.2,,,,matched fuzzy dense-rank,5.0,1.0,5.0
16366,18,4,1548.1299999999999,,,,matched fuzzy dense-rank,5.0,1.0,4.0
16367,36,3,1362.4,,,,matched fuzzy dense-rank,5.0,1.0,4.0
16368,1,3,640.21,,,,matched fuzzy dense-rank,5.0,1.0,3.0
16369,17,7,2664.81,,,,matched fuzzy dense-rank,5.0,1.0,4.0
16370,81,4,1320.56,,,,matched fuzzy dense-rank,5.0,1.0,4.0
16371,448,1,157.2,,,,matched fuzzy dense-rank,2.0,1.0,1.0
16372,32,5,1328.61,,,,matched fuzzy dense-rank,5.0,1.0,4.0
16373,381,2,309.49,,,,matched fuzzy dense-rank,3.0,1.0,2.0
16374,65,5,1771.45,,,,matched fuzzy dense-rank,5.0,1.0,4.0
16375,469,2,104.0,,,,matched fuzzy dense-rank,2.0,1.0,1.0
16376,8,2,987.01,,,,matched fuzzy dense-rank,5.0,1.0,3.0
16377,266,2,1308.48,,,,matched fuzzy dense-rank,4.0,1.0,4.0
16378,246,3,362.95,,,,matched fuzzy dense-rank,4.0,1.0,2.0
16379,3,4,2157.4,,,,matched fuzzy dense-rank,5.0,1.0,4.0
16380,60,1,1780.59,,,,matched fuzzy dense-rank,5.0,1.0,4.0
16381,395,2,258.7,,,,matched fuzzy dense-rank,3.0,1.0,1.0
16382,407,2,353.1,,,,matched fuzzy dense-rank,3.0,1.0,2.0
16383,74,7,2974.84,,,,matched fuzzy dense-rank,5.0,1.0,4.0
16384,89,4,1358.95,,,,matched fuzzy dense-rank,5.0,1.0,4.0
16385,59,5,1030.61,,,,matched fuzzy dense-rank,5.0,1.0,3.0
16386,28,3,1102.59,,,,matched fuzzy dense-rank,5.0,1.0,3.0
16387,322,5,918.55,,,,matched fuzzy dense-rank,3.0,1.0,3.0
16388,653,1,186.05,,,,matched fuzzy dense-rank,1.0,1.0,1.0
16389,52,4,1382.07,,,,matched fuzzy dense-rank,5.0,1.0,4.0
16390,536,3,467.5,,,,matched fuzzy dense-rank,2.0,1.0,2.0
16391,400,4,1103.61,,,,matched fuzzy dense-rank,3.0,1.0,3.0
16392,269,3,763.05,,,,matched fuzzy dense-rank,4.0,1.0,3.0
16393,1,23,5561.66,,,,matched fuzzy dense-rank,5.0,2.0,5.0
16394,56,5,1555.34,,,,matched fuzzy dense-rank,5.0,1.0,4.0
16395,60,14,3537.85,,,,matched fuzzy dense-rank,5.0,1.0,5.0
16396,475,1,137.8,,,,matched fuzzy dense-rank,2.0,1.0,1.0
16397,627,1,127.88,,,,matched fuzzy dense-rank,1.0,1.0,1.0
16398,153,2,1705.8,,,,matched fuzzy dense-rank,4.0,1.0,4.0
16399,18,3,641.82,,,,matched fuzzy dense-rank,5.0,1.0,3.0
16400,94,9,3159.44,,,,matched fuzzy dense-rank,5.0,1.0,5.0
16401,0,23,6849.15,,,,matched fuzzy dense-rank,5.0,2.0,5.0
16402,264,2,511.4,,,,matched fuzzy dense-rank,4.0,1.0,2.0
16403,311,1,177.5,,,,matched fuzzy dense-rank,3.0,1.0,1.0
16404,69,1,443.05,,,,matched fuzzy dense-rank,5.0,1.0,2.0
16405,301,2,167.25,,,,matched fuzzy dense-rank,3.0,1.0,1.0
16406,18,3,552.68,,,,matched fuzzy dense-rank,5.0,1.0,2.0
16407,12,14,2821.65,,,,matched fuzzy dense-rank,5.0,1.0,4.0
16408,590,1,231.93,,,,matched fuzzy dense-rank,1.0,1.0,1.0
16409,35,12,5709.04,,,,matched fuzzy dense-rank,5.0,1.0,5.0
16410,733,1,130.32,,,,matched fuzzy dense-rank,1.0,1.0,1.0
16411,18,4,910.1899999999999,,,,matched fuzzy dense-rank,5.0,1.0,3.0
16412,53,5,647.23,,,,matched fuzzy dense-rank,5.0,1.0,3.0
16413,56,2,528.98,,,,matched fuzzy dense-rank,5.0,1.0,2.0
16414,21,5,559.71,,,,matched fuzzy dense-rank,5.0,1.0,2.0
16415,43,3,719.44,,,,matched fuzzy dense-rank,5.0,1.0,3.0
16416,26,9,2972.88,,,,matched fuzzy dense-rank,5.0,1.0,4.0
16417,492,1,35.7,,,,matched fuzzy dense-rank,2.0,1.0,1.0
16418,44,5,1101.94,,,,matched fuzzy dense-rank,5.0,1.0,3.0
16419,112,8,1487.42,,,,matched fuzzy dense-rank,5.0,1.0,4.0
16420,395,1,75.0,,,,matched fuzzy dense-rank,3.0,1.0,1.0
16421,375,3,526.27,,,,matched fuzzy dense-rank,3.0,1.0,2.0
16422,16,109,63651.47,,,,matched fuzzy dense-rank,5.0,5.0,5.0
16423,24,1,346.12,,,,matched fuzzy dense-rank,5.0,1.0,2.0
16424,190,2,443.06,,,,matched fuzzy dense-rank,4.0,1.0,2.0
16425,301,1,302.7,,,,matched fuzzy dense-rank,3.0,1.0,2.0
16426,1,10,1908.25,,,,matched fuzzy dense-rank,5.0,1.0,4.0
16427,262,2,241.06,,,,matched fuzzy dense-rank,4.0,1.0,1.0
16428,413,3,660.28,,,,matched fuzzy dense-rank,3.0,1.0,3.0
16429,105,1,284.55,,,,matched fuzzy dense-rank,5.0,1.0,1.0
16430,56,7,1117.94,,,,matched fuzzy dense-rank,5.0,1.0,3.0
16431,212,3,642.81,,,,matched fuzzy dense-rank,4.0,1.0,3.0
16432,63,1,287.4,,,,matched fuzzy dense-rank,5.0,1.0,1.0
16433,27,2,384.52,,,,matched fuzzy dense-rank,5.0,1.0,2.0
16434,28,12,2741.74,,,,matched fuzzy dense-rank,5.0,1.0,4.0
16435,511,3,1011.5699999999999,,,,matched fuzzy dense-rank,2.0,1.0,3.0
16436,667,3,329.34,,,,matched fuzzy dense-rank,1.0,1.0,2.0
16437,380,2,301.25,,,,matched fuzzy dense-rank,3.0,1.0,2.0
16438,5,5,798.35,,,,matched fuzzy dense-rank,5.0,1.0,3.0
16439,721,1,310.70000000000005,,,,matched fuzzy dense-rank,1.0,1.0,2.0
16440,7,6,3856.9700000000003,,,,matched fuzzy dense-rank,5.0,1.0,5.0
16441,66,5,1034.43,,,,matched fuzzy dense-rank,5.0,1.0,3.0
16442,1,5,899.47,,,,matched fuzzy dense-rank,5.0,1.0,3.0
16443,520,1,162.24,,,,matched fuzzy dense-rank,2.0,1.0,1.0
16444,45,17,3656.58,,,,matched fuzzy dense-rank,5.0,1.0,5.0
16445,33,4,602.73,,,,matched fuzzy dense-rank,5.0,1.0,2.0
16446,0,2,168472.5,,,,matched fuzzy dense-rank,5.0,1.0,5.0
16447,135,3,775.14,,,,matched fuzzy dense-rank,4.0,1.0,3.0
16448,197,2,367.87,,,,matched fuzzy dense-rank,4.0,1.0,2.0
16449,197,2,707.69,,,,matched fuzzy dense-rank,4.0,1.0,3.0
16450,149,3,1505.73,,,,matched fuzzy dense-rank,4.0,1.0,4.0
16451,87,3,1013.15,,,,matched fuzzy dense-rank,5.0,1.0,3.0
16452,630,2,332.17,,,,matched fuzzy dense-rank,1.0,1.0,2.0
16453,530,2,251.71,,,,matched fuzzy dense-rank,2.0,1.0,1.0
16454,44,4,30.950000000000003,,,,matched fuzzy dense-rank,5.0,1.0,1.0
16455,63,11,4384.37,,,,matched fuzzy dense-rank,5.0,1.0,5.0
16456,98,13,6862.91,,,,matched fuzzy dense-rank,5.0,1.0,5.0
16457,217,1,208.36,,,,matched fuzzy dense-rank,4.0,1.0,1.0
16458,2,30,5715.34,,,,matched fuzzy dense-rank,5.0,2.0,5.0
16459,729,1,71.78999999999999,,,,matched fuzzy dense-rank,1.0,1.0,1.0
16460,27,3,814.72,,,,matched fuzzy dense-rank,5.0,1.0,3.0
16461,177,3,1615.22,,,,matched fuzzy dense-rank,4.0,1.0,4.0
16462,73,3,136.0,,,,matched fuzzy dense-rank,5.0,1.0,1.0
16463,20,4,1422.4,,,,matched fuzzy dense-rank,5.0,1.0,4.0
16464,19,3,1314.68,,,,matched fuzzy dense-rank,5.0,1.0,4.0
16465,420,2,746.24,,,,matched fuzzy dense-rank,3.0,1.0,3.0
16466,33,15,3838.59,,,,matched fuzzy dense-rank,5.0,1.0,5.0
16467,508,7,2869.16,,,,matched fuzzy dense-rank,2.0,1.0,4.0
16468,73,3,787.52,,,,matched fuzzy dense-rank,5.0,1.0,3.0
16469,23,5,828.91,,,,matched fuzzy dense-rank,5.0,1.0,3.0
16470,51,11,2458.6,,,,matched fuzzy dense-rank,5.0,1.0,4.0
16471,274,4,1189.98,,,,matched fuzzy dense-rank,4.0,1.0,3.0
16472,433,2,789.6,,,,matched fuzzy dense-rank,2.0,1.0,3.0
16473,164,4,470.83,,,,matched fuzzy dense-rank,4.0,1.0,2.0
16474,6,7,1871.5,,,,matched fuzzy dense-rank,5.0,1.0,4.0
16475,87,4,544.3,,,,matched fuzzy dense-rank,5.0,1.0,2.0
16476,431,1,350.35,,,,matched fuzzy dense-rank,2.0,1.0,2.0
16477,63,11,4320.02,,,,matched fuzzy dense-rank,5.0,1.0,5.0
16478,24,3,331.0,,,,matched fuzzy dense-rank,5.0,1.0,2.0
16479,9,2,300.83,,,,matched fuzzy dense-rank,5.0,1.0,2.0
16480,75,1,769.29,,,,matched fuzzy dense-rank,5.0,1.0,3.0
16481,681,1,453.38,,,,matched fuzzy dense-rank,1.0,1.0,2.0
16482,15,1,220.62,,,,matched fuzzy dense-rank,5.0,1.0,1.0
16483,191,1,139.35,,,,matched fuzzy dense-rank,4.0,1.0,1.0
16484,173,2,404.3,,,,matched fuzzy dense-rank,4.0,1.0,2.0
16485,76,5,2294.68,,,,matched fuzzy dense-rank,5.0,1.0,4.0
16486,537,1,134.36,,,,matched fuzzy dense-rank,2.0,1.0,1.0
16487,576,2,209.4,,,,matched fuzzy dense-rank,1.0,1.0,1.0
16488,32,3,498.8,,,,matched fuzzy dense-rank,5.0,1.0,2.0
16489,379,2,303.7,,,,matched fuzzy dense-rank,3.0,1.0,2.0
16490,435,1,205.41000000000003,,,,matched fuzzy dense-rank,2.0,1.0,1.0
16491,46,2,1533.16,,,,matched fuzzy dense-rank,5.0,1.0,4.0
16492,540,1,385.56,,,,matched fuzzy dense-rank,2.0,1.0,2.0
16493,79,7,2132.09,,,,matched fuzzy dense-rank,5.0,1.0,4.0
16494,296,1,826.53,,,,matched fuzzy dense-rank,3.0,1.0,3.0
16495,2,3,684.41,,,,matched fuzzy dense-rank,5.0,1.0,3.0
16496,8,6,2330.77,,,,matched fuzzy dense-rank,5.0,1.0,4.0
16497,49,23,6695.28,,,,matched fuzzy dense-rank,5.0,2.0,5.0
16498,160,2,100.97,,,,matched fuzzy dense-rank,4.0,1.0,1.0
16499,359,8,2578.34,,,,matched fuzzy dense-rank,3.0,1.0,4.0
16500,4,9,843.9100000000001,,,,matched fuzzy dense-rank,5.0,1.0,3.0
16501,382,1,1237.23,,,,matched fuzzy dense-rank,3.0,1.0,3.0
16502,619,2,266.5,,,,matched fuzzy dense-rank,1.0,1.0,1.0
16503,106,11,3614.34,,,,matched fuzzy dense-rank,5.0,1.0,5.0
16504,24,1,484.38,,,,matched fuzzy dense-rank,5.0,1.0,2.0
16505,31,1,777.6,,,,matched fuzzy dense-rank,5.0,1.0,3.0
16506,19,2,90.30000000000001,,,,matched fuzzy dense-rank,5.0,1.0,1.0
16507,571,1,152.76,,,,matched fuzzy dense-rank,2.0,1.0,1.0
16508,629,1,248.8,,,,matched fuzzy dense-rank,1.0,1.0,1.0
16509,296,1,363.7,,,,matched fuzzy dense-rank,3.0,1.0,2.0
16510,371,6,2100.0,,,,matched fuzzy dense-rank,3.0,1.0,4.0
16511,21,6,1819.02,,,,matched fuzzy dense-rank,5.0,1.0,4.0
16513,4,4,874.59,,,,matched fuzzy dense-rank,5.0,1.0,3.0
16515,51,10,3216.3,,,,matched fuzzy dense-rank,5.0,1.0,5.0
16516,29,1,101.69999999999999,,,,matched fuzzy dense-rank,5.0,1.0,1.0
16517,276,1,162.7,,,,matched fuzzy dense-rank,4.0,1.0,1.0
16518,60,4,959.37,,,,matched fuzzy dense-rank,5.0,1.0,3.0
16519,24,4,556.26,,,,matched fuzzy dense-rank,5.0,1.0,2.0
16520,185,6,2482.62,,,,matched fuzzy dense-rank,4.0,1.0,4.0
16521,414,3,1148.01,,,,matched fuzzy dense-rank,3.0,1.0,3.0
16522,435,2,433.36,,,,matched fuzzy dense-rank,2.0,1.0,2.0
16523,1,28,11916.33,,,,matched fuzzy dense-rank,5.0,2.0,5.0
16524,445,2,308.14,,,,matched fuzzy dense-rank,2.0,1.0,2.0
16525,1,48,24582.64,,,,matched fuzzy dense-rank,5.0,3.0,5.0
16526,171,2,717.21,,,,matched fuzzy dense-rank,4.0,1.0,3.0
16527,80,2,1272.44,,,,matched fuzzy dense-rank,5.0,1.0,4.0
16528,3,1,244.41,,,,matched fuzzy dense-rank,5.0,1.0,1.0
16529,189,4,2012.0,,,,matched fuzzy dense-rank,4.0,1.0,4.0
16530,667,1,48.349999999999994,,,,matched fuzzy dense-rank,1.0,1.0,1.0
16531,21,11,2298.33,,,,matched fuzzy dense-rank,5.0,1.0,4.0
16532,17,5,8756.64,,,,matched fuzzy dense-rank,5.0,1.0,5.0
16533,18,3,1095.56,,,,matched fuzzy dense-rank,5.0,1.0,3.0
16534,641,1,635.9,,,,matched fuzzy dense-rank,1.0,1.0,3.0
16535,4,3,1001.59,,,,matched fuzzy dense-rank,5.0,1.0,3.0
16536,109,1,548.97,,,,matched fuzzy dense-rank,5.0,1.0,2.0
16537,640,1,23.35,,,,matched fuzzy dense-rank,1.0,1.0,1.0
16538,540,3,399.62,,,,matched fuzzy dense-rank,2.0,1.0,2.0
16539,2,10,3732.01,,,,matched fuzzy dense-rank,5.0,1.0,5.0
16540,413,1,226.70000000000002,,,,matched fuzzy dense-rank,3.0,1.0,1.0
16541,734,1,424.03,,,,matched fuzzy dense-rank,1.0,1.0,2.0
16542,53,2,257.32,,,,matched fuzzy dense-rank,5.0,1.0,1.0
16543,591,1,292.21,,,,matched fuzzy dense-rank,1.0,1.0,1.0
16544,519,4,376.70000000000005,,,,matched fuzzy dense-rank,2.0,1.0,2.0
16545,164,2,689.82,,,,matched fuzzy dense-rank,4.0,1.0,3.0
16546,290,5,5606.47,,,,matched fuzzy dense-rank,3.0,1.0,5.0
16547,545,1,111.71,,,,matched fuzzy dense-rank,2.0,1.0,1.0
16548,598,1,30.15,,,,matched fuzzy dense-rank,1.0,1.0,1.0
16549,9,34,13182.19,,,,matched fuzzy dense-rank,5.0,2.0,5.0
16550,108,18,9435.13,,,,matched fuzzy dense-rank,5.0,1.0,5.0
16551,95,7,2237.12,,,,matched fuzzy dense-rank,5.0,1.0,4.0
16552,242,2,475.02000000000004,,,,matched fuzzy dense-rank,4.0,1.0,2.0
16553,162,33,16644.01,,,,matched fuzzy dense-rank,4.0,2.0,5.0
16554,41,8,2841.72,,,,matched fuzzy dense-rank,5.0,1.0,4.0
16555,34,6,1915.68,,,,matched fuzzy dense-rank,5.0,1.0,4.0
16556,66,17,8012.58,,,,matched fuzzy dense-rank,5.0,1.0,5.0
16557,23,2,281.85,,,,matched fuzzy dense-rank,5.0,1.0,1.0
16558,0,38,13873.51,,,,matched fuzzy dense-rank,5.0,3.0,5.0
16559,396,1,185.20000000000002,,,,matched fuzzy dense-rank,3.0,1.0,1.0
16560,26,8,3048.38,,,,matched fuzzy dense-rank,5.0,1.0,5.0
16561,5,2,511.12,,,,matched fuzzy dense-rank,5.0,1.0,2.0
16562,476,1,223.85999999999999,,,,matched fuzzy dense-rank,2.0,1.0,1.0
16563,53,6,4422.76,,,,matched fuzzy dense-rank,5.0,1.0,5.0
16564,568,1,87.8,,,,matched fuzzy dense-rank,2.0,1.0,1.0
16565,363,4,773.05,,,,matched fuzzy dense-rank,3.0,1.0,3.0
16566,14,5,614.66,,,,matched fuzzy dense-rank,5.0,1.0,2.0
16567,193,2,865.6,,,,matched fuzzy dense-rank,4.0,1.0,3.0
16568,427,2,1020.9000000000001,,,,matched fuzzy dense-rank,3.0,1.0,3.0
16569,2,5,1455.23,,,,matched fuzzy dense-rank,5.0,1.0,4.0
16570,14,20,7434.31,,,,matched fuzzy dense-rank,5.0,2.0,5.0
16571,26,10,4248.74,,,,matched fuzzy dense-rank,5.0,1.0,5.0
16572,126,3,1009.6,,,,matched fuzzy dense-rank,5.0,1.0,3.0
16573,84,2,663.61,,,,matched fuzzy dense-rank,5.0,1.0,3.0
16574,70,3,1301.78,,,,matched fuzzy dense-rank,5.0,1.0,4.0
16576,419,2,540.87,,,,matched fuzzy dense-rank,3.0,1.0,2.0
16577,666,1,380.0,,,,matched fuzzy dense-rank,1.0,1.0,2.0
16578,625,1,156.6,,,,matched fuzzy dense-rank,1.0,1.0,1.0
16579,425,1,295.05,,,,matched fuzzy dense-rank,3.0,1.0,1.0
16581,182,1,105.84,,,,matched fuzzy dense-rank,4.0,1.0,1.0
16582,112,1,313.62,,,,matched fuzzy dense-rank,5.0,1.0,2.0
16583,373,2,531.4,,,,matched fuzzy dense-rank,3.0,1.0,2.0
16584,79,5,3163.67,,,,matched fuzzy dense-rank,5.0,1.0,5.0
16585,593,2,341.59,,,,matched fuzzy dense-rank,1.0,1.0,2.0
16586,248,3,1462.78,,,,matched fuzzy dense-rank,4.0,1.0,4.0
16587,231,1,225.15,,,,matched fuzzy dense-rank,4.0,1.0,1.0
16588,385,4,1361.28,,,,matched fuzzy dense-rank,3.0,1.0,4.0
16589,70,4,612.36,,,,matched fuzzy dense-rank,5.0,1.0,2.0
16590,400,2,605.9,,,,matched fuzzy dense-rank,3.0,1.0,2.0
16591,68,1,213.5,,,,matched fuzzy dense-rank,5.0,1.0,1.0
16592,3,28,7807.91,,,,matched fuzzy dense-rank,5.0,2.0,5.0
16593,50,8,1071.1399999999999,,,,matched fuzzy dense-rank,5.0,1.0,3.0
16594,74,1,181.09,,,,matched fuzzy dense-rank,5.0,1.0,1.0
16595,60,5,1810.18,,,,matched fuzzy dense-rank,5.0,1.0,4.0
16596,15,4,579.63,,,,matched fuzzy dense-rank,5.0,1.0,2.0
16597,3,1,90.04,,,,matched fuzzy dense-rank,5.0,1.0,1.0
16598,285,1,145.04999999999998,,,,matched fuzzy dense-rank,3.0,1.0,1.0
16599,385,1,172.8,,,,matched fuzzy dense-rank,3.0,1.0,1.0
16600,3,13,2153.41,,,,matched fuzzy dense-rank,5.0,1.0,4.0
16601,40,3,684.25,,,,matched fuzzy dense-rank,5.0,1.0,3.0
16602,35,2,763.33,,,,matched fuzzy dense-rank,5.0,1.0,3.0
16603,74,2,482.47,,,,matched fuzzy dense-rank,5.0,1.0,2.0
16604,562,2,432.45,,,,matched fuzzy dense-rank,2.0,1.0,2.0
16605,723,1,60.48,,,,matched fuzzy dense-rank,1.0,1.0,1.0
16606,403,2,357.66,,,,matched fuzzy dense-rank,3.0,1.0,2.0
16607,17,25,5706.87,,,,matched fuzzy dense-rank,5.0,2.0,5.0
16608,453,2,1288.72,,,,matched fuzzy dense-rank,2.0,1.0,4.0
16609,14,7,5493.46,,,,matched fuzzy dense-rank,5.0,1.0,5.0
16610,218,1,75.66,,,,matched fuzzy dense-rank,4.0,1.0,1.0
16611,185,6,1785.13,,,,matched fuzzy dense-rank,4.0,1.0,4.0
16612,32,9,3245.43,,,,matched fuzzy dense-rank,5.0,1.0,5.0
16613,69,1,618.59,,,,matched fuzzy dense-rank,5.0,1.0,2.0
16614,182,3,1179.79,,,,matched fuzzy dense-rank,4.0,1.0,3.0
16615,625,1,291.5,,,,matched fuzzy dense-rank,1.0,1.0,1.0
16616,14,2,500.42,,,,matched fuzzy dense-rank,5.0,1.0,2.0
16617,235,1,151.85,,,,matched fuzzy dense-rank,4.0,1.0,1.0
16618,30,5,2647.59,,,,matched fuzzy dense-rank,5.0,1.0,4.0
16619,263,4,1938.33,,,,matched fuzzy dense-rank,4.0,1.0,4.0
16620,3,6,1758.93,,,,matched fuzzy dense-rank,5.0,1.0,4.0
16621,51,4,813.48,,,,matched fuzzy dense-rank,5.0,1.0,3.0
16622,543,1,225.4,,,,matched fuzzy dense-rank,2.0,1.0,1.0
16623,245,4,1015.24,,,,matched fuzzy dense-rank,4.0,1.0,3.0
16624,80,2,810.5699999999999,,,,matched fuzzy dense-rank,5.0,1.0,3.0
16625,274,5,1654.03,,,,matched fuzzy dense-rank,4.0,1.0,4.0
16626,0,17,4413.1,,,,matched fuzzy dense-rank,5.0,1.0,5.0
16627,78,1,322.8,,,,matched fuzzy dense-rank,5.0,1.0,2.0
16628,29,7,2318.1,,,,matched fuzzy dense-rank,5.0,1.0,4.0
16629,73,2,417.73,,,,matched fuzzy dense-rank,5.0,1.0,2.0
16630,406,1,106.80000000000001,,,,matched fuzzy dense-rank,3.0,1.0,1.0
16631,481,7,1892.52,,,,matched fuzzy dense-rank,2.0,1.0,4.0
16632,485,2,406.4,,,,matched fuzzy dense-rank,2.0,1.0,2.0
16633,16,6,2883.1,,,,matched fuzzy dense-rank,5.0,1.0,4.0
16634,222,6,1814.61,,,,matched fuzzy dense-rank,4.0,1.0,4.0
16635,406,1,473.0,,,,matched fuzzy dense-rank,3.0,1.0,2.0
16636,437,4,3802.04,,,,matched fuzzy dense-rank,2.0,1.0,5.0
16637,31,4,1154.47,,,,matched fuzzy dense-rank,5.0,1.0,3.0
16638,22,15,2430.53,,,,matched fuzzy dense-rank,5.0,1.0,4.0
16639,30,4,1747.98,,,,matched fuzzy dense-rank,5.0,1.0,4.0
16640,397,1,179.4,,,,matched fuzzy dense-rank,3.0,1.0,1.0
16641,105,2,554.5,,,,matched fuzzy dense-rank,5.0,1.0,2.0
16642,4,3,1077.45,,,,matched fuzzy dense-rank,5.0,1.0,3.0
16643,245,2,923.11,,,,matched fuzzy dense-rank,4.0,1.0,3.0
16644,177,2,833.78,,,,matched fuzzy dense-rank,4.0,1.0,3.0
16645,735,1,160.39,,,,matched fuzzy dense-rank,1.0,1.0,1.0
16646,448,1,678.8,,,,matched fuzzy dense-rank,2.0,1.0,3.0
16647,169,4,541.9,,,,matched fuzzy dense-rank,4.0,1.0,2.0
16648,42,3,672.8,,,,matched fuzzy dense-rank,5.0,1.0,3.0
16649,519,1,306.58000000000004,,,,matched fuzzy dense-rank,2.0,1.0,2.0
16650,71,7,1916.11,,,,matched fuzzy dense-rank,5.0,1.0,4.0
16651,586,1,136.2,,,,matched fuzzy dense-rank,1.0,1.0,1.0
16652,58,16,17550.39,,,,matched fuzzy dense-rank,5.0,1.0,5.0
16653,15,2,1212.66,,,,matched fuzzy dense-rank,5.0,1.0,3.0
16654,140,8,1711.47,,,,matched fuzzy dense-rank,4.0,1.0,4.0
16655,17,13,6548.37,,,,matched fuzzy dense-rank,5.0,1.0,5.0
16656,21,30,16833.170000000002,,,,matched fuzzy dense-rank,5.0,2.0,5.0
16657,9,4,933.62,,,,matched fuzzy dense-rank,5.0,1.0,3.0
16658,367,6,814.07,,,,matched fuzzy dense-rank,3.0,1.0,3.0
16659,188,1,39.12,,,,matched fuzzy dense-rank,4.0,1.0,1.0
16660,15,7,1879.55,,,,matched fuzzy dense-rank,5.0,1.0,4.0
16661,539,4,986.63,,,,matched fuzzy dense-rank,2.0,1.0,3.0
16662,393,1,163.8,,,,matched fuzzy dense-rank,3.0,1.0,1.0
16663,728,1,165.0,,,,matched fuzzy dense-rank,1.0,1.0,1.0
16664,568,1,109.2,,,,matched fuzzy dense-rank,2.0,1.0,1.0
16665,361,1,135.39999999999998,,,,matched fuzzy dense-rank,3.0,1.0,1.0
16666,18,2,225.94,,,,matched fuzzy dense-rank,5.0,1.0,1.0
16667,67,2,570.13,,,,matched fuzzy dense-rank,5.0,1.0,2.0
16668,14,13,862.42,,,,matched fuzzy dense-rank,5.0,1.0,3.0
16669,23,3,1374.8700000000001,,,,matched fuzzy dense-rank,5.0,1.0,4.0
16670,16,20,8030.150000000001,,,,matched fuzzy dense-rank,5.0,2.0,5.0
16671,27,3,1692.27,,,,matched fuzzy dense-rank,5.0,1.0,4.0
16672,1,20,8134.9400000000005,,,,matched fuzzy dense-rank,5.0,2.0,5.0
16673,678,1,188.83,,,,matched fuzzy dense-rank,1.0,1.0,1.0
16674,54,2,319.61,,,,matched fuzzy dense-rank,5.0,1.0,2.0
16675,441,2,608.86,,,,matched fuzzy dense-rank,2.0,1.0,2.0
16676,33,6,2361.9,,,,matched fuzzy dense-rank,5.0,1.0,4.0
16677,410,2,880.62,,,,matched fuzzy dense-rank,3.0,1.0,3.0
16678,2,12,3109.99,,,,matched fuzzy dense-rank,5.0,1.0,5.0
16679,365,3,793.06,,,,matched fuzzy dense-rank,3.0,1.0,3.0
16680,42,3,821.45,,,,matched fuzzy dense-rank,5.0,1.0,3.0
16681,72,7,1921.84,,,,matched fuzzy dense-rank,5.0,1.0,4.0
16682,4,5,1028.0,,,,matched fuzzy dense-rank,5.0,1.0,3.0
16683,533,1,320.25,,,,matched fuzzy dense-rank,2.0,1.0,2.0
16684,3,55,147142.77,,,,matched fuzzy dense-rank,5.0,3.0,5.0
16685,60,2,324.24,,,,matched fuzzy dense-rank,5.0,1.0,2.0
16686,46,16,5070.92,,,,matched fuzzy dense-rank,5.0,1.0,5.0
16687,390,1,157.63,,,,matched fuzzy dense-rank,3.0,1.0,1.0
16688,0,4,1260.86,,,,matched fuzzy dense-rank,5.0,1.0,3.0
16689,75,2,422.59999999999997,,,,matched fuzzy dense-rank,5.0,1.0,2.0
16690,71,4,353.03,,,,matched fuzzy dense-rank,5.0,1.0,2.0
16691,417,2,178.83,,,,matched fuzzy dense-rank,3.0,1.0,1.0
16692,255,4,1914.6999999999998,,,,matched fuzzy dense-rank,4.0,1.0,4.0
16693,68,5,1199.46,,,,matched fuzzy dense-rank,5.0,1.0,3.0
16694,722,1,98.30000000000001,,,,matched fuzzy dense-rank,1.0,1.0,1.0
16695,561,2,193.15,,,,matched fuzzy dense-rank,2.0,1.0,1.0
16696,134,4,657.9000000000001,,,,matched fuzzy dense-rank,5.0,1.0,3.0
16697,240,1,112.75,,,,matched fuzzy dense-rank,4.0,1.0,1.0
16698,226,2,1998.0,,,,matched fuzzy dense-rank,4.0,1.0,4.0
16699,379,7,994.6,,,,matched fuzzy dense-rank,3.0,1.0,3.0
16700,8,25,9167.710000000001,,,,matched fuzzy dense-rank,5.0,2.0,5.0
16701,8,26,9916.73,,,,matched fuzzy dense-rank,5.0,2.0,5.0
16702,414,4,1110.83,,,,matched fuzzy dense-rank,3.0,1.0,3.0
16704,617,2,695.66,,,,matched fuzzy dense-rank,1.0,1.0,3.0
16705,0,42,43515.051,,,,matched fuzzy dense-rank,5.0,3.0,5.0
16706,36,3,531.35,,,,matched fuzzy dense-rank,5.0,1.0,2.0
16707,399,4,551.11,,,,matched fuzzy dense-rank,3.0,1.0,2.0
16708,45,1,656.63,,,,matched fuzzy dense-rank,5.0,1.0,3.0
16709,84,14,9087.460000000001,,,,matched fuzzy dense-rank,5.0,1.0,5.0
16710,18,22,6349.09,,,,matched fuzzy dense-rank,5.0,2.0,5.0
16711,2,9,2868.48,,,,matched fuzzy dense-rank,5.0,1.0,4.0
16712,8,13,4266.99,,,,matched fuzzy dense-rank,5.0,1.0,5.0
16713,18,32,14560.69,,,,matched fuzzy dense-rank,5.0,2.0,5.0
16714,218,4,1529.8,,,,matched fuzzy dense-rank,4.0,1.0,4.0
16715,77,2,625.52,,,,matched fuzzy dense-rank,5.0,1.0,2.0
16716,266,3,2149.6800000000003,,,,matched fuzzy dense-rank,4.0,1.0,4.0
16717,23,14,6986.2300000000005,,,,matched fuzzy dense-rank,5.0,1.0,5.0
16718,368,5,3647.53,,,,matched fuzzy dense-rank,3.0,1.0,5.0
16719,14,14,3973.3,,,,matched fuzzy dense-rank,5.0,1.0,5.0
16720,25,3,795.48,,,,matched fuzzy dense-rank,5.0,1.0,3.0
16721,261,1,292.47,,,,matched fuzzy dense-rank,4.0,1.0,1.0
16722,16,22,8989.08,,,,matched fuzzy dense-rank,5.0,2.0,5.0
16723,90,4,1301.63,,,,matched fuzzy dense-rank,5.0,1.0,4.0
16724,404,1,147.35,,,,matched fuzzy dense-rank,3.0,1.0,1.0
16725,301,14,1882.11,,,,matched fuzzy dense-rank,3.0,1.0,4.0
16726,25,7,2088.41,,,,matched fuzzy dense-rank,5.0,1.0,4.0
16727,363,4,1437.42,,,,matched fuzzy dense-rank,3.0,1.0,4.0
16728,45,4,1054.67,,,,matched fuzzy dense-rank,5.0,1.0,3.0
16729,37,21,7239.92,,,,matched fuzzy dense-rank,5.0,2.0,5.0
16730,51,3,743.11,,,,matched fuzzy dense-rank,5.0,1.0,3.0
16731,647,1,174.05,,,,matched fuzzy dense-rank,1.0,1.0,1.0
16732,31,4,4387.64,,,,matched fuzzy dense-rank,5.0,1.0,5.0
16733,529,1,259.68,,,,matched fuzzy dense-rank,2.0,1.0,1.0
16734,51,3,650.51,,,,matched fuzzy dense-rank,5.0,1.0,3.0
16735,78,14,6270.56,,,,matched fuzzy dense-rank,5.0,1.0,5.0
16736,505,5,2956.56,,,,matched fuzzy dense-rank,2.0,1.0,4.0
16737,52,2,835.1999999999999,,,,matched fuzzy dense-rank,5.0,1.0,3.0
16738,297,1,3.75,,,,matched fuzzy dense-rank,3.0,1.0,1.0
16739,176,2,786.43,,,,matched fuzzy dense-rank,4.0,1.0,3.0
16740,394,1,236.81,,,,matched fuzzy dense-rank,3.0,1.0,1.0
16741,624,1,173.06,,,,matched fuzzy dense-rank,1.0,1.0,1.0
16742,46,14,2852.6099999999997,,,,matched fuzzy dense-rank,5.0,1.0,4.0
16743,28,14,4253.26,,,,matched fuzzy dense-rank,5.0,1.0,5.0
16744,10,7,1304.76,,,,matched fuzzy dense-rank,5.0,1.0,4.0
16745,86,17,7194.3,,,,matched fuzzy dense-rank,5.0,1.0,5.0
16746,4,42,18066.4,,,,matched fuzzy dense-rank,5.0,3.0,5.0
16747,37,2,836.06,,,,matched fuzzy dense-rank,5.0,1.0,3.0
16748,17,14,3637.33,,,,matched fuzzy dense-rank,5.0,1.0,5.0
16749,590,2,4387.08,,,,matched fuzzy dense-rank,1.0,1.0,5.0
16750,44,5,623.93,,,,matched fuzzy dense-rank,5.0,1.0,2.0
16751,30,1,1764.72,,,,matched fuzzy dense-rank,5.0,1.0,4.0
16752,372,1,415.0,,,,matched fuzzy dense-rank,3.0,1.0,2.0
16753,57,1,223.92000000000002,,,,matched fuzzy dense-rank,5.0,1.0,1.0
16754,371,29,67502.47,,,,matched fuzzy dense-rank,3.0,2.0,5.0
16755,113,7,2900.58,,,,matched fuzzy dense-rank,5.0,1.0,4.0
16756,214,7,1312.3700000000001,,,,matched fuzzy dense-rank,4.0,1.0,4.0
16757,318,2,270.48,,,,matched fuzzy dense-rank,3.0,1.0,1.0
16758,64,1,369.34000000000003,,,,matched fuzzy dense-rank,5.0,1.0,2.0
16759,7,3,789.79,,,,matched fuzzy dense-rank,5.0,1.0,3.0
16760,429,1,228.0,,,,matched fuzzy dense-rank,3.0,1.0,1.0
16761,96,1,316.62,,,,matched fuzzy dense-rank,5.0,1.0,2.0
16762,19,3,1501.38,,,,matched fuzzy dense-rank,5.0,1.0,4.0
16763,198,2,964.6999999999999,,,,matched fuzzy dense-rank,4.0,1.0,3.0
16764,3,13,2799.25,,,,matched fuzzy dense-rank,5.0,1.0,4.0
16765,293,2,454.75,,,,matched fuzzy dense-rank,3.0,1.0,2.0
16766,272,2,1145.6,,,,matched fuzzy dense-rank,4.0,1.0,3.0
16767,30,15,8073.8,,,,matched fuzzy dense-rank,5.0,1.0,5.0
16768,47,9,1708.12,,,,matched fuzzy dense-rank,5.0,1.0,4.0
16769,259,4,1141.75,,,,matched fuzzy dense-rank,4.0,1.0,3.0
16770,57,9,1932.13,,,,matched fuzzy dense-rank,5.0,1.0,4.0
16771,32,10,3967.6,,,,matched fuzzy dense-rank,5.0,1.0,5.0
16772,422,3,3723.5499999999997,,,,matched fuzzy dense-rank,3.0,1.0,5.0
16773,56,3,421.24,,,,matched fuzzy dense-rank,5.0,1.0,2.0
16774,67,8,1594.45,,,,matched fuzzy dense-rank,5.0,1.0,4.0
16775,9,16,3056.89,,,,matched fuzzy dense-rank,5.0,1.0,5.0
16776,59,2,619.85,,,,matched fuzzy dense-rank,5.0,1.0,2.0
16777,79,5,1307.76,,,,matched fuzzy dense-rank,5.0,1.0,4.0
16778,73,2,245.94,,,,matched fuzzy dense-rank,5.0,1.0,1.0
16779,1,53,33268.24,,,,matched fuzzy dense-rank,5.0,3.0,5.0
16780,99,3,605.55,,,,matched fuzzy dense-rank,5.0,1.0,2.0
16781,371,2,934.25,,,,matched fuzzy dense-rank,3.0,1.0,3.0
16782,9,38,10438.41,,,,matched fuzzy dense-rank,5.0,3.0,5.0
16783,436,1,391.95,,,,matched fuzzy dense-rank,2.0,1.0,2.0
16784,19,5,896.53,,,,matched fuzzy dense-rank,5.0,1.0,3.0
16785,409,1,533.78,,,,matched fuzzy dense-rank,3.0,1.0,2.0
16786,393,1,51.839999999999996,,,,matched fuzzy dense-rank,3.0,1.0,1.0
16787,397,4,1035.43,,,,matched fuzzy dense-rank,3.0,1.0,3.0
16788,122,5,1950.3,,,,matched fuzzy dense-rank,5.0,1.0,4.0
16789,7,1,80.8,,,,matched fuzzy dense-rank,5.0,1.0,1.0
16790,3,6,1545.6200000000001,,,,matched fuzzy dense-rank,5.0,1.0,4.0
16791,28,15,4038.69,,,,matched fuzzy dense-rank,5.0,1.0,5.0
16792,281,5,623.46,,,,matched fuzzy dense-rank,3.0,1.0,2.0
16793,56,1,243.84,,,,matched fuzzy dense-rank,5.0,1.0,1.0
16794,0,15,2090.91,,,,matched fuzzy dense-rank,5.0,1.0,4.0
16795,364,3,2492.39,,,,matched fuzzy dense-rank,3.0,1.0,4.0
16796,88,1,305.62,,,,matched fuzzy dense-rank,5.0,1.0,2.0
16797,392,5,1827.77,,,,matched fuzzy dense-rank,3.0,1.0,4.0
16798,553,3,848.71,,,,matched fuzzy dense-rank,2.0,1.0,3.0
16799,431,2,495.98,,,,matched fuzzy dense-rank,2.0,1.0,2.0
16800,10,1,1201.49,,,,matched fuzzy dense-rank,5.0,1.0,3.0
16801,162,4,1619.73,,,,matched fuzzy dense-rank,4.0,1.0,4.0
16802,678,2,582.61,,,,matched fuzzy dense-rank,1.0,1.0,2.0
16803,64,1,332.3,,,,matched fuzzy dense-rank,5.0,1.0,2.0
16804,22,3,536.99,,,,matched fuzzy dense-rank,5.0,1.0,2.0
16805,173,5,1097.24,,,,matched fuzzy dense-rank,4.0,1.0,3.0
16806,102,4,801.49,,,,matched fuzzy dense-rank,5.0,1.0,3.0
16807,142,6,2123.88,,,,matched fuzzy dense-rank,4.0,1.0,4.0
16808,98,2,288.42,,,,matched fuzzy dense-rank,5.0,1.0,1.0
16809,22,9,1727.43,,,,matched fuzzy dense-rank,5.0,1.0,4.0
16810,191,2,842.0400000000001,,,,matched fuzzy dense-rank,4.0,1.0,3.0
16811,4,2,547.07,,,,matched fuzzy dense-rank,5.0,1.0,2.0
16812,360,4,2392.0,,,,matched fuzzy dense-rank,3.0,1.0,4.0
16813,7,10,1692.98,,,,matched fuzzy dense-rank,5.0,1.0,4.0
16814,13,36,12499.710000000001,,,,matched fuzzy dense-rank,5.0,2.0,5.0
16815,453,2,410.97,,,,matched fuzzy dense-rank,2.0,1.0,2.0
16816,102,4,417.06,,,,matched fuzzy dense-rank,5.0,1.0,2.0
16817,2,13,2804.9,,,,matched fuzzy dense-rank,5.0,1.0,4.0
16818,10,11,3349.57,,,,matched fuzzy dense-rank,5.0,1.0,5.0
16819,464,2,182.59,,,,matched fuzzy dense-rank,2.0,1.0,1.0
16820,95,1,497.61,,,,matched fuzzy dense-rank,5.0,1.0,2.0
16821,381,1,113.35,,,,matched fuzzy dense-rank,3.0,1.0,1.0
16822,685,1,181.39,,,,matched fuzzy dense-rank,1.0,1.0,1.0
16823,226,7,2260.09,,,,matched fuzzy dense-rank,4.0,1.0,4.0
16824,15,3,686.24,,,,matched fuzzy dense-rank,5.0,1.0,3.0
16825,38,5,1826.89,,,,matched fuzzy dense-rank,5.0,1.0,4.0
16826,50,1,341.7,,,,matched fuzzy dense-rank,5.0,1.0,2.0
16827,392,5,392.13,,,,matched fuzzy dense-rank,3.0,1.0,2.0
16828,92,2,128.5,,,,matched fuzzy dense-rank,5.0,1.0,1.0
16829,156,2,513.32,,,,matched fuzzy dense-rank,4.0,1.0,2.0
16830,38,4,1207.5,,,,matched fuzzy dense-rank,5.0,1.0,3.0
16831,564,1,91.8,,,,matched fuzzy dense-rank,2.0,1.0,1.0
16832,183,5,417.61,,,,matched fuzzy dense-rank,4.0,1.0,2.0
16833,0,6,2409.04,,,,matched fuzzy dense-rank,5.0,1.0,4.0
16834,227,2,898.96,,,,matched fuzzy dense-rank,4.0,1.0,3.0
16835,127,6,1538.41,,,,matched fuzzy dense-rank,5.0,1.0,4.0
16836,39,4,782.37,,,,matched fuzzy dense-rank,5.0,1.0,3.0
16837,30,11,3170.98,,,,matched fuzzy dense-rank,5.0,1.0,5.0
16838,196,4,1159.61,,,,matched fuzzy dense-rank,4.0,1.0,3.0
16839,8,44,22310.49,,,,matched fuzzy dense-rank,5.0,3.0,5.0
16840,602,2,139.85,,,,matched fuzzy dense-rank,1.0,1.0,1.0
16841,36,12,4006.06,,,,matched fuzzy dense-rank,5.0,1.0,5.0
16842,100,3,1264.19,,,,matched fuzzy dense-rank,5.0,1.0,3.0
16843,42,35,19571.43,,,,matched fuzzy dense-rank,5.0,2.0,5.0
16844,562,2,614.34,,,,matched fuzzy dense-rank,2.0,1.0,2.0
16845,617,1,253.88,,,,matched fuzzy dense-rank,1.0,1.0,1.0
16846,49,3,842.41,,,,matched fuzzy dense-rank,5.0,1.0,3.0
16847,42,2,614.89,,,,matched fuzzy dense-rank,5.0,1.0,2.0
16848,52,4,1411.62,,,,matched fuzzy dense-rank,5.0,1.0,4.0
16849,186,1,124.57,,,,matched fuzzy dense-rank,4.0,1.0,1.0
16850,333,1,332.41,,,,matched fuzzy dense-rank,3.0,1.0,2.0
16851,3,3,342.45,,,,matched fuzzy dense-rank,5.0,1.0,2.0
16852,9,2,144.91000000000003,,,,matched fuzzy dense-rank,5.0,1.0,1.0
16854,416,2,1408.96,,,,matched fuzzy dense-rank,3.0,1.0,4.0
16855,23,2,328.4,,,,matched fuzzy dense-rank,5.0,1.0,2.0
16856,14,3,358.49,,,,matched fuzzy dense-rank,5.0,1.0,2.0
16857,442,1,352.8,,,,matched fuzzy dense-rank,2.0,1.0,2.0
16858,368,10,4668.28,,,,matched fuzzy dense-rank,3.0,1.0,5.0
16859,144,7,1932.41,,,,matched fuzzy dense-rank,4.0,1.0,4.0
16860,452,3,1610.62,,,,matched fuzzy dense-rank,2.0,1.0,4.0
16861,59,5,946.59,,,,matched fuzzy dense-rank,5.0,1.0,3.0
16862,546,4,662.33,,,,matched fuzzy dense-rank,2.0,1.0,3.0
16863,30,3,998.52,,,,matched fuzzy dense-rank,5.0,1.0,3.0
16864,433,2,409.25,,,,matched fuzzy dense-rank,2.0,1.0,2.0
16865,401,1,130.95,,,,matched fuzzy dense-rank,3.0,1.0,1.0
16866,140,3,207.73999999999998,,,,matched fuzzy dense-rank,4.0,1.0,1.0
16867,689,1,76.74000000000001,,,,matched fuzzy dense-rank,1.0,1.0,1.0
16868,393,3,393.39,,,,matched fuzzy dense-rank,3.0,1.0,2.0
16869,22,4,825.42,,,,matched fuzzy dense-rank,5.0,1.0,3.0
16870,468,1,450.15999999999997,,,,matched fuzzy dense-rank,2.0,1.0,2.0
16871,21,6,2812.34,,,,matched fuzzy dense-rank,5.0,1.0,4.0
16872,76,6,1213.13,,,,matched fuzzy dense-rank,5.0,1.0,3.0
16873,4,12,14617.39,,,,matched fuzzy dense-rank,5.0,1.0,5.0
16874,378,1,217.74,,,,matched fuzzy dense-rank,3.0,1.0,1.0
16875,66,11,4234.53,,,,matched fuzzy dense-rank,5.0,1.0,5.0
16876,403,1,136.01,,,,matched fuzzy dense-rank,3.0,1.0,1.0
16877,11,6,853.72,,,,matched fuzzy dense-rank,5.0,1.0,3.0
16878,83,1,13.3,,,,matched fuzzy dense-rank,5.0,1.0,1.0
16880,30,8,1840.86,,,,matched fuzzy dense-rank,5.0,1.0,4.0
16881,66,1,432.0,,,,matched fuzzy dense-rank,5.0,1.0,2.0
16882,66,3,705.12,,,,matched fuzzy dense-rank,5.0,1.0,3.0
16883,186,19,2396.59,,,,matched fuzzy dense-rank,4.0,2.0,4.0
16884,37,4,1073.92,,,,matched fuzzy dense-rank,5.0,1.0,3.0
16885,14,4,710.74,,,,matched fuzzy dense-rank,5.0,1.0,3.0
16886,455,1,134.0,,,,matched fuzzy dense-rank,2.0,1.0,1.0
16887,34,3,660.72,,,,matched fuzzy dense-rank,5.0,1.0,3.0
16888,400,3,437.15,,,,matched fuzzy dense-rank,3.0,1.0,2.0
16889,194,6,2530.9,,,,matched fuzzy dense-rank,4.0,1.0,4.0
16890,476,3,285.41,,,,matched fuzzy dense-rank,2.0,1.0,1.0
16891,1,11,2056.82,,,,matched fuzzy dense-rank,5.0,1.0,4.0
16892,0,7,762.1,,,,matched fuzzy dense-rank,5.0,1.0,3.0
16893,366,2,401.77,,,,matched fuzzy dense-rank,3.0,1.0,2.0
16894,501,3,1324.06,,,,matched fuzzy dense-rank,2.0,1.0,4.0
16895,64,5,1121.42,,,,matched fuzzy dense-rank,5.0,1.0,3.0
16896,554,1,103.95,,,,matched fuzzy dense-rank,2.0,1.0,1.0
16897,298,2,289.78,,,,matched fuzzy dense-rank,3.0,1.0,1.0
16898,25,5,1016.37,,,,matched fuzzy dense-rank,5.0,1.0,3.0
16899,7,8,1721.02,,,,matched fuzzy dense-rank,5.0,1.0,4.0
16900,16,3,887.11,,,,matched fuzzy dense-rank,5.0,1.0,3.0
16901,728,1,204.26,,,,matched fuzzy dense-rank,1.0,1.0,1.0
16902,115,1,1706.88,,,,matched fuzzy dense-rank,5.0,1.0,4.0
16903,28,3,1062.28,,,,matched fuzzy dense-rank,5.0,1.0,3.0
16904,3,21,5132.37,,,,matched fuzzy dense-rank,5.0,2.0,5.0
16905,4,17,5034.15,,,,matched fuzzy dense-rank,5.0,1.0,5.0
16906,81,7,1448.8,,,,matched fuzzy dense-rank,5.0,1.0,4.0
16907,28,9,1707.9,,,,matched fuzzy dense-rank,5.0,1.0,4.0
16908,721,1,252.59,,,,matched fuzzy dense-rank,1.0,1.0,1.0
16909,71,1,379.14,,,,matched fuzzy dense-rank,5.0,1.0,2.0
16910,3,8,1510.06,,,,matched fuzzy dense-rank,5.0,1.0,4.0
16911,635,2,255.25,,,,matched fuzzy dense-rank,1.0,1.0,1.0
16912,28,15,4480.31,,,,matched fuzzy dense-rank,5.0,1.0,5.0
16913,289,3,423.90999999999997,,,,matched fuzzy dense-rank,3.0,1.0,2.0
16914,35,1,208.46,,,,matched fuzzy dense-rank,5.0,1.0,1.0
16915,8,11,1543.18,,,,matched fuzzy dense-rank,5.0,1.0,4.0
16916,23,4,1123.4,,,,matched fuzzy dense-rank,5.0,1.0,3.0
16917,276,2,1857.83,,,,matched fuzzy dense-rank,4.0,1.0,4.0
16918,49,16,3213.29,,,,matched fuzzy dense-rank,5.0,1.0,5.0
16919,155,24,5125.91,,,,matched fuzzy dense-rank,4.0,2.0,5.0
16920,410,1,355.45,,,,matched fuzzy dense-rank,3.0,1.0,2.0
16921,60,3,446.67,,,,matched fuzzy dense-rank,5.0,1.0,2.0
16922,572,1,611.08,,,,matched fuzzy dense-rank,2.0,1.0,2.0
16923,11,32,13378.36,,,,matched fuzzy dense-rank,5.0,2.0,5.0
16924,20,3,846.75,,,,matched fuzzy dense-rank,5.0,1.0,3.0
16925,539,1,125.65,,,,matched fuzzy dense-rank,2.0,1.0,1.0
16926,370,5,1421.35,,,,matched fuzzy dense-rank,3.0,1.0,4.0
16927,115,3,543.05,,,,matched fuzzy dense-rank,5.0,1.0,2.0
16928,79,29,4113.23,,,,matched fuzzy dense-rank,5.0,2.0,5.0
16929,3,7,1295.39,,,,matched fuzzy dense-rank,5.0,1.0,4.0
16930,25,3,380.55,,,,matched fuzzy dense-rank,5.0,1.0,2.0
16931,4,23,5233.62,,,,matched fuzzy dense-rank,5.0,2.0,5.0
16932,52,3,440.71,,,,matched fuzzy dense-rank,5.0,1.0,2.0
16933,0,9,3181.25,,,,matched fuzzy dense-rank,5.0,1.0,5.0
16934,54,6,2110.9900000000002,,,,matched fuzzy dense-rank,5.0,1.0,4.0
16935,381,3,535.1,,,,matched fuzzy dense-rank,3.0,1.0,2.0
16936,25,2,551.17,,,,matched fuzzy dense-rank,5.0,1.0,2.0
16937,498,1,202.1,,,,matched fuzzy dense-rank,2.0,1.0,1.0
16938,8,9,7043.18,,,,matched fuzzy dense-rank,5.0,1.0,5.0
16939,488,3,449.0,,,,matched fuzzy dense-rank,2.0,1.0,2.0
16940,51,8,6427.66,,,,matched fuzzy dense-rank,5.0,1.0,5.0
16941,611,1,33.0,,,,matched fuzzy dense-rank,1.0,1.0,1.0
16942,12,9,1920.59,,,,matched fuzzy dense-rank,5.0,1.0,4.0
16943,211,5,1299.49,,,,matched fuzzy dense-rank,4.0,1.0,4.0
16944,609,1,101.36,,,,matched fuzzy dense-rank,1.0,1.0,1.0
16945,21,33,8548.16,,,,matched fuzzy dense-rank,5.0,2.0,5.0
16946,382,5,1222.04,,,,matched fuzzy dense-rank,3.0,1.0,3.0
16947,235,5,955.21,,,,matched fuzzy dense-rank,4.0,1.0,3.0
16948,138,7,868.77,,,,matched fuzzy dense-rank,4.0,1.0,3.0
16949,3,6,1286.27,,,,matched fuzzy dense-rank,5.0,1.0,4.0
16950,56,10,3784.37,,,,matched fuzzy dense-rank,5.0,1.0,5.0
16951,134,3,1277.75,,,,matched fuzzy dense-rank,5.0,1.0,4.0
16952,108,5,798.78,,,,matched fuzzy dense-rank,5.0,1.0,3.0
16953,29,1,20.8,,,,matched fuzzy dense-rank,5.0,1.0,1.0
16954,0,20,6081.88,,,,matched fuzzy dense-rank,5.0,2.0,5.0
16955,184,6,1309.41,,,,matched fuzzy dense-rank,4.0,1.0,4.0
16956,17,1,308.74,,,,matched fuzzy dense-rank,5.0,1.0,2.0
16957,238,2,416.64,,,,matched fuzzy dense-rank,4.0,1.0,2.0
16958,434,1,809.44,,,,matched fuzzy dense-rank,2.0,1.0,3.0
16959,86,1,117.35000000000001,,,,matched fuzzy dense-rank,5.0,1.0,1.0
16960,38,8,2043.43,,,,matched fuzzy dense-rank,5.0,1.0,4.0
16961,115,3,794.56,,,,matched fuzzy dense-rank,5.0,1.0,3.0
16962,409,1,251.04,,,,matched fuzzy dense-rank,3.0,1.0,1.0
16963,186,1,110.55000000000001,,,,matched fuzzy dense-rank,4.0,1.0,1.0
16964,732,2,207.85,,,,matched fuzzy dense-rank,1.0,1.0,1.0
16965,226,1,201.19,,,,matched fuzzy dense-rank,4.0,1.0,1.0
16966,7,7,2154.97,,,,matched fuzzy dense-rank,5.0,1.0,4.0
16967,188,1,319.02,,,,matched fuzzy dense-rank,4.0,1.0,2.0
16968,3,2,439.43,,,,matched fuzzy dense-rank,5.0,1.0,2.0
16969,38,3,650.41,,,,matched fuzzy dense-rank,5.0,1.0,3.0
16970,625,1,71.4,,,,matched fuzzy dense-rank,1.0,1.0,1.0
16971,37,1,357.21,,,,matched fuzzy dense-rank,5.0,1.0,2.0
16972,382,2,786.25,,,,matched fuzzy dense-rank,3.0,1.0,3.0
16973,385,1,127.0,,,,matched fuzzy dense-rank,3.0,1.0,1.0
16974,522,2,365.5,,,,matched fuzzy dense-rank,2.0,1.0,2.0
16975,422,3,926.12,,,,matched fuzzy dense-rank,3.0,1.0,3.0
16976,266,1,251.51999999999998,,,,matched fuzzy dense-rank,4.0,1.0,1.0
16977,394,4,496.0,,,,matched fuzzy dense-rank,3.0,1.0,2.0
16978,77,3,768.88,,,,matched fuzzy dense-rank,5.0,1.0,3.0
16979,3,9,2859.74,,,,matched fuzzy dense-rank,5.0,1.0,4.0
16980,254,3,1473.3300000000002,,,,matched fuzzy dense-rank,4.0,1.0,4.0
16982,60,1,384.06,,,,matched fuzzy dense-rank,5.0,1.0,2.0
16983,12,11,3710.22,,,,matched fuzzy dense-rank,5.0,1.0,5.0
16984,87,9,10754.8,,,,matched fuzzy dense-rank,5.0,1.0,5.0
16985,16,23,10923.16,,,,matched fuzzy dense-rank,5.0,2.0,5.0
16986,29,11,4888.75,,,,matched fuzzy dense-rank,5.0,1.0,5.0
16987,2,11,2535.9,,,,matched fuzzy dense-rank,5.0,1.0,4.0
16988,4,2,382.67,,,,matched fuzzy dense-rank,5.0,1.0,2.0
16989,6,6,1133.25,,,,matched fuzzy dense-rank,5.0,1.0,3.0
16990,218,2,344.0,,,,matched fuzzy dense-rank,4.0,1.0,2.0
16991,420,1,1041.21,,,,matched fuzzy dense-rank,3.0,1.0,3.0
16992,10,13,5476.5,,,,matched fuzzy dense-rank,5.0,1.0,5.0
16993,463,2,1950.9499999999998,,,,matched fuzzy dense-rank,2.0,1.0,4.0
16996,29,9,2123.61,,,,matched fuzzy dense-rank,5.0,1.0,4.0
16997,287,3,702.0,,,,matched fuzzy dense-rank,3.0,1.0,3.0
16998,149,5,402.0,,,,matched fuzzy dense-rank,4.0,1.0,2.0
16999,22,2,484.82,,,,matched fuzzy dense-rank,5.0,1.0,2.0
17000,395,2,406.3,,,,matched fuzzy dense-rank,3.0,1.0,2.0
17001,0,19,6640.8,,,,matched fuzzy dense-rank,5.0,2.0,5.0
17002,85,7,2571.55,,,,matched fuzzy dense-rank,5.0,1.0,4.0
17003,401,4,830.16,,,,matched fuzzy dense-rank,3.0,1.0,3.0
17004,45,4,2425.16,,,,matched fuzzy dense-rank,5.0,1.0,4.0
17005,470,2,742.36,,,,matched fuzzy dense-rank,2.0,1.0,3.0
17006,4,8,1636.32,,,,matched fuzzy dense-rank,5.0,1.0,4.0
17007,50,7,1120.1,,,,matched fuzzy dense-rank,5.0,1.0,3.0
17008,428,1,81.36,,,,matched fuzzy dense-rank,3.0,1.0,1.0
17009,550,1,242.06,,,,matched fuzzy dense-rank,2.0,1.0,1.0
17010,17,1,195.36,,,,matched fuzzy dense-rank,5.0,1.0,1.0
17011,29,3,671.7,,,,matched fuzzy dense-rank,5.0,1.0,3.0
17012,724,1,384.16,,,,matched fuzzy dense-rank,1.0,1.0,2.0
17014,7,3,586.33,,,,matched fuzzy dense-rank,5.0,1.0,2.0
17015,28,3,1842.56,,,,matched fuzzy dense-rank,5.0,1.0,4.0
17016,576,1,552.4,,,,matched fuzzy dense-rank,1.0,1.0,2.0
17017,2,29,14110.61,,,,matched fuzzy dense-rank,5.0,2.0,5.0
17018,40,6,2287.7,,,,matched fuzzy dense-rank,5.0,1.0,4.0
17019,10,11,4012.2,,,,matched fuzzy dense-rank,5.0,1.0,5.0
17020,541,2,935.62,,,,matched fuzzy dense-rank,2.0,1.0,3.0
17021,441,6,1182.22,,,,matched fuzzy dense-rank,2.0,1.0,3.0
17022,30,2,260.0,,,,matched fuzzy dense-rank,5.0,1.0,1.0
17023,416,3,800.18,,,,matched fuzzy dense-rank,3.0,1.0,3.0
17024,44,3,95.85,,,,matched fuzzy dense-rank,5.0,1.0,1.0
17025,60,5,1510.6399999999999,,,,matched fuzzy dense-rank,5.0,1.0,4.0
17026,184,3,208.98,,,,matched fuzzy dense-rank,4.0,1.0,1.0
17027,78,9,1327.1100000000001,,,,matched fuzzy dense-rank,5.0,1.0,4.0
17028,580,3,1593.83,,,,matched fuzzy dense-rank,1.0,1.0,4.0
17029,110,7,2137.3,,,,matched fuzzy dense-rank,5.0,1.0,4.0
17030,63,1,146.87,,,,matched fuzzy dense-rank,5.0,1.0,1.0
17031,11,6,2773.85,,,,matched fuzzy dense-rank,5.0,1.0,4.0
17032,547,8,3004.6,,,,matched fuzzy dense-rank,2.0,1.0,5.0
17033,85,4,1332.79,,,,matched fuzzy dense-rank,5.0,1.0,4.0
17034,15,5,1283.92,,,,matched fuzzy dense-rank,5.0,1.0,4.0
17035,245,4,613.59,,,,matched fuzzy dense-rank,4.0,1.0,2.0
17036,382,1,176.9,,,,matched fuzzy dense-rank,3.0,1.0,1.0
17037,87,1,1267.32,,,,matched fuzzy dense-rank,5.0,1.0,3.0
17038,29,2,743.17,,,,matched fuzzy dense-rank,5.0,1.0,3.0
17039,603,1,1954.99,,,,matched fuzzy dense-rank,1.0,1.0,4.0
17040,137,2,463.25,,,,matched fuzzy dense-rank,4.0,1.0,2.0
17041,26,6,1686.28,,,,matched fuzzy dense-rank,5.0,1.0,4.0
17042,2,5,1044.3799999999999,,,,matched fuzzy dense-rank,5.0,1.0,3.0
17043,31,8,2616.55,,,,matched fuzzy dense-rank,5.0,1.0,4.0
17044,24,12,11962.3,,,,matched fuzzy dense-rank,5.0,1.0,5.0
17045,112,5,827.6800000000001,,,,matched fuzzy dense-rank,5.0,1.0,3.0
17046,156,5,1906.07,,,,matched fuzzy dense-rank,4.0,1.0,4.0
17047,84,6,2289.23,,,,matched fuzzy dense-rank,5.0,1.0,4.0
17048,117,7,2071.68,,,,matched fuzzy dense-rank,5.0,1.0,4.0
17049,2,19,9947.48,,,,matched fuzzy dense-rank,5.0,2.0,5.0
17050,95,11,4691.79,,,,matched fuzzy dense-rank,5.0,1.0,5.0
17051,193,4,714.39,,,,matched fuzzy dense-rank,4.0,1.0,3.0
17052,27,1,413.75,,,,matched fuzzy dense-rank,5.0,1.0,2.0
17053,130,1,498.48,,,,matched fuzzy dense-rank,5.0,1.0,2.0
17054,27,5,1356.33,,,,matched fuzzy dense-rank,5.0,1.0,4.0
17055,445,1,239.55,,,,matched fuzzy dense-rank,2.0,1.0,1.0
17056,737,1,128.60000000000002,,,,matched fuzzy dense-rank,1.0,1.0,1.0
17057,595,1,294.74,,,,matched fuzzy dense-rank,1.0,1.0,1.0
17058,81,3,1179.89,,,,matched fuzzy dense-rank,5.0,1.0,3.0
17059,29,9,5602.53,,,,matched fuzzy dense-rank,5.0,1.0,5.0
17060,265,1,234.24,,,,matched fuzzy dense-rank,4.0,1.0,1.0
17061,73,11,5232.2300000000005,,,,matched fuzzy dense-rank,5.0,1.0,5.0
17062,313,6,1208.22,,,,matched fuzzy dense-rank,3.0,1.0,3.0
17063,20,13,3638.53,,,,matched fuzzy dense-rank,5.0,1.0,5.0
17064,58,3,859.35,,,,matched fuzzy dense-rank,5.0,1.0,3.0
17065,637,2,194.7,,,,matched fuzzy dense-rank,1.0,1.0,1.0
17066,725,1,228.34,,,,matched fuzzy dense-rank,1.0,1.0,1.0
17067,724,3,454.54,,,,matched fuzzy dense-rank,1.0,1.0,2.0
17068,11,47,9161.08,,,,matched fuzzy dense-rank,5.0,3.0,5.0
17069,27,14,5794.28,,,,matched fuzzy dense-rank,5.0,1.0,5.0
17070,113,2,445.32,,,,matched fuzzy dense-rank,5.0,1.0,2.0
17071,27,13,3801.2000000000003,,,,matched fuzzy dense-rank,5.0,1.0,5.0
17072,624,1,282.05,,,,matched fuzzy dense-rank,1.0,1.0,1.0
17073,17,4,1446.09,,,,matched fuzzy dense-rank,5.0,1.0,4.0
17074,562,1,203.05,,,,matched fuzzy dense-rank,2.0,1.0,1.0
17075,17,10,2241.73,,,,matched fuzzy dense-rank,5.0,1.0,4.0
17076,35,6,1242.75,,,,matched fuzzy dense-rank,5.0,1.0,3.0
17077,577,1,306.0,,,,matched fuzzy dense-rank,1.0,1.0,2.0
17078,35,2,378.2,,,,matched fuzzy dense-rank,5.0,1.0,2.0
17079,77,1,118.80000000000001,,,,matched fuzzy dense-rank,5.0,1.0,1.0
17080,21,7,957.53,,,,matched fuzzy dense-rank,5.0,1.0,3.0
17081,24,6,964.39,,,,matched fuzzy dense-rank,5.0,1.0,3.0
17082,32,6,4732.03,,,,matched fuzzy dense-rank,5.0,1.0,5.0
17083,108,9,4049.79,,,,matched fuzzy dense-rank,5.0,1.0,5.0
17084,34,3,5202.97,,,,matched fuzzy dense-rank,5.0,1.0,5.0
17085,122,28,7891.41,,,,matched fuzzy dense-rank,5.0,2.0,5.0
17086,6,6,2050.08,,,,matched fuzzy dense-rank,5.0,1.0,4.0
17087,737,1,221.53,,,,matched fuzzy dense-rank,1.0,1.0,1.0
17088,27,4,1991.01,,,,matched fuzzy dense-rank,5.0,1.0,4.0
17089,385,1,128.45,,,,matched fuzzy dense-rank,3.0,1.0,1.0
17090,3,13,3149.48,,,,matched fuzzy dense-rank,5.0,1.0,5.0
17091,2,19,7811.1,,,,matched fuzzy dense-rank,5.0,2.0,5.0
17092,49,11,5594.96,,,,matched fuzzy dense-rank,5.0,1.0,5.0
17093,592,1,235.88,,,,matched fuzzy dense-rank,1.0,1.0,1.0
17094,321,2,402.20000000000005,,,,matched fuzzy dense-rank,3.0,1.0,2.0
17095,22,7,2572.25,,,,matched fuzzy dense-rank,5.0,1.0,4.0
17096,14,11,3759.18,,,,matched fuzzy dense-rank,5.0,1.0,5.0
17097,1,9,1340.45,,,,matched fuzzy dense-rank,5.0,1.0,4.0
17098,381,3,591.0699999999999,,,,matched fuzzy dense-rank,3.0,1.0,2.0
17099,532,1,582.17,,,,matched fuzzy dense-rank,2.0,1.0,2.0
17100,17,2,971.74,,,,matched fuzzy dense-rank,5.0,1.0,3.0
17101,9,7,2507.05,,,,matched fuzzy dense-rank,5.0,1.0,4.0
17102,261,1,25.5,,,,matched fuzzy dense-rank,4.0,1.0,1.0
17103,721,1,424.3,,,,matched fuzzy dense-rank,1.0,1.0,2.0
17104,423,1,474.03,,,,matched fuzzy dense-rank,3.0,1.0,2.0
17105,158,2,665.78,,,,matched fuzzy dense-rank,4.0,1.0,3.0
17106,388,1,491.23,,,,matched fuzzy dense-rank,3.0,1.0,2.0
17107,32,10,16075.42,,,,matched fuzzy dense-rank,5.0,1.0,5.0
17108,663,1,174.95,,,,matched fuzzy dense-rank,1.0,1.0,1.0
17109,28,8,1295.46,,,,matched fuzzy dense-rank,5.0,1.0,4.0
17110,164,3,510.7,,,,matched fuzzy dense-rank,4.0,1.0,2.0
17111,46,2,476.58,,,,matched fuzzy dense-rank,5.0,1.0,2.0
17112,502,1,205.17,,,,matched fuzzy dense-rank,2.0,1.0,1.0
17113,573,6,2322.59,,,,matched fuzzy dense-rank,1.0,1.0,4.0
17114,5,8,808.62,,,,matched fuzzy dense-rank,5.0,1.0,3.0
17115,7,7,2761.4900000000002,,,,matched fuzzy dense-rank,5.0,1.0,4.0
17116,647,1,389.78,,,,matched fuzzy dense-rank,1.0,1.0,2.0
17117,287,1,116.19999999999999,,,,matched fuzzy dense-rank,3.0,1.0,1.0
17118,317,1,157.02,,,,matched fuzzy dense-rank,3.0,1.0,1.0
17119,2,2,606.91,,,,matched fuzzy dense-rank,5.0,1.0,2.0
17120,232,1,307.46,,,,matched fuzzy dense-rank,4.0,1.0,2.0
17121,402,1,314.74,,,,matched fuzzy dense-rank,3.0,1.0,2.0
17122,118,4,570.5,,,,matched fuzzy dense-rank,5.0,1.0,2.0
17123,161,3,977.17,,,,matched fuzzy dense-rank,4.0,1.0,3.0
17124,184,1,298.89,,,,matched fuzzy dense-rank,4.0,1.0,1.0
17125,49,1,259.35,,,,matched fuzzy dense-rank,5.0,1.0,1.0
17126,151,9,2070.44,,,,matched fuzzy dense-rank,4.0,1.0,4.0
17127,428,5,1155.0300000000002,,,,matched fuzzy dense-rank,3.0,1.0,3.0
17128,334,1,157.09,,,,matched fuzzy dense-rank,3.0,1.0,1.0
17129,519,1,31.85,,,,matched fuzzy dense-rank,2.0,1.0,1.0
17131,4,5,2463.17,,,,matched fuzzy dense-rank,5.0,1.0,4.0
17132,451,2,1272.8,,,,matched fuzzy dense-rank,2.0,1.0,4.0
17133,15,12,14622.33,,,,matched fuzzy dense-rank,5.0,1.0,5.0
17134,106,3,637.1,,,,matched fuzzy dense-rank,5.0,1.0,3.0
17135,15,10,1954.16,,,,matched fuzzy dense-rank,5.0,1.0,4.0
17136,661,1,231.68,,,,matched fuzzy dense-rank,1.0,1.0,1.0
17137,415,6,1133.63,,,,matched fuzzy dense-rank,3.0,1.0,3.0
17138,275,7,4417.27,,,,matched fuzzy dense-rank,4.0,1.0,5.0
17139,15,25,19584.46,,,,matched fuzzy dense-rank,5.0,2.0,5.0
17140,246,1,465.32,,,,matched fuzzy dense-rank,4.0,1.0,2.0
17141,417,4,754.33,,,,matched fuzzy dense-rank,3.0,1.0,3.0
17142,238,4,1283.75,,,,matched fuzzy dense-rank,4.0,1.0,4.0
17143,416,2,924.11,,,,matched fuzzy dense-rank,3.0,1.0,3.0
17144,0,2,984.57,,,,matched fuzzy dense-rank,5.0,1.0,3.0
17145,512,4,3120.91,,,,matched fuzzy dense-rank,2.0,1.0,5.0
17146,105,13,5860.24,,,,matched fuzzy dense-rank,5.0,1.0,5.0
17147,22,9,3199.95,,,,matched fuzzy dense-rank,5.0,1.0,5.0
17148,51,1,124.88,,,,matched fuzzy dense-rank,5.0,1.0,1.0
17149,450,1,143.10000000000002,,,,matched fuzzy dense-rank,2.0,1.0,1.0
17150,376,6,1375.65,,,,matched fuzzy dense-rank,3.0,1.0,4.0
17151,734,1,231.90000000000003,,,,matched fuzzy dense-rank,1.0,1.0,1.0
17152,194,4,2016.5,,,,matched fuzzy dense-rank,4.0,1.0,4.0
17153,23,1,213.78,,,,matched fuzzy dense-rank,5.0,1.0,1.0
17154,74,1,329.34,,,,matched fuzzy dense-rank,5.0,1.0,2.0
17155,17,7,892.46,,,,matched fuzzy dense-rank,5.0,1.0,3.0
17156,491,1,591.87,,,,matched fuzzy dense-rank,2.0,1.0,2.0
17157,7,19,5151.9,,,,matched fuzzy dense-rank,5.0,2.0,5.0
17158,31,5,1980.0,,,,matched fuzzy dense-rank,5.0,1.0,4.0
17159,21,5,2099.59,,,,matched fuzzy dense-rank,5.0,1.0,4.0
17160,30,17,10209.16,,,,matched fuzzy dense-rank,5.0,1.0,5.0
17161,443,1,856.01,,,,matched fuzzy dense-rank,2.0,1.0,3.0
17162,28,10,1715.46,,,,matched fuzzy dense-rank,5.0,1.0,4.0
17163,21,4,699.78,,,,matched fuzzy dense-rank,5.0,1.0,3.0
17164,32,7,2467.35,,,,matched fuzzy dense-rank,5.0,1.0,4.0
17165,283,6,1794.32,,,,matched fuzzy dense-rank,3.0,1.0,4.0
17166,38,2,206.34,,,,matched fuzzy dense-rank,5.0,1.0,1.0
17167,379,3,867.11,,,,matched fuzzy dense-rank,3.0,1.0,3.0
17168,498,1,400.2,,,,matched fuzzy dense-rank,2.0,1.0,2.0
17169,57,3,1156.73,,,,matched fuzzy dense-rank,5.0,1.0,3.0
17170,373,2,178.68,,,,matched fuzzy dense-rank,3.0,1.0,1.0
17171,288,2,384.59,,,,matched fuzzy dense-rank,3.0,1.0,2.0
17172,78,3,956.5699999999999,,,,matched fuzzy dense-rank,5.0,1.0,3.0
17173,4,8,3766.6,,,,matched fuzzy dense-rank,5.0,1.0,5.0
17174,217,1,59.9,,,,matched fuzzy dense-rank,4.0,1.0,1.0
17175,43,4,1443.69,,,,matched fuzzy dense-rank,5.0,1.0,4.0
17176,201,3,902.3199999999999,,,,matched fuzzy dense-rank,4.0,1.0,3.0
17177,504,1,119.5,,,,matched fuzzy dense-rank,2.0,1.0,1.0
17178,730,1,436.71,,,,matched fuzzy dense-rank,1.0,1.0,2.0
17179,177,6,1507.26,,,,matched fuzzy dense-rank,4.0,1.0,4.0
17180,55,11,2256.98,,,,matched fuzzy dense-rank,5.0,1.0,4.0
17181,56,3,465.37,,,,matched fuzzy dense-rank,5.0,1.0,2.0
17182,422,2,321.3,,,,matched fuzzy dense-rank,3.0,1.0,2.0
17183,7,6,3347.31,,,,matched fuzzy dense-rank,5.0,1.0,5.0
17184,568,2,198.41000000000003,,,,matched fuzzy dense-rank,2.0,1.0,1.0
17185,591,3,229.46,,,,matched fuzzy dense-rank,1.0,1.0,1.0
17186,46,2,144.0,,,,matched fuzzy dense-rank,5.0,1.0,1.0
17187,226,2,467.71,,,,matched fuzzy dense-rank,4.0,1.0,2.0
17188,10,13,4592.93,,,,matched fuzzy dense-rank,5.0,1.0,5.0
17189,105,5,957.63,,,,matched fuzzy dense-rank,5.0,1.0,3.0
17190,58,7,1743.04,,,,matched fuzzy dense-rank,5.0,1.0,4.0
17191,27,15,4836.05,,,,matched fuzzy dense-rank,5.0,1.0,5.0
17192,535,1,77.83,,,,matched fuzzy dense-rank,2.0,1.0,1.0
17193,35,9,2310.04,,,,matched fuzzy dense-rank,5.0,1.0,4.0
17194,273,3,812.5,,,,matched fuzzy dense-rank,4.0,1.0,3.0
17195,654,1,562.98,,,,matched fuzzy dense-rank,1.0,1.0,2.0
17196,427,1,352.9,,,,matched fuzzy dense-rank,3.0,1.0,2.0
17197,29,1,1013.01,,,,matched fuzzy dense-rank,5.0,1.0,3.0
17198,23,3,1213.88,,,,matched fuzzy dense-rank,5.0,1.0,3.0
17199,581,1,145.12,,,,matched fuzzy dense-rank,1.0,1.0,1.0
17200,386,4,356.71,,,,matched fuzzy dense-rank,3.0,1.0,2.0
17201,53,4,1242.04,,,,matched fuzzy dense-rank,5.0,1.0,3.0
17202,420,1,160.65,,,,matched fuzzy dense-rank,3.0,1.0,1.0
17203,35,10,5575.88,,,,matched fuzzy dense-rank,5.0,1.0,5.0
17204,174,9,5504.6900000000005,,,,matched fuzzy dense-rank,4.0,1.0,5.0
17205,53,3,999.35,,,,matched fuzzy dense-rank,5.0,1.0,3.0
17206,52,1,204.24,,,,matched fuzzy dense-rank,5.0,1.0,1.0
17207,651,1,303.21999999999997,,,,matched fuzzy dense-rank,1.0,1.0,2.0
17208,395,1,115.35,,,,matched fuzzy dense-rank,3.0,1.0,1.0
17209,648,3,611.6,,,,matched fuzzy dense-rank,1.0,1.0,2.0
17210,392,1,253.37,,,,matched fuzzy dense-rank,3.0,1.0,1.0
17211,26,13,4046.65,,,,matched fuzzy dense-rank,5.0,1.0,5.0
17212,252,3,794.41,,,,matched fuzzy dense-rank,4.0,1.0,3.0
17213,39,13,5182.3,,,,matched fuzzy dense-rank,5.0,1.0,5.0
17214,59,6,1069.1200000000001,,,,matched fuzzy dense-rank,5.0,1.0,3.0
17215,463,1,186.15,,,,matched fuzzy dense-rank,2.0,1.0,1.0
17216,553,1,65.05,,,,matched fuzzy dense-rank,2.0,1.0,1.0
17217,233,2,218.0,,,,matched fuzzy dense-rank,4.0,1.0,1.0
17218,3,18,4192.68,,,,matched fuzzy dense-rank,5.0,1.0,5.0
17219,31,2,259.13,,,,matched fuzzy dense-rank,5.0,1.0,1.0
17220,23,21,4481.75,,,,matched fuzzy dense-rank,5.0,2.0,5.0
17221,6,5,978.52,,,,matched fuzzy dense-rank,5.0,1.0,3.0
17222,64,6,1605.01,,,,matched fuzzy dense-rank,5.0,1.0,4.0
17223,309,3,873.53,,,,matched fuzzy dense-rank,3.0,1.0,3.0
17224,500,1,100.86,,,,matched fuzzy dense-rank,2.0,1.0,1.0
17225,581,1,131.15,,,,matched fuzzy dense-rank,1.0,1.0,1.0
17226,308,3,900.12,,,,matched fuzzy dense-rank,3.0,1.0,3.0
17227,18,12,2022.03,,,,matched fuzzy dense-rank,5.0,1.0,4.0
17228,15,13,3177.24,,,,matched fuzzy dense-rank,5.0,1.0,5.0
17229,95,2,318.76,,,,matched fuzzy dense-rank,5.0,1.0,2.0
17230,263,18,9924.95,,,,matched fuzzy dense-rank,4.0,1.0,5.0
17231,11,25,7197.04,,,,matched fuzzy dense-rank,5.0,2.0,5.0
17232,2,2,421.52,,,,matched fuzzy dense-rank,5.0,1.0,2.0
17233,34,3,560.86,,,,matched fuzzy dense-rank,5.0,1.0,2.0
17234,182,1,149.89000000000001,,,,matched fuzzy dense-rank,4.0,1.0,1.0
17235,24,8,1904.8799999999999,,,,matched fuzzy dense-rank,5.0,1.0,4.0
17236,12,12,1929.26,,,,matched fuzzy dense-rank,5.0,1.0,4.0
17237,10,4,1002.08,,,,matched fuzzy dense-rank,5.0,1.0,3.0
17238,2,32,7783.1,,,,matched fuzzy dense-rank,5.0,2.0,5.0
17239,312,4,1189.45,,,,matched fuzzy dense-rank,3.0,1.0,3.0
17240,595,1,130.6,,,,matched fuzzy dense-rank,1.0,1.0,1.0
17241,384,12,2744.14,,,,matched fuzzy dense-rank,3.0,1.0,4.0
17242,107,5,2889.28,,,,matched fuzzy dense-rank,5.0,1.0,4.0
17243,0,69,20889.86,,,,matched fuzzy dense-rank,5.0,4.0,5.0
17244,52,5,1826.04,,,,matched fuzzy dense-rank,5.0,1.0,4.0
17245,204,2,371.63,,,,matched fuzzy dense-rank,4.0,1.0,2.0
17246,546,2,38.92,,,,matched fuzzy dense-rank,2.0,1.0,1.0
17247,14,1,282.19,,,,matched fuzzy dense-rank,5.0,1.0,1.0
17248,119,2,546.16,,,,matched fuzzy dense-rank,5.0,1.0,2.0
17249,428,1,68.03,,,,matched fuzzy dense-rank,3.0,1.0,1.0
17250,3,2,384.52,,,,matched fuzzy dense-rank,5.0,1.0,2.0
17251,362,3,812.4300000000001,,,,matched fuzzy dense-rank,3.0,1.0,3.0
17252,116,2,353.86,,,,matched fuzzy dense-rank,5.0,1.0,2.0
17253,17,1,178.26,,,,matched fuzzy dense-rank,5.0,1.0,1.0
17254,4,3,470.73,,,,matched fuzzy dense-rank,5.0,1.0,2.0
17255,40,4,799.13,,,,matched fuzzy dense-rank,5.0,1.0,3.0
17256,106,5,498.93,,,,matched fuzzy dense-rank,5.0,1.0,2.0
17257,435,2,192.73,,,,matched fuzzy dense-rank,2.0,1.0,1.0
17258,396,2,417.3,,,,matched fuzzy dense-rank,3.0,1.0,2.0
17259,147,6,1889.34,,,,matched fuzzy dense-rank,4.0,1.0,4.0
17260,410,1,120.95,,,,matched fuzzy dense-rank,3.0,1.0,1.0
17261,509,1,230.44,,,,matched fuzzy dense-rank,2.0,1.0,1.0
17262,51,11,2757.62,,,,matched fuzzy dense-rank,5.0,1.0,4.0
17263,207,1,63.440000000000005,,,,matched fuzzy dense-rank,4.0,1.0,1.0
17264,423,1,279.59,,,,matched fuzzy dense-rank,3.0,1.0,1.0
17265,138,2,562.9,,,,matched fuzzy dense-rank,4.0,1.0,2.0
17266,1,5,517.73,,,,matched fuzzy dense-rank,5.0,1.0,2.0
17267,126,2,317.62,,,,matched fuzzy dense-rank,5.0,1.0,2.0
17268,107,11,1733.8899999999999,,,,matched fuzzy dense-rank,5.0,1.0,4.0
17269,385,1,537.46,,,,matched fuzzy dense-rank,3.0,1.0,2.0
17270,468,2,604.4,,,,matched fuzzy dense-rank,2.0,1.0,2.0
17271,735,1,210.39,,,,matched fuzzy dense-rank,1.0,1.0,1.0
17272,41,4,2148.63,,,,matched fuzzy dense-rank,5.0,1.0,4.0
17273,423,1,141.12,,,,matched fuzzy dense-rank,3.0,1.0,1.0
17274,34,2,577.38,,,,matched fuzzy dense-rank,5.0,1.0,2.0
17275,382,1,114.52,,,,matched fuzzy dense-rank,3.0,1.0,1.0
17276,401,1,508.39,,,,matched fuzzy dense-rank,3.0,1.0,2.0
17277,227,2,1065.3500000000001,,,,matched fuzzy dense-rank,4.0,1.0,3.0
17278,240,2,271.24,,,,matched fuzzy dense-rank,4.0,1.0,1.0
17279,57,1,187.82999999999998,,,,matched fuzzy dense-rank,5.0,1.0,1.0
17280,437,1,118.85999999999999,,,,matched fuzzy dense-rank,2.0,1.0,1.0
17281,373,6,797.8499999999999,,,,matched fuzzy dense-rank,3.0,1.0,3.0
17282,129,5,2339.66,,,,matched fuzzy dense-rank,5.0,1.0,4.0
17283,378,1,188.46,,,,matched fuzzy dense-rank,3.0,1.0,1.0
17284,59,8,2793.16,,,,matched fuzzy dense-rank,5.0,1.0,4.0
17285,627,2,428.34,,,,matched fuzzy dense-rank,1.0,1.0,2.0
17286,21,3,395.48,,,,matched fuzzy dense-rank,5.0,1.0,2.0
17287,25,21,4111.96,,,,matched fuzzy dense-rank,5.0,2.0,5.0
17288,8,11,2499.98,,,,matched fuzzy dense-rank,5.0,1.0,4.0
17289,31,9,2079.39,,,,matched fuzzy dense-rank,5.0,1.0,4.0
17290,3,8,1501.44,,,,matched fuzzy dense-rank,5.0,1.0,4.0
17291,307,1,550.8000000000001,,,,matched fuzzy dense-rank,3.0,1.0,2.0
17292,471,2,271.75,,,,matched fuzzy dense-rank,2.0,1.0,1.0
17293,7,17,3774.23,,,,matched fuzzy dense-rank,5.0,1.0,5.0
17294,668,2,467.78999999999996,,,,matched fuzzy dense-rank,1.0,1.0,2.0
17295,28,3,556.95,,,,matched fuzzy dense-rank,5.0,1.0,2.0
17296,729,1,338.13,,,,matched fuzzy dense-rank,1.0,1.0,2.0
17297,16,1,131.78,,,,matched fuzzy dense-rank,5.0,1.0,1.0
17298,100,5,957.5600000000001,,,,matched fuzzy dense-rank,5.0,1.0,3.0
17299,11,6,1016.08,,,,matched fuzzy dense-rank,5.0,1.0,3.0
17300,390,2,393.64,,,,matched fuzzy dense-rank,3.0,1.0,2.0
17301,20,2,330.43,,,,matched fuzzy dense-rank,5.0,1.0,2.0
17302,14,5,1135.63,,,,matched fuzzy dense-rank,5.0,1.0,3.0
17303,360,1,250.04,,,,matched fuzzy dense-rank,3.0,1.0,1.0
17304,533,1,111.5,,,,matched fuzzy dense-rank,2.0,1.0,1.0
17305,648,1,2135.46,,,,matched fuzzy dense-rank,1.0,1.0,4.0
17306,10,21,9782.35,,,,matched fuzzy dense-rank,5.0,2.0,5.0
17307,394,11,3999.8900000000003,,,,matched fuzzy dense-rank,3.0,1.0,5.0
17308,392,2,4511.76,,,,matched fuzzy dense-rank,3.0,1.0,5.0
17309,94,3,330.59000000000003,,,,matched fuzzy dense-rank,5.0,1.0,2.0
17310,386,2,1025.1,,,,matched fuzzy dense-rank,3.0,1.0,3.0
17311,77,6,3566.56,,,,matched fuzzy dense-rank,5.0,1.0,5.0
17312,138,3,644.3,,,,matched fuzzy dense-rank,4.0,1.0,3.0
17313,30,1,2328.84,,,,matched fuzzy dense-rank,5.0,1.0,4.0
17314,24,17,4904.43,,,,matched fuzzy dense-rank,5.0,1.0,5.0
17315,1,43,9650.6,,,,matched fuzzy dense-rank,5.0,3.0,5.0
17316,419,1,124.45,,,,matched fuzzy dense-rank,3.0,1.0,1.0
17317,45,3,2600.34,,,,matched fuzzy dense-rank,5.0,1.0,4.0
17318,724,1,164.28,,,,matched fuzzy dense-rank,1.0,1.0,1.0
17319,668,1,29.1,,,,matched fuzzy dense-rank,1.0,1.0,1.0
17320,99,6,2895.77,,,,matched fuzzy dense-rank,5.0,1.0,4.0
17321,7,6,1741.18,,,,matched fuzzy dense-rank,5.0,1.0,4.0
17322,375,5,922.59,,,,matched fuzzy dense-rank,3.0,1.0,3.0
17323,14,12,1565.59,,,,matched fuzzy dense-rank,5.0,1.0,4.0
17324,17,12,2301.87,,,,matched fuzzy dense-rank,5.0,1.0,4.0
17325,279,3,609.5699999999999,,,,matched fuzzy dense-rank,3.0,1.0,2.0
17326,407,2,321.95,,,,matched fuzzy dense-rank,3.0,1.0,2.0
17327,409,2,152.35,,,,matched fuzzy dense-rank,3.0,1.0,1.0
17328,672,1,104.7,,,,matched fuzzy dense-rank,1.0,1.0,1.0
17329,13,5,1004.4300000000001,,,,matched fuzzy dense-rank,5.0,1.0,3.0
17330,22,4,423.8,,,,matched fuzzy dense-rank,5.0,1.0,2.0
17331,123,1,175.2,,,,matched fuzzy dense-rank,5.0,1.0,1.0
17332,527,5,838.27,,,,matched fuzzy dense-rank,2.0,1.0,3.0
17333,85,1,494.25,,,,matched fuzzy dense-rank,5.0,1.0,2.0
17334,301,3,635.15,,,,matched fuzzy dense-rank,3.0,1.0,3.0
17335,383,2,508.0,,,,matched fuzzy dense-rank,3.0,1.0,2.0
17336,471,1,81.12,,,,matched fuzzy dense-rank,2.0,1.0,1.0
17337,150,4,2027.8700000000001,,,,matched fuzzy dense-rank,4.0,1.0,4.0
17338,16,17,12142.57,,,,matched fuzzy dense-rank,5.0,1.0,5.0
17339,93,3,362.36,,,,matched fuzzy dense-rank,5.0,1.0,2.0
17340,29,18,22404.82,,,,matched fuzzy dense-rank,5.0,1.0,5.0
17341,156,5,1889.83,,,,matched fuzzy dense-rank,4.0,1.0,4.0
17342,379,4,1227.54,,,,matched fuzzy dense-rank,3.0,1.0,3.0
17343,354,6,1259.94,,,,matched fuzzy dense-rank,3.0,1.0,3.0
17344,45,2,468.11,,,,matched fuzzy dense-rank,5.0,1.0,2.0
17345,14,10,1604.68,,,,matched fuzzy dense-rank,5.0,1.0,4.0
17346,3,26,5323.0,,,,matched fuzzy dense-rank,5.0,2.0,5.0
17347,85,1,228.96,,,,matched fuzzy dense-rank,5.0,1.0,1.0
17348,14,9,2476.41,,,,matched fuzzy dense-rank,5.0,1.0,4.0
17349,178,5,852.25,,,,matched fuzzy dense-rank,4.0,1.0,3.0
17350,7,7,1906.041,,,,matched fuzzy dense-rank,5.0,1.0,4.0
17351,35,12,1988.23,,,,matched fuzzy dense-rank,5.0,1.0,4.0
17352,695,1,36.25,,,,matched fuzzy dense-rank,1.0,1.0,1.0
17353,128,4,3242.0,,,,matched fuzzy dense-rank,5.0,1.0,5.0
17354,50,4,3143.46,,,,matched fuzzy dense-rank,5.0,1.0,5.0
17355,385,1,285.11,,,,matched fuzzy dense-rank,3.0,1.0,1.0
17356,311,5,946.47,,,,matched fuzzy dense-rank,3.0,1.0,3.0
17357,23,2,388.14,,,,matched fuzzy dense-rank,5.0,1.0,2.0
17358,302,5,866.05,,,,matched fuzzy dense-rank,3.0,1.0,3.0
17359,10,2,284.46,,,,matched fuzzy dense-rank,5.0,1.0,1.0
17360,16,6,1231.3799999999999,,,,matched fuzzy dense-rank,5.0,1.0,3.0
17361,48,5,880.64,,,,matched fuzzy dense-rank,5.0,1.0,3.0
17362,238,7,1024.04,,,,matched fuzzy dense-rank,4.0,1.0,3.0
17363,394,3,940.86,,,,matched fuzzy dense-rank,3.0,1.0,3.0
17364,0,28,12070.42,,,,matched fuzzy dense-rank,5.0,2.0,5.0
17365,12,15,8224.98,,,,matched fuzzy dense-rank,5.0,1.0,5.0
17366,431,2,1096.24,,,,matched fuzzy dense-rank,2.0,1.0,3.0
17367,237,1,168.4,,,,matched fuzzy dense-rank,4.0,1.0,1.0
17368,22,14,2826.14,,,,matched fuzzy dense-rank,5.0,1.0,4.0
17369,455,1,979.1999999999999,,,,matched fuzzy dense-rank,2.0,1.0,3.0
17370,72,4,446.18,,,,matched fuzzy dense-rank,5.0,1.0,2.0
17371,16,6,662.55,,,,matched fuzzy dense-rank,5.0,1.0,3.0
17372,40,28,4377.56,,,,matched fuzzy dense-rank,5.0,2.0,5.0
17373,39,7,1167.5,,,,matched fuzzy dense-rank,5.0,1.0,3.0
17374,218,3,727.11,,,,matched fuzzy dense-rank,4.0,1.0,3.0
17375,198,4,660.55,,,,matched fuzzy dense-rank,4.0,1.0,3.0
17376,70,4,453.64,,,,matched fuzzy dense-rank,5.0,1.0,2.0
17377,23,78,18319.41,,,,matched fuzzy dense-rank,5.0,4.0,5.0
17378,373,1,10.95,,,,matched fuzzy dense-rank,3.0,1.0,1.0
17379,10,1,404.66,,,,matched fuzzy dense-rank,5.0,1.0,2.0
17380,433,3,645.0,,,,matched fuzzy dense-rank,2.0,1.0,3.0
17381,8,38,40002.37,,,,matched fuzzy dense-rank,5.0,3.0,5.0
17382,64,8,902.28,,,,matched fuzzy dense-rank,5.0,1.0,3.0
17383,3,2,309.99,,,,matched fuzzy dense-rank,5.0,1.0,2.0
17384,18,3,507.55,,,,matched fuzzy dense-rank,5.0,1.0,2.0
17385,14,1,261.11,,,,matched fuzzy dense-rank,5.0,1.0,1.0
17386,7,7,2812.77,,,,matched fuzzy dense-rank,5.0,1.0,4.0
17387,19,2,784.11,,,,matched fuzzy dense-rank,5.0,1.0,3.0
17388,77,11,2691.57,,,,matched fuzzy dense-rank,5.0,1.0,4.0
17389,0,61,57224.68,,,,matched fuzzy dense-rank,5.0,4.0,5.0
17390,420,1,149.3,,,,matched fuzzy dense-rank,3.0,1.0,1.0
17391,163,2,508.8,,,,matched fuzzy dense-rank,4.0,1.0,2.0
17392,306,3,626.56,,,,matched fuzzy dense-rank,3.0,1.0,2.0
17393,410,2,381.15,,,,matched fuzzy dense-rank,3.0,1.0,2.0
17394,218,1,203.86999999999998,,,,matched fuzzy dense-rank,4.0,1.0,1.0
17395,507,1,97.5,,,,matched fuzzy dense-rank,2.0,1.0,1.0
17396,38,14,8807.1,,,,matched fuzzy dense-rank,5.0,1.0,5.0
17397,21,3,1233.18,,,,matched fuzzy dense-rank,5.0,1.0,3.0
17398,114,3,653.38,,,,matched fuzzy dense-rank,5.0,1.0,3.0
17400,125,8,4677.05,,,,matched fuzzy dense-rank,5.0,1.0,5.0
17401,540,1,114.85,,,,matched fuzzy dense-rank,2.0,1.0,1.0
17402,4,23,5096.18,,,,matched fuzzy dense-rank,5.0,2.0,5.0
17403,35,2,400.57,,,,matched fuzzy dense-rank,5.0,1.0,2.0
17404,3,23,47781.12,,,,matched fuzzy dense-rank,5.0,2.0,5.0
17405,0,3,1031.41,,,,matched fuzzy dense-rank,5.0,1.0,3.0
17406,332,13,4905.05,,,,matched fuzzy dense-rank,3.0,1.0,5.0
17407,411,1,552.9,,,,matched fuzzy dense-rank,3.0,1.0,2.0
17408,162,3,316.09000000000003,,,,matched fuzzy dense-rank,4.0,1.0,2.0
17409,184,10,7793.51,,,,matched fuzzy dense-rank,4.0,1.0,5.0
17410,15,5,1214.72,,,,matched fuzzy dense-rank,5.0,1.0,3.0
17411,11,5,1425.38,,,,matched fuzzy dense-rank,5.0,1.0,4.0
17412,2,16,4417.52,,,,matched fuzzy dense-rank,5.0,1.0,5.0
17413,404,2,560.14,,,,matched fuzzy dense-rank,3.0,1.0,2.0
17414,43,6,2249.52,,,,matched fuzzy dense-rank,5.0,1.0,4.0
17415,79,1,507.84,,,,matched fuzzy dense-rank,5.0,1.0,2.0
17416,29,22,17298.45,,,,matched fuzzy dense-rank,5.0,2.0,5.0
17417,548,1,164.18,,,,matched fuzzy dense-rank,2.0,1.0,1.0
17418,41,3,670.0600000000001,,,,matched fuzzy dense-rank,5.0,1.0,3.0
17419,10,18,6500.52,,,,matched fuzzy dense-rank,5.0,1.0,5.0
17420,49,6,1084.43,,,,matched fuzzy dense-rank,5.0,1.0,3.0
17421,385,3,1059.41,,,,matched fuzzy dense-rank,3.0,1.0,3.0
17422,15,11,3594.76,,,,matched fuzzy dense-rank,5.0,1.0,5.0
17423,45,3,1118.95,,,,matched fuzzy dense-rank,5.0,1.0,3.0
17425,18,2,759.17,,,,matched fuzzy dense-rank,5.0,1.0,3.0
17426,7,13,8077.77,,,,matched fuzzy dense-rank,5.0,1.0,5.0
17427,71,1,100.8,,,,matched fuzzy dense-rank,5.0,1.0,1.0
17428,0,45,31819.760000000002,,,,matched fuzzy dense-rank,5.0,3.0,5.0
17429,127,5,1357.46,,,,matched fuzzy dense-rank,5.0,1.0,4.0
17430,32,4,735.17,,,,matched fuzzy dense-rank,5.0,1.0,3.0
17431,312,1,403.3,,,,matched fuzzy dense-rank,3.0,1.0,2.0
17432,17,9,1751.39,,,,matched fuzzy dense-rank,5.0,1.0,4.0
17433,87,2,569.96,,,,matched fuzzy dense-rank,5.0,1.0,2.0
17434,1,7,2373.82,,,,matched fuzzy dense-rank,5.0,1.0,4.0
17435,410,1,331.35,,,,matched fuzzy dense-rank,3.0,1.0,2.0
17436,1,5,534.06,,,,matched fuzzy dense-rank,5.0,1.0,2.0
17437,529,1,373.17,,,,matched fuzzy dense-rank,2.0,1.0,2.0
17438,253,5,1422.77,,,,matched fuzzy dense-rank,4.0,1.0,4.0
17439,655,1,325.74,,,,matched fuzzy dense-rank,1.0,1.0,2.0
17440,156,4,323.58,,,,matched fuzzy dense-rank,4.0,1.0,2.0
17441,731,1,293.35,,,,matched fuzzy dense-rank,1.0,1.0,1.0
17442,36,15,4620.3,,,,matched fuzzy dense-rank,5.0,1.0,5.0
17443,219,1,534.24,,,,matched fuzzy dense-rank,4.0,1.0,2.0
17444,147,3,2940.04,,,,matched fuzzy dense-rank,4.0,1.0,4.0
17446,176,2,120.9,,,,matched fuzzy dense-rank,4.0,1.0,1.0
17447,39,2,541.53,,,,matched fuzzy dense-rank,5.0,1.0,2.0
17448,496,46,14556.97,,,,matched fuzzy dense-rank,2.0,3.0,5.0
17449,1,13,4951.15,,,,matched fuzzy dense-rank,5.0,1.0,5.0
17450,7,51,246973.09,,,,matched fuzzy dense-rank,5.0,3.0,5.0
17451,0,7,1721.4,,,,matched fuzzy dense-rank,5.0,1.0,4.0
17453,17,2,486.71999999999997,,,,matched fuzzy dense-rank,5.0,1.0,2.0
17454,191,10,1547.94,,,,matched fuzzy dense-rank,4.0,1.0,4.0
17455,203,1,131.7,,,,matched fuzzy dense-rank,4.0,1.0,1.0
17456,364,2,1225.42,,,,matched fuzzy dense-rank,3.0,1.0,3.0
17457,126,14,5984.8099999999995,,,,matched fuzzy dense-rank,5.0,1.0,5.0
17458,14,2,529.58,,,,matched fuzzy dense-rank,5.0,1.0,2.0
17459,42,2,657.3,,,,matched fuzzy dense-rank,5.0,1.0,3.0
17460,93,16,2228.27,,,,matched fuzzy dense-rank,5.0,1.0,4.0
17461,22,3,757.46,,,,matched fuzzy dense-rank,5.0,1.0,3.0
17462,59,2,675.69,,,,matched fuzzy dense-rank,5.0,1.0,3.0
17463,15,7,2557.91,,,,matched fuzzy dense-rank,5.0,1.0,4.0
17464,157,3,1000.94,,,,matched fuzzy dense-rank,4.0,1.0,3.0
17465,425,7,2542.79,,,,matched fuzzy dense-rank,3.0,1.0,4.0
17466,9,2,763.28,,,,matched fuzzy dense-rank,5.0,1.0,3.0
17467,394,1,102.6,,,,matched fuzzy dense-rank,3.0,1.0,1.0
17468,9,3,194.8,,,,matched fuzzy dense-rank,5.0,1.0,1.0
17469,15,17,5051.25,,,,matched fuzzy dense-rank,5.0,1.0,5.0
17470,44,11,2804.87,,,,matched fuzzy dense-rank,5.0,1.0,4.0
17471,474,1,321.65000000000003,,,,matched fuzzy dense-rank,2.0,1.0,2.0
17472,190,4,935.1,,,,matched fuzzy dense-rank,4.0,1.0,3.0
17473,408,2,607.0,,,,matched fuzzy dense-rank,3.0,1.0,2.0
17474,599,1,1047.0,,,,matched fuzzy dense-rank,1.0,1.0,3.0
17475,78,1,194.37,,,,matched fuzzy dense-rank,5.0,1.0,1.0
17476,395,2,489.86,,,,matched fuzzy dense-rank,3.0,1.0,2.0
17477,612,2,1144.3,,,,matched fuzzy dense-rank,1.0,1.0,3.0
17478,407,2,1272.8,,,,matched fuzzy dense-rank,3.0,1.0,4.0
17479,632,1,389.26000000000005,,,,matched fuzzy dense-rank,1.0,1.0,2.0
17480,77,2,902.03,,,,matched fuzzy dense-rank,5.0,1.0,3.0
17481,3,4,1255.59,,,,matched fuzzy dense-rank,5.0,1.0,3.0
17482,486,2,778.19,,,,matched fuzzy dense-rank,2.0,1.0,3.0
17483,64,4,591.73,,,,matched fuzzy dense-rank,5.0,1.0,2.0
17484,575,2,209.57,,,,matched fuzzy dense-rank,1.0,1.0,1.0
17486,260,1,396.87,,,,matched fuzzy dense-rank,4.0,1.0,2.0
17487,727,1,160.55,,,,matched fuzzy dense-rank,1.0,1.0,1.0
17488,640,1,336.5,,,,matched fuzzy dense-rank,1.0,1.0,2.0
17489,58,2,376.64,,,,matched fuzzy dense-rank,5.0,1.0,2.0
17490,0,9,2750.5,,,,matched fuzzy dense-rank,5.0,1.0,4.0
17491,0,17,5981.07,,,,matched fuzzy dense-rank,5.0,1.0,5.0
17492,247,3,1122.42,,,,matched fuzzy dense-rank,4.0,1.0,3.0
17493,384,1,100.91000000000001,,,,matched fuzzy dense-rank,3.0,1.0,1.0
17494,501,1,54.699999999999996,,,,matched fuzzy dense-rank,2.0,1.0,1.0
17495,7,3,806.72,,,,matched fuzzy dense-rank,5.0,1.0,3.0
17496,358,4,1412.89,,,,matched fuzzy dense-rank,3.0,1.0,4.0
17497,389,2,287.25,,,,matched fuzzy dense-rank,3.0,1.0,1.0
17498,75,1,272.22,,,,matched fuzzy dense-rank,5.0,1.0,1.0
17499,289,2,1341.39,,,,matched fuzzy dense-rank,3.0,1.0,4.0
17500,16,3,1138.0,,,,matched fuzzy dense-rank,5.0,1.0,3.0
17501,220,2,288.6,,,,matched fuzzy dense-rank,4.0,1.0,1.0
17502,8,4,689.1,,,,matched fuzzy dense-rank,5.0,1.0,3.0
17503,2,2,558.96,,,,matched fuzzy dense-rank,5.0,1.0,2.0
17504,205,18,9565.12,,,,matched fuzzy dense-rank,4.0,1.0,5.0
17505,161,5,2435.48,,,,matched fuzzy dense-rank,4.0,1.0,4.0
17506,75,1,302.2,,,,matched fuzzy dense-rank,5.0,1.0,2.0
17507,261,2,605.58,,,,matched fuzzy dense-rank,4.0,1.0,2.0
17508,280,8,4579.23,,,,matched fuzzy dense-rank,3.0,1.0,5.0
17509,57,8,6115.14,,,,matched fuzzy dense-rank,5.0,1.0,5.0
17510,24,2,514.56,,,,matched fuzzy dense-rank,5.0,1.0,2.0
17511,2,60,175603.55,,,,matched fuzzy dense-rank,5.0,4.0,5.0
17512,28,18,5467.820000000001,,,,matched fuzzy dense-rank,5.0,1.0,5.0
17513,71,3,1158.8,,,,matched fuzzy dense-rank,5.0,1.0,3.0
17514,127,2,542.83,,,,matched fuzzy dense-rank,5.0,1.0,2.0
17515,30,9,1617.46,,,,matched fuzzy dense-rank,5.0,1.0,4.0
17516,14,6,957.55,,,,matched fuzzy dense-rank,5.0,1.0,3.0
17517,308,1,153.94,,,,matched fuzzy dense-rank,3.0,1.0,1.0
17518,425,2,329.42,,,,matched fuzzy dense-rank,3.0,1.0,2.0
17519,16,15,5109.47,,,,matched fuzzy dense-rank,5.0,1.0,5.0
17520,53,1,546.81,,,,matched fuzzy dense-rank,5.0,1.0,2.0
17521,29,5,1278.06,,,,matched fuzzy dense-rank,5.0,1.0,4.0
17522,1,5,1070.71,,,,matched fuzzy dense-rank,5.0,1.0,3.0
17523,10,4,652.74,,,,matched fuzzy dense-rank,5.0,1.0,3.0
17524,360,3,539.14,,,,matched fuzzy dense-rank,3.0,1.0,2.0
17525,359,3,1161.9,,,,matched fuzzy dense-rank,3.0,1.0,3.0
17526,4,12,4166.04,,,,matched fuzzy dense-rank,5.0,1.0,5.0
17527,53,4,939.37,,,,matched fuzzy dense-rank,5.0,1.0,3.0
17528,0,8,3628.5,,,,matched fuzzy dense-rank,5.0,1.0,5.0
17529,609,2,1240.25,,,,matched fuzzy dense-rank,1.0,1.0,3.0
17530,0,12,3141.51,,,,matched fuzzy dense-rank,5.0,1.0,5.0
17531,189,3,1266.82,,,,matched fuzzy dense-rank,4.0,1.0,3.0
17532,385,1,65.34,,,,matched fuzzy dense-rank,3.0,1.0,1.0
17533,434,1,34.8,,,,matched fuzzy dense-rank,2.0,1.0,1.0
17534,53,5,1668.83,,,,matched fuzzy dense-rank,5.0,1.0,4.0
17535,279,1,164.4,,,,matched fuzzy dense-rank,3.0,1.0,1.0
17536,176,3,364.83,,,,matched fuzzy dense-rank,4.0,1.0,2.0
17537,29,2,897.62,,,,matched fuzzy dense-rank,5.0,1.0,3.0
17538,25,1,98.42,,,,matched fuzzy dense-rank,5.0,1.0,1.0
17539,617,4,1226.57,,,,matched fuzzy dense-rank,1.0,1.0,3.0
17540,24,6,1590.6000000000001,,,,matched fuzzy dense-rank,5.0,1.0,4.0
17541,509,1,124.46,,,,matched fuzzy dense-rank,2.0,1.0,1.0
17542,269,3,341.7,,,,matched fuzzy dense-rank,4.0,1.0,2.0
17543,549,1,120.05,,,,matched fuzzy dense-rank,2.0,1.0,1.0
17544,389,3,960.69,,,,matched fuzzy dense-rank,3.0,1.0,3.0
17545,42,6,1448.54,,,,matched fuzzy dense-rank,5.0,1.0,4.0
17547,375,2,727.85,,,,matched fuzzy dense-rank,3.0,1.0,3.0
17548,233,4,731.26,,,,matched fuzzy dense-rank,4.0,1.0,3.0
17549,23,2,148.86,,,,matched fuzzy dense-rank,5.0,1.0,1.0
17550,196,9,2547.64,,,,matched fuzzy dense-rank,4.0,1.0,4.0
17551,358,1,306.84,,,,matched fuzzy dense-rank,3.0,1.0,2.0
17552,59,12,3085.29,,,,matched fuzzy dense-rank,5.0,1.0,5.0
17553,129,4,3757.6,,,,matched fuzzy dense-rank,5.0,1.0,5.0
17554,0,5,1952.45,,,,matched fuzzy dense-rank,5.0,1.0,4.0
17555,19,5,1057.74,,,,matched fuzzy dense-rank,5.0,1.0,3.0
17556,205,2,300.67,,,,matched fuzzy dense-rank,4.0,1.0,1.0
17557,13,4,575.46,,,,matched fuzzy dense-rank,5.0,1.0,2.0
17558,392,1,259.17,,,,matched fuzzy dense-rank,3.0,1.0,1.0
17559,512,1,167.62,,,,matched fuzzy dense-rank,2.0,1.0,1.0
17560,94,8,1895.8,,,,matched fuzzy dense-rank,5.0,1.0,4.0
17561,18,4,722.34,,,,matched fuzzy dense-rank,5.0,1.0,3.0
17562,13,7,1122.38,,,,matched fuzzy dense-rank,5.0,1.0,3.0
17563,577,2,392.38,,,,matched fuzzy dense-rank,1.0,1.0,2.0
17564,23,3,454.01,,,,matched fuzzy dense-rank,5.0,1.0,2.0
17565,586,1,131.83,,,,matched fuzzy dense-rank,1.0,1.0,1.0
17566,7,2,901.21,,,,matched fuzzy dense-rank,5.0,1.0,3.0
17567,6,9,5356.03,,,,matched fuzzy dense-rank,5.0,1.0,5.0
17568,632,1,382.79,,,,matched fuzzy dense-rank,1.0,1.0,2.0
17569,331,1,344.14,,,,matched fuzzy dense-rank,3.0,1.0,2.0
17570,381,1,100.0,,,,matched fuzzy dense-rank,3.0,1.0,1.0
17571,49,5,1703.75,,,,matched fuzzy dense-rank,5.0,1.0,4.0
17572,70,10,723.01,,,,matched fuzzy dense-rank,5.0,1.0,3.0
17573,28,3,380.6,,,,matched fuzzy dense-rank,5.0,1.0,2.0
17574,242,1,185.65,,,,matched fuzzy dense-rank,4.0,1.0,1.0
17575,666,1,171.7,,,,matched fuzzy dense-rank,1.0,1.0,1.0
17576,7,41,9056.81,,,,matched fuzzy dense-rank,5.0,3.0,5.0
17577,644,2,348.75,,,,matched fuzzy dense-rank,1.0,1.0,2.0
17578,217,7,1047.33,,,,matched fuzzy dense-rank,4.0,1.0,3.0
17579,4,4,753.28,,,,matched fuzzy dense-rank,5.0,1.0,3.0
17580,252,5,545.27,,,,matched fuzzy dense-rank,4.0,1.0,2.0
17581,0,43,18757.75,,,,matched fuzzy dense-rank,5.0,3.0,5.0
17582,235,5,1450.7,,,,matched fuzzy dense-rank,4.0,1.0,4.0
17583,559,1,135.95,,,,matched fuzzy dense-rank,2.0,1.0,1.0
17584,6,6,5309.42,,,,matched fuzzy dense-rank,5.0,1.0,5.0
17585,108,7,2093.3,,,,matched fuzzy dense-rank,5.0,1.0,4.0
17586,618,1,167.4,,,,matched fuzzy dense-rank,1.0,1.0,1.0
17587,627,1,181.66,,,,matched fuzzy dense-rank,1.0,1.0,1.0
17588,99,7,2939.55,,,,matched fuzzy dense-rank,5.0,1.0,4.0
17589,59,18,14049.87,,,,matched fuzzy dense-rank,5.0,1.0,5.0
17590,1,3,1479.22,,,,matched fuzzy dense-rank,5.0,1.0,4.0
17591,72,8,2776.67,,,,matched fuzzy dense-rank,5.0,1.0,4.0
17592,738,1,148.3,,,,matched fuzzy dense-rank,1.0,1.0,1.0
17593,3,11,8095.8,,,,matched fuzzy dense-rank,5.0,1.0,5.0
17594,84,4,2497.88,,,,matched fuzzy dense-rank,5.0,1.0,4.0
17595,11,2,388.79,,,,matched fuzzy dense-rank,5.0,1.0,2.0
17596,22,13,4920.67,,,,matched fuzzy dense-rank,5.0,1.0,5.0
17597,213,5,3484.09,,,,matched fuzzy dense-rank,4.0,1.0,5.0
17598,380,1,409.98,,,,matched fuzzy dense-rank,3.0,1.0,2.0
17599,477,1,52.05,,,,matched fuzzy dense-rank,2.0,1.0,1.0
17600,17,1,161.67000000000002,,,,matched fuzzy dense-rank,5.0,1.0,1.0
17601,238,2,421.48,,,,matched fuzzy dense-rank,4.0,1.0,2.0
17602,1,14,7451.13,,,,matched fuzzy dense-rank,5.0,1.0,5.0
17603,77,4,1793.48,,,,matched fuzzy dense-rank,5.0,1.0,4.0
17604,216,6,945.9300000000001,,,,matched fuzzy dense-rank,4.0,1.0,3.0
17605,589,1,160.75,,,,matched fuzzy dense-rank,1.0,1.0,1.0
17606,736,1,87.30000000000001,,,,matched fuzzy dense-rank,1.0,1.0,1.0
17607,375,1,333.81,,,,matched fuzzy dense-rank,3.0,1.0,2.0
17608,32,4,498.53,,,,matched fuzzy dense-rank,5.0,1.0,2.0
17609,40,11,1894.34,,,,matched fuzzy dense-rank,5.0,1.0,4.0
17610,539,5,1529.49,,,,matched fuzzy dense-rank,2.0,1.0,4.0
17611,6,28,8371.98,,,,matched fuzzy dense-rank,5.0,2.0,5.0
17612,52,18,5394.86,,,,matched fuzzy dense-rank,5.0,1.0,5.0
17613,22,14,4559.150000000001,,,,matched fuzzy dense-rank,5.0,1.0,5.0
17614,56,1,390.07,,,,matched fuzzy dense-rank,5.0,1.0,2.0
17615,129,6,733.2,,,,matched fuzzy dense-rank,5.0,1.0,3.0
17616,173,4,1060.8,,,,matched fuzzy dense-rank,4.0,1.0,3.0
17617,558,1,395.33,,,,matched fuzzy dense-rank,2.0,1.0,2.0
17618,5,11,4073.2400000000002,,,,matched fuzzy dense-rank,5.0,1.0,5.0
17619,311,1,218.52,,,,matched fuzzy dense-rank,3.0,1.0,1.0
17620,59,1,81.44,,,,matched fuzzy dense-rank,5.0,1.0,1.0
17621,20,6,3175.12,,,,matched fuzzy dense-rank,5.0,1.0,5.0
17622,597,2,1130.21,,,,matched fuzzy dense-rank,1.0,1.0,3.0
17623,32,7,2383.67,,,,matched fuzzy dense-rank,5.0,1.0,4.0
17624,14,4,1568.63,,,,matched fuzzy dense-rank,5.0,1.0,4.0
17625,17,8,6067.8,,,,matched fuzzy dense-rank,5.0,1.0,5.0
17626,602,1,254.0,,,,matched fuzzy dense-rank,1.0,1.0,1.0
17627,478,1,296.36,,,,matched fuzzy dense-rank,2.0,1.0,1.0
17628,80,1,75.75,,,,matched fuzzy dense-rank,5.0,1.0,1.0
17629,5,10,2455.52,,,,matched fuzzy dense-rank,5.0,1.0,4.0
17630,169,2,503.59999999999997,,,,matched fuzzy dense-rank,4.0,1.0,2.0
17631,1,7,998.49,,,,matched fuzzy dense-rank,5.0,1.0,3.0
17633,30,7,2057.39,,,,matched fuzzy dense-rank,5.0,1.0,4.0
17634,35,9,2361.9700000000003,,,,matched fuzzy dense-rank,5.0,1.0,4.0
17635,423,3,1265.58,,,,matched fuzzy dense-rank,3.0,1.0,3.0
17636,18,1,285.56,,,,matched fuzzy dense-rank,5.0,1.0,1.0
17637,30,2,547.0600000000001,,,,matched fuzzy dense-rank,5.0,1.0,2.0
17638,646,2,842.4,,,,matched fuzzy dense-rank,1.0,1.0,3.0
17639,275,6,615.17,,,,matched fuzzy dense-rank,4.0,1.0,2.0
17640,86,6,3168.94,,,,matched fuzzy dense-rank,5.0,1.0,5.0
17642,119,5,1824.49,,,,matched fuzzy dense-rank,5.0,1.0,4.0
17643,372,2,541.25,,,,matched fuzzy dense-rank,3.0,1.0,2.0
17644,0,20,6028.6,,,,matched fuzzy dense-rank,5.0,2.0,5.0
17646,218,12,4149.79,,,,matched fuzzy dense-rank,4.0,1.0,5.0
17647,64,3,331.65999999999997,,,,matched fuzzy dense-rank,5.0,1.0,2.0
17648,60,5,2216.37,,,,matched fuzzy dense-rank,5.0,1.0,4.0
17649,137,3,1578.89,,,,matched fuzzy dense-rank,4.0,1.0,4.0
17650,20,1,166.08,,,,matched fuzzy dense-rank,5.0,1.0,1.0
17651,11,16,5703.52,,,,matched fuzzy dense-rank,5.0,1.0,5.0
17652,24,12,4867.72,,,,matched fuzzy dense-rank,5.0,1.0,5.0
17653,36,4,1207.56,,,,matched fuzzy dense-rank,5.0,1.0,3.0
17654,276,1,117.55,,,,matched fuzzy dense-rank,4.0,1.0,1.0
17655,10,9,3652.48,,,,matched fuzzy dense-rank,5.0,1.0,5.0
17656,72,5,1674.69,,,,matched fuzzy dense-rank,5.0,1.0,4.0
17657,429,1,126.0,,,,matched fuzzy dense-rank,3.0,1.0,1.0
17658,25,2,595.42,,,,matched fuzzy dense-rank,5.0,1.0,2.0
17659,16,14,3834.79,,,,matched fuzzy dense-rank,5.0,1.0,5.0
17660,140,2,359.47,,,,matched fuzzy dense-rank,4.0,1.0,2.0
17662,661,2,412.92,,,,matched fuzzy dense-rank,1.0,1.0,2.0
17663,25,17,5175.83,,,,matched fuzzy dense-rank,5.0,1.0,5.0
17664,18,4,1166.23,,,,matched fuzzy dense-rank,5.0,1.0,3.0
17665,492,1,563.1,,,,matched fuzzy dense-rank,2.0,1.0,2.0
17666,3,5,2047.8,,,,matched fuzzy dense-rank,5.0,1.0,4.0
17667,65,9,3950.7,,,,matched fuzzy dense-rank,5.0,1.0,5.0
17668,0,2,347.75,,,,matched fuzzy dense-rank,5.0,1.0,2.0
17669,42,10,6142.35,,,,matched fuzzy dense-rank,5.0,1.0,5.0
17670,227,1,205.7,,,,matched fuzzy dense-rank,4.0,1.0,1.0
17671,15,5,2403.34,,,,matched fuzzy dense-rank,5.0,1.0,4.0
17672,49,7,5778.63,,,,matched fuzzy dense-rank,5.0,1.0,5.0
17673,1,13,4233.58,,,,matched fuzzy dense-rank,5.0,1.0,5.0
17674,73,2,851.7,,,,matched fuzzy dense-rank,5.0,1.0,3.0
17675,0,70,38259.6,,,,matched fuzzy dense-rank,5.0,4.0,5.0
17676,3,10,2765.84,,,,matched fuzzy dense-rank,5.0,1.0,4.0
17677,1,54,36692.91,,,,matched fuzzy dense-rank,5.0,3.0,5.0
17678,263,2,599.76,,,,matched fuzzy dense-rank,4.0,1.0,2.0
17679,52,7,3577.61,,,,matched fuzzy dense-rank,5.0,1.0,5.0
17680,23,3,497.45,,,,matched fuzzy dense-rank,5.0,1.0,2.0
17681,596,5,731.2,,,,matched fuzzy dense-rank,1.0,1.0,3.0
17682,9,11,4456.78,,,,matched fuzzy dense-rank,5.0,1.0,5.0
17683,385,3,819.01,,,,matched fuzzy dense-rank,3.0,1.0,3.0
17684,43,1,239.41,,,,matched fuzzy dense-rank,5.0,1.0,1.0
17685,16,12,5943.17,,,,matched fuzzy dense-rank,5.0,1.0,5.0
17686,6,9,8296.81,,,,matched fuzzy dense-rank,5.0,1.0,5.0
17687,420,1,432.68,,,,matched fuzzy dense-rank,3.0,1.0,2.0
17688,393,1,304.2,,,,matched fuzzy dense-rank,3.0,1.0,2.0
17689,387,2,317.08,,,,matched fuzzy dense-rank,3.0,1.0,2.0
17690,29,20,7448.1,,,,matched fuzzy dense-rank,5.0,2.0,5.0
17691,357,4,780.0500000000001,,,,matched fuzzy dense-rank,3.0,1.0,3.0
17692,126,12,2975.8,,,,matched fuzzy dense-rank,5.0,1.0,4.0
17693,136,1,200.47,,,,matched fuzzy dense-rank,4.0,1.0,1.0
17694,141,3,1695.97,,,,matched fuzzy dense-rank,4.0,1.0,4.0
17695,131,5,1746.04,,,,matched fuzzy dense-rank,5.0,1.0,4.0
17696,37,27,7679.59,,,,matched fuzzy dense-rank,5.0,2.0,5.0
17697,235,1,338.95,,,,matched fuzzy dense-rank,4.0,1.0,2.0
17698,260,1,154.95,,,,matched fuzzy dense-rank,4.0,1.0,1.0
17699,476,2,442.0,,,,matched fuzzy dense-rank,2.0,1.0,2.0
17700,16,14,6679.97,,,,matched fuzzy dense-rank,5.0,1.0,5.0
17701,252,1,417.95,,,,matched fuzzy dense-rank,4.0,1.0,2.0
17702,29,6,3144.04,,,,matched fuzzy dense-rank,5.0,1.0,5.0
17703,34,4,1094.84,,,,matched fuzzy dense-rank,5.0,1.0,3.0
17704,168,2,885.19,,,,matched fuzzy dense-rank,4.0,1.0,3.0
17705,2,11,2083.9,,,,matched fuzzy dense-rank,5.0,1.0,4.0
17706,3,31,20749.98,,,,matched fuzzy dense-rank,5.0,2.0,5.0
17707,184,8,609.3000000000001,,,,matched fuzzy dense-rank,4.0,1.0,2.0
17708,187,4,887.9300000000001,,,,matched fuzzy dense-rank,4.0,1.0,3.0
17709,169,5,671.01,,,,matched fuzzy dense-rank,4.0,1.0,3.0
17710,423,1,293.5,,,,matched fuzzy dense-rank,3.0,1.0,1.0
17711,10,2,385.1,,,,matched fuzzy dense-rank,5.0,1.0,2.0
17712,44,1,522.91,,,,matched fuzzy dense-rank,5.0,1.0,2.0
17713,381,4,1198.09,,,,matched fuzzy dense-rank,3.0,1.0,3.0
17714,320,5,1410.18,,,,matched fuzzy dense-rank,3.0,1.0,4.0
17715,200,2,489.59999999999997,,,,matched fuzzy dense-rank,4.0,1.0,2.0
17716,22,24,15956.97,,,,matched fuzzy dense-rank,5.0,2.0,5.0
17717,420,1,376.92,,,,matched fuzzy dense-rank,3.0,1.0,2.0
17718,231,2,439.18,,,,matched fuzzy dense-rank,4.0,1.0,2.0
17719,37,15,5396.04,,,,matched fuzzy dense-rank,5.0,1.0,5.0
17720,25,10,2768.91,,,,matched fuzzy dense-rank,5.0,1.0,4.0
17721,658,1,307.21000000000004,,,,matched fuzzy dense-rank,1.0,1.0,2.0
17722,95,5,4430.36,,,,matched fuzzy dense-rank,5.0,1.0,5.0
17723,126,7,3378.4000000000005,,,,matched fuzzy dense-rank,5.0,1.0,5.0
17724,70,3,1033.0,,,,matched fuzzy dense-rank,5.0,1.0,3.0
17725,15,11,3439.08,,,,matched fuzzy dense-rank,5.0,1.0,5.0
17726,394,7,1092.06,,,,matched fuzzy dense-rank,3.0,1.0,3.0
17727,14,1,1060.25,,,,matched fuzzy dense-rank,5.0,1.0,3.0
17728,3,5,4238.76,,,,matched fuzzy dense-rank,5.0,1.0,5.0
17729,595,1,438.65000000000003,,,,matched fuzzy dense-rank,1.0,1.0,2.0
17730,2,20,7773.8,,,,matched fuzzy dense-rank,5.0,2.0,5.0
17731,78,6,1708.99,,,,matched fuzzy dense-rank,5.0,1.0,4.0
17732,372,8,2470.39,,,,matched fuzzy dense-rank,3.0,1.0,4.0
17733,38,2,692.19,,,,matched fuzzy dense-rank,5.0,1.0,3.0
17734,53,6,1442.32,,,,matched fuzzy dense-rank,5.0,1.0,4.0
17735,1,26,17244.93,,,,matched fuzzy dense-rank,5.0,2.0,5.0
17736,8,3,377.44,,,,matched fuzzy dense-rank,5.0,1.0,2.0
17737,8,2,168.24,,,,matched fuzzy dense-rank,5.0,1.0,1.0
17738,18,13,4183.56,,,,matched fuzzy dense-rank,5.0,1.0,5.0
17739,11,18,7730.59,,,,matched fuzzy dense-rank,5.0,1.0,5.0
17740,388,6,426.9,,,,matched fuzzy dense-rank,3.0,1.0,2.0
17741,406,2,101.1,,,,matched fuzzy dense-rank,3.0,1.0,1.0
17742,112,11,2098.48,,,,matched fuzzy dense-rank,5.0,1.0,4.0
17743,447,1,229.2,,,,matched fuzzy dense-rank,2.0,1.0,1.0
17744,3,7,2649.14,,,,matched fuzzy dense-rank,5.0,1.0,4.0
17745,477,2,600.34,,,,matched fuzzy dense-rank,2.0,1.0,2.0
17746,239,4,904.1800000000001,,,,matched fuzzy dense-rank,4.0,1.0,3.0
17747,112,1,71.4,,,,matched fuzzy dense-rank,5.0,1.0,1.0
17748,526,1,358.15,,,,matched fuzzy dense-rank,2.0,1.0,2.0
17749,177,3,1026.18,,,,matched fuzzy dense-rank,4.0,1.0,3.0
17750,4,9,1797.57,,,,matched fuzzy dense-rank,5.0,1.0,4.0
17751,420,1,157.85999999999999,,,,matched fuzzy dense-rank,3.0,1.0,1.0
17752,358,1,80.64,,,,matched fuzzy dense-rank,3.0,1.0,1.0
17753,463,4,390.56,,,,matched fuzzy dense-rank,2.0,1.0,2.0
17754,0,13,4577.53,,,,matched fuzzy dense-rank,5.0,1.0,5.0
17756,375,3,733.7,,,,matched fuzzy dense-rank,3.0,1.0,3.0
17757,0,56,9422.45,,,,matched fuzzy dense-rank,5.0,3.0,5.0
17758,18,12,5012.53,,,,matched fuzzy dense-rank,5.0,1.0,5.0
17759,16,5,1276.91,,,,matched fuzzy dense-rank,5.0,1.0,4.0
17760,21,6,918.93,,,,matched fuzzy dense-rank,5.0,1.0,3.0
17761,32,1,712.78,,,,matched fuzzy dense-rank,5.0,1.0,3.0
17762,455,1,129.75,,,,matched fuzzy dense-rank,2.0,1.0,1.0
17763,262,4,86.15,,,,matched fuzzy dense-rank,4.0,1.0,1.0
17764,50,5,1623.64,,,,matched fuzzy dense-rank,5.0,1.0,4.0
17765,158,4,530.8,,,,matched fuzzy dense-rank,4.0,1.0,2.0
17766,380,2,299.61,,,,matched fuzzy dense-rank,3.0,1.0,1.0
17767,14,2,413.05,,,,matched fuzzy dense-rank,5.0,1.0,2.0
17768,7,7,3509.51,,,,matched fuzzy dense-rank,5.0,1.0,5.0
17769,12,17,7103.08,,,,matched fuzzy dense-rank,5.0,1.0,5.0
17770,198,5,1143.27,,,,matched fuzzy dense-rank,4.0,1.0,3.0
17771,56,4,387.41,,,,matched fuzzy dense-rank,5.0,1.0,2.0
17772,10,3,384.77,,,,matched fuzzy dense-rank,5.0,1.0,2.0
17773,513,2,585.27,,,,matched fuzzy dense-rank,2.0,1.0,2.0
17774,96,9,3328.05,,,,matched fuzzy dense-rank,5.0,1.0,5.0
17775,254,1,56.4,,,,matched fuzzy dense-rank,4.0,1.0,1.0
17776,386,2,338.56,,,,matched fuzzy dense-rank,3.0,1.0,2.0
17777,24,3,665.86,,,,matched fuzzy dense-rank,5.0,1.0,3.0
17778,661,1,197.70000000000002,,,,matched fuzzy dense-rank,1.0,1.0,1.0
17779,20,3,658.57,,,,matched fuzzy dense-rank,5.0,1.0,3.0
17780,666,3,352.91,,,,matched fuzzy dense-rank,1.0,1.0,2.0
17781,158,2,188.02,,,,matched fuzzy dense-rank,4.0,1.0,1.0
17782,382,2,679.02,,,,matched fuzzy dense-rank,3.0,1.0,3.0
17783,71,3,379.91,,,,matched fuzzy dense-rank,5.0,1.0,2.0
17784,549,1,112.86,,,,matched fuzzy dense-rank,2.0,1.0,1.0
17785,52,3,403.38,,,,matched fuzzy dense-rank,5.0,1.0,2.0
17786,84,2,278.74,,,,matched fuzzy dense-rank,5.0,1.0,1.0
17787,152,4,2601.4700000000003,,,,matched fuzzy dense-rank,4.0,1.0,4.0
17788,73,2,1117.9,,,,matched fuzzy dense-rank,5.0,1.0,3.0
17789,280,2,397.15,,,,matched fuzzy dense-rank,3.0,1.0,2.0
17790,26,20,2783.61,,,,matched fuzzy dense-rank,5.0,2.0,4.0
17791,29,1,106.1,,,,matched fuzzy dense-rank,5.0,1.0,1.0
17792,466,2,370.05,,,,matched fuzzy dense-rank,2.0,1.0,2.0
17793,24,1,323.04,,,,matched fuzzy dense-rank,5.0,1.0,2.0
17794,686,2,147.3,,,,matched fuzzy dense-rank,1.0,1.0,1.0
17795,179,2,350.39,,,,matched fuzzy dense-rank,4.0,1.0,2.0
17796,39,7,1361.99,,,,matched fuzzy dense-rank,5.0,1.0,4.0
17797,21,8,1985.87,,,,matched fuzzy dense-rank,5.0,1.0,4.0
17798,581,1,183.09,,,,matched fuzzy dense-rank,1.0,1.0,1.0
17799,21,20,6341.89,,,,matched fuzzy dense-rank,5.0,2.0,5.0
17800,36,9,1199.01,,,,matched fuzzy dense-rank,5.0,1.0,3.0
17801,450,3,798.3299999999999,,,,matched fuzzy dense-rank,2.0,1.0,3.0
17802,81,10,5053.12,,,,matched fuzzy dense-rank,5.0,1.0,5.0
17803,391,1,184.66,,,,matched fuzzy dense-rank,3.0,1.0,1.0
17804,375,3,385.23,,,,matched fuzzy dense-rank,3.0,1.0,2.0
17805,73,2,927.03,,,,matched fuzzy dense-rank,5.0,1.0,3.0
17806,10,1,546.04,,,,matched fuzzy dense-rank,5.0,1.0,2.0
17807,394,3,437.87,,,,matched fuzzy dense-rank,3.0,1.0,2.0
17808,548,4,262.64,,,,matched fuzzy dense-rank,2.0,1.0,1.0
17809,15,20,11337.39,,,,matched fuzzy dense-rank,5.0,2.0,5.0
17810,668,2,374.81,,,,matched fuzzy dense-rank,1.0,1.0,2.0
17811,3,47,9609.8,,,,matched fuzzy dense-rank,5.0,3.0,5.0
17812,12,7,1165.8899999999999,,,,matched fuzzy dense-rank,5.0,1.0,3.0
17813,13,5,1770.8799999999999,,,,matched fuzzy dense-rank,5.0,1.0,4.0
17814,374,2,1617.32,,,,matched fuzzy dense-rank,3.0,1.0,4.0
17815,392,1,591.96,,,,matched fuzzy dense-rank,3.0,1.0,2.0
17816,36,6,112.32,,,,matched fuzzy dense-rank,5.0,1.0,1.0
17817,3,6,807.85,,,,matched fuzzy dense-rank,5.0,1.0,3.0
17818,737,1,130.18,,,,matched fuzzy dense-rank,1.0,1.0,1.0
17819,71,12,6612.5199999999995,,,,matched fuzzy dense-rank,5.0,1.0,5.0
17820,373,1,183.56,,,,matched fuzzy dense-rank,3.0,1.0,1.0
17821,405,1,334.62,,,,matched fuzzy dense-rank,3.0,1.0,2.0
17822,419,5,2188.5,,,,matched fuzzy dense-rank,3.0,1.0,4.0
17823,420,2,494.25,,,,matched fuzzy dense-rank,3.0,1.0,2.0
17824,50,1,298.4,,,,matched fuzzy dense-rank,5.0,1.0,1.0
17825,598,4,731.96,,,,matched fuzzy dense-rank,1.0,1.0,3.0
17826,373,1,134.59,,,,matched fuzzy dense-rank,3.0,1.0,1.0
17827,4,6,2388.05,,,,matched fuzzy dense-rank,5.0,1.0,4.0
17828,22,4,1820.09,,,,matched fuzzy dense-rank,5.0,1.0,4.0
17829,298,5,4756.74,,,,matched fuzzy dense-rank,3.0,1.0,5.0
17830,1,3,398.7,,,,matched fuzzy dense-rank,5.0,1.0,2.0
17831,32,1,35.400000000000006,,,,matched fuzzy dense-rank,5.0,1.0,1.0
17832,49,1,155.37,,,,matched fuzzy dense-rank,5.0,1.0,1.0
17833,722,1,342.36,,,,matched fuzzy dense-rank,1.0,1.0,2.0
17834,414,2,730.47,,,,matched fuzzy dense-rank,3.0,1.0,3.0
17835,2,3,350.64,,,,matched fuzzy dense-rank,5.0,1.0,2.0
17836,46,1,110.21000000000001,,,,matched fuzzy dense-rank,5.0,1.0,1.0
17837,41,8,1593.38,,,,matched fuzzy dense-rank,5.0,1.0,4.0
17838,26,13,6722.900000000001,,,,matched fuzzy dense-rank,5.0,1.0,5.0
17839,41,1,338.8,,,,matched fuzzy dense-rank,5.0,1.0,2.0
17840,443,1,185.72,,,,matched fuzzy dense-rank,2.0,1.0,1.0
17841,1,211,70884.07,,,,matched fuzzy dense-rank,5.0,5.0,5.0
17842,601,1,430.69,,,,matched fuzzy dense-rank,1.0,1.0,2.0
17843,302,2,326.23,,,,matched fuzzy dense-rank,3.0,1.0,2.0
17844,106,1,51.559999999999995,,,,matched fuzzy dense-rank,5.0,1.0,1.0
17845,554,4,598.19,,,,matched fuzzy dense-rank,2.0,1.0,2.0
17846,84,1,2033.1,,,,matched fuzzy dense-rank,5.0,1.0,4.0
17847,515,2,129.69,,,,matched fuzzy dense-rank,2.0,1.0,1.0
17848,80,30,3650.9,,,,matched fuzzy dense-rank,5.0,2.0,5.0
17849,217,8,1063.76,,,,matched fuzzy dense-rank,4.0,1.0,3.0
17850,371,155,56600.08,,,,matched fuzzy dense-rank,3.0,5.0,5.0
17851,421,6,1563.34,,,,matched fuzzy dense-rank,3.0,1.0,4.0
17852,11,5,663.21,,,,matched fuzzy dense-rank,5.0,1.0,3.0
17853,406,3,1608.19,,,,matched fuzzy dense-rank,3.0,1.0,4.0
17854,184,6,1071.45,,,,matched fuzzy dense-rank,4.0,1.0,3.0
17855,372,1,417.94,,,,matched fuzzy dense-rank,3.0,1.0,2.0
17856,1,4,1418.03,,,,matched fuzzy dense-rank,5.0,1.0,4.0
17857,3,24,28682.24,,,,matched fuzzy dense-rank,5.0,2.0,5.0
17858,5,30,12797.65,,,,matched fuzzy dense-rank,5.0,2.0,5.0
17859,304,1,148.21,,,,matched fuzzy dense-rank,3.0,1.0,1.0
17860,368,4,1015.54,,,,matched fuzzy dense-rank,3.0,1.0,3.0
17861,2,18,5127.69,,,,matched fuzzy dense-rank,5.0,1.0,5.0
17862,323,4,1279.09,,,,matched fuzzy dense-rank,3.0,1.0,4.0
17863,58,12,5745.2,,,,matched fuzzy dense-rank,5.0,1.0,5.0
17864,12,5,924.32,,,,matched fuzzy dense-rank,5.0,1.0,3.0
17865,30,46,26374.39,,,,matched fuzzy dense-rank,5.0,3.0,5.0
17866,142,3,1134.95,,,,matched fuzzy dense-rank,4.0,1.0,3.0
17867,29,15,1621.2800000000002,,,,matched fuzzy dense-rank,5.0,1.0,4.0
17868,385,1,234.65,,,,matched fuzzy dense-rank,3.0,1.0,1.0
17869,106,7,1036.16,,,,matched fuzzy dense-rank,5.0,1.0,3.0
17870,1,13,3108.15,,,,matched fuzzy dense-rank,5.0,1.0,5.0
17871,204,5,1118.99,,,,matched fuzzy dense-rank,4.0,1.0,3.0
17872,381,1,235.87,,,,matched fuzzy dense-rank,3.0,1.0,1.0
17873,79,18,6515.88,,,,matched fuzzy dense-rank,5.0,1.0,5.0
17874,184,6,683.46,,,,matched fuzzy dense-rank,4.0,1.0,3.0
17875,687,1,167.1,,,,matched fuzzy dense-rank,1.0,1.0,1.0
17876,399,3,3424.02,,,,matched fuzzy dense-rank,3.0,1.0,5.0
17877,169,1,237.61,,,,matched fuzzy dense-rank,4.0,1.0,1.0
17878,43,3,1412.33,,,,matched fuzzy dense-rank,5.0,1.0,4.0
17879,173,1,178.51999999999998,,,,matched fuzzy dense-rank,4.0,1.0,1.0
17880,364,3,824.9200000000001,,,,matched fuzzy dense-rank,3.0,1.0,3.0
17881,303,1,133.35000000000002,,,,matched fuzzy dense-rank,3.0,1.0,1.0
17882,378,2,313.46,,,,matched fuzzy dense-rank,3.0,1.0,2.0
17883,2,7,995.85,,,,matched fuzzy dense-rank,5.0,1.0,3.0
17884,3,20,3072.89,,,,matched fuzzy dense-rank,5.0,2.0,5.0
17885,11,1,190.19,,,,matched fuzzy dense-rank,5.0,1.0,1.0
17886,31,6,1608.38,,,,matched fuzzy dense-rank,5.0,1.0,4.0
17887,128,1,111.35,,,,matched fuzzy dense-rank,5.0,1.0,1.0
17888,20,25,1820.44,,,,matched fuzzy dense-rank,5.0,2.0,4.0
17889,211,7,774.87,,,,matched fuzzy dense-rank,4.0,1.0,3.0
17890,322,2,602.09,,,,matched fuzzy dense-rank,3.0,1.0,2.0
17891,161,1,203.85999999999999,,,,matched fuzzy dense-rank,4.0,1.0,1.0
17892,55,3,244.1,,,,matched fuzzy dense-rank,5.0,1.0,1.0
17893,224,1,112.25,,,,matched fuzzy dense-rank,4.0,1.0,1.0
17894,71,18,2453.38,,,,matched fuzzy dense-rank,5.0,1.0,4.0
17895,43,1,98.0,,,,matched fuzzy dense-rank,5.0,1.0,1.0
17896,22,1,256.32,,,,matched fuzzy dense-rank,5.0,1.0,1.0
17897,172,9,2585.0,,,,matched fuzzy dense-rank,4.0,1.0,4.0
17898,84,4,299.18,,,,matched fuzzy dense-rank,5.0,1.0,1.0
17899,158,1,155.8,,,,matched fuzzy dense-rank,4.0,1.0,1.0
17900,189,2,112.19999999999999,,,,matched fuzzy dense-rank,4.0,1.0,1.0
17901,28,3,260.08,,,,matched fuzzy dense-rank,5.0,1.0,1.0
17902,546,1,216.39999999999998,,,,matched fuzzy dense-rank,2.0,1.0,1.0
17903,393,1,381.09000000000003,,,,matched fuzzy dense-rank,3.0,1.0,2.0
17904,20,1,191.67,,,,matched fuzzy dense-rank,5.0,1.0,1.0
17905,70,13,2383.52,,,,matched fuzzy dense-rank,5.0,1.0,4.0
17906,246,1,72.9,,,,matched fuzzy dense-rank,4.0,1.0,1.0
17907,640,1,291.76,,,,matched fuzzy dense-rank,1.0,1.0,1.0
17908,373,5,1411.54,,,,matched fuzzy dense-rank,3.0,1.0,4.0
17909,736,1,132.55,,,,matched fuzzy dense-rank,1.0,1.0,1.0
17910,725,1,261.7,,,,matched fuzzy dense-rank,1.0,1.0,1.0
17911,8,1,366.23,,,,matched fuzzy dense-rank,5.0,1.0,2.0
17912,309,6,375.5,,,,matched fuzzy dense-rank,3.0,1.0,2.0
17913,58,14,3479.64,,,,matched fuzzy dense-rank,5.0,1.0,5.0
17914,3,1,336.43,,,,matched fuzzy dense-rank,5.0,1.0,2.0
17915,550,1,242.13,,,,matched fuzzy dense-rank,2.0,1.0,1.0
17916,628,2,43.87,,,,matched fuzzy dense-rank,1.0,1.0,1.0
17917,44,3,341.28,,,,matched fuzzy dense-rank,5.0,1.0,2.0
17918,500,3,396.39,,,,matched fuzzy dense-rank,2.0,1.0,2.0
17919,87,2,1840.32,,,,matched fuzzy dense-rank,5.0,1.0,4.0
17920,3,54,24516.46,,,,matched fuzzy dense-rank,5.0,3.0,5.0
17921,63,10,2423.5,,,,matched fuzzy dense-rank,5.0,1.0,4.0
17922,542,1,170.4,,,,matched fuzzy dense-rank,2.0,1.0,1.0
17923,281,3,497.0,,,,matched fuzzy dense-rank,3.0,1.0,2.0
17924,11,8,3536.7000000000003,,,,matched fuzzy dense-rank,5.0,1.0,5.0
17925,372,1,488.16,,,,matched fuzzy dense-rank,3.0,1.0,2.0
17926,132,5,1035.49,,,,matched fuzzy dense-rank,5.0,1.0,3.0
17927,721,1,294.0,,,,matched fuzzy dense-rank,1.0,1.0,1.0
17928,44,3,341.24,,,,matched fuzzy dense-rank,5.0,1.0,2.0
17929,10,12,3082.1,,,,matched fuzzy dense-rank,5.0,1.0,5.0
17930,35,13,4275.22,,,,matched fuzzy dense-rank,5.0,1.0,5.0
17931,133,14,3437.29,,,,matched fuzzy dense-rank,5.0,1.0,5.0
17932,28,3,1331.57,,,,matched fuzzy dense-rank,5.0,1.0,4.0
17933,631,1,114.69,,,,matched fuzzy dense-rank,1.0,1.0,1.0
17934,51,3,1049.15,,,,matched fuzzy dense-rank,5.0,1.0,3.0
17935,137,7,686.14,,,,matched fuzzy dense-rank,4.0,1.0,3.0
17936,4,1,389.84,,,,matched fuzzy dense-rank,5.0,1.0,2.0
17937,8,7,4301.22,,,,matched fuzzy dense-rank,5.0,1.0,5.0
17938,419,1,144.29,,,,matched fuzzy dense-rank,3.0,1.0,1.0
17939,159,1,99.14,,,,matched fuzzy dense-rank,4.0,1.0,1.0
17940,48,16,30393.19,,,,matched fuzzy dense-rank,5.0,1.0,5.0
17941,130,4,1433.28,,,,matched fuzzy dense-rank,5.0,1.0,4.0
17942,7,1,77.50000000000001,,,,matched fuzzy dense-rank,5.0,1.0,1.0
17944,422,1,75.41,,,,matched fuzzy dense-rank,3.0,1.0,1.0
17945,696,3,360.35,,,,matched fuzzy dense-rank,1.0,1.0,2.0
17946,232,2,149.57999999999998,,,,matched fuzzy dense-rank,4.0,1.0,1.0
17947,36,1,176.68,,,,matched fuzzy dense-rank,5.0,1.0,1.0
17948,146,1,358.56000000000006,,,,matched fuzzy dense-rank,4.0,1.0,2.0
17949,0,118,118628.08,,,,matched fuzzy dense-rank,5.0,5.0,5.0
17950,71,7,1432.81,,,,matched fuzzy dense-rank,5.0,1.0,4.0
17951,39,4,1636.0800000000002,,,,matched fuzzy dense-rank,5.0,1.0,4.0
17952,377,4,819.61,,,,matched fuzzy dense-rank,3.0,1.0,3.0
17953,539,1,160.82,,,,matched fuzzy dense-rank,2.0,1.0,1.0
17954,4,19,3966.05,,,,matched fuzzy dense-rank,5.0,2.0,5.0
17955,198,6,949.9,,,,matched fuzzy dense-rank,4.0,1.0,3.0
17956,248,1,12.75,,,,matched fuzzy dense-rank,4.0,1.0,1.0
17957,65,1,111.68,,,,matched fuzzy dense-rank,5.0,1.0,1.0
17958,116,2,973.88,,,,matched fuzzy dense-rank,5.0,1.0,3.0
17959,591,1,140.75,,,,matched fuzzy dense-rank,1.0,1.0,1.0
17960,170,3,135.08,,,,matched fuzzy dense-rank,4.0,1.0,1.0
17961,20,100,2995.54,,,,matched fuzzy dense-rank,5.0,4.0,4.0
17962,141,4,687.42,,,,matched fuzzy dense-rank,4.0,1.0,3.0
17963,470,4,651.51,,,,matched fuzzy dense-rank,2.0,1.0,3.0
17964,31,2,733.46,,,,matched fuzzy dense-rank,5.0,1.0,3.0
17965,37,29,7240.9800000000005,,,,matched fuzzy dense-rank,5.0,2.0,5.0
17966,37,10,1974.42,,,,matched fuzzy dense-rank,5.0,1.0,4.0
17967,371,2,357.28999999999996,,,,matched fuzzy dense-rank,3.0,1.0,2.0
17968,373,4,888.04,,,,matched fuzzy dense-rank,3.0,1.0,3.0
17969,165,20,2369.94,,,,matched fuzzy dense-rank,4.0,2.0,4.0
17970,210,1,582.59,,,,matched fuzzy dense-rank,4.0,1.0,2.0
17971,547,1,161.94,,,,matched fuzzy dense-rank,2.0,1.0,1.0
17972,241,1,136.04,,,,matched fuzzy dense-rank,4.0,1.0,1.0
17973,51,1,337.04,,,,matched fuzzy dense-rank,5.0,1.0,2.0
17974,24,6,1858.06,,,,matched fuzzy dense-rank,5.0,1.0,4.0
17975,14,24,7028.83,,,,matched fuzzy dense-rank,5.0,2.0,5.0
17976,371,1,706.38,,,,matched fuzzy dense-rank,3.0,1.0,3.0
17977,28,2,1565.6299999999999,,,,matched fuzzy dense-rank,5.0,1.0,4.0
17978,364,4,1461.76,,,,matched fuzzy dense-rank,3.0,1.0,4.0
17979,35,4,757.71,,,,matched fuzzy dense-rank,5.0,1.0,3.0
17980,165,4,1033.42,,,,matched fuzzy dense-rank,4.0,1.0,3.0
17981,410,1,239.12,,,,matched fuzzy dense-rank,3.0,1.0,1.0
17982,680,1,138.18,,,,matched fuzzy dense-rank,1.0,1.0,1.0
17983,394,1,171.71,,,,matched fuzzy dense-rank,3.0,1.0,1.0
17984,144,5,1191.27,,,,matched fuzzy dense-rank,4.0,1.0,3.0
17985,21,1,634.95,,,,matched fuzzy dense-rank,5.0,1.0,3.0
17986,55,1,20.8,,,,matched fuzzy dense-rank,5.0,1.0,1.0
17987,184,5,1003.64,,,,matched fuzzy dense-rank,4.0,1.0,3.0
17988,11,14,489.54,,,,matched fuzzy dense-rank,5.0,1.0,2.0
17989,378,1,228.82999999999998,,,,matched fuzzy dense-rank,3.0,1.0,1.0
17990,236,6,1527.6100000000001,,,,matched fuzzy dense-rank,4.0,1.0,4.0
17991,224,3,320.55,,,,matched fuzzy dense-rank,4.0,1.0,2.0
17992,388,1,254.13,,,,matched fuzzy dense-rank,3.0,1.0,1.0
17993,616,1,235.19,,,,matched fuzzy dense-rank,1.0,1.0,1.0
17994,121,11,2313.32,,,,matched fuzzy dense-rank,5.0,1.0,4.0
17995,281,3,495.48,,,,matched fuzzy dense-rank,3.0,1.0,2.0
17996,379,3,482.33,,,,matched fuzzy dense-rank,3.0,1.0,2.0
17997,73,8,1970.6699999999998,,,,matched fuzzy dense-rank,5.0,1.0,4.0
17998,379,3,639.24,,,,matched fuzzy dense-rank,3.0,1.0,3.0
17999,36,3,730.9,,,,matched fuzzy dense-rank,5.0,1.0,3.0
18000,563,1,124.25,,,,matched fuzzy dense-rank,2.0,1.0,1.0
18001,11,6,953.84,,,,matched fuzzy dense-rank,5.0,1.0,3.0
18002,375,4,249.92,,,,matched fuzzy dense-rank,3.0,1.0,1.0
18003,375,1,358.61,,,,matched fuzzy dense-rank,3.0,1.0,2.0
18004,361,1,169.47,,,,matched fuzzy dense-rank,3.0,1.0,1.0
18005,3,2,249.72,,,,matched fuzzy dense-rank,5.0,1.0,1.0
18006,22,4,997.86,,,,matched fuzzy dense-rank,5.0,1.0,3.0
18007,392,1,220.32,,,,matched fuzzy dense-rank,3.0,1.0,1.0
18008,69,23,19787.13,,,,matched fuzzy dense-rank,5.0,2.0,5.0
18009,234,8,2155.83,,,,matched fuzzy dense-rank,4.0,1.0,4.0
18010,256,1,174.8,,,,matched fuzzy dense-rank,4.0,1.0,1.0
18011,372,2,527.03,,,,matched fuzzy dense-rank,3.0,1.0,2.0
18012,722,1,115.3,,,,matched fuzzy dense-rank,1.0,1.0,1.0
18013,154,2,187.29,,,,matched fuzzy dense-rank,4.0,1.0,1.0
18014,27,1,166.42,,,,matched fuzzy dense-rank,5.0,1.0,1.0
18015,3,1,120.03,,,,matched fuzzy dense-rank,5.0,1.0,1.0
18016,31,7,1960.46,,,,matched fuzzy dense-rank,5.0,1.0,4.0
18017,80,4,688.0,,,,matched fuzzy dense-rank,5.0,1.0,3.0
18018,107,4,297.99,,,,matched fuzzy dense-rank,5.0,1.0,1.0
18019,51,1,38.45,,,,matched fuzzy dense-rank,5.0,1.0,1.0
18020,543,1,190.48000000000002,,,,matched fuzzy dense-rank,2.0,1.0,1.0
18021,509,2,227.06,,,,matched fuzzy dense-rank,2.0,1.0,1.0
18022,35,5,1651.79,,,,matched fuzzy dense-rank,5.0,1.0,4.0
18024,152,2,389.78,,,,matched fuzzy dense-rank,4.0,1.0,2.0
18025,379,6,1177.72,,,,matched fuzzy dense-rank,3.0,1.0,3.0
18026,500,2,2074.07,,,,matched fuzzy dense-rank,2.0,1.0,4.0
18027,98,1,115.31,,,,matched fuzzy dense-rank,5.0,1.0,1.0
18028,582,1,192.05,,,,matched fuzzy dense-rank,1.0,1.0,1.0
18029,641,1,433.77,,,,matched fuzzy dense-rank,1.0,1.0,2.0
18030,3,2,230.64999999999998,,,,matched fuzzy dense-rank,5.0,1.0,1.0
18031,378,1,462.09999999999997,,,,matched fuzzy dense-rank,3.0,1.0,2.0
18032,333,1,73.5,,,,matched fuzzy dense-rank,3.0,1.0,1.0
18033,64,1,97.97,,,,matched fuzzy dense-rank,5.0,1.0,1.0
18034,21,3,793.7,,,,matched fuzzy dense-rank,5.0,1.0,3.0
18035,35,5,1276.74,,,,matched fuzzy dense-rank,5.0,1.0,4.0
18036,31,11,1563.6399999999999,,,,matched fuzzy dense-rank,5.0,1.0,4.0
18037,153,15,167.42,,,,matched fuzzy dense-rank,4.0,1.0,1.0
18038,555,1,149.41,,,,matched fuzzy dense-rank,2.0,1.0,1.0
18039,373,4,579.17,,,,matched fuzzy dense-rank,3.0,1.0,2.0
18040,18,2,357.20000000000005,,,,matched fuzzy dense-rank,5.0,1.0,2.0
18041,11,38,8752.38,,,,matched fuzzy dense-rank,5.0,3.0,5.0
18042,53,2,281.15,,,,matched fuzzy dense-rank,5.0,1.0,1.0
18043,24,3,875.97,,,,matched fuzzy dense-rank,5.0,1.0,3.0
18044,3,18,3505.61,,,,matched fuzzy dense-rank,5.0,1.0,5.0
18045,44,1,189.4,,,,matched fuzzy dense-rank,5.0,1.0,1.0
18046,649,1,189.63,,,,matched fuzzy dense-rank,1.0,1.0,1.0
18047,380,2,342.69,,,,matched fuzzy dense-rank,3.0,1.0,2.0
18048,202,3,401.73,,,,matched fuzzy dense-rank,4.0,1.0,2.0
18049,436,2,556.52,,,,matched fuzzy dense-rank,2.0,1.0,2.0
18050,358,2,412.06,,,,matched fuzzy dense-rank,3.0,1.0,2.0
18051,633,7,2282.28,,,,matched fuzzy dense-rank,1.0,1.0,4.0
18052,564,1,10877.18,,,,matched fuzzy dense-rank,2.0,1.0,5.0
18053,70,3,571.07,,,,matched fuzzy dense-rank,5.0,1.0,2.0
18054,392,1,176.5,,,,matched fuzzy dense-rank,3.0,1.0,1.0
18055,6,14,11195.57,,,,matched fuzzy dense-rank,5.0,1.0,5.0
18056,287,2,554.6,,,,matched fuzzy dense-rank,3.0,1.0,2.0
18057,392,3,1203.56,,,,matched fuzzy dense-rank,3.0,1.0,3.0
18058,9,3,774.06,,,,matched fuzzy dense-rank,5.0,1.0,3.0
18059,22,3,306.46,,,,matched fuzzy dense-rank,5.0,1.0,2.0
18060,407,2,1185.46,,,,matched fuzzy dense-rank,3.0,1.0,3.0
18061,21,28,6488.97,,,,matched fuzzy dense-rank,5.0,2.0,5.0
18062,172,6,1632.67,,,,matched fuzzy dense-rank,4.0,1.0,4.0
18063,390,2,186.60000000000002,,,,matched fuzzy dense-rank,3.0,1.0,1.0
18064,132,11,4495.03,,,,matched fuzzy dense-rank,5.0,1.0,5.0
18065,5,29,5866.63,,,,matched fuzzy dense-rank,5.0,2.0,5.0
18066,74,3,1440.4,,,,matched fuzzy dense-rank,5.0,1.0,4.0
18067,39,1,396.33,,,,matched fuzzy dense-rank,5.0,1.0,2.0
18068,288,1,101.69999999999999,,,,matched fuzzy dense-rank,3.0,1.0,1.0
18069,25,11,4540.56,,,,matched fuzzy dense-rank,5.0,1.0,5.0
18070,668,1,314.1,,,,matched fuzzy dense-rank,1.0,1.0,2.0
18071,257,6,1428.63,,,,matched fuzzy dense-rank,4.0,1.0,4.0
18072,185,1,247.44,,,,matched fuzzy dense-rank,4.0,1.0,1.0
18073,113,12,3877.5200000000004,,,,matched fuzzy dense-rank,5.0,1.0,5.0
18074,373,2,1509.04,,,,matched fuzzy dense-rank,3.0,1.0,4.0
18075,22,20,5783.29,,,,matched fuzzy dense-rank,5.0,2.0,5.0
18076,379,1,151.49,,,,matched fuzzy dense-rank,3.0,1.0,1.0
18077,7,18,4338.56,,,,matched fuzzy dense-rank,5.0,1.0,5.0
18078,216,4,844.6,,,,matched fuzzy dense-rank,4.0,1.0,3.0
18079,44,5,4242.75,,,,matched fuzzy dense-rank,5.0,1.0,5.0
18080,18,2,1231.5,,,,matched fuzzy dense-rank,5.0,1.0,3.0
18081,35,3,343.45,,,,matched fuzzy dense-rank,5.0,1.0,2.0
18082,25,1,703.37,,,,matched fuzzy dense-rank,5.0,1.0,3.0
18083,397,1,470.72999999999996,,,,matched fuzzy dense-rank,3.0,1.0,2.0
18084,15,3,812.93,,,,matched fuzzy dense-rank,5.0,1.0,3.0
18085,329,4,1645.75,,,,matched fuzzy dense-rank,3.0,1.0,4.0
18086,273,1,101.34,,,,matched fuzzy dense-rank,4.0,1.0,1.0
18087,97,17,14761.519999999999,,,,matched fuzzy dense-rank,5.0,1.0,5.0
18088,60,1,167.67000000000002,,,,matched fuzzy dense-rank,5.0,1.0,1.0
18089,446,1,428.45,,,,matched fuzzy dense-rank,2.0,1.0,2.0
18090,421,1,349.4,,,,matched fuzzy dense-rank,3.0,1.0,2.0
18091,592,1,360.85,,,,matched fuzzy dense-rank,1.0,1.0,2.0
18092,1,18,16179.44,,,,matched fuzzy dense-rank,5.0,1.0,5.0
18093,92,8,4452.71,,,,matched fuzzy dense-rank,5.0,1.0,5.0
18094,81,13,6391.52,,,,matched fuzzy dense-rank,5.0,1.0,5.0
18095,312,5,2303.09,,,,matched fuzzy dense-rank,3.0,1.0,4.0
18096,11,6,1805.28,,,,matched fuzzy dense-rank,5.0,1.0,4.0
18097,7,11,4663.32,,,,matched fuzzy dense-rank,5.0,1.0,5.0
18098,395,1,550.84,,,,matched fuzzy dense-rank,3.0,1.0,2.0
18099,126,1,168.31,,,,matched fuzzy dense-rank,5.0,1.0,1.0
18100,549,1,451.56,,,,matched fuzzy dense-rank,2.0,1.0,2.0
18101,10,5,629.16,,,,matched fuzzy dense-rank,5.0,1.0,2.0
18102,0,145,608821.65,,,,matched fuzzy dense-rank,5.0,5.0,5.0
18103,548,1,105.8,,,,matched fuzzy dense-rank,2.0,1.0,1.0
18104,36,1,754.64,,,,matched fuzzy dense-rank,5.0,1.0,3.0
18105,37,1,113.48000000000002,,,,matched fuzzy dense-rank,5.0,1.0,1.0
18106,329,6,1461.46,,,,matched fuzzy dense-rank,3.0,1.0,4.0
18107,441,1,167.13,,,,matched fuzzy dense-rank,2.0,1.0,1.0
18108,253,3,848.8100000000001,,,,matched fuzzy dense-rank,4.0,1.0,3.0
18109,1,38,9893.96,,,,matched fuzzy dense-rank,5.0,3.0,5.0
18110,19,2,435.43,,,,matched fuzzy dense-rank,5.0,1.0,2.0
18111,588,1,405.85,,,,matched fuzzy dense-rank,1.0,1.0,2.0
18112,11,4,775.96,,,,matched fuzzy dense-rank,5.0,1.0,3.0
18113,368,1,152.64000000000001,,,,matched fuzzy dense-rank,3.0,1.0,1.0
18114,289,1,220.1,,,,matched fuzzy dense-rank,3.0,1.0,1.0
18115,697,1,9.700000000000001,,,,matched fuzzy dense-rank,1.0,1.0,1.0
18116,67,13,2154.3,,,,matched fuzzy dense-rank,5.0,1.0,4.0
18117,25,1,320.72,,,,matched fuzzy dense-rank,5.0,1.0,2.0
18118,10,29,6733.22,,,,matched fuzzy dense-rank,5.0,2.0,5.0
18119,367,1,362.24,,,,matched fuzzy dense-rank,3.0,1.0,2.0
18120,213,1,111.15,,,,matched fuzzy dense-rank,4.0,1.0,1.0
18121,148,2,673.1,,,,matched fuzzy dense-rank,4.0,1.0,3.0
18122,7,6,1826.21,,,,matched fuzzy dense-rank,5.0,1.0,4.0
18123,23,3,684.59,,,,matched fuzzy dense-rank,5.0,1.0,3.0
18124,471,1,111.53,,,,matched fuzzy dense-rank,2.0,1.0,1.0
18125,29,4,1142.99,,,,matched fuzzy dense-rank,5.0,1.0,3.0
18126,60,1,206.82999999999998,,,,matched fuzzy dense-rank,5.0,1.0,1.0
18127,18,4,561.53,,,,matched fuzzy dense-rank,5.0,1.0,2.0
18128,536,1,420.04,,,,matched fuzzy dense-rank,2.0,1.0,2.0
18129,242,1,112.55000000000001,,,,matched fuzzy dense-rank,4.0,1.0,1.0
18130,14,3,1059.39,,,,matched fuzzy dense-rank,5.0,1.0,3.0
18131,631,1,222.95999999999998,,,,matched fuzzy dense-rank,1.0,1.0,1.0
18132,503,1,226.9,,,,matched fuzzy dense-rank,2.0,1.0,1.0
18133,211,1,931.4999999999999,,,,matched fuzzy dense-rank,4.0,1.0,3.0
18134,597,2,445.0,,,,matched fuzzy dense-rank,1.0,1.0,2.0
18135,28,10,1249.6200000000001,,,,matched fuzzy dense-rank,5.0,1.0,3.0
18136,62,5,1631.3600000000001,,,,matched fuzzy dense-rank,5.0,1.0,4.0
18137,550,2,145.99,,,,matched fuzzy dense-rank,2.0,1.0,1.0
18138,294,1,152.65,,,,matched fuzzy dense-rank,3.0,1.0,1.0
18139,17,6,8438.34,,,,matched fuzzy dense-rank,5.0,1.0,5.0
18140,473,1,536.41,,,,matched fuzzy dense-rank,2.0,1.0,2.0
18141,401,2,882.47,,,,matched fuzzy dense-rank,3.0,1.0,3.0
18142,156,2,1019.52,,,,matched fuzzy dense-rank,4.0,1.0,3.0
18143,116,2,1000.16,,,,matched fuzzy dense-rank,5.0,1.0,3.0
18144,7,19,5058.0,,,,matched fuzzy dense-rank,5.0,2.0,5.0
18145,12,11,5617.79,,,,matched fuzzy dense-rank,5.0,1.0,5.0
18146,140,2,160.35000000000002,,,,matched fuzzy dense-rank,4.0,1.0,1.0
18147,45,2,179.33999999999997,,,,matched fuzzy dense-rank,5.0,1.0,1.0
18148,646,1,114.10000000000001,,,,matched fuzzy dense-rank,1.0,1.0,1.0
18149,50,7,1624.71,,,,matched fuzzy dense-rank,5.0,1.0,4.0
18150,31,3,566.58,,,,matched fuzzy dense-rank,5.0,1.0,2.0
18151,134,6,1879.44,,,,matched fuzzy dense-rank,5.0,1.0,4.0
18152,645,1,426.69,,,,matched fuzzy dense-rank,1.0,1.0,2.0
18153,658,1,246.22,,,,matched fuzzy dense-rank,1.0,1.0,1.0
18154,2,5,932.6,,,,matched fuzzy dense-rank,5.0,1.0,3.0
18155,74,3,371.62,,,,matched fuzzy dense-rank,5.0,1.0,2.0
18156,12,2,941.1700000000001,,,,matched fuzzy dense-rank,5.0,1.0,3.0
18157,570,1,215.35,,,,matched fuzzy dense-rank,2.0,1.0,1.0
18158,8,2,453.4,,,,matched fuzzy dense-rank,5.0,1.0,2.0
18159,300,1,530.15,,,,matched fuzzy dense-rank,3.0,1.0,2.0
18160,56,3,1003.88,,,,matched fuzzy dense-rank,5.0,1.0,3.0
18161,14,6,1803.1000000000001,,,,matched fuzzy dense-rank,5.0,1.0,4.0
18162,731,1,379.16,,,,matched fuzzy dense-rank,1.0,1.0,2.0
18163,583,1,728.84,,,,matched fuzzy dense-rank,1.0,1.0,3.0
18164,36,1,399.65000000000003,,,,matched fuzzy dense-rank,5.0,1.0,2.0
18165,176,1,302.46000000000004,,,,matched fuzzy dense-rank,4.0,1.0,2.0
18166,623,1,175.5,,,,matched fuzzy dense-rank,1.0,1.0,1.0
18167,22,3,1384.8600000000001,,,,matched fuzzy dense-rank,5.0,1.0,4.0
18168,175,16,3770.27,,,,matched fuzzy dense-rank,4.0,1.0,5.0
18169,60,1,202.65,,,,matched fuzzy dense-rank,5.0,1.0,1.0
18170,32,9,2878.0,,,,matched fuzzy dense-rank,5.0,1.0,4.0
18171,58,9,2437.31,,,,matched fuzzy dense-rank,5.0,1.0,4.0
18172,14,52,17479.84,,,,matched fuzzy dense-rank,5.0,3.0,5.0
18173,86,5,2696.36,,,,matched fuzzy dense-rank,5.0,1.0,4.0
18174,6,2,162.5,,,,matched fuzzy dense-rank,5.0,1.0,1.0
18175,675,1,176.1,,,,matched fuzzy dense-rank,1.0,1.0,1.0
18176,357,1,476.35,,,,matched fuzzy dense-rank,3.0,1.0,2.0
18177,30,9,2216.87,,,,matched fuzzy dense-rank,5.0,1.0,4.0
18178,128,11,6103.74,,,,matched fuzzy dense-rank,5.0,1.0,5.0
18179,8,8,2547.55,,,,matched fuzzy dense-rank,5.0,1.0,4.0
18180,4,6,1843.75,,,,matched fuzzy dense-rank,5.0,1.0,4.0
18181,23,5,1205.94,,,,matched fuzzy dense-rank,5.0,1.0,3.0
18182,462,1,291.13,,,,matched fuzzy dense-rank,2.0,1.0,1.0
18183,226,2,632.07,,,,matched fuzzy dense-rank,4.0,1.0,2.0
18184,14,1,49.8,,,,matched fuzzy dense-rank,5.0,1.0,1.0
18185,248,1,304.25,,,,matched fuzzy dense-rank,4.0,1.0,2.0
18186,722,1,329.58,,,,matched fuzzy dense-rank,1.0,1.0,2.0
18187,631,1,724.89,,,,matched fuzzy dense-rank,1.0,1.0,3.0
18188,14,6,3280.59,,,,matched fuzzy dense-rank,5.0,1.0,5.0
18189,77,3,1403.73,,,,matched fuzzy dense-rank,5.0,1.0,4.0
18190,191,5,745.62,,,,matched fuzzy dense-rank,4.0,1.0,3.0
18191,261,2,529.4,,,,matched fuzzy dense-rank,4.0,1.0,2.0
18192,71,1,957.97,,,,matched fuzzy dense-rank,5.0,1.0,3.0
18193,164,3,1207.35,,,,matched fuzzy dense-rank,4.0,1.0,3.0
18194,81,6,4162.04,,,,matched fuzzy dense-rank,5.0,1.0,5.0
18195,386,1,101.16,,,,matched fuzzy dense-rank,3.0,1.0,1.0
18196,94,4,1464.31,,,,matched fuzzy dense-rank,5.0,1.0,4.0
18197,575,1,230.1,,,,matched fuzzy dense-rank,1.0,1.0,1.0
18198,3,17,5425.56,,,,matched fuzzy dense-rank,5.0,1.0,5.0
18199,683,1,344.75,,,,matched fuzzy dense-rank,1.0,1.0,2.0
18200,105,1,163.8,,,,matched fuzzy dense-rank,5.0,1.0,1.0
18201,722,1,447.53000000000003,,,,matched fuzzy dense-rank,1.0,1.0,2.0
18202,199,3,1396.99,,,,matched fuzzy dense-rank,4.0,1.0,4.0
18203,156,4,504.42,,,,matched fuzzy dense-rank,4.0,1.0,2.0
18204,70,3,1993.7,,,,matched fuzzy dense-rank,5.0,1.0,4.0
18205,35,2,517.36,,,,matched fuzzy dense-rank,5.0,1.0,2.0
18206,552,1,314.65999999999997,,,,matched fuzzy dense-rank,2.0,1.0,2.0
18207,498,1,544.47,,,,matched fuzzy dense-rank,2.0,1.0,2.0
18208,565,1,360.08,,,,matched fuzzy dense-rank,2.0,1.0,2.0
18209,28,1,139.10000000000002,,,,matched fuzzy dense-rank,5.0,1.0,1.0
18210,1,7,2768.83,,,,matched fuzzy dense-rank,5.0,1.0,4.0
18211,25,5,600.07,,,,matched fuzzy dense-rank,5.0,1.0,2.0
18212,325,2,546.72,,,,matched fuzzy dense-rank,3.0,1.0,2.0
18213,236,1,232.48000000000002,,,,matched fuzzy dense-rank,4.0,1.0,1.0
18214,530,4,1780.34,,,,matched fuzzy dense-rank,2.0,1.0,4.0
18215,88,5,2247.4900000000002,,,,matched fuzzy dense-rank,5.0,1.0,4.0
18216,30,1,481.75,,,,matched fuzzy dense-rank,5.0,1.0,2.0
18217,28,4,945.04,,,,matched fuzzy dense-rank,5.0,1.0,3.0
18218,210,4,1142.0,,,,matched fuzzy dense-rank,4.0,1.0,3.0
18219,2,17,3562.89,,,,matched fuzzy dense-rank,5.0,1.0,5.0
18220,226,6,1921.76,,,,matched fuzzy dense-rank,4.0,1.0,4.0
18221,21,6,1424.94,,,,matched fuzzy dense-rank,5.0,1.0,4.0
18222,92,1,443.0,,,,matched fuzzy dense-rank,5.0,1.0,2.0
18223,4,26,14000.85,,,,matched fuzzy dense-rank,5.0,2.0,5.0
18224,263,1,158.95000000000002,,,,matched fuzzy dense-rank,4.0,1.0,1.0
18225,2,26,13054.26,,,,matched fuzzy dense-rank,5.0,2.0,5.0
18226,43,26,11878.88,,,,matched fuzzy dense-rank,5.0,2.0,5.0
18227,217,2,388.75,,,,matched fuzzy dense-rank,4.0,1.0,2.0
18228,56,2,779.9,,,,matched fuzzy dense-rank,5.0,1.0,3.0
18229,11,28,10803.710000000001,,,,matched fuzzy dense-rank,5.0,2.0,5.0
18230,8,9,4291.06,,,,matched fuzzy dense-rank,5.0,1.0,5.0
18231,191,28,6880.97,,,,matched fuzzy dense-rank,4.0,2.0,5.0
18232,81,4,592.97,,,,matched fuzzy dense-rank,5.0,1.0,2.0
18233,325,1,440.0,,,,matched fuzzy dense-rank,3.0,1.0,2.0
18234,551,1,179.6,,,,matched fuzzy dense-rank,2.0,1.0,1.0
18235,71,3,1796.48,,,,matched fuzzy dense-rank,5.0,1.0,4.0
18236,29,12,1795.3500000000001,,,,matched fuzzy dense-rank,5.0,1.0,4.0
18237,2,5,987.1,,,,matched fuzzy dense-rank,5.0,1.0,3.0
18238,514,1,270.92,,,,matched fuzzy dense-rank,2.0,1.0,1.0
18239,218,6,2150.36,,,,matched fuzzy dense-rank,4.0,1.0,4.0
18240,45,1,422.58,,,,matched fuzzy dense-rank,5.0,1.0,2.0
18241,9,21,2986.9900000000002,,,,matched fuzzy dense-rank,5.0,2.0,4.0
18242,71,8,3605.21,,,,matched fuzzy dense-rank,5.0,1.0,5.0
18243,413,1,515.78,,,,matched fuzzy dense-rank,3.0,1.0,2.0
18244,430,2,568.64,,,,matched fuzzy dense-rank,2.0,1.0,2.0
18245,6,20,6324.9800000000005,,,,matched fuzzy dense-rank,5.0,2.0,5.0
18246,23,3,758.8199999999999,,,,matched fuzzy dense-rank,5.0,1.0,3.0
18247,414,3,839.73,,,,matched fuzzy dense-rank,3.0,1.0,3.0
18248,122,2,804.02,,,,matched fuzzy dense-rank,5.0,1.0,3.0
18249,16,1,95.34,,,,matched fuzzy dense-rank,5.0,1.0,1.0
18250,309,1,349.27,,,,matched fuzzy dense-rank,3.0,1.0,2.0
18251,86,9,26278.86,,,,matched fuzzy dense-rank,5.0,1.0,5.0
18252,50,7,1542.09,,,,matched fuzzy dense-rank,5.0,1.0,4.0
18253,642,1,317.88,,,,matched fuzzy dense-rank,1.0,1.0,2.0
18254,580,1,267.9,,,,matched fuzzy dense-rank,1.0,1.0,1.0
18255,88,2,303.15,,,,matched fuzzy dense-rank,5.0,1.0,2.0
18256,387,1,110.7,,,,matched fuzzy dense-rank,3.0,1.0,1.0
18257,38,12,4600.15,,,,matched fuzzy dense-rank,5.0,1.0,5.0
18258,463,6,2059.67,,,,matched fuzzy dense-rank,2.0,1.0,4.0
18259,24,7,4318.200000000001,,,,matched fuzzy dense-rank,5.0,1.0,5.0
18260,172,23,9962.11,,,,matched fuzzy dense-rank,4.0,2.0,5.0
18261,42,2,324.24,,,,matched fuzzy dense-rank,5.0,1.0,2.0
18262,139,3,577.54,,,,matched fuzzy dense-rank,4.0,1.0,2.0
18263,25,3,1213.1599999999999,,,,matched fuzzy dense-rank,5.0,1.0,3.0
18264,498,1,603.25,,,,matched fuzzy dense-rank,2.0,1.0,2.0
18265,71,2,801.51,,,,matched fuzzy dense-rank,5.0,1.0,3.0
18266,433,1,251.1,,,,matched fuzzy dense-rank,2.0,1.0,1.0
18267,672,1,269.37,,,,matched fuzzy dense-rank,1.0,1.0,1.0
18268,133,6,1490.23,,,,matched fuzzy dense-rank,5.0,1.0,4.0
18269,365,1,337.2,,,,matched fuzzy dense-rank,3.0,1.0,2.0
18270,37,3,444.55,,,,matched fuzzy dense-rank,5.0,1.0,2.0
18271,609,2,680.85,,,,matched fuzzy dense-rank,1.0,1.0,3.0
18272,2,9,4385.9800000000005,,,,matched fuzzy dense-rank,5.0,1.0,5.0
18273,1,4,357.0,,,,matched fuzzy dense-rank,5.0,1.0,2.0
18274,29,1,175.92,,,,matched fuzzy dense-rank,5.0,1.0,1.0
18275,577,2,741.85,,,,matched fuzzy dense-rank,1.0,1.0,3.0
18276,43,6,1656.52,,,,matched fuzzy dense-rank,5.0,1.0,4.0
18277,57,5,1180.05,,,,matched fuzzy dense-rank,5.0,1.0,3.0
18278,73,2,414.20000000000005,,,,matched fuzzy dense-rank,5.0,1.0,2.0
18279,518,1,231.33999999999997,,,,matched fuzzy dense-rank,2.0,1.0,1.0
18280,277,2,488.15000000000003,,,,matched fuzzy dense-rank,4.0,1.0,2.0
18281,180,2,201.14,,,,matched fuzzy dense-rank,4.0,1.0,1.0
18282,7,2,178.05,,,,matched fuzzy dense-rank,5.0,1.0,1.0
18283,3,22,2736.65,,,,matched fuzzy dense-rank,5.0,2.0,4.0
18284,431,1,461.68,,,,matched fuzzy dense-rank,2.0,1.0,2.0
18285,660,1,427.0,,,,matched fuzzy dense-rank,1.0,1.0,2.0
18286,476,2,1296.43,,,,matched fuzzy dense-rank,2.0,1.0,4.0
18287,42,7,4182.99,,,,matched fuzzy dense-rank,5.0,1.0,5.0
