intent,intent_size,dimensions,n_customers,support,stability_proxy
F1@0.3 & F1@0.5 & F1@0.7,3,F,90556,0.9699968936448258,0.9985865100048589
S5@0.3,1,S,55408,0.5935066465289158,0.9985200693040717
S5@0.3 & S5@0.5,2,S,55389,0.5933031267071563,0.9985195616458141
S5@0.3 & S5@0.5 & S5@0.7,3,S,55072,0.5899075591546429,0.9985655142359093
F1@0.3 & F1@0.5 & F1@0.7 & S5@0.3 & S5@0.5,5,FS,53681,0.5750077658879356,0.9995156573089174
F1@0.3 & F1@0.5 & F1@0.7 & S5@0.3 & S5@0.5 & S5@0.7,6,FS,53676,0.5749542080401041,0.9995156121916685
M1@0.3,1,M,40640,0.4353181871739666,0.9977116141732284
F1@0.3 & F1@0.5 & F1@0.7 & M1@0.3,4,FM,40412,0.43287594931285284,0.9987627437394834
M2@0.3,1,M,35314,0.3782683676639138,0.995695758056295
M1@0.3 & M1@0.5,2,M,34954,0.3744122026200499,0.9985981575785318
F1@0.3 & F1@0.5 & F1@0.7 & M1@0.3 & M1@0.5,5,FM,34801,0.37277333247640776,0.999281629838223
F1@0.3 & F1@0.5 & F1@0.7 & M2@0.3,4,FM,34594,0.37055603757618605,0.9978319939873966
R4@0.3,1,R,34292,0.3673211435671669,0.9951008981686691
F1@0.3 & F1@0.5 & F1@0.7 & R4@0.3,4,FR,33211,0.35574193686600897,0.9977116015777905
R5@0.3,1,R,30579,0.3275490857675375,0.995846822983093
F1@0.3 & F1@0.5 & F1@0.7 & R5@0.3,4,FR,29575,0.31679466992298383,0.9983093829247676
R3@0.3,1,R,28842,0.3089430894308943,0.9942445045419874
M1@0.3 & M1@0.5 & M1@0.7,3,M,28662,0.3070150069089624,0.9983950875723955
F1@0.3 & F1@0.5 & F1@0.7 & M1@0.3 & M1@0.5 & M1@0.7,6,FM,28574,0.306072388787129,0.9991250787429131
F1@0.3 & F1@0.5 & F1@0.7 & R3@0.3,4,FR,27990,0.2998168321604165,0.9972847445516256
R4@0.3 & R4@0.5,2,R,25451,0.27262015703160986,0.9971317433499666
R5@0.3 & R5@0.5,2,R,25348,0.2715168653662821,0.9972778917468834
M2@0.3 & M2@0.5,2,M,25239,0.2703493042835567,0.9968303023099172
F1@0.3 & F1@0.5 & F1@0.7 & M2@0.3 & M2@0.5,5,FM,24710,0.26468288398299,0.9982193443949818
F1@0.3 & F1@0.5 & F1@0.7 & R4@0.3 & R4@0.5,5,FR,24636,0.2638902278350847,0.9989446338691346
M1@0.3 & S5@0.3 & S5@0.5,3,MS,24553,0.2630011675610827,0.9989817944853989
M1@0.3 & S5@0.3 & S5@0.5 & S5@0.7,4,MS,24515,0.26259412791756376,0.9989802161941669
F1@0.3 & F1@0.5 & F1@0.7 & R5@0.3 & R5@0.5,5,FR,24500,0.26243345437406945,0.9989795918367347
F1@0.3 & F1@0.5 & F1@0.7 & M1@0.3 & S5@0.3 & S5@0.5,6,FMS,24404,0.2614051436957057,0.9995902311096542
F1@0.3 & F1@0.5 & F1@0.7 & M1@0.3 & S5@0.3 & S5@0.5 & S5@0.7,7,FMS,24400,0.2613622974174406,0.9995901639344262
M3@0.3,1,M,23934,0.25637070599955014,0.9931060416144397
F1@0.3 & F1@0.5 & F1@0.7 & M3@0.3,4,FM,22927,0.24558415544629755,0.9966851310681729
M1@0.3 & M1@0.5 & S5@0.3 & S5@0.5,4,MS,21216,0.22725665991837785,0.9994343891402715
M1@0.3 & M1@0.5 & S5@0.3 & S5@0.5 & S5@0.7,5,MS,21186,0.22693531283138918,0.9994335882186349
F1@0.3 & F1@0.5 & F1@0.7 & M1@0.3 & M1@0.5 & S5@0.3 & S5@0.5,7,FMS,21117,0.22619621453131528,0.9997632239427949
F1@0.3 & F1@0.5 & F1@0.7 & M1@0.3 & M1@0.5 & S5@0.3 & S5@0.5 & S5@0.7,8,FMS,21113,0.22615336825305013,0.9997631790839767
M2@0.3 & S5@0.3,2,MS,20937,0.22426813200938334,0.9980895066150833
M2@0.3 & S5@0.3 & S5@0.5,3,MS,20936,0.22425742043981706,0.9980894153611005
M2@0.3 & S5@0.3 & S5@0.5 & S5@0.7,4,MS,20853,0.2233683601658151,0.9981777202321009
R3@0.3 & R3@0.5,2,R,20638,0.22106537270906307,0.9952030235487935
F1@0.3 & F1@0.5 & F1@0.7 & M2@0.3 & S5@0.3 & S5@0.5,6,FMS,20488,0.21945863727411977,0.9992678641155799
F1@0.3 & F1@0.5 & F1@0.7 & M2@0.3 & S5@0.3 & S5@0.5 & S5@0.7,7,FMS,20487,0.2194479257045535,0.999267828378972
F1@0.3 & F1@0.5 & F1@0.7 & R3@0.3 & R3@0.5,5,FR,20035,0.21460629626059105,0.997504367357125
R2@0.3,1,R,19595,0.2098932056514241,0.9924980862464915
R4@0.3 & S5@0.3,2,RS,19433,0.20815793138168537,0.9978387279370143
R4@0.3 & S5@0.3 & S5@0.5,3,RS,19426,0.20808295039472133,0.9978379491403274
R5@0.3 & R5@0.5 & R5@0.7,3,R,19414,0.2079544115599259,0.9965488822499228
R5@0.3 & S5@0.3,2,RS,19375,0.20753666034684062,0.9984
R5@0.3 & S5@0.3 & S5@0.5,3,RS,19368,0.2074616793598766,0.9983994217265593
R4@0.3 & S5@0.3 & S5@0.5 & S5@0.7,4,RS,19303,0.20676542733806785,0.9978241724084339
R5@0.3 & S5@0.3 & S5@0.5 & S5@0.7,4,RS,19222,0.20589779020319848,0.9983872645926543
F1@0.3 & F1@0.5 & F1@0.7 & R2@0.3,4,FR,19053,0.2040875349464957,0.9959586416837244
F1@0.3 & F1@0.5 & F1@0.7 & R4@0.3 & S5@0.3 & S5@0.5,6,FRS,18795,0.20132394999839326,0.9992019154030327
F1@0.3 & F1@0.5 & F1@0.7 & R4@0.3 & S5@0.3 & S5@0.5 & S5@0.7,7,FRS,18793,0.2013025268592607,0.9992018304687915
F1@0.3 & F1@0.5 & F1@0.7 & R5@0.3 & R5@0.5 & R5@0.7,6,FR,18757,0.2009169103548743,0.9986671642586767
S4@0.3,1,S,18731,0.2006384095461508,0.9918317228124499
F1@0.3 & F1@0.5 & F1@0.7 & R5@0.3 & S5@0.3 & S5@0.5,6,FRS,18715,0.20046702443309017,0.9994656692492653
F1@0.3 & F1@0.5 & F1@0.7 & R5@0.3 & S5@0.3 & S5@0.5 & S5@0.7,7,FRS,18714,0.2004563128635239,0.9994656406968045
S4@0.3 & S4@0.5,2,S,18707,0.20038133187655988,0.9920350670871866
S4@0.3 & S4@0.5 & S4@0.7,3,S,18219,0.19515408592821107,0.9961029694275207
F1@0.3 & F1@0.5 & F1@0.7 & S4@0.3 & S4@0.5,5,FS,17860,0.19130863245391347,0.9982642777155655
F1@0.3 & F1@0.5 & F1@0.7 & S4@0.3 & S4@0.5 & S4@0.7,6,FS,17853,0.19123365146694946,0.9985996751246289
M1@0.3 & M1@0.5 & M1@0.7 & S5@0.3 & S5@0.5,5,MS,17444,0.18685261951433743,0.9993694106856226
M1@0.3 & M1@0.5 & M1@0.7 & S5@0.3 & S5@0.5 & S5@0.7,6,MS,17428,0.18668123440127682,0.9993688317649759
F1@0.3 & F1@0.5 & F1@0.7 & M1@0.3 & M1@0.5 & M1@0.7 & S5@0.3 & S5@0.5,8,FMS,17384,0.18620992534036013,0.9997123791992637
F1@0.3 & F1@0.5 & F1@0.7 & M1@0.3 & M1@0.5 & M1@0.7 & S5@0.3 & S5@0.5 & S5@0.7,9,FMS,17381,0.18617779063166126,0.9997123295552615
M3@0.3 & M3@0.5,2,M,17346,0.18580288569684117,0.9923901764095469
R3@0.3 & S5@0.3,2,RS,16831,0.18028642737020256,0.9973263620699899
R3@0.3 & S5@0.3 & S5@0.5,3,RS,16826,0.1802328695223711,0.9973849994056817
R3@0.3 & S5@0.3 & S5@0.5 & S5@0.7,4,RS,16731,0.1792152704135737,0.9974896897973821
F1@0.3 & F1@0.5 & F1@0.7 & M3@0.3 & M3@0.5,5,FM,16593,0.17773707381342588,0.995600554450672
F1@0.3 & F1@0.5 & F1@0.7 & R3@0.3 & S5@0.3 & S5@0.5,6,FRS,16299,0.17458787236093704,0.999018344683723
F1@0.3 & F1@0.5 & F1@0.7 & R3@0.3 & S5@0.3 & S5@0.5 & S5@0.7,7,FRS,16296,0.17455573765223817,0.9990181639666176
R5@0.3 & R5@0.5 & S5@0.3,3,RS,16183,0.17334533029124757,0.9989495149230674
R5@0.3 & R5@0.5 & S5@0.3 & S5@0.5,4,RS,16176,0.17327034930428356,0.9989490603363007
R5@0.3 & R5@0.5 & S5@0.3 & S5@0.5 & S5@0.7,5,RS,16055,0.17197424938676265,0.9989411398318281
F1@0.3 & F1@0.5 & F1@0.7 & R5@0.3 & R5@0.5 & S5@0.3 & S5@0.5,7,FRS,15617,0.16728258191672826,0.9996798360760709
F1@0.3 & F1@0.5 & F1@0.7 & R5@0.3 & R5@0.5 & S5@0.3 & S5@0.5 & S5@0.7,8,FRS,15616,0.16727187034716198,0.9996798155737705
R4@0.3 & R4@0.5 & R4@0.7,3,R,15298,0.1638655912250822,0.9955549745064715
M2@0.3 & M2@0.5 & M2@0.7,3,M,15023,0.16091990959435287,0.9962058177461226
M2@0.3 & M2@0.5 & S5@0.3,3,MS,14909,0.15969879066379597,0.998591454825944
M2@0.3 & M2@0.5 & S5@0.3 & S5@0.5,4,MS,14908,0.1596880790942297,0.9985913603434398
M2@0.3 & M2@0.5 & S5@0.3 & S5@0.5 & S5@0.7,5,MS,14851,0.15907751962895122,0.9986532893407851
F1@0.3 & F1@0.5 & F1@0.7 & R4@0.3 & R4@0.5 & R4@0.7,6,FR,14788,0.15840269074627505,0.998241817690019
M1@0.3 & R4@0.3,2,MR,14739,0.1578778238375269,0.9968790284279802
F1@0.3 & F1@0.5 & F1@0.7 & M2@0.3 & M2@0.5 & M2@0.7,6,FM,14699,0.15744936105487536,0.9982992040274848
F1@0.3 & F1@0.5 & F1@0.7 & M1@0.3 & R4@0.3,5,FMR,14662,0.15705303298092269,0.9979538944209522
F1@0.3 & F1@0.5 & F1@0.7 & M2@0.3 & M2@0.5 & S5@0.3 & S5@0.5 & S5@0.7,8,FMS,14579,0.15616397270692076,0.9993140818986213
M4@0.3,1,M,14287,0.1530361943935645,0.98761111499965
R2@0.3 & R2@0.5,2,R,14122,0.15126878541512687,0.9929188500212435
M3@0.3 & S5@0.3,2,MS,14082,0.15084032263247535,0.9972305070302514
R3@0.3 & R3@0.5 & R3@0.7,3,R,14077,0.1507867647846439,0.9956666903459543
M3@0.3 & S5@0.3 & S5@0.5,3,MS,14076,0.15077605321507762,0.9973003694231316
R4@0.3 & R4@0.5 & S5@0.3,3,RS,14034,0.15032616729329348,0.9988599116431524
R4@0.3 & R4@0.5 & S5@0.3 & S5@0.5,4,RS,14029,0.15027260944546203,0.9988595053104284
M3@0.3 & S5@0.3 & S5@0.5 & S5@0.7,4,MS,13968,0.14961920370191845,0.9972794959908362
R4@0.3 & R4@0.5 & S5@0.3 & S5@0.5 & S5@0.7,5,RS,13942,0.14934070289319493,0.998852388466504
F1@0.3 & F1@0.5 & F1@0.7 & R2@0.3 & R2@0.5,5,FR,13729,0.14705913857557548,0.9962123971155947
F1@0.3 & F1@0.5 & F1@0.7 & R3@0.3 & R3@0.5 & R3@0.7,6,FR,13667,0.1463950212624656,0.9981707763225287
F1@0.3 & F1@0.5 & F1@0.7 & R4@0.3 & R4@0.5 & S5@0.3 & S5@0.5,7,FRS,13573,0.14538813372323448,0.9996316216017093
F1@0.3 & F1@0.5 & F1@0.7 & R4@0.3 & R4@0.5 & S5@0.3 & S5@0.5 & S5@0.7,8,FRS,13572,0.14537742215366817,0.9996315944591807
F1@0.3 & F1@0.5 & F1@0.7 & M3@0.3 & S5@0.3 & S5@0.5 & S5@0.7,7,FMS,13452,0.14409203380571356,0.9988849241748439
F1@0.3 & F1@0.5 & F1@0.7 & M4@0.3,4,FM,13151,0.1408678513662607,0.9942970116340962
M1@0.3 & R5@0.3,2,MR,12905,0.13823280525295373,0.9972878729174739
F1@0.3 & F1@0.5 & F1@0.7 & M1@0.3 & R5@0.3,5,FMR,12828,0.1374080143963495,0.9984409105082632
M2@0.3 & R4@0.3,2,MR,12668,0.13569416326574332,0.9940795705715187
M1@0.3 & M1@0.5 & R4@0.3,3,MR,12642,0.13541566245701983,0.9981806676158835
M1@0.3 & R3@0.3,2,MR,12631,0.13529783519179064,0.9965165070065711
F1@0.3 & F1@0.5 & F1@0.7 & M1@0.3 & M1@0.5 & R4@0.3,6,FMR,12595,0.13491221868740427,0.9988090512107979
F1@0.3 & F1@0.5 & F1@0.7 & M1@0.3 & R3@0.3,5,FMR,12573,0.13467656415694593,0.9976139346218086
R5@0.3 & R5@0.5 & R5@0.7 & S5@0.3,4,RS,12545,0.13437664020908985,0.9986448784376245
R5@0.3 & R5@0.5 & R5@0.7 & S5@0.3 & S5@0.5,5,RS,12540,0.1343230823612584,0.9986443381180223
R5@0.3 & R5@0.5 & R5@0.7 & S5@0.3 & S5@0.5 & S5@0.7,6,RS,12449,0.13334832953072615,0.9986344284681501
F1@0.3 & F1@0.5 & F1@0.7 & M2@0.3 & R4@0.3,5,FMR,12412,0.13295200145677347,0.9963744763132453
F1@0.3 & F1@0.5 & F1@0.7 & R5@0.3 & R5@0.5 & R5@0.7 & S5@0.3 & S5@0.5 & S5@0.7,9,FRS,12107,0.12968497273905547,0.9995870157759974
R2@0.3 & S5@0.3,2,RS,11996,0.12849598851719743,0.9967489163054352
R2@0.3 & S5@0.3 & S5@0.5,3,RS,11991,0.12844243066936598,0.9967475606705029
M1@0.3 & M2@0.3,2,M,11978,0.12830318026500423,0.992736683920521
R2@0.3 & S5@0.3 & S5@0.5 & S5@0.7,4,RS,11940,0.12789614062148527,0.9969011725293132
R3@0.3 & R3@0.5 & S5@0.3,3,RS,11889,0.12734985057360454,0.9976448818235344
R3@0.3 & R3@0.5 & S5@0.3 & S5@0.5,4,RS,11886,0.12731771586490567,0.9976442873969376
F1@0.3 & F1@0.5 & F1@0.7 & M1@0.3 & M2@0.3,5,FM,11838,0.12680356052572384,0.9957763135664808
R3@0.3 & R3@0.5 & S5@0.3 & S5@0.5 & S5@0.7,5,RS,11816,0.1265679059952655,0.9977995937711578
F1@0.3 & F1@0.5 & F1@0.7 & R2@0.3 & S5@0.3 & S5@0.5,6,FRS,11655,0.12484334329509303,0.9986271986271986
F1@0.3 & F1@0.5 & F1@0.7 & R2@0.3 & S5@0.3 & S5@0.5 & S5@0.7,7,FRS,11653,0.12482192015596046,0.9986269630138161
F1@0.3 & F1@0.5 & F1@0.7 & R3@0.3 & R3@0.5 & S5@0.3 & S5@0.5,7,FRS,11509,0.1232794541384149,0.9991311147797376
M2@0.3 & R5@0.3,2,MR,11506,0.12324731942971603,0.995046062923692
F1@0.3 & F1@0.5 & F1@0.7 & R3@0.3 & R3@0.5 & S5@0.3 & S5@0.5 & S5@0.7,8,FRS,11506,0.12324731942971603,0.9991308882322266
F1@0.3 & F1@0.5 & F1@0.7 & M2@0.3 & R5@0.3,5,FMR,11260,0.12061227331640906,0.9973357015985791
R4@0.3 & R5@0.3,2,R,11165,0.11959467420761165,0.9898790864308106
M2@0.3 & R3@0.3,2,MR,11076,0.11864134451621196,0.9932286023835319
M1@0.3 & R4@0.3 & R4@0.5,3,MR,11015,0.11798793877266836,0.9982750794371312
M1@0.3 & M1@0.5 & R5@0.3,3,MR,10993,0.11775228424221001,0.9983625943782407
F1@0.3 & F1@0.5 & F1@0.7 & M1@0.3 & R4@0.3 & R4@0.5,6,FMR,10956,0.11735595616825734,0.9990872581234027
F1@0.3 & F1@0.5 & F1@0.7 & M1@0.3 & M1@0.5 & R5@0.3,6,FMR,10939,0.11717385948563043,0.9990858396562757
M1@0.3 & M1@0.5 & R3@0.3,3,MR,10879,0.11653116531165311,0.9979777553083923
F1@0.3 & F1@0.5 & F1@0.7 & M1@0.3 & M1@0.5 & R3@0.3,6,FMR,10843,0.11614554880726673,0.9986166190168773
F1@0.3 & F1@0.5 & F1@0.7 & M2@0.3 & R3@0.3,5,FMR,10842,0.11613483723770043,0.995941708171924
F1@0.3 & F1@0.5 & F1@0.7 & R4@0.3 & R5@0.3,5,FR,10818,0.11587775956810951,0.9953780735810686
M1@0.3 & R5@0.3 & R5@0.5,3,MR,10751,0.11516008440716818,0.9983257371407311
F1@0.3 & F1@0.5 & F1@0.7 & M1@0.3 & R5@0.3 & R5@0.5,6,FMR,10689,0.11449596709405829,0.9990644587894096
M3@0.3 & M3@0.5 & M3@0.7,3,M,10675,0.11434600512013025,0.9945667447306792
M1@0.3 & M1@0.5 & M1@0.7 & R4@0.3,4,MR,10652,0.11409963902010561,0.9979346601577168
F1@0.3 & F1@0.5 & F1@0.7 & M1@0.3 & M1@0.5 & M1@0.7 & R4@0.3,7,FMR,10623,0.11378900350268324,0.9985879695001412
R1@0.3,1,R,10425,0.11166811272855812,0.9895443645083933
M4@0.3 & M4@0.5,2,M,10420,0.11161455488072668,0.9883877159309021
M3@0.3 & M3@0.5 & S5@0.3,3,MS,10227,0.10954722195443298,0.9967732472865943
M3@0.3 & M3@0.5 & S5@0.3 & S5@0.5,4,MS,10222,0.10949366410660154,0.996771668949325
F1@0.3 & F1@0.5 & F1@0.7 & M3@0.3 & M3@0.5 & M3@0.7,6,FM,10216,0.1094293946892038,0.9974549725920125
F1@0.3 & F1@0.5 & F1@0.7 & R1@0.3,4,FR,10214,0.10940797155007123,0.9951047581750538
M3@0.3 & M3@0.5 & S5@0.3 & S5@0.5 & S5@0.7,5,MS,10141,0.10862602697173217,0.996745883049009
F1@0.3 & F1@0.5 & F1@0.7 & M3@0.3 & M3@0.5 & S5@0.3 & S5@0.5 & S5@0.7,8,FMS,9745,0.1043842454234819,0.9984607491021037
F1@0.3 & F1@0.5 & F1@0.7 & M4@0.3 & M4@0.5,5,FM,9568,0.10248829761024883,0.9947742474916388
M2@0.3 & R5@0.3 & R5@0.5,3,MR,9520,0.10197414227106698,0.9968487394957983
M1@0.3 & M1@0.5 & R4@0.3 & R4@0.5,4,MR,9473,0.10147069850145142,0.9989443682043703
F1@0.3 & F1@0.5 & F1@0.7 & M1@0.3 & M1@0.5 & R4@0.3 & R4@0.5,7,FMR,9436,0.10107437042749874,0.9994701144552777
M2@0.3 & M2@0.5 & R4@0.3,3,MR,9334,0.0999817903317373,0.996035997428755
F1@0.3 & F1@0.5 & F1@0.7 & M2@0.3 & R5@0.3 & R5@0.5,6,FMR,9321,0.09984253992737556,0.9983907306083039
M2@0.3 & R4@0.3 & R4@0.5,3,MR,9230,0.0988677870968433,0.9965330444203684
M1@0.3 & M1@0.5 & M1@0.7 & R5@0.3,4,MR,9213,0.09868569041421639,0.9981547812873114
F1@0.3 & F1@0.5 & F1@0.7 & M1@0.3 & M1@0.5 & M1@0.7 & R5@0.3,7,FMR,9180,0.09833220861852887,0.9989106753812637
F1@0.3 & F1@0.5 & F1@0.7 & M2@0.3 & M2@0.5 & R4@0.3,6,FMR,9141,0.09791445740544362,0.9973744666885461
M1@0.3 & M1@0.5 & R5@0.3 & R5@0.5,4,MR,9137,0.09787161112717846,0.9990149939805187
F1@0.3 & F1@0.5 & F1@0.7 & M1@0.3 & M1@0.5 & R5@0.3 & R5@0.5,7,FMR,9093,0.09740030206626177,0.9994501264709117
M3@0.3 & R4@0.3,2,MR,9043,0.09686472358794734,0.990600464447639
F1@0.3 & F1@0.5 & F1@0.7 & M2@0.3 & R4@0.3 & R4@0.5,6,FMR,9035,0.09677903103141704,0.9983397897066962
M1@0.3 & R3@0.3 & R3@0.5,3,MR,8963,0.09600779802264425,0.9968760459667522
S1@0.3,1,S,8937,0.09572929721392076,0.9935101264406401
S1@0.3 & S1@0.5,2,S,8933,0.0956864509356556,0.9937311093697526
M2@0.3 & M2@0.5 & M2@0.7 & S5@0.3 & S5@0.5,5,MS,8928,0.09563289308782416,0.9984318996415771
F1@0.3 & F1@0.5 & F1@0.7 & M1@0.3 & R3@0.3 & R3@0.5,6,FMR,8920,0.09554720053129385,0.9977578475336323
S1@0.3 & S1@0.5 & S1@0.7,3,S,8916,0.0955043542530287,0.993719156572454
M2@0.3 & M2@0.5 & M2@0.7 & S5@0.3 & S5@0.5 & S5@0.7,6,MS,8894,0.09526869972257035,0.9986507758039127
F1@0.3 & F1@0.5 & F1@0.7 & S1@0.3 & S1@0.5,5,FS,8813,0.09440106258770098,0.9969363440372178
F1@0.3 & F1@0.5 & F1@0.7 & S1@0.3 & S1@0.5 & S1@0.7,6,FS,8812,0.09439035101813469,0.9969359963685883
M1@0.3 & R2@0.3,2,MR,8787,0.09412256177897747,0.9951064071924434
M1@0.3 & M1@0.5 & M1@0.7 & R3@0.3,4,MR,8738,0.09359769487022933,0.9975967040512703
F1@0.3 & F1@0.5 & F1@0.7 & M1@0.3 & R2@0.3,5,FMR,8737,0.09358698330066305,0.9965663271145703
F1@0.3 & F1@0.5 & F1@0.7 & M1@0.3 & M1@0.5 & M1@0.7 & R3@0.3,7,FMR,8721,0.09341559818760244,0.99828001375989
F1@0.3 & F1@0.5 & F1@0.7 & M2@0.3 & M2@0.5 & M2@0.7 & S5@0.3 & S5@0.5 & S5@0.7,9,FMS,8721,0.09341559818760244,0.9994266712532967
R2@0.3 & R2@0.5 & S5@0.3,3,RS,8720,0.09340488661803614,0.9970183486238532
R2@0.3 & R2@0.5 & S5@0.3 & S5@0.5,4,RS,8717,0.09337275190933728,0.997017322473328
R2@0.3 & R2@0.5 & S5@0.3 & S5@0.5 & S5@0.7,5,RS,8687,0.09305140482234862,0.997007021986877
F1@0.3 & F1@0.5 & F1@0.7 & M3@0.3 & R4@0.3,5,FMR,8644,0.09259080733099821,0.9947940768162887
M1@0.3 & R4@0.3 & S5@0.3 & S5@0.5,4,MRS,8596,0.09207665199181636,0.9986040018613308
M1@0.3 & R4@0.3 & S5@0.3 & S5@0.5 & S5@0.7,5,MRS,8580,0.09190526687875575,0.9986013986013986
F1@0.3 & F1@0.5 & F1@0.7 & M1@0.3 & R4@0.3 & S5@0.3 & S5@0.5,7,FMRS,8543,0.09150893880480307,0.999297670607515
F1@0.3 & F1@0.5 & F1@0.7 & M1@0.3 & R4@0.3 & S5@0.3 & S5@0.5 & S5@0.7,8,FMRS,8541,0.0914875156656705,0.9992975061468212
F1@0.3 & F1@0.5 & F1@0.7 & R2@0.3 & R2@0.5 & S5@0.3 & S5@0.5 & S5@0.7,8,FRS,8482,0.09085553306125947,0.9987031360528177
M2@0.3 & M2@0.5 & R5@0.3,3,MR,8481,0.09084482149169318,0.9963447706638369
M2@0.3 & M3@0.3,2,M,8313,0.0890452778045567,0.9876097678335137
F1@0.3 & F1@0.5 & F1@0.7 & M2@0.3 & M2@0.5 & R5@0.3,6,FMR,8301,0.08891673896976124,0.9977111191422721
M1@0.3 & R5@0.3 & R5@0.5 & R5@0.7,4,MR,8290,0.08879891170453207,0.9978287092882991
M1@0.3 & R5@0.3 & S5@0.3 & S5@0.5,4,MRS,8285,0.08874535385670063,0.9989136994568497
M1@0.3 & R5@0.3 & S5@0.3 & S5@0.5 & S5@0.7,5,MRS,8271,0.08859539188277259,0.998911860718172
F1@0.3 & F1@0.5 & F1@0.7 & M1@0.3 & R5@0.3 & R5@0.5 & R5@0.7,7,FMR,8244,0.08830617950448279,0.9987869966035905
F1@0.3 & F1@0.5 & F1@0.7 & M1@0.3 & R5@0.3 & S5@0.3 & S5@0.5,7,FMRS,8234,0.08819906380881991,0.9995142093757591
F1@0.3 & F1@0.5 & F1@0.7 & M1@0.3 & R5@0.3 & S5@0.3 & S5@0.5 & S5@0.7,8,FMRS,8233,0.08818835223925361,0.9995141503704603
M1@0.3 & S4@0.3 & S4@0.5,3,MS,8220,0.08804910183489187,0.9953771289537713
R2@0.3 & R2@0.5 & R2@0.7,3,R,8213,0.08797412084792784,0.9931815414586631
M4@0.3 & S5@0.3,2,MS,8195,0.08778131259573466,0.9941427699816962
M4@0.3 & S5@0.3 & S5@0.5,3,MS,8187,0.08769562003920435,0.9941370465371931
M1@0.3 & S4@0.3 & S4@0.5 & S4@0.7,4,MS,8170,0.08751352335657744,0.9975520195838433
F1@0.3 & F1@0.5 & F1@0.7 & M1@0.3 & S4@0.3 & S4@0.5,6,FMS,8139,0.0871814647000225,0.9984027521808576
F1@0.3 & F1@0.5 & F1@0.7 & M1@0.3 & S4@0.3 & S4@0.5 & S4@0.7,7,FMS,8135,0.08713861842175734,0.9987707437000615
M4@0.3 & S5@0.3 & S5@0.5 & S5@0.7,4,MS,8071,0.08645307796951487,0.994176681947714
M3@0.3 & R5@0.3,2,MR,8062,0.08635667384341827,0.9925576779955346
F1@0.3 & F1@0.5 & F1@0.7 & M2@0.3 & M3@0.3,5,FM,8057,0.08630311599558683,0.9937942162095073
M2@0.3 & R3@0.3 & R3@0.5,3,MR,8030,0.08601390361729704,0.9938978829389788
R1@0.3 & R1@0.5,2,R,8020,0.08590678792163416,0.9876558603491272
M1@0.3 & M1@0.5 & M1@0.7 & R4@0.3 & R4@0.5,5,MR,8007,0.08576753751727241,0.9987510927938055
F1@0.3 & F1@0.5 & F1@0.7 & R2@0.3 & R2@0.5 & R2@0.7,6,FR,7989,0.08557472926507921,0.9967455250970084
F1@0.3 & F1@0.5 & F1@0.7 & M1@0.3 & M1@0.5 & M1@0.7 & R4@0.3 & R4@0.5,8,FMR,7984,0.08552117141724777,0.99937374749499
R4@0.3 & R4@0.5 & R4@0.7 & S5@0.3,4,RS,7974,0.08541405572158488,0.9979934788061199
R4@0.3 & R4@0.5 & R4@0.7 & S5@0.3 & S5@0.5,5,RS,7970,0.08537120944331973,0.9979924717691343
S3@0.3,1,S,7962,0.08528551688678943,0.9883195177091183
S3@0.3 & S3@0.5,2,S,7946,0.0851141317737288,0.9891769443745281
R4@0.3 & R4@0.5 & R4@0.7 & S5@0.3 & S5@0.5 & S5@0.7,6,RS,7924,0.08487847724327045,0.9979808177688037
R3@0.3 & R3@0.5 & R3@0.7 & S5@0.3,4,RS,7887,0.08448214916931777,0.99797134525168
R3@0.3 & R3@0.5 & R3@0.7 & S5@0.3 & S5@0.5,5,RS,7886,0.0844714375997515,0.9979710880040579
F1@0.3 & F1@0.5 & F1@0.7 & R1@0.3 & R1@0.5,5,FR,7870,0.08430005248669087,0.9936467598475223
F1@0.3 & F1@0.5 & F1@0.7 & M2@0.3 & R3@0.3 & R3@0.5,6,FMR,7852,0.08410724423449768,0.9961793173713703
R3@0.3 & R3@0.5 & R3@0.7 & S5@0.3 & S5@0.5 & S5@0.7,6,RS,7840,0.08397870539970222,0.9980867346938775
R3@0.3 & R4@0.3,2,R,7829,0.08386087813447304,0.9881210882615915
M2@0.3 & M2@0.5 & R3@0.3,3,MR,7784,0.08337885750399006,0.9948612538540597
M2@0.3 & R2@0.3,2,MR,7749,0.08300395256916997,0.9905794296038198
M1@0.3 & M1@0.5 & R3@0.3 & R3@0.5,4,MR,7741,0.08291826001263965,0.9981914481333161
F1@0.3 & F1@0.5 & F1@0.7 & M3@0.3 & R5@0.3,5,FMR,7715,0.08263975920391615,0.9961114711600778
F1@0.3 & F1@0.5 & F1@0.7 & M1@0.3 & M1@0.5 & R3@0.3 & R3@0.5,7,FMR,7714,0.08262904763434986,0.9987036556909515
S3@0.3 & S3@0.5 & S3@0.7,3,S,7696,0.08243623938215666,0.9922037422037422
F1@0.3 & F1@0.5 & F1@0.7 & R4@0.3 & R4@0.5 & R4@0.7 & S5@0.3 & S5@0.5,8,FRS,7695,0.08242552781259038,0.9993502274204029
F1@0.3 & F1@0.5 & F1@0.7 & R4@0.3 & R4@0.5 & R4@0.7 & S5@0.3 & S5@0.5 & S5@0.7,9,FRS,7694,0.08241481624302409,0.999350142968547
M1@0.3 & M1@0.5 & M1@0.7 & R5@0.3 & R5@0.5,5,MR,7671,0.08216845014299945,0.9988267500977708
F1@0.3 & F1@0.5 & F1@0.7 & M1@0.3 & M1@0.5 & M1@0.7 & R5@0.3 & R5@0.5,8,FMR,7643,0.08186852619514337,0.999345806620437
F1@0.3 & F1@0.5 & F1@0.7 & R3@0.3 & R3@0.5 & R3@0.7 & S5@0.3 & S5@0.5,8,FRS,7639,0.08182567991687822,0.9993454640659772
F1@0.3 & F1@0.5 & F1@0.7 & R3@0.3 & R3@0.5 & R3@0.7 & S5@0.3 & S5@0.5 & S5@0.7,9,FRS,7638,0.08181496834731193,0.9993453783713014
F1@0.3 & F1@0.5 & F1@0.7 & M2@0.3 & M2@0.5 & R3@0.3,6,FMR,7609,0.08150433282988956,0.9969772637665922
F1@0.3 & F1@0.5 & F1@0.7 & R3@0.3 & R4@0.3,5,FR,7605,0.08146148655162441,0.9934253780407627
F1@0.3 & F1@0.5 & F1@0.7 & M2@0.3 & R2@0.3,5,FMR,7604,0.08145077498205812,0.9940820620725934
M1@0.3 & M1@0.5 & R2@0.3,3,MR,7592,0.08132223614726265,0.9968387776606955
F1@0.3 & F1@0.5 & F1@0.7 & M1@0.3 & M1@0.5 & R2@0.3,6,FMR,7559,0.08096875435157513,0.9980156105304935
M1@0.3 & R3@0.3 & S5@0.3 & S5@0.5,4,MRS,7546,0.08082950394721339,0.9984097535117943
M1@0.3 & R3@0.3 & S5@0.3 & S5@0.5 & S5@0.7,5,MRS,7534,0.08070096511241792,0.9984072205999469
F1@0.3 & F1@0.5 & F1@0.7 & M4@0.3 & S5@0.3 & S5@0.5 & S5@0.7,7,FMS,7515,0.08049744529065844,0.998003992015968
F1@0.3 & F1@0.5 & F1@0.7 & M1@0.3 & R3@0.3 & S5@0.3 & S5@0.5,7,FMRS,7506,0.08040104116456184,0.9992006394884093
F1@0.3 & F1@0.5 & F1@0.7 & M1@0.3 & R3@0.3 & S5@0.3 & S5@0.5 & S5@0.7,8,FMRS,7504,0.08037961802542927,0.9992004264392325
F1@0.3 & F1@0.5 & F1@0.7 & S3@0.3 & S3@0.5,5,FS,7455,0.07985475111668112,0.9959758551307847
F1@0.3 & F1@0.5 & F1@0.7 & S3@0.3 & S3@0.5 & S3@0.7,6,FS,7445,0.07974763542101825,0.9966420416386836
M1@0.3 & M1@0.5 & R4@0.3 & S5@0.3 & S5@0.5,5,MRS,7440,0.0796940775731868,0.9993279569892473
M1@0.3 & M1@0.5 & R4@0.3 & S5@0.3 & S5@0.5 & S5@0.7,6,MRS,7429,0.07957625030795762,0.9993269619060439
F1@0.3 & F1@0.5 & F1@0.7 & M1@0.3 & M1@0.5 & R4@0.3 & S5@0.3 & S5@0.5,8,FMRS,7409,0.07936201891663186,0.9995950870562829
F1@0.3 & F1@0.5 & F1@0.7 & M1@0.3 & M1@0.5 & R4@0.3 & S5@0.3 & S5@0.5 & S5@0.7,9,FMRS,7407,0.07934059577749927,0.9995949777237748
M3@0.3 & R3@0.3,2,MR,7291,0.07809805370780981,0.988067480455356
M2@0.3 & R5@0.3 & S5@0.3 & S5@0.5,4,MRS,7273,0.07790524545561661,0.9979375773408498
M2@0.3 & R5@0.3 & R5@0.5 & R5@0.7,4,MR,7269,0.07786239917735145,0.9958728848534875
M2@0.3 & R5@0.3 & S5@0.3 & S5@0.5 & S5@0.7,5,MRS,7235,0.07749820581209765,0.9980649619903248
M2@0.3 & S4@0.3,2,MS,7193,0.07704831989031352,0.9912414847768664
M2@0.3 & S4@0.3 & S4@0.5,3,MS,7189,0.07700547361204838,0.9916539157045486
M2@0.3 & R4@0.3 & S5@0.3 & S5@0.5,4,MRS,7170,0.0768019537902889,0.997350069735007
M2@0.3 & R4@0.3 & S5@0.3 & S5@0.5 & S5@0.7,5,MRS,7142,0.07650202984243282,0.9974796975637077
M1@0.3 & M1@0.5 & R5@0.3 & S5@0.3 & S5@0.5,5,MRS,7123,0.07629851002067332,0.9994384388600309
M5@0.3,1,M,7121,0.07627708688154075,0.9828675747788232
F1@0.3 & F1@0.5 & F1@0.7 & M2@0.3 & R5@0.3 & R5@0.5 & R5@0.7,7,FMR,7113,0.07619139432501044,0.9978911851539435
F1@0.3 & F1@0.5 & F1@0.7 & M2@0.3 & R5@0.3 & S5@0.3 & S5@0.5 & S5@0.7,8,FMRS,7113,0.07619139432501044,0.9991564740615774
M1@0.3 & M1@0.5 & R5@0.3 & S5@0.3 & S5@0.5 & S5@0.7,6,MRS,7112,0.07618068275544415,0.999437570303712
M1@0.3 & M2@0.3 & S5@0.3 & S5@0.5,4,MS,7109,0.07614854804674528,0.9966239977493319
M1@0.3 & M2@0.3 & S5@0.3 & S5@0.5 & S5@0.7,5,MS,7087,0.07591289351628694,0.9966135177084803
F1@0.3 & F1@0.5 & F1@0.7 & M1@0.3 & M1@0.5 & R5@0.3 & S5@0.3 & S5@0.5,8,FMRS,7087,0.07591289351628694,0.9997177931423734
F1@0.3 & F1@0.5 & F1@0.7 & M1@0.3 & M1@0.5 & R5@0.3 & S5@0.3 & S5@0.5 & S5@0.7,9,FMRS,7086,0.07590218194672066,0.9997177533163986
M2@0.3 & S4@0.3 & S4@0.5 & S4@0.7,4,MS,7069,0.07572008526409375,0.9953317300891216
M1@0.3 & M1@0.5 & R5@0.3 & R5@0.5 & R5@0.7,5,MR,7038,0.07538802660753881,0.9987212276214834
M1@0.3 & M1@0.5 & S4@0.3 & S4@0.5,4,MS,7028,0.07528091091187591,0.996727376209448
F1@0.3 & F1@0.5 & F1@0.7 & M1@0.3 & M2@0.3 & S5@0.3 & S5@0.5,7,FMS,7020,0.07519521835534561,0.9985754985754985
F1@0.3 & F1@0.5 & F1@0.7 & M1@0.3 & M2@0.3 & S5@0.3 & S5@0.5 & S5@0.7,8,FMS,7019,0.07518450678577931,0.9985752956261575
M2@0.3 & M2@0.5 & R5@0.3 & R5@0.5,4,MR,7016,0.07515237207708045,0.9975769669327252
F1@0.3 & F1@0.5 & F1@0.7 & M2@0.3 & R4@0.3 & S5@0.3 & S5@0.5,7,FMRS,7016,0.07515237207708045,0.9987172177879133
F1@0.3 & F1@0.5 & F1@0.7 & M2@0.3 & R4@0.3 & S5@0.3 & S5@0.5 & S5@0.7,8,FMRS,7015,0.07514166050751417,0.9987170349251604
F1@0.3 & F1@0.5 & F1@0.7 & M1@0.3 & M1@0.5 & R5@0.3 & R5@0.5 & R5@0.7,8,FMR,7004,0.075023833242285,0.9992861222158766
F1@0.3 & F1@0.5 & F1@0.7 & M3@0.3 & R3@0.3,5,FMR,6998,0.07495956382488726,0.9937124892826522
M1@0.3 & M1@0.5 & S4@0.3 & S4@0.5 & S4@0.7,5,MS,6988,0.07485244812922437,0.9985689753863767
F1@0.3 & F1@0.5 & F1@0.7 & M1@0.3 & M1@0.5 & S4@0.3 & S4@0.5,7,FMS,6972,0.07468106301616376,0.9988525530694206
F1@0.3 & F1@0.5 & F1@0.7 & M1@0.3 & M1@0.5 & S4@0.3 & S4@0.5 & S4@0.7,8,FMS,6968,0.07463821673789861,0.9992824339839265
F1@0.3 & F1@0.5 & F1@0.7 & M2@0.3 & S4@0.3 & S4@0.5,6,FMS,6967,0.07462750516833232,0.9975599253624229
F1@0.3 & F1@0.5 & F1@0.7 & M2@0.3 & S4@0.3 & S4@0.5 & S4@0.7,7,FMS,6965,0.07460608202919974,0.9978463747307968
M1@0.3 & R5@0.3 & R5@0.5 & S5@0.3 & S5@0.5,5,MRS,6954,0.07448825476397057,0.9992809893586425
M1@0.3 & R5@0.3 & R5@0.5 & S5@0.3 & S5@0.5 & S5@0.7,6,MRS,6943,0.07437042749874138,0.9992798502088435
R2@0.3 & R3@0.3,2,R,6936,0.07429544651177737,0.9851499423298731
F1@0.3 & F1@0.5 & F1@0.7 & M1@0.3 & R5@0.3 & R5@0.5 & S5@0.3 & S5@0.5,8,FMRS,6911,0.07402765727262016,0.9997106062798438
F1@0.3 & F1@0.5 & F1@0.7 & M1@0.3 & R5@0.3 & R5@0.5 & S5@0.3 & S5@0.5 & S5@0.7,9,FMRS,6910,0.07401694570305387,0.9997105643994211
F1@0.3 & F1@0.5 & F1@0.7 & M2@0.3 & M2@0.5 & R5@0.3 & R5@0.5,7,FMR,6870,0.07358848292040232,0.9985443959243085
R4@0.3 & R5@0.3 & S5@0.3,3,RS,6830,0.07316002013775079,0.995900439238653
R4@0.3 & R5@0.3 & S5@0.3 & S5@0.5,4,RS,6828,0.0731385969986182,0.9958992384299942
R4@0.3 & S4@0.3,2,RS,6800,0.07283867305076212,0.9886764705882353
R4@0.3 & S4@0.3 & S4@0.5,3,RS,6793,0.07276369206379811,0.9891064330928897
M2@0.3 & M2@0.5 & R4@0.3 & R4@0.5,4,MR,6789,0.07272084578553295,0.997348652231551
R4@0.3 & R5@0.3 & S5@0.3 & S5@0.5 & S5@0.7,5,RS,6773,0.07254946067247234,0.9958659382843644
F1@0.3 & F1@0.5 & F1@0.7 & R2@0.3 & R3@0.3,5,FR,6718,0.07196032434632647,0.9924084548972909
M3@0.3 & R4@0.3 & R4@0.5,3,MR,6715,0.07192818963762761,0.9946388682055101
M1@0.3 & R4@0.3 & R4@0.5 & R4@0.7,4,MR,6682,0.07157470784194007,0.9973061957497755
M3@0.3 & R5@0.3 & R5@0.5,3,MR,6681,0.0715639962723738,0.9947612632839395
F1@0.3 & F1@0.5 & F1@0.7 & M1@0.3 & R4@0.3 & R4@0.5 & R4@0.7,7,FMR,6646,0.07118909133755369,0.9984953355401746
F1@0.3 & F1@0.5 & F1@0.7 & M2@0.3 & M2@0.5 & R4@0.3 & R4@0.5,7,FMR,6641,0.07113553348972225,0.9984942026803192
M4@0.3 & M4@0.5 & M4@0.7,3,M,6639,0.07111411035058968,0.9899081186925742
M3@0.3 & M3@0.5 & R4@0.3,3,MR,6637,0.07109268721145709,0.9894530661443424
F1@0.3 & F1@0.5 & F1@0.7 & R4@0.3 & R5@0.3 & S5@0.3 & S5@0.5,7,FRS,6608,0.07078205169403473,0.9984866828087167
F1@0.3 & F1@0.5 & F1@0.7 & R4@0.3 & R5@0.3 & S5@0.3 & S5@0.5 & S5@0.7,8,FRS,6607,0.07077134012446844,0.9984864537611624
R4@0.3 & S4@0.3 & S4@0.5 & S4@0.7,4,RS,6602,0.070717782276637,0.994092699182066
M1@0.3 & M1@0.5 & R3@0.3 & S5@0.3 & S5@0.5,5,MRS,6520,0.06983943357220133,0.999079754601227
M1@0.3 & M1@0.5 & R3@0.3 & S5@0.3 & S5@0.5 & S5@0.7,6,MRS,6510,0.06973231787653845,0.9990783410138249
F1@0.3 & F1@0.5 & F1@0.7 & M1@0.3 & M1@0.5 & R3@0.3 & S5@0.3 & S5@0.5,8,FMRS,6494,0.06956093276347783,0.9995380351093317
F1@0.3 & F1@0.5 & F1@0.7 & M1@0.3 & M1@0.5 & R3@0.3 & S5@0.3 & S5@0.5 & S5@0.7,9,FMRS,6492,0.06953950962434526,0.9995378927911276
M2@0.3 & R3@0.3 & S5@0.3,3,MRS,6476,0.06936812451128464,0.9969116738727609
M2@0.3 & R3@0.3 & S5@0.3 & S5@0.5,4,MRS,6475,0.06935741294171835,0.9969111969111969
F1@0.3 & F1@0.5 & F1@0.7 & R4@0.3 & S4@0.3 & S4@0.5,6,FRS,6464,0.06923958567648918,0.9972153465346535
F1@0.3 & F1@0.5 & F1@0.7 & R4@0.3 & S4@0.3 & S4@0.5 & S4@0.7,7,FRS,6461,0.06920745096779031,0.9976783779600681
F1@0.3 & F1@0.5 & F1@0.7 & M5@0.3,4,FM,6451,0.06910033527212743,0.9922492636800496
M2@0.3 & R3@0.3 & S5@0.3 & S5@0.5 & S5@0.7,5,MRS,6447,0.06905748899386227,0.9972080037226617
F1@0.3 & F1@0.5 & F1@0.7 & M3@0.3 & R4@0.3 & R4@0.5,6,FMR,6405,0.06860760307207815,0.9976580796252927
M1@0.3 & R2@0.3 & R2@0.5,3,MR,6391,0.06845764109815011,0.9953058989203567
F1@0.3 & F1@0.5 & F1@0.7 & M3@0.3 & R5@0.3 & R5@0.5,6,FMR,6385,0.06839337168075238,0.9976507439310884
F1@0.3 & F1@0.5 & F1@0.7 & M1@0.3 & R2@0.3 & R2@0.5,6,FMR,6355,0.06807202459376373,0.996852871754524
F1@0.3 & F1@0.5 & F1@0.7 & M3@0.3 & M3@0.5 & R4@0.3,6,FMR,6334,0.06784708163287166,0.9933691190401011
F1@0.3 & F1@0.5 & F1@0.7 & M2@0.3 & R3@0.3 & S5@0.3 & S5@0.5 & S5@0.7,8,FMRS,6327,0.06777210064590765,0.9985775248933144
M1@0.3 & M1@0.5 & M1@0.7 & R4@0.3 & S5@0.3 & S5@0.5,6,MRS,6303,0.06751502297631672,0.999206726955418
M1@0.3 & M1@0.5 & M1@0.7 & R4@0.3 & S5@0.3 & S5@0.5 & S5@0.7,7,MRS,6297,0.06745075355891898,0.999205971097348
M1@0.3 & M1@0.5 & M2@0.3,3,M,6292,0.06739719571108754,0.9931659249841068
M3@0.3 & M3@0.5 & M3@0.7 & S5@0.3,4,MS,6284,0.06731150315455724,0.9976129853596435
F1@0.3 & F1@0.5 & F1@0.7 & M1@0.3 & M1@0.5 & M1@0.7 & R4@0.3 & S5@0.3 & S5@0.5,9,FMRS,6282,0.06729008001542466,0.9995224450811844
F1@0.3 & F1@0.5 & F1@0.7 & M1@0.3 & M1@0.5 & M1@0.7 & R4@0.3 & S5@0.3 & S5@0.5 & S5@0.7,10,FMRS,6281,0.06727936844585837,0.9995223690495144
M3@0.3 & M3@0.5 & M3@0.7 & S5@0.3 & S5@0.5,5,MS,6279,0.0672579453067258,0.9976110845676063
M1@0.3 & R4@0.3 & R4@0.5 & S5@0.3 & S5@0.5,5,MRS,6265,0.06710798333279776,0.9993615323224262
M1@0.3 & R4@0.3 & R4@0.5 & S5@0.3 & S5@0.5 & S5@0.7,6,MRS,6252,0.066968732928436,0.999360204734485
F1@0.3 & F1@0.5 & F1@0.7 & M1@0.3 & M1@0.5 & M2@0.3,6,FM,6227,0.06670094368927879,0.9959852256303195
M3@0.3 & M3@0.5 & M3@0.7 & S5@0.3 & S5@0.5 & S5@0.7,6,MS,6227,0.06670094368927879,0.9977517263529789
F1@0.3 & F1@0.5 & F1@0.7 & M1@0.3 & R4@0.3 & R4@0.5 & S5@0.3 & S5@0.5,8,FMRS,6223,0.06665809741101364,0.9996786116021211
F1@0.3 & F1@0.5 & F1@0.7 & M1@0.3 & R4@0.3 & R4@0.5 & S5@0.3 & S5@0.5 & S5@0.7,9,FMRS,6222,0.06664738584144735,0.9996785599485696
R1@0.3 & S5@0.3,2,RS,6175,0.06614394207183179,0.9949797570850203
R1@0.3 & S5@0.3 & S5@0.5,3,RS,6174,0.0661332305022655,0.9949789439585358
R1@0.3 & S5@0.3 & S5@0.5 & S5@0.7,4,RS,6161,0.06599398009790375,0.9951306606070444
M1@0.3 & M1@0.5 & M1@0.7 & R3@0.3 & R3@0.5,5,MR,6146,0.06583330655440942,0.9980475105759844
F1@0.3 & F1@0.5 & F1@0.7 & M1@0.3 & M1@0.5 & M1@0.7 & R3@0.3 & R3@0.5,8,FMR,6136,0.06572619085874654,0.9983702737940026
M1@0.3 & R3@0.3 & R3@0.5 & R3@0.7,4,MR,6095,0.0652870165065287,0.9972108285479901
F1@0.3 & F1@0.5 & F1@0.7 & M4@0.3 & M4@0.5 & M4@0.7,6,FM,6067,0.06498709255867262,0.9958793472886105
F1@0.3 & F1@0.5 & F1@0.7 & M1@0.3 & R3@0.3 & R3@0.5 & R3@0.7,7,FMR,6063,0.06494424628040747,0.9983506514926604
M2@0.3 & R5@0.3 & R5@0.5 & S5@0.3 & S5@0.5,5,MRS,6055,0.06485855372387717,0.9986787778695293
F1@0.3 & F1@0.5 & F1@0.7 & R1@0.3 & S5@0.3 & S5@0.5 & S5@0.7,7,FRS,6051,0.064815707445612,0.9983473805982482
R5@0.3 & S4@0.3,2,RS,6029,0.06458005291515366,0.9900481008459114
M2@0.3 & R5@0.3 & R5@0.5 & S5@0.3 & S5@0.5 & S5@0.7,6,MRS,6023,0.06451578349775593,0.9988377884775029
R5@0.3 & S4@0.3 & S4@0.5,3,RS,6020,0.06448364878905706,0.9903654485049834
M1@0.3 & M1@0.5 & M1@0.7 & R5@0.3 & S5@0.3 & S5@0.5,6,MRS,5991,0.06417301327163469,0.99933233183108
M1@0.3 & M1@0.5 & M1@0.7 & R5@0.3 & S5@0.3 & S5@0.5 & S5@0.7,7,MRS,5983,0.06408732071510438,0.999331439077386
F1@0.3 & F1@0.5 & F1@0.7 & M3@0.3 & M3@0.5 & M3@0.7 & S5@0.3 & S5@0.5 & S5@0.7,9,FMS,5981,0.06406589757597181,0.9991640193947501
R1@0.3 & R1@0.5 & R1@0.7,3,R,5979,0.06404447443683924,0.9904666332162569
M4@0.3 & M4@0.5 & S5@0.3,3,MS,5974,0.06399091658900778,0.9946434549715434
F1@0.3 & F1@0.5 & F1@0.7 & M1@0.3 & M1@0.5 & M1@0.7 & R5@0.3 & S5@0.3 & S5@0.5,9,FMRS,5967,0.06391593560204377,0.999664823194235
M4@0.3 & M4@0.5 & S5@0.3 & S5@0.5,4,MS,5966,0.06390522403247748,0.9946362722091854
F1@0.3 & F1@0.5 & F1@0.7 & M1@0.3 & M1@0.5 & M1@0.7 & R5@0.3 & S5@0.3 & S5@0.5 & S5@0.7,10,FMRS,5966,0.06390522403247748,0.999664767013074
M1@0.3 & M1@0.5 & R5@0.3 & R5@0.5 & S5@0.3 & S5@0.5,6,MRS,5965,0.0638945124629112,0.9996647108130763
M1@0.3 & M1@0.5 & R5@0.3 & R5@0.5 & S5@0.3 & S5@0.5 & S5@0.7,7,MRS,5955,0.0637873967672483,0.999664147774979
M1@0.3 & M1@0.5 & M1@0.7 & R2@0.3,4,MR,5947,0.063701704210718,0.9964688078022532
R4@0.3 & R5@0.3 & R5@0.5,3,R,5934,0.06356245380635625,0.9907313784967982
F1@0.3 & F1@0.5 & F1@0.7 & M1@0.3 & M1@0.5 & R5@0.3 & R5@0.5 & S5@0.3 & S5@0.5,9,FMRS,5934,0.06356245380635625,0.9998314796090327
F1@0.3 & F1@0.5 & F1@0.7 & M1@0.3 & M1@0.5 & R5@0.3 & R5@0.5 & S5@0.3 & S5@0.5 & S5@0.7,10,FMRS,5933,0.06355174223678996,0.9998314512051238
F1@0.3 & F1@0.5 & F1@0.7 & M1@0.3 & M1@0.5 & M1@0.7 & R2@0.3,7,FMR,5928,0.06349818438895852,0.9974696356275303
F1@0.3 & F1@0.5 & F1@0.7 & M2@0.3 & R5@0.3 & R5@0.5 & S5@0.3 & S5@0.5 & S5@0.7,9,FMRS,5921,0.06342320340199449,0.9994933288295896
M4@0.3 & M4@0.5 & S5@0.3 & S5@0.5 & S5@0.7,5,MS,5880,0.06298402904977667,0.9945578231292517
M1@0.3 & M1@0.5 & M1@0.7 & R5@0.3 & R5@0.5 & R5@0.7,6,MR,5878,0.06296260591064409,0.9984688669615516
R3@0.3 & S4@0.3,2,RS,5875,0.06293047120194523,0.9879148936170212
F1@0.3 & F1@0.5 & F1@0.7 & R1@0.3 & R1@0.5 & R1@0.7,6,FR,5868,0.0628554902149812,0.9957396046353102
R3@0.3 & S4@0.3 & S4@0.5,3,RS,5866,0.06283406707584863,0.988237299693147
F1@0.3 & F1@0.5 & F1@0.7 & M1@0.3 & M1@0.5 & M1@0.7 & R5@0.3 & R5@0.5 & R5@0.7,9,FMR,5856,0.06272695138018573,0.999146174863388
M3@0.3 & M3@0.5 & R5@0.3,3,MR,5836,0.06251271998885997,0.9912611377655929
R5@0.3 & S4@0.3 & S4@0.5 & S4@0.7,4,RS,5813,0.06226635388883533,0.994667125408567
M1@0.3 & M1@0.5 & R4@0.3 & R4@0.5 & R4@0.7,5,MR,5767,0.06177362168878606,0.9982659961851916
F1@0.3 & F1@0.5 & F1@0.7 & R4@0.3 & R5@0.3 & R5@0.5,6,FR,5743,0.06151654401919513,0.9956468744558593
F1@0.3 & F1@0.5 & F1@0.7 & M1@0.3 & M1@0.5 & R4@0.3 & R4@0.5 & R4@0.7,8,FMR,5743,0.06151654401919513,0.9991293748911718
M1@0.3 & M1@0.5 & M1@0.7 & S4@0.3 & S4@0.5,5,MS,5725,0.06132373576700194,0.9968558951965065
R3@0.3 & S4@0.3 & S4@0.5 & S4@0.7,4,RS,5717,0.06123804321047163,0.9945775756515655
M1@0.3 & M1@0.5 & M1@0.7 & S4@0.3 & S4@0.5 & S4@0.7,6,MS,5705,0.061109504375676166,0.9982471516213848
F1@0.3 & F1@0.5 & F1@0.7 & M1@0.3 & M1@0.5 & M1@0.7 & S4@0.3 & S4@0.5,8,FMS,5698,0.061034523388712146,0.9987714987714987
F1@0.3 & F1@0.5 & F1@0.7 & M1@0.3 & M1@0.5 & M1@0.7 & S4@0.3 & S4@0.5 & S4@0.7,9,FMS,5695,0.06100238868001328,0.9991220368744512
M1@0.3 & M2@0.3 & M2@0.5,3,M,5688,0.06092740769304926,0.9887482419127989
F1@0.3 & F1@0.5 & F1@0.7 & R5@0.3 & S4@0.3 & S4@0.5,6,FRS,5682,0.060863138275651534,0.9980640619500176
F1@0.3 & F1@0.5 & F1@0.7 & R5@0.3 & S4@0.3 & S4@0.5 & S4@0.7,7,FRS,5681,0.06085242670608524,0.9982397465234993
F1@0.3 & F1@0.5 & F1@0.7 & R3@0.3 & S4@0.3 & S4@0.5,6,FRS,5624,0.060241867240806796,0.9966216216216216
F1@0.3 & F1@0.5 & F1@0.7 & R3@0.3 & S4@0.3 & S4@0.5 & S4@0.7,7,FRS,5619,0.060188309392975356,0.997330485851575
F1@0.3 & F1@0.5 & F1@0.7 & M1@0.3 & M2@0.3 & M2@0.5,6,FM,5613,0.06012403997557762,0.9921610546944593
M2@0.3 & R2@0.3 & R2@0.5,3,MR,5596,0.05994194329295072,0.9912437455325233
M2@0.3 & M2@0.5 & R3@0.3 & R3@0.5,4,MR,5586,0.05983482759728783,0.9953455066237021
F1@0.3 & F1@0.5 & F1@0.7 & M3@0.3 & M3@0.5 & R5@0.3,6,FMR,5582,0.05979198131902268,0.9949838767466858
M2@0.3 & M2@0.5 & M2@0.7 & R4@0.3,4,MR,5564,0.059599173066829485,0.9951473759884975
M1@0.3 & M1@0.5 & R2@0.3 & R2@0.5,4,MR,5520,0.059127864005912786,0.9969202898550724
F1@0.3 & F1@0.5 & F1@0.7 & M2@0.3 & R2@0.3 & R2@0.5,6,FMR,5497,0.05888149790588815,0.9947243951246134
F1@0.3 & F1@0.5 & F1@0.7 & M1@0.3 & M1@0.5 & R2@0.3 & R2@0.5,7,FMR,5497,0.05888149790588815,0.9981808259050391
M2@0.3 & R4@0.3 & R4@0.5 & R4@0.7,4,MR,5465,0.058538727679766915,0.9941445562671546
F1@0.3 & F1@0.5 & F1@0.7 & M4@0.3 & M4@0.5 & S5@0.3 & S5@0.5 & S5@0.7,8,FMS,5457,0.05845303512323661,0.9981674912955837
F1@0.3 & F1@0.5 & F1@0.7 & M2@0.3 & M2@0.5 & R3@0.3 & R3@0.5,7,FMR,5455,0.05843161198410403,0.9970669110907424
F1@0.3 & F1@0.5 & F1@0.7 & M2@0.3 & M2@0.5 & M2@0.7 & R4@0.3,7,FMR,5453,0.058410188844971456,0.9972492206125069
M1@0.3 & M1@0.5 & R4@0.3 & R4@0.5 & S5@0.3 & S5@0.5,6,MRS,5417,0.058024572340585064,0.9996307919512646
M1@0.3 & M1@0.5 & R4@0.3 & R4@0.5 & S5@0.3 & S5@0.5 & S5@0.7,7,MRS,5408,0.05792816821448847,0.9996301775147929
M1@0.3 & R5@0.3 & R5@0.5 & R5@0.7 & S5@0.3 & S5@0.5,6,MRS,5406,0.05790674507535589,0.9990751017388088
M1@0.3 & R2@0.3 & S5@0.3 & S5@0.5,4,MRS,5405,0.057896033505789604,0.9979648473635523
M5@0.3 & M5@0.5,2,M,5403,0.057874610366657024,0.9842679992596706
M1@0.3 & R5@0.3 & R5@0.5 & R5@0.7 & S5@0.3 & S5@0.5 & S5@0.7,7,MRS,5398,0.057821052518825584,0.9990737310114858
M1@0.3 & R2@0.3 & S5@0.3 & S5@0.5 & S5@0.7,5,MRS,5397,0.0578103409492593,0.9979618306466556
M2@0.3 & R3@0.3 & R3@0.5 & R3@0.7,4,MR,5393,0.05776749467099414,0.9946226590024105
F1@0.3 & F1@0.5 & F1@0.7 & M1@0.3 & M1@0.5 & R4@0.3 & R4@0.5 & S5@0.3 & S5@0.5,9,FMRS,5392,0.05775678310142785,0.9998145400593472
F1@0.3 & F1@0.5 & F1@0.7 & M1@0.3 & M1@0.5 & R4@0.3 & R4@0.5 & S5@0.3 & S5@0.5 & S5@0.7,10,FMRS,5391,0.057746071531861565,0.9998145056575775
F1@0.3 & F1@0.5 & F1@0.7 & M1@0.3 & R2@0.3 & S5@0.3 & S5@0.5,7,FMRS,5376,0.05758539798836724,0.9988839285714286
F1@0.3 & F1@0.5 & F1@0.7 & M1@0.3 & R2@0.3 & S5@0.3 & S5@0.5 & S5@0.7,8,FMRS,5375,0.057574686418800945,0.9988837209302326
F1@0.3 & F1@0.5 & F1@0.7 & M1@0.3 & R5@0.3 & R5@0.5 & R5@0.7 & S5@0.3 & S5@0.5 & S5@0.7,10,FMRS,5372,0.05754255171010208,0.9996276991809382
M2@0.3 & M2@0.5 & R5@0.3 & S5@0.3 & S5@0.5,5,MRS,5362,0.05743543601443919,0.9986945169712794
F1@0.3 & F1@0.5 & F1@0.7 & M2@0.3 & R4@0.3 & R4@0.5 & R4@0.7,7,FMR,5353,0.0573390318883426,0.9971978329908463
M2@0.3 & M2@0.5 & R5@0.3 & S5@0.3 & S5@0.5 & S5@0.7,6,MRS,5332,0.05711408892745054,0.9986871717929482
M3@0.3 & M3@0.5 & R3@0.3,3,MR,5318,0.0569641269535225,0.9877773599097405
M2@0.3 & M2@0.5 & R5@0.3 & R5@0.5 & R5@0.7,5,MR,5318,0.0569641269535225,0.9968033095148552
M1@0.3 & M1@0.5 & R3@0.3 & R3@0.5 & R3@0.7,5,MR,5291,0.05667491457523271,0.9982989982989983
M1@0.3 & R3@0.3 & R3@0.5 & S5@0.3 & S5@0.5,5,MRS,5282,0.05657851044913611,0.9986747444149944
M2@0.3 & M2@0.5 & R2@0.3,3,MR,5281,0.05656779887956982,0.99318310925961
M1@0.3 & R3@0.3 & R3@0.5 & S5@0.3 & S5@0.5 & S5@0.7,6,MRS,5274,0.0564928178926058,0.9986727341676147
F1@0.3 & F1@0.5 & F1@0.7 & M1@0.3 & M1@0.5 & R3@0.3 & R3@0.5 & R3@0.7,8,FMR,5270,0.05644997161434065,0.9990512333965844
F1@0.3 & F1@0.5 & F1@0.7 & M2@0.3 & R3@0.3 & R3@0.5 & R3@0.7,7,FMR,5267,0.05641783690564178,0.9971520789823429
M2@0.3 & M2@0.5 & R4@0.3 & S5@0.3 & S5@0.5,5,MRS,5266,0.056407125336075496,0.9982909229016331
F1@0.3 & F1@0.5 & F1@0.7 & M1@0.3 & R3@0.3 & R3@0.5 & S5@0.3 & S5@0.5,8,FMRS,5253,0.05626787493171374,0.9992385303636018
F1@0.3 & F1@0.5 & F1@0.7 & M1@0.3 & R3@0.3 & R3@0.5 & S5@0.3 & S5@0.5 & S5@0.7,9,FMRS,5251,0.05624645179258117,0.9992382403351743
M1@0.3 & M1@0.5 & M1@0.7 & R3@0.3 & S5@0.3 & S5@0.5,6,MRS,5247,0.05620360551431601,0.9988564894225271
F1@0.3 & F1@0.5 & F1@0.7 & M2@0.3 & M2@0.5 & R5@0.3 & S5@0.3 & S5@0.5 & S5@0.7,9,FMRS,5247,0.05620360551431601,0.9992376596150181
M2@0.3 & M2@0.5 & R4@0.3 & S5@0.3 & S5@0.5 & S5@0.7,6,MRS,5246,0.056192893944749724,0.9982844071673657
M1@0.3 & M1@0.5 & M1@0.7 & R3@0.3 & S5@0.3 & S5@0.5 & S5@0.7,7,MRS,5243,0.05616075923605086,0.9988556170131604
M3@0.3 & R3@0.3 & R3@0.5,3,MR,5239,0.056117912957785704,0.9902653178087422
F1@0.3 & F1@0.5 & F1@0.7 & M1@0.3 & M1@0.5 & M1@0.7 & R3@0.3 & S5@0.3 & S5@0.5,9,FMRS,5234,0.056064355109954264,0.9994268246083301
F1@0.3 & F1@0.5 & F1@0.7 & M1@0.3 & M1@0.5 & M1@0.7 & R3@0.3 & S5@0.3 & S5@0.5 & S5@0.7,10,FMRS,5232,0.056042931970821684,0.9994266055045872
R4@0.3 & R4@0.5 & R5@0.3,3,R,5231,0.0560322204012554,0.9889122538711528
F1@0.3 & F1@0.5 & F1@0.7 & M2@0.3 & M2@0.5 & R5@0.3 & R5@0.5 & R5@0.7,8,FMR,5204,0.055743008022965605,0.9980784012298232
F1@0.3 & F1@0.5 & F1@0.7 & M2@0.3 & M2@0.5 & R2@0.3,6,FMR,5178,0.0554645072142421,0.9959443800695249
M2@0.3 & M2@0.5 & S4@0.3,3,MS,5162,0.05529312210118149,0.9936071290197598
M2@0.3 & M2@0.5 & S4@0.3 & S4@0.5,4,MS,5159,0.05526098739248262,0.9939910835433223
M4@0.3 & R4@0.3,2,MR,5151,0.055175294835952314,0.9815569792273345
F1@0.3 & F1@0.5 & F1@0.7 & M2@0.3 & M2@0.5 & R4@0.3 & S5@0.3 & S5@0.5 & S5@0.7,9,FMRS,5149,0.055153871696819734,0.9990289376577977
M3@0.3 & R5@0.3 & R5@0.5 & R5@0.7,4,MR,5139,0.05504675600115685,0.9933839268340144
M2@0.3 & R4@0.3 & R4@0.5 & S5@0.3 & S5@0.5,5,MRS,5103,0.05466113949677046,0.9984322947285911
F1@0.3 & F1@0.5 & F1@0.7 & M3@0.3 & M3@0.5 & R3@0.3,6,FMR,5093,0.054554023801107576,0.9923424307873552
M2@0.3 & R4@0.3 & R4@0.5 & S5@0.3 & S5@0.5 & S5@0.7,6,MRS,5085,0.05446833124457727,0.9984267453294002
M2@0.3 & M2@0.5 & S4@0.3 & S4@0.5 & S4@0.7,5,MS,5078,0.05439335025761325,0.9962583694367861
F1@0.3 & F1@0.5 & F1@0.7 & R4@0.3 & R4@0.5 & R5@0.3,6,FR,5075,0.054361215548914384,0.9950738916256158
M3@0.3 & R5@0.3 & S5@0.3,3,MRS,5069,0.05429694613151665,0.9968435588873545
M3@0.3 & R5@0.3 & S5@0.3 & S5@0.5,4,MRS,5068,0.054286234561950364,0.9968429360694554
R4@0.3 & R4@0.5 & S4@0.3,3,RS,5066,0.054264811422817784,0.99249901302803
R4@0.3 & R4@0.5 & S4@0.3 & S4@0.5,4,RS,5059,0.054189830435853764,0.9930816366870923
R2@0.3 & R2@0.5 & R2@0.7 & S5@0.3,4,RS,5053,0.05412556101845603,0.9972293686918662
R2@0.3 & R2@0.5 & R2@0.7 & S5@0.3 & S5@0.5,5,RS,5051,0.05410413787932346,0.9972282716293803
M3@0.3 & R4@0.3 & S5@0.3,3,MRS,5045,0.054039868461925725,0.9958374628344896
M3@0.3 & R4@0.3 & S5@0.3 & S5@0.5,4,MRS,5043,0.05401844532279315,0.9958358120166567
F1@0.3 & F1@0.5 & F1@0.7 & M3@0.3 & R3@0.3 & R3@0.5,6,FMR,5038,0.053964887474961705,0.9940452560539896
R2@0.3 & R2@0.5 & R2@0.7 & S5@0.3 & S5@0.5 & S5@0.7,6,RS,5034,0.05392204119669655,0.9972189114024632
M1@0.3 & M1@0.5 & M1@0.7 & R5@0.3 & R5@0.5 & S5@0.3 & S5@0.5,7,MRS,5032,0.05390061805756397,0.9996025437201908
M2@0.3 & M2@0.5 & M2@0.7 & R5@0.3,4,MR,5025,0.05382563707059995,0.9958208955223881
M1@0.3 & M1@0.5 & M1@0.7 & R5@0.3 & R5@0.5 & S5@0.3 & S5@0.5 & S5@0.7,8,MRS,5025,0.05382563707059995,0.9996019900497513
M3@0.3 & R5@0.3 & S5@0.3 & S5@0.5 & S5@0.7,5,MRS,5017,0.053739944514069646,0.9968108431333467
F1@0.3 & F1@0.5 & F1@0.7 & M1@0.3 & M1@0.5 & M1@0.7 & R5@0.3 & R5@0.5 & S5@0.3 & S5@0.5,10,FMRS,5011,0.05367567509667191,0.999800439034125
F1@0.3 & F1@0.5 & F1@0.7 & M1@0.3 & M1@0.5 & M1@0.7 & R5@0.3 & R5@0.5 & S5@0.3 & S5@0.5 & S5@0.7,11,FMRS,5010,0.053664963527105626,0.9998003992015968
F1@0.3 & F1@0.5 & F1@0.7 & M2@0.3 & M2@0.5 & S4@0.3 & S4@0.5,7,FMS,5001,0.05356855940100903,0.998000399920016
M3@0.3 & R4@0.3 & S5@0.3 & S5@0.5 & S5@0.7,5,MRS,5000,0.05355784783144274,0.9958
F1@0.3 & F1@0.5 & F1@0.7 & M2@0.3 & M2@0.5 & S4@0.3 & S4@0.5 & S4@0.7,8,FMS,5000,0.05355784783144274,0.9982
F1@0.3 & F1@0.5 & F1@0.7 & M2@0.3 & R4@0.3 & R4@0.5 & S5@0.3 & S5@0.5,8,FMRS,4989,0.05344002056621357,0.9993986770895971
F1@0.3 & F1@0.5 & F1@0.7 & M2@0.3 & R4@0.3 & R4@0.5 & S5@0.3 & S5@0.5 & S5@0.7,9,FMRS,4988,0.05342930899664728,0.9993985565356857
R5@0.3 & R5@0.5 & S4@0.3,3,RS,4947,0.05299013464442945,0.9925207196280574
M3@0.3 & M4@0.3,2,M,4946,0.05297942307486316,0.9799838253133846
M3@0.3 & M3@0.5 & R4@0.3 & R4@0.5,4,MR,4944,0.05295799993573058,0.9939320388349514
R5@0.3 & R5@0.5 & S4@0.3 & S4@0.5,4,RS,4939,0.05290444208789914,0.9927110751164203
R4@0.3 & R4@0.5 & S4@0.3 & S4@0.5 & S4@0.7,5,RS,4923,0.05273305697483852,0.9965468210440788
R3@0.3 & R4@0.3 & R4@0.5,3,R,4922,0.052722345405272236,0.9894351889475823
F1@0.3 & F1@0.5 & F1@0.7 & R2@0.3 & R2@0.5 & R2@0.7 & S5@0.3 & S5@0.5 & S5@0.7,9,FRS,4921,0.05271163383570594,0.9989839463523674
F1@0.3 & F1@0.5 & F1@0.7 & M2@0.3 & M2@0.5 & M2@0.7 & R5@0.3,7,FMR,4918,0.05267949912700708,0.9979666531110207
F1@0.3 & F1@0.5 & F1@0.7 & M3@0.3 & R5@0.3 & R5@0.5 & R5@0.7,7,FMR,4906,0.05255096029221162,0.996942519364044
M2@0.3 & M3@0.3 & S5@0.3,3,MS,4900,0.052486690874813884,0.9944897959183674
M2@0.3 & M3@0.3 & S5@0.3 & S5@0.5,4,MS,4899,0.0524759793052476,0.9946927944478465
F1@0.3 & F1@0.5 & F1@0.7 & M5@0.3 & M5@0.5,5,FM,4889,0.05236886360958471,0.994477398240949
M1@0.3 & M1@0.5 & M1@0.7 & R4@0.3 & R4@0.5 & R4@0.7,6,MR,4873,0.0521974784965241,0.9981530884465422
M2@0.3 & M3@0.3 & S5@0.3 & S5@0.5 & S5@0.7,5,MS,4872,0.052186766926957805,0.9948686371100164
F1@0.3 & F1@0.5 & F1@0.7 & M1@0.3 & M1@0.5 & M1@0.7 & R4@0.3 & R4@0.5 & R4@0.7,9,FMR,4857,0.05202609338346348,0.9989705579575869
M3@0.3 & M3@0.5 & R5@0.3 & R5@0.5,4,MR,4833,0.05176901571387255,0.9939995861783572
F1@0.3 & F1@0.5 & F1@0.7 & M3@0.3 & R5@0.3 & S5@0.3 & S5@0.5 & S5@0.7,8,FMRS,4827,0.05170474629647482,0.9987569919204475
M3@0.3 & R2@0.3,2,MR,4821,0.051640476879077093,0.9836133582244347
F1@0.3 & F1@0.5 & F1@0.7 & R4@0.3 & R4@0.5 & S4@0.3 & S4@0.5,7,FRS,4815,0.05157620746167936,0.998546209761163
F1@0.3 & F1@0.5 & F1@0.7 & R4@0.3 & R4@0.5 & S4@0.3 & S4@0.5 & S4@0.7,8,FRS,4813,0.05155478432254678,0.9989611468938292
F1@0.3 & F1@0.5 & F1@0.7 & M3@0.3 & R4@0.3 & S5@0.3 & S5@0.5 & S5@0.7,8,FMRS,4798,0.051394110779052454,0.9981242184243435
F1@0.3 & F1@0.5 & F1@0.7 & R3@0.3 & R4@0.3 & R4@0.5,6,FR,4773,0.05112632153989524,0.9947622040645296
R5@0.3 & R5@0.5 & S4@0.3 & S4@0.5 & S4@0.7,5,RS,4766,0.05105134055293122,0.9960134284515317
M3@0.3 & S4@0.3,2,MS,4751,0.050890667009436896,0.9852662597347926
F1@0.3 & F1@0.5 & F1@0.7 & M2@0.3 & M3@0.3 & S5@0.3 & S5@0.5 & S5@0.7,8,FMS,4747,0.050847820731171736,0.9978934063619128
M3@0.3 & S4@0.3 & S4@0.5,3,MS,4742,0.050794262883340296,0.9856600590468156
M2@0.3 & R2@0.3 & S5@0.3,3,MRS,4741,0.05078355131377401,0.9957814807002742
M2@0.3 & R2@0.3 & S5@0.3 & S5@0.5,4,MRS,4740,0.050772839744207716,0.9957805907172996
M2@0.3 & R2@0.3 & S5@0.3 & S5@0.5 & S5@0.7,5,MRS,4725,0.05061216620071339,0.995978835978836
R1@0.3 & R1@0.5 & S5@0.3,3,RS,4723,0.05059074306158081,0.9934363751852636
R1@0.3 & R1@0.5 & S5@0.3 & S5@0.5,4,RS,4722,0.050580031492014524,0.993434985175773
R1@0.3 & R1@0.5 & S5@0.3 & S5@0.5 & S5@0.7,5,RS,4713,0.05048362736591793,0.9938468067048589
F1@0.3 & F1@0.5 & F1@0.7 & M3@0.3 & M3@0.5 & R4@0.3 & R4@0.5,7,FMR,4708,0.050430069518086484,0.9968139337298216
F1@0.3 & F1@0.5 & F1@0.7 & M4@0.3 & R4@0.3,5,FMR,4705,0.05039793480938762,0.9904357066950054
M4@0.3 & R5@0.3,2,MR,4700,0.05034437696155618,0.9857446808510638
M1@0.3 & R1@0.3,2,MR,4697,0.05031224225285731,0.9923355333191399
M1@0.3 & M1@0.5 & R2@0.3 & S5@0.3 & S5@0.5,5,MRS,4691,0.05024797283545958,0.9987209550202516
M2@0.3 & R5@0.3 & R5@0.5 & R5@0.7 & S5@0.3 & S5@0.5,6,MRS,4690,0.05023726126589329,0.9982942430703625
M1@0.3 & M1@0.5 & R2@0.3 & S5@0.3 & S5@0.5 & S5@0.7,6,MRS,4686,0.05019441498762814,0.998719590268886
F1@0.3 & F1@0.5 & F1@0.7 & M1@0.3 & M1@0.5 & R2@0.3 & S5@0.3 & S5@0.5,8,FMRS,4673,0.050055164583266386,0.9993580141236893
F1@0.3 & F1@0.5 & F1@0.7 & M1@0.3 & M1@0.5 & R2@0.3 & S5@0.3 & S5@0.5 & S5@0.7,9,FMRS,4672,0.0500444530137001,0.9993578767123288
M2@0.3 & R5@0.3 & R5@0.5 & R5@0.7 & S5@0.3 & S5@0.5 & S5@0.7,7,MRS,4666,0.049980183596302366,0.9984997856836691
F1@0.3 & F1@0.5 & F1@0.7 & M1@0.3 & R1@0.3,5,FMR,4663,0.0499480488876035,0.9957109157194939
M2@0.3 & R3@0.3 & R3@0.5 & S5@0.3,4,MRS,4659,0.049905202609338346,0.9974243399871217
M2@0.3 & R3@0.3 & R3@0.5 & S5@0.3 & S5@0.5,5,MRS,4658,0.04989449103977206,0.9974237870330614
F1@0.3 & F1@0.5 & F1@0.7 & R5@0.3 & R5@0.5 & S4@0.3 & S4@0.5,7,FRS,4655,0.04986235633107319,0.9987110633727175
F1@0.3 & F1@0.5 & F1@0.7 & M3@0.3 & M4@0.3,5,FM,4654,0.04985164476150691,0.9892565535023635
F1@0.3 & F1@0.5 & F1@0.7 & R5@0.3 & R5@0.5 & S4@0.3 & S4@0.5 & S4@0.7,8,FRS,4654,0.04985164476150691,0.9989256553502364
M2@0.3 & M2@0.5 & M2@0.7 & R3@0.3,4,MR,4648,0.049787375344109173,0.9939759036144579
F1@0.3 & F1@0.5 & F1@0.7 & M2@0.3 & R2@0.3 & S5@0.3 & S5@0.5 & S5@0.7,8,FMRS,4647,0.04977666377454289,0.9980632666236281
M2@0.3 & R3@0.3 & R3@0.5 & S5@0.3 & S5@0.5 & S5@0.7,6,MRS,4637,0.04966954807888,0.9976277765796852
F1@0.3 & F1@0.5 & F1@0.7 & R1@0.3 & R1@0.5 & S5@0.3 & S5@0.5 & S5@0.7,8,FRS,4636,0.04965883650931371,0.9978429680759275
R3@0.3 & R4@0.3 & S5@0.3,3,RS,4629,0.04958385552234969,0.9941672067401166
R3@0.3 & R4@0.3 & S5@0.3 & S5@0.5,4,RS,4628,0.0495731439527834,0.9941659464131374
F1@0.3 & F1@0.5 & F1@0.7 & M3@0.3 & M3@0.5 & R5@0.3 & R5@0.5,7,FMR,4622,0.04950887453538567,0.9967546516659455
F1@0.3 & F1@0.5 & F1@0.7 & M3@0.3 & R2@0.3,5,FMR,4620,0.049487451396253095,0.9900432900432901
M1@0.3 & M1@0.5 & R5@0.3 & R5@0.5 & R5@0.7 & S5@0.3 & S5@0.5,7,MRS,4618,0.049466028257120515,0.9995669120831528
M1@0.3 & R4@0.3 & R5@0.3,3,MR,4615,0.04943389354842165,0.9930660888407368
M1@0.3 & M1@0.5 & R5@0.3 & R5@0.5 & R5@0.7 & S5@0.3 & S5@0.5 & S5@0.7,8,MRS,4610,0.04938033570059021,0.9995661605206074
R3@0.3 & R4@0.3 & S5@0.3 & S5@0.5 & S5@0.7,5,RS,4606,0.049337489422325055,0.9941380807642206
M1@0.3 & M1@0.5 & M1@0.7 & R4@0.3 & R4@0.5 & S5@0.3 & S5@0.5,7,MRS,4598,0.04925179686579474,0.9995650282731623
M1@0.3 & M1@0.5 & M1@0.7 & R4@0.3 & R4@0.5 & S5@0.3 & S5@0.5 & S5@0.7,8,MRS,4593,0.0491982390179633,0.9995645547572393
F1@0.3 & F1@0.5 & F1@0.7 & M1@0.3 & M1@0.5 & R5@0.3 & R5@0.5 & R5@0.7 & S5@0.3 & S5@0.5 & S5@0.7,11,FMRS,4593,0.0491982390179633,0.9997822773786197
F1@0.3 & F1@0.5 & F1@0.7 & M1@0.3 & R4@0.3 & R5@0.3,6,FMR,4584,0.0491018348918667,0.9956369982547993
F1@0.3 & F1@0.5 & F1@0.7 & M2@0.3 & R5@0.3 & R5@0.5 & R5@0.7 & S5@0.3 & S5@0.5 & S5@0.7,10,FMRS,4583,0.049091123322300416,0.9993454069386865
F1@0.3 & F1@0.5 & F1@0.7 & M1@0.3 & M1@0.5 & M1@0.7 & R4@0.3 & R4@0.5 & S5@0.3 & S5@0.5 & S5@0.7,11,FMRS,4582,0.04908041175273413,0.9997817546922741
M3@0.3 & S4@0.3 & S4@0.5 & S4@0.7,4,MS,4580,0.04905898861360155,0.9921397379912664
M1@0.3 & M1@0.5 & R3@0.3 & R3@0.5 & S5@0.3 & S5@0.5,6,MRS,4553,0.04876977623531176,0.999341093784318
M1@0.3 & M1@0.5 & R3@0.3 & R3@0.5 & S5@0.3 & S5@0.5 & S5@0.7,7,MRS,4546,0.04869479524834774,0.9993400791904972
F1@0.3 & F1@0.5 & F1@0.7 & M2@0.3 & R3@0.3 & R3@0.5 & S5@0.3 & S5@0.5 & S5@0.7,9,FMRS,4544,0.048673372109215164,0.9986795774647887
F1@0.3 & F1@0.5 & F1@0.7 & M1@0.3 & M1@0.5 & R3@0.3 & R3@0.5 & S5@0.3 & S5@0.5,9,FMRS,4534,0.04856625641355228,0.9995588883987648
F1@0.3 & F1@0.5 & F1@0.7 & M1@0.3 & M1@0.5 & R3@0.3 & R3@0.5 & S5@0.3 & S5@0.5 & S5@0.7,10,FMRS,4532,0.0485448332744197,0.999558693733451
F1@0.3 & F1@0.5 & F1@0.7 & M2@0.3 & M2@0.5 & M2@0.7 & R3@0.3,7,FMR,4529,0.04851269856572084,0.9966880105983661
M2@0.3 & M2@0.5 & M3@0.3,3,M,4528,0.048501986996154545,0.9882950530035336
M2@0.3 & M2@0.5 & R3@0.3 & S5@0.3,4,MRS,4519,0.04840558287005795,0.9973445452533747
M2@0.3 & M2@0.5 & R3@0.3 & S5@0.3 & S5@0.5,5,MRS,4518,0.04839487130049166,0.99734395750332
M2@0.3 & M2@0.5 & R3@0.3 & S5@0.3 & S5@0.5 & S5@0.7,6,MRS,4502,0.048223486187431046,0.9975566414926699
F1@0.3 & F1@0.5 & F1@0.7 & R3@0.3 & R4@0.3 & S5@0.3 & S5@0.5 & S5@0.7,8,FRS,4492,0.04811637049176816,0.9977738201246661
M2@0.3 & M2@0.5 & R5@0.3 & R5@0.5 & S5@0.3 & S5@0.5,6,MRS,4476,0.04794498537870754,0.9991063449508489
M2@0.3 & M2@0.5 & R5@0.3 & R5@0.5 & S5@0.3 & S5@0.5 & S5@0.7,7,MRS,4451,0.04767719613955033,0.9991013255448213
R1@0.3 & R2@0.3,2,R,4446,0.04762363829171889,0.9811066126855601
F1@0.3 & F1@0.5 & F1@0.7 & M3@0.3 & S4@0.3 & S4@0.5 & S4@0.7,7,FMS,4438,0.047537945735188575,0.9966200991437585
M5@0.3 & M5@0.5 & M5@0.7,3,M,4419,0.047334425913429096,0.9812174700158407
F1@0.3 & F1@0.5 & F1@0.7 & M2@0.3 & M2@0.5 & R3@0.3 & S5@0.3 & S5@0.5 & S5@0.7,9,FMRS,4404,0.04717375236993477,0.9986376021798365
F1@0.3 & F1@0.5 & F1@0.7 & M2@0.3 & M2@0.5 & M3@0.3,6,FM,4398,0.047109482952537036,0.9943155979990905
F1@0.3 & F1@0.5 & F1@0.7 & M2@0.3 & M2@0.5 & R5@0.3 & R5@0.5 & S5@0.3 & S5@0.5 & S5@0.7,10,FMRS,4380,0.046916674700343844,0.9995433789954338
M4@0.3 & R3@0.3,2,MR,4369,0.046798847435114664,0.9794003204394598
F1@0.3 & F1@0.5 & F1@0.7 & R1@0.3 & R2@0.3,5,FR,4346,0.04655248133509003,0.9884951679705476
M1@0.3 & M1@0.5 & M1@0.7 & R2@0.3 & R2@0.5,5,MR,4331,0.046391807791595706,0.9963057030708843
R2@0.3 & R3@0.3 & S5@0.3,3,RS,4315,0.046220422678535086,0.9935110081112398
F1@0.3 & F1@0.5 & F1@0.7 & M1@0.3 & M1@0.5 & M1@0.7 & R2@0.3 & R2@0.5,8,FMR,4314,0.0462097111089688,0.9976819656930923
R2@0.3 & R3@0.3 & S5@0.3 & S5@0.5,4,RS,4312,0.04618828796983622,0.9937384044526901
F1@0.3 & F1@0.5 & F1@0.7 & M4@0.3 & R5@0.3,5,FMR,4294,0.04599547971764303,0.9930135072193759
R2@0.3 & R3@0.3 & S5@0.3 & S5@0.5 & S5@0.7,5,RS,4285,0.04589907559154643,0.9939323220536757
M2@0.3 & R4@0.3 & R5@0.3,3,MR,4237,0.045384920252364576,0.9879631814963418
R3@0.3 & R3@0.5 & S4@0.3,3,RS,4235,0.045363497113232,0.9907910271546635
M1@0.3 & M1@0.5 & M1@0.7 & R3@0.3 & R3@0.5 & R3@0.7,6,MR,4233,0.04534207397409942,0.9983463264824002
R3@0.3 & R3@0.5 & S4@0.3 & S4@0.5,4,RS,4229,0.04529922769583427,0.9907779616930716
M3@0.3 & M3@0.5 & M3@0.7 & R4@0.3,4,MR,4227,0.045277804556701697,0.9924296191152118
F1@0.3 & F1@0.5 & F1@0.7 & M1@0.3 & M1@0.5 & M1@0.7 & R3@0.3 & R3@0.5 & R3@0.7,9,FMR,4225,0.045256381417569116,0.9988165680473373
M3@0.3 & R3@0.3 & S5@0.3,3,MRS,4220,0.04520282356973768,0.9947867298578199
M3@0.3 & R3@0.3 & S5@0.3 & S5@0.5,4,MRS,4218,0.0451814004306051,0.9950213371266002
M3@0.3 & R5@0.3 & R5@0.5 & S5@0.3,4,MRS,4213,0.04512784258277366,0.9978637550439117
M3@0.3 & R5@0.3 & R5@0.5 & S5@0.3 & S5@0.5,5,MRS,4212,0.045117131013207364,0.9978632478632479
M3@0.3 & R3@0.3 & S5@0.3 & S5@0.5 & S5@0.7,5,MRS,4190,0.04488147648274902,0.9949880668257757
M3@0.3 & R5@0.3 & R5@0.5 & S5@0.3 & S5@0.5 & S5@0.7,6,MRS,4171,0.04467795666098953,0.9978422440661712
F1@0.3 & F1@0.5 & F1@0.7 & R2@0.3 & R3@0.3 & S5@0.3 & S5@0.5,7,FRS,4168,0.04464582195229067,0.9973608445297505
F1@0.3 & F1@0.5 & F1@0.7 & R2@0.3 & R3@0.3 & S5@0.3 & S5@0.5 & S5@0.7,8,FRS,4166,0.04462439881315809,0.9973595775324052
F1@0.3 & F1@0.5 & F1@0.7 & M2@0.3 & R4@0.3 & R5@0.3,6,FMR,4147,0.04442087899139861,0.9927658548348204
M2@0.3 & M2@0.5 & M2@0.7 & R5@0.3 & R5@0.5,5,MR,4128,0.04421735916963913,0.997093023255814
R3@0.3 & R3@0.5 & S4@0.3 & S4@0.5 & S4@0.7,5,RS,4121,0.04414237818267511,0.9956321281242417
M1@0.3 & M1@0.5 & R1@0.3,3,MR,4092,0.04383174266525274,0.9951124144672532
M3@0.3 & R4@0.3 & R4@0.5 & R4@0.7,4,MR,4092,0.04383174266525274,0.9914467253176931
M1@0.3 & M2@0.3 & R4@0.3,3,MR,4087,0.043778184817421295,0.9892341570834353
M5@0.3 & S5@0.3,2,MS,4068,0.043574664995661816,0.992133726647001
F1@0.3 & F1@0.5 & F1@0.7 & M1@0.3 & M1@0.5 & R1@0.3,6,FMR,4066,0.043553241856529236,0.9975405804230202
R2@0.3 & S4@0.3,2,RS,4063,0.04352110714783037,0.9849864632045287
M5@0.3 & S5@0.3 & S5@0.5,3,MS,4061,0.043499684008697796,0.9921201674464417
F1@0.3 & F1@0.5 & F1@0.7 & R3@0.3 & R3@0.5 & S4@0.3 & S4@0.5,7,FRS,4059,0.043478260869565216,0.9970436067997044
R2@0.3 & S4@0.3 & S4@0.5,3,RS,4058,0.04346754929999893,0.9852143913257763
F1@0.3 & F1@0.5 & F1@0.7 & R3@0.3 & R3@0.5 & S4@0.3 & S4@0.5 & S4@0.7,8,FRS,4056,0.04344612616086635,0.997534516765286
R4@0.3 & S1@0.3,2,RS,4046,0.04333901046520346,0.9935739001482946
F1@0.3 & F1@0.5 & F1@0.7 & M2@0.3 & M2@0.5 & M2@0.7 & R5@0.3 & R5@0.5,8,FMR,4046,0.04333901046520346,0.9987642115669797
F1@0.3 & F1@0.5 & F1@0.7 & M3@0.3 & R3@0.3 & S5@0.3 & S5@0.5 & S5@0.7,8,FMRS,4045,0.04332829889563718,0.9977750309023485
R4@0.3 & S1@0.3 & S1@0.5,3,RS,4044,0.04331758732607089,0.9938180019782393
F1@0.3 & F1@0.5 & F1@0.7 & M1@0.3 & M2@0.3 & R4@0.3,6,FMR,4039,0.043264029478239444,0.9925724189155731
F1@0.3 & F1@0.5 & F1@0.7 & M3@0.3 & M3@0.5 & M3@0.7 & R4@0.3,7,FMR,4038,0.04325331790867316,0.9962852897473997
R4@0.3 & S1@0.3 & S1@0.5 & S1@0.7,4,RS,4036,0.043231894769540584,0.9940535183349851
F1@0.3 & F1@0.5 & F1@0.7 & M4@0.3 & R3@0.3,5,FMR,4029,0.043156913782576564,0.9890791759741872
F1@0.3 & F1@0.5 & F1@0.7 & M5@0.3 & M5@0.5 & M5@0.7,6,FM,4021,0.04307122122604625,0.99328525242477
F1@0.3 & F1@0.5 & F1@0.7 & M3@0.3 & R5@0.3 & R5@0.5 & S5@0.3 & S5@0.5 & S5@0.7,9,FMRS,4009,0.04294268239125079,0.9992516837116487
M2@0.3 & M2@0.5 & M2@0.7 & R4@0.3 & R4@0.5,5,MR,4008,0.0429319708216845,0.9970059880239521
M2@0.3 & R1@0.3,2,MR,3996,0.04280343198688904,0.9864864864864865
M2@0.3 & M2@0.5 & R4@0.3 & R4@0.5 & R4@0.7,5,MR,3991,0.0427498741390576,0.9954898521673766
F1@0.3 & F1@0.5 & F1@0.7 & R4@0.3 & S1@0.3 & S1@0.5,6,FRS,3990,0.042739162569491305,0.9959899749373433
F1@0.3 & F1@0.5 & F1@0.7 & R4@0.3 & S1@0.3 & S1@0.5 & S1@0.7,7,FRS,3989,0.04272845099992502,0.9959889696665831
M5@0.3 & S5@0.3 & S5@0.5 & S5@0.7,4,MS,3986,0.04269631629122615,0.9924736578023081
M1@0.3 & R2@0.3 & R2@0.5 & S5@0.3 & S5@0.5,5,MRS,3980,0.04263204687382842,0.9982412060301508
M1@0.3 & R2@0.3 & R2@0.5 & S5@0.3 & S5@0.5 & S5@0.7,6,MRS,3976,0.042589200595563266,0.9982394366197183
R2@0.3 & S4@0.3 & S4@0.5 & S4@0.7,4,RS,3974,0.04256777745643069,0.9929542023150478
F1@0.3 & F1@0.5 & F1@0.7 & M1@0.3 & R2@0.3 & R2@0.5 & S5@0.3 & S5@0.5 & S5@0.7,9,FMRS,3962,0.04243923862163523,0.9989904088844018
M1@0.3 & M1@0.5 & R4@0.3 & R5@0.3,4,MR,3955,0.04236425763467121,0.9957016434892542
F1@0.3 & F1@0.5 & F1@0.7 & M1@0.3 & M1@0.5 & R4@0.3 & R5@0.3,7,FMR,3935,0.042150026243345434,0.9974587039390089
F1@0.3 & F1@0.5 & F1@0.7 & M2@0.3 & R1@0.3,5,FMR,3930,0.042096468395513995,0.9923664122137404
F1@0.3 & F1@0.5 & F1@0.7 & M2@0.3 & M2@0.5 & M2@0.7 & R4@0.3 & R4@0.5,8,FMR,3920,0.04198935269985111,0.9987244897959183
F1@0.3 & F1@0.5 & F1@0.7 & R2@0.3 & S4@0.3 & S4@0.5,6,FRS,3907,0.041850102295489355,0.9953928845661633
F1@0.3 & F1@0.5 & F1@0.7 & M2@0.3 & M2@0.5 & R4@0.3 & R4@0.5 & R4@0.7,8,FMR,3907,0.041850102295489355,0.9974404914256463
F1@0.3 & F1@0.5 & F1@0.7 & R2@0.3 & S4@0.3 & S4@0.5 & S4@0.7,7,FRS,3904,0.041817967586790496,0.9961577868852459
M1@0.3 & M2@0.3 & R3@0.3,3,MR,3893,0.041700140321561316,0.9894682763935269
F1@0.3 & F1@0.5 & F1@0.7 & M3@0.3 & R4@0.3 & R4@0.5 & R4@0.7,7,FMR,3885,0.04161444776503101,0.9961389961389961
M4@0.3 & R5@0.3 & R5@0.5,3,MR,3877,0.0415287552085007,0.9901986071704927
M4@0.3 & R4@0.3 & R4@0.5,3,MR,3875,0.04150733206936812,0.9889032258064516
M1@0.3 & M1@0.5 & M1@0.7 & R5@0.3 & R5@0.5 & R5@0.7 & S5@0.3 & S5@0.5,8,MRS,3873,0.04148590893023555,0.9994836044410018
M1@0.3 & M1@0.5 & M1@0.7 & R5@0.3 & R5@0.5 & R5@0.7 & S5@0.3 & S5@0.5 & S5@0.7,9,MRS,3867,0.04142163951283782,0.9994828032066201
F1@0.3 & F1@0.5 & F1@0.7 & M1@0.3 & M1@0.5 & M1@0.7 & R5@0.3 & R5@0.5 & R5@0.7 & S5@0.3 & S5@0.5 & S5@0.7,12,FMRS,3857,0.04131452381717493,0.9997407311381903
F1@0.3 & F1@0.5 & F1@0.7 & M1@0.3 & M2@0.3 & R3@0.3,6,FMR,3852,0.04126096596934349,0.9924714434060229
M2@0.3 & M2@0.5 & R2@0.3 & R2@0.5,4,MR,3798,0.040682541212763906,0.9947340705634544
M2@0.3 & M3@0.3 & M3@0.5,3,M,3785,0.04054329080840215,0.9772787318361955
M4@0.3 & M4@0.5 & M4@0.7 & S5@0.3,4,MS,3777,0.04045759825187185,0.9952343129467831
M3@0.3 & M3@0.5 & R3@0.3 & R3@0.5,4,MR,3776,0.04044688668230556,0.9899364406779662
M1@0.3 & M1@0.5 & M2@0.3 & S5@0.3 & S5@0.5,5,MS,3772,0.04040404040404041,0.9970837751855779
M4@0.3 & M4@0.5 & M4@0.7 & S5@0.3 & S5@0.5,5,MS,3771,0.040393328834474114,0.9952267303102625
R5@0.3 & R5@0.5 & R5@0.7 & S4@0.3,4,RS,3768,0.04036119412577525,0.9909766454352441
R5@0.3 & R5@0.5 & R5@0.7 & S4@0.3 & S4@0.5,5,RS,3760,0.04027550156924494,0.9912234042553192
M1@0.3 & M1@0.5 & M2@0.3 & S5@0.3 & S5@0.5 & S5@0.7,6,MS,3758,0.04025407843011236,0.9970729111229377
M2@0.3 & M2@0.5 & R3@0.3 & R3@0.5 & R3@0.7,5,MR,3741,0.04007198174748546,0.9962576851109329
M2@0.3 & M2@0.5 & R4@0.3 & R4@0.5 & S5@0.3 & S5@0.5,6,MRS,3736,0.040018423899654015,0.9989293361884368
F1@0.3 & F1@0.5 & F1@0.7 & M1@0.3 & M1@0.5 & M2@0.3 & S5@0.3 & S5@0.5,8,FMS,3733,0.03998628919095515,0.998660594695955
F1@0.3 & F1@0.5 & F1@0.7 & M1@0.3 & M1@0.5 & M2@0.3 & S5@0.3 & S5@0.5 & S5@0.7,9,FMS,3732,0.03997557762138886,0.9986602357984995
M1@0.3 & R2@0.3 & R2@0.5 & R2@0.7,4,MR,3725,0.03990059663442484,0.9954362416107383
F1@0.3 & F1@0.5 & F1@0.7 & M2@0.3 & M2@0.5 & R2@0.3 & R2@0.5,7,FMR,3725,0.03990059663442484,0.9967785234899329
M2@0.3 & M2@0.5 & R4@0.3 & R4@0.5 & S5@0.3 & S5@0.5 & S5@0.7,7,MRS,3724,0.039889885064858556,0.9989258861439313
M4@0.3 & M4@0.5 & R4@0.3,3,MR,3716,0.03980419250832824,0.9822389666307858
M3@0.3 & M3@0.5 & R4@0.3 & S5@0.3,4,MRS,3713,0.03977205779962938,0.995152168058174
M3@0.3 & M3@0.5 & R4@0.3 & S5@0.3 & S5@0.5,5,MRS,3711,0.0397506346604968,0.9951495553759094
M4@0.3 & M4@0.5 & M4@0.7 & S5@0.3 & S5@0.5 & S5@0.7,6,MS,3709,0.03972921152136422,0.9951469398759774
F1@0.3 & F1@0.5 & F1@0.7 & M1@0.3 & R2@0.3 & R2@0.5 & R2@0.7,7,FMR,3702,0.0396542305344002,0.9972987574284171
M1@0.3 & M2@0.3 & R5@0.3,3,MR,3692,0.03954711483873732,0.991332611050921
M3@0.3 & M3@0.5 & R5@0.3 & R5@0.5 & R5@0.7,5,MR,3691,0.03953640326917103,0.9926849092386887
M3@0.3 & M3@0.5 & R4@0.3 & S5@0.3 & S5@0.5 & S5@0.7,6,MRS,3676,0.039375729725676704,0.9951033732317737
M3@0.3 & M3@0.5 & R5@0.3 & S5@0.3,4,MRS,3674,0.039354306586544124,0.9961894393032118
M3@0.3 & M3@0.5 & R5@0.3 & S5@0.3 & S5@0.5,5,MRS,3673,0.03934359501697784,0.9961884018513477
F1@0.3 & F1@0.5 & F1@0.7 & M5@0.3 & S5@0.3 & S5@0.5,6,FMS,3671,0.03932217187784526,0.9970035412694089
F1@0.3 & F1@0.5 & F1@0.7 & M5@0.3 & S5@0.3 & S5@0.5 & S5@0.7,7,FMS,3670,0.03931146030827897,0.9970027247956403
M3@0.3 & R4@0.3 & R4@0.5 & S5@0.3,4,MRS,3663,0.03923647932131495,0.9978159978159978
M3@0.3 & R4@0.3 & R4@0.5 & S5@0.3 & S5@0.5,5,MRS,3661,0.03921505618218238,0.9978148046981699
M1@0.3 & M1@0.5 & M1@0.7 & R2@0.3 & S5@0.3 & S5@0.5,6,MRS,3661,0.03921505618218238,0.9986342529363562
F1@0.3 & F1@0.5 & F1@0.7 & M2@0.3 & M3@0.3 & M3@0.5,6,FM,3659,0.0391936330430498,0.9863350642251981
M1@0.3 & M1@0.5 & M1@0.7 & R2@0.3 & S5@0.3 & S5@0.5 & S5@0.7,7,MRS,3659,0.0391936330430498,0.9986335064225198
R2@0.3 & R3@0.3 & R3@0.5,3,R,3654,0.03914007519521836,0.9863163656267104
F1@0.3 & F1@0.5 & F1@0.7 & M1@0.3 & M1@0.5 & M1@0.7 & R2@0.3 & S5@0.3 & S5@0.5,9,FMRS,3651,0.03910794048651949,0.9991783073130649
F1@0.3 & F1@0.5 & F1@0.7 & M2@0.3 & M2@0.5 & R4@0.3 & R4@0.5 & S5@0.3 & S5@0.5 & S5@0.7,10,FMRS,3651,0.03910794048651949,0.9994522048753766
F1@0.3 & F1@0.5 & F1@0.7 & M1@0.3 & M1@0.5 & M1@0.7 & R2@0.3 & S5@0.3 & S5@0.5 & S5@0.7,10,FMRS,3650,0.0390972289169532,0.9991780821917808
F1@0.3 & F1@0.5 & F1@0.7 & M1@0.3 & M2@0.3 & R5@0.3,6,FMR,3648,0.039075805777820626,0.9945175438596491
F1@0.3 & F1@0.5 & F1@0.7 & M2@0.3 & M2@0.5 & R3@0.3 & R3@0.5 & R3@0.7,8,FMR,3648,0.039075805777820626,0.9978070175438597
R4@0.3 & R5@0.3 & R5@0.5 & S5@0.3,4,RS,3638,0.03896869008215774,0.9961517317207257
R4@0.3 & R5@0.3 & R5@0.5 & S5@0.3 & S5@0.5,5,RS,3636,0.03894726694302516,0.9961496149614961
M3@0.3 & M3@0.5 & R5@0.3 & S5@0.3 & S5@0.5 & S5@0.7,6,MRS,3635,0.03893655537345887,0.9964236588720771
R5@0.3 & R5@0.5 & R5@0.7 & S4@0.3 & S4@0.5 & S4@0.7,6,RS,3629,0.03887228595606114,0.9953155139156793
M3@0.3 & R4@0.3 & R4@0.5 & S5@0.3 & S5@0.5 & S5@0.7,6,MRS,3628,0.03886157438649485,0.9977949283351709
M1@0.3 & R1@0.3 & R1@0.5,3,MR,3627,0.038850862816928566,0.9909015715467329
F1@0.3 & F1@0.5 & F1@0.7 & M3@0.3 & M3@0.5 & R3@0.3 & R3@0.5,7,FMR,3623,0.03880801653866341,0.992823626828595
M1@0.3 & R4@0.3 & R4@0.5 & R4@0.7 & S5@0.3 & S5@0.5,6,MRS,3617,0.03874374712126568,0.9988941111418302
M1@0.3 & M1@0.5 & M1@0.7 & R3@0.3 & R3@0.5 & S5@0.3 & S5@0.5,7,MRS,3610,0.03866876613430166,0.9991689750692521
M1@0.3 & R4@0.3 & R4@0.5 & R4@0.7 & S5@0.3 & S5@0.5 & S5@0.7,7,MRS,3609,0.038658054564735374,0.9988916597395401
M1@0.3 & M1@0.5 & M1@0.7 & R3@0.3 & R3@0.5 & S5@0.3 & S5@0.5 & S5@0.7,8,MRS,3607,0.038636631425602794,0.9991682838924314
R4@0.3 & R5@0.3 & R5@0.5 & S5@0.3 & S5@0.5 & S5@0.7,6,RS,3606,0.03862591985603651,0.9961175818080976
M3@0.3 & M3@0.5 & M3@0.7 & R5@0.3,4,MR,3605,0.038615208286470214,0.9936199722607489
F1@0.3 & F1@0.5 & F1@0.7 & M1@0.3 & M1@0.5 & M1@0.7 & R3@0.3 & R3@0.5 & S5@0.3 & S5@0.5,10,FMRS,3602,0.038583073577771354,0.9994447529150472
F1@0.3 & F1@0.5 & F1@0.7 & M1@0.3 & M1@0.5 & M1@0.7 & R3@0.3 & R3@0.5 & S5@0.3 & S5@0.5 & S5@0.7,11,FMRS,3600,0.038561650438638774,0.9994444444444445
F1@0.3 & F1@0.5 & F1@0.7 & M1@0.3 & R1@0.3 & R1@0.5,6,FMR,3599,0.03855093886907249,0.9944429008057794
F1@0.3 & F1@0.5 & F1@0.7 & M1@0.3 & R4@0.3 & R4@0.5 & R4@0.7 & S5@0.3 & S5@0.5,9,FMRS,3590,0.03845453474297589,0.9994428969359331
F1@0.3 & F1@0.5 & F1@0.7 & M1@0.3 & R4@0.3 & R4@0.5 & R4@0.7 & S5@0.3 & S5@0.5 & S5@0.7,10,FMRS,3589,0.0384438231734096,0.999442741710783
M3@0.3 & R3@0.3 & R3@0.5 & R3@0.7,4,MR,3576,0.03830457276904785,0.9921700223713646
R1@0.3 & R1@0.5 & R1@0.7 & S5@0.3,4,RS,3547,0.03799393725162548,0.9952072173667889
R1@0.3 & R1@0.5 & R1@0.7 & S5@0.3 & S5@0.5,5,RS,3546,0.03798322568205919,0.9952058657642414
F1@0.3 & F1@0.5 & F1@0.7 & R5@0.3 & R5@0.5 & R5@0.7 & S4@0.3 & S4@0.5 & S4@0.7,9,FRS,3542,0.037940379403794036,0.9985883681535855
R1@0.3 & R1@0.5 & R1@0.7 & S5@0.3 & S5@0.5 & S5@0.7,6,RS,3540,0.03791895626466146,0.9951977401129943
F1@0.3 & F1@0.5 & F1@0.7 & R2@0.3 & R3@0.3 & R3@0.5,6,FR,3536,0.03787610998639631,0.9929298642533937
F1@0.3 & F1@0.5 & F1@0.7 & M4@0.3 & R4@0.3 & R4@0.5,6,FMR,3534,0.03785468684726373,0.9957555178268251
F1@0.3 & F1@0.5 & F1@0.7 & M3@0.3 & M3@0.5 & R5@0.3 & R5@0.5 & R5@0.7,8,FMR,3526,0.037768994290733424,0.995745887691435
M1@0.3 & R3@0.3 & R3@0.5 & R3@0.7 & S5@0.3 & S5@0.5,6,MRS,3523,0.03773685958203456,0.9988646040306557
F1@0.3 & F1@0.5 & F1@0.7 & M4@0.3 & R5@0.3 & R5@0.5,6,FMR,3519,0.037694013303769404,0.9957374254049446
M1@0.3 & R3@0.3 & R3@0.5 & R3@0.7 & S5@0.3 & S5@0.5 & S5@0.7,7,MRS,3518,0.03768330173420311,0.9988629903354178
F1@0.3 & F1@0.5 & F1@0.7 & M3@0.3 & M3@0.5 & R4@0.3 & S5@0.3 & S5@0.5 & S5@0.7,9,FMRS,3518,0.03768330173420311,0.9974417282546901
F1@0.3 & F1@0.5 & F1@0.7 & R4@0.3 & R5@0.3 & R5@0.5 & S5@0.3 & S5@0.5,8,FRS,3510,0.037597609177672804,0.9985754985754985
F1@0.3 & F1@0.5 & F1@0.7 & R4@0.3 & R5@0.3 & R5@0.5 & S5@0.3 & S5@0.5 & S5@0.7,9,FRS,3509,0.03758689760810652,0.9985750926189798
F1@0.3 & F1@0.5 & F1@0.7 & M1@0.3 & R3@0.3 & R3@0.5 & R3@0.7 & S5@0.3 & S5@0.5,9,FMRS,3504,0.03753333976027507,0.9994292237442922
F1@0.3 & F1@0.5 & F1@0.7 & M1@0.3 & R3@0.3 & R3@0.5 & R3@0.7 & S5@0.3 & S5@0.5 & S5@0.7,10,FMRS,3503,0.037522628190708784,0.9994290608050242
F1@0.3 & F1@0.5 & F1@0.7 & M3@0.3 & M3@0.5 & R5@0.3 & S5@0.3 & S5@0.5 & S5@0.7,9,FMRS,3492,0.03740480092547961,0.9982817869415808
M3@0.3 & R2@0.3 & R2@0.5,3,MR,3489,0.037372666216780745,0.9853826311263972
M3@0.3 & M3@0.5 & R2@0.3,3,MR,3486,0.03734053150808188,0.9827882960413081
F1@0.3 & F1@0.5 & F1@0.7 & R1@0.3 & R1@0.5 & R1@0.7 & S5@0.3 & S5@0.5 & S5@0.7,9,FRS,3485,0.03732981993851559,0.9985652797704447
F1@0.3 & F1@0.5 & F1@0.7 & M3@0.3 & R4@0.3 & R4@0.5 & S5@0.3 & S5@0.5 & S5@0.7,9,FMRS,3475,0.037222704242852706,0.999136690647482
M1@0.3 & M1@0.5 & R2@0.3 & R2@0.5 & S5@0.3 & S5@0.5,6,MRS,3459,0.037051319129792086,0.9988435964151489
M1@0.3 & M1@0.5 & R2@0.3 & R2@0.5 & S5@0.3 & S5@0.5 & S5@0.7,7,MRS,3457,0.03702989599065951,0.998842927393694
F1@0.3 & F1@0.5 & F1@0.7 & M3@0.3 & M3@0.5 & M3@0.7 & R5@0.3,7,FMR,3454,0.036997761281960646,0.9971048060220035
M3@0.3 & M3@0.5 & S4@0.3,3,MS,3452,0.036976338142828066,0.984936268829664
M2@0.3 & M2@0.5 & R5@0.3 & R5@0.5 & R5@0.7 & S5@0.3 & S5@0.5,7,MRS,3450,0.03695491500369549,0.998840579710145
M1@0.3 & S3@0.3 & S3@0.5,3,MS,3449,0.0369442034341292,0.9927515221803421
F1@0.3 & F1@0.5 & F1@0.7 & M1@0.3 & M1@0.5 & R2@0.3 & R2@0.5 & S5@0.3 & S5@0.5 & S5@0.7,10,FMRS,3449,0.0369442034341292,0.9994201217744274
M3@0.3 & M3@0.5 & S4@0.3 & S4@0.5,4,MS,3445,0.03690135715586405,0.9849056603773585
M1@0.3 & R3@0.3 & R4@0.3,3,MR,3442,0.03686922244716518,0.9927367809413132
F1@0.3 & F1@0.5 & F1@0.7 & M3@0.3 & R3@0.3 & R3@0.5 & R3@0.7,7,FMR,3437,0.03681566459933374,0.9956357288332849
M2@0.3 & R2@0.3 & R2@0.5 & S5@0.3 & S5@0.5,5,MRS,3433,0.03677281832106859,0.9959219341683658
F1@0.3 & F1@0.5 & F1@0.7 & M4@0.3 & M4@0.5 & M4@0.7 & S5@0.3 & S5@0.5 & S5@0.7,9,FMS,3433,0.03677281832106859,0.9985435479172735
F1@0.3 & F1@0.5 & F1@0.7 & M1@0.3 & R3@0.3 & R4@0.3,6,FMR,3432,0.0367621067515023,0.9941724941724942
M2@0.3 & M2@0.5 & R5@0.3 & R5@0.5 & R5@0.7 & S5@0.3 & S5@0.5 & S5@0.7,8,MRS,3431,0.03675139518193601,0.9988341591372778
M1@0.3 & S3@0.3 & S3@0.5 & S3@0.7,4,MS,3427,0.036708548903670854,0.9950393930551503
M2@0.3 & R2@0.3 & R2@0.5 & S5@0.3 & S5@0.5 & S5@0.7,6,MRS,3425,0.03668712576453828,0.9962043795620438
F1@0.3 & F1@0.5 & F1@0.7 & M1@0.3 & S3@0.3 & S3@0.5,6,FMS,3417,0.03660143320800797,0.9961954931226222
F1@0.3 & F1@0.5 & F1@0.7 & M1@0.3 & S3@0.3 & S3@0.5 & S3@0.7,7,FMS,3412,0.03654787536017653,0.9970691676436108
R2@0.3 & R2@0.5 & R3@0.3,3,R,3401,0.036430048094947355,0.9735371949426639
M4@0.3 & M4@0.5 & R5@0.3,3,MR,3383,0.036237239842754156,0.9864026012415016
F1@0.3 & F1@0.5 & F1@0.7 & M4@0.3 & M4@0.5 & R4@0.3,6,FMR,3383,0.036237239842754156,0.9911321312444575
F1@0.3 & F1@0.5 & F1@0.7 & M2@0.3 & R2@0.3 & R2@0.5 & S5@0.3 & S5@0.5 & S5@0.7,9,FMRS,3375,0.03615154728622385,0.9982222222222222
F1@0.3 & F1@0.5 & F1@0.7 & M2@0.3 & M2@0.5 & R5@0.3 & R5@0.5 & R5@0.7 & S5@0.3 & S5@0.5 & S5@0.7,11,FMRS,3375,0.03615154728622385,0.9994074074074074
F1@0.3 & F1@0.5 & F1@0.7 & M3@0.3 & R2@0.3 & R2@0.5,6,FMR,3341,0.03578735392097004,0.9910206524992518
M1@0.3 & M2@0.3 & M2@0.5 & S5@0.3 & S5@0.5,5,MS,3338,0.03575521921227117,0.9943079688436189
M1@0.3 & M1@0.5 & M1@0.7 & R4@0.3 & R5@0.3,5,MR,3335,0.03572308450357231,0.9955022488755623
F1@0.3 & F1@0.5 & F1@0.7 & M3@0.3 & M3@0.5 & R2@0.3,6,FMR,3335,0.03572308450357231,0.9883058470764617
M2@0.3 & M2@0.5 & M2@0.7 & R3@0.3 & R3@0.5,5,MR,3332,0.035690949794873444,0.9945978391356542
M1@0.3 & M2@0.3 & M2@0.5 & S5@0.3 & S5@0.5 & S5@0.7,6,MS,3330,0.035669526655740864,0.9942942942942943
M3@0.3 & M3@0.5 & S4@0.3 & S4@0.5 & S4@0.7,5,MS,3326,0.03562668037747571,0.9912808177991581
F1@0.3 & F1@0.5 & F1@0.7 & M1@0.3 & M1@0.5 & M1@0.7 & R4@0.3 & R5@0.3,8,FMR,3324,0.03560525723834313,0.9969915764139591
M1@0.3 & S1@0.3 & S1@0.5,3,MS,3314,0.03549814154268025,0.9951719975859988
M1@0.3 & S1@0.3 & S1@0.5 & S1@0.7,4,MS,3312,0.03547671840354767,0.9951690821256038
M1@0.3 & M1@0.5 & M1@0.7 & R1@0.3,4,MR,3310,0.03545529526441509,0.9948640483383686
M3@0.3 & M3@0.5 & M3@0.7 & R3@0.3,4,MR,3310,0.03545529526441509,0.9903323262839879
F1@0.3 & F1@0.5 & F1@0.7 & M1@0.3 & S1@0.3 & S1@0.5,6,FMS,3306,0.03541244898614994,0.9969751966122202
F1@0.3 & F1@0.5 & F1@0.7 & M1@0.3 & S1@0.3 & S1@0.5 & S1@0.7,7,FMS,3305,0.03540173741658365,0.9969742813918305
M3@0.3 & R5@0.3 & R5@0.5 & R5@0.7 & S5@0.3,5,MRS,3300,0.03534817956875221,0.9972727272727273
M3@0.3 & R5@0.3 & R5@0.5 & R5@0.7 & S5@0.3 & S5@0.5,6,MRS,3299,0.03533746799918592,0.9972719005759321
R4@0.3 & R4@0.5 & S1@0.3,3,RS,3297,0.035316044860053346,0.9960570215347285
F1@0.3 & F1@0.5 & F1@0.7 & M1@0.3 & M1@0.5 & M1@0.7 & R1@0.3,7,FMR,3297,0.035316044860053346,0.9969669396420989
R4@0.3 & R4@0.5 & S1@0.3 & S1@0.5,4,RS,3296,0.03530533329048705,0.9960558252427184
F1@0.3 & F1@0.5 & F1@0.7 & R2@0.3 & R2@0.5 & R3@0.3,6,FR,3296,0.03530533329048705,0.9845266990291263
R4@0.3 & R4@0.5 & S1@0.3 & S1@0.5 & S1@0.7,5,RS,3291,0.03525177544265561,0.9960498328775448
F1@0.3 & F1@0.5 & F1@0.7 & M1@0.3 & M2@0.3 & M2@0.5 & S5@0.3 & S5@0.5 & S5@0.7,9,FMS,3288,0.035219640733956746,0.9969586374695864
M2@0.3 & S1@0.3 & S1@0.5,3,MS,3279,0.035123236607860146,0.9920707532784385
M2@0.3 & S1@0.3 & S1@0.5 & S1@0.7,4,MS,3277,0.03510181346872757,0.992065913945682
M2@0.3 & R2@0.3 & R2@0.5 & R2@0.7,4,MR,3271,0.03503754405132984,0.9911342097217977
M3@0.3 & R5@0.3 & R5@0.5 & R5@0.7 & S5@0.3 & S5@0.5 & S5@0.7,7,MRS,3268,0.03500540934263097,0.9972460220318238
F1@0.3 & F1@0.5 & F1@0.7 & M2@0.3 & S1@0.3 & S1@0.5 & S1@0.7,7,FMS,3251,0.03482331266000407,0.9953860350661335
M4@0.3 & M4@0.5 & R3@0.3,3,MR,3245,0.03475904324260634,0.9808936825885979
F1@0.3 & F1@0.5 & F1@0.7 & R4@0.3 & R4@0.5 & S1@0.3 & S1@0.5 & S1@0.7,8,FRS,3245,0.03475904324260634,0.998151001540832
F1@0.3 & F1@0.5 & F1@0.7 & M2@0.3 & M2@0.5 & M2@0.7 & R3@0.3 & R3@0.5,8,FMR,3241,0.03471619696434119,0.9969145325516816
M2@0.3 & M2@0.5 & M2@0.7 & R5@0.3 & S5@0.3 & S5@0.5,6,MRS,3232,0.03461979283824459,0.9984529702970297
M1@0.3 & M1@0.5 & R2@0.3 & R2@0.5 & R2@0.7,5,MR,3223,0.03452338871214799,0.9972075705864102
M2@0.3 & M2@0.5 & R3@0.3 & R3@0.5 & S5@0.3,5,MRS,3223,0.03452338871214799,0.9972075705864102
M2@0.3 & M2@0.5 & R3@0.3 & R3@0.5 & S5@0.3 & S5@0.5,6,MRS,3222,0.0345126771425817,0.9972067039106145
M2@0.3 & M2@0.5 & M2@0.7 & R2@0.3,4,MR,3219,0.034480542433882835,0.9916123019571296
M2@0.3 & M2@0.5 & M2@0.7 & R5@0.3 & S5@0.3 & S5@0.5 & S5@0.7,7,MRS,3215,0.03443769615561768,0.9984447900466563
F1@0.3 & F1@0.5 & F1@0.7 & M3@0.3 & M3@0.5 & S4@0.3 & S4@0.5 & S4@0.7,8,FMS,3215,0.03443769615561768,0.995334370139969
F1@0.3 & F1@0.5 & F1@0.7 & M1@0.3 & M1@0.5 & R2@0.3 & R2@0.5 & R2@0.7,8,FMR,3210,0.03438413830778624,0.9984423676012462
F1@0.3 & F1@0.5 & F1@0.7 & M2@0.3 & R2@0.3 & R2@0.5 & R2@0.7,7,FMR,3209,0.03437342673821995,0.9953256466188843
M2@0.3 & M2@0.5 & R3@0.3 & R3@0.5 & S5@0.3 & S5@0.5 & S5@0.7,7,MRS,3209,0.03437342673821995,0.9975070115300717
M2@0.3 & M2@0.5 & M2@0.7 & R4@0.3 & S5@0.3 & S5@0.5,6,MRS,3198,0.034255599472990776,0.9978111319574734
M2@0.3 & M2@0.5 & R2@0.3 & S5@0.3,4,MRS,3193,0.034202041625159336,0.9965549639837143
M2@0.3 & M2@0.5 & R2@0.3 & S5@0.3 & S5@0.5,5,MRS,3192,0.03419133005559304,0.9965538847117794
R4@0.3 & R4@0.5 & R5@0.3 & S5@0.3 & S5@0.5,5,RS,3192,0.03419133005559304,0.9956140350877193
M2@0.3 & M2@0.5 & M2@0.7 & R4@0.3 & S5@0.3 & S5@0.5 & S5@0.7,7,MRS,3187,0.0341377722077616,0.9981173517414497
M2@0.3 & M2@0.5 & R2@0.3 & S5@0.3 & S5@0.5 & S5@0.7,6,MRS,3183,0.03409492592949645,0.9971724787935909
M1@0.3 & M1@0.5 & R1@0.3 & R1@0.5,4,MR,3179,0.0340520796512313,0.9943378420887071
M4@0.3 & R3@0.3 & R3@0.5,3,MR,3174,0.03399852180339985,0.9826717076244487
F1@0.3 & F1@0.5 & F1@0.7 & M3@0.3 & M3@0.5 & M3@0.7 & R3@0.3,7,FMR,3170,0.0339556755251347,0.9952681388012619
M3@0.3 & M3@0.5 & M3@0.7 & R4@0.3 & R4@0.5,5,MR,3168,0.033934252386002124,0.9962121212121212
R4@0.3 & R4@0.5 & R5@0.3 & S5@0.3 & S5@0.5 & S5@0.7,6,RS,3167,0.03392354081643583,0.9955794126934007
F1@0.3 & F1@0.5 & F1@0.7 & M2@0.3 & M2@0.5 & M2@0.7 & R5@0.3 & S5@0.3 & S5@0.5 & S5@0.7,10,FMRS,3166,0.033912829246869544,0.9993682880606444
M2@0.3 & M2@0.5 & R4@0.3 & R5@0.3,4,MR,3163,0.03388069453817068,0.9917799557382232
F1@0.3 & F1@0.5 & F1@0.7 & M1@0.3 & M1@0.5 & R1@0.3 & R1@0.5,7,FMR,3157,0.033816425120772944,0.9968324358568261
F1@0.3 & F1@0.5 & F1@0.7 & M2@0.3 & M2@0.5 & M2@0.7 & R2@0.3,7,FMR,3155,0.03379500198164037,0.9952456418383518
F1@0.3 & F1@0.5 & F1@0.7 & M3@0.3 & R5@0.3 & R5@0.5 & R5@0.7 & S5@0.3 & S5@0.5 & S5@0.7,10,FMRS,3139,0.03362361686857975,0.9990442816183498
F1@0.3 & F1@0.5 & F1@0.7 & M2@0.3 & M2@0.5 & R3@0.3 & R3@0.5 & S5@0.3 & S5@0.5 & S5@0.7,10,FMRS,3134,0.03357005902074831,0.9987236758136566
F1@0.3 & F1@0.5 & F1@0.7 & M2@0.3 & M2@0.5 & M2@0.7 & R4@0.3 & S5@0.3 & S5@0.5 & S5@0.7,10,FMRS,3132,0.03354863588161573,0.9990421455938697
F1@0.3 & F1@0.5 & F1@0.7 & M2@0.3 & M2@0.5 & R2@0.3 & S5@0.3 & S5@0.5 & S5@0.7,9,FMRS,3127,0.03349507803378429,0.998081228014071
M1@0.3 & M1@0.5 & R4@0.3 & R4@0.5 & R4@0.7 & S5@0.3 & S5@0.5,7,MRS,3120,0.03342009704682027,0.9993589743589744
M1@0.3 & M1@0.5 & R4@0.3 & R4@0.5 & R4@0.7 & S5@0.3 & S5@0.5 & S5@0.7,8,MRS,3113,0.03334511605985625,0.9993575329264375
F1@0.3 & F1@0.5 & F1@0.7 & M1@0.3 & M1@0.5 & R4@0.3 & R4@0.5 & R4@0.7 & S5@0.3 & S5@0.5,10,FMRS,3103,0.03323800036419337,0.999677731227844
F1@0.3 & F1@0.5 & F1@0.7 & M1@0.3 & M1@0.5 & R4@0.3 & R4@0.5 & R4@0.7 & S5@0.3 & S5@0.5 & S5@0.7,11,FMRS,3102,0.03322728879462708,0.9996776273372018
F1@0.3 & F1@0.5 & F1@0.7 & R4@0.3 & R4@0.5 & R5@0.3 & S5@0.3 & S5@0.5 & S5@0.7,9,FRS,3098,0.03318444251636192,0.9983860555196902
F1@0.3 & F1@0.5 & F1@0.7 & M2@0.3 & M2@0.5 & R4@0.3 & R5@0.3,7,FMR,3097,0.03317373094679563,0.9941879237972231
M1@0.3 & R2@0.3 & R3@0.3,3,MR,3094,0.03314159623809677,0.9912734324499031
R4@0.3 & S3@0.3,2,RS,3089,0.03308803839026533,0.9841372612495953
M5@0.3 & M5@0.5 & S5@0.3,3,MS,3083,0.033023768972867594,0.9928640934155044
F1@0.3 & F1@0.5 & F1@0.7 & M4@0.3 & M4@0.5 & R5@0.3,6,FMR,3083,0.033023768972867594,0.993512812195913
R4@0.3 & S3@0.3 & S3@0.5,3,RS,3081,0.033002345833735014,0.98539435248296
M1@0.3 & M2@0.3 & R5@0.3 & R5@0.5,4,MR,3080,0.03299163426416873,0.9944805194805195
M5@0.3 & M5@0.5 & S5@0.3 & S5@0.5,4,MS,3078,0.032970211125036154,0.9928525016244314
F1@0.3 & F1@0.5 & F1@0.7 & M1@0.3 & R2@0.3 & R3@0.3,6,FMR,3078,0.032970211125036154,0.9935022742040286
M3@0.3 & M3@0.5 & R3@0.3 & S5@0.3,4,MRS,3075,0.03293807641633729,0.9941463414634146
M3@0.3 & M3@0.5 & R3@0.3 & S5@0.3 & S5@0.5,5,MRS,3074,0.032927364846770994,0.9941444372153546
M2@0.3 & M2@0.5 & M2@0.7 & R5@0.3 & R5@0.5 & R5@0.7,6,MR,3059,0.03276669130327667,0.9960771493952272
M2@0.3 & M2@0.5 & M2@0.7 & S4@0.3,4,MS,3055,0.032723845025011515,0.9918166939443536
M2@0.3 & M2@0.5 & M2@0.7 & S4@0.3 & S4@0.5,5,MS,3053,0.032702421885878935,0.9924664264657713
M3@0.3 & M3@0.5 & R3@0.3 & S5@0.3 & S5@0.5 & S5@0.7,6,MRS,3053,0.032702421885878935,0.9941041598427776
M3@0.3 & M3@0.5 & R5@0.3 & R5@0.5 & S5@0.3,5,MRS,3049,0.03265957560761378,0.9977041653000984
M3@0.3 & M3@0.5 & R5@0.3 & R5@0.5 & S5@0.3 & S5@0.5,6,MRS,3048,0.032648864038047495,0.9977034120734908
M2@0.3 & R3@0.3 & R3@0.5 & R3@0.7 & S5@0.3 & S5@0.5,6,MRS,3046,0.032627440898914915,0.9980302035456337
F1@0.3 & F1@0.5 & F1@0.7 & M1@0.3 & M2@0.3 & R5@0.3 & R5@0.5,7,FMR,3046,0.032627440898914915,0.9967170059093894
M1@0.3 & M1@0.5 & R3@0.3 & R3@0.5 & R3@0.7 & S5@0.3 & S5@0.5,7,MRS,3042,0.03258459462064976,0.9993425378040762
R4@0.3 & R4@0.5 & R4@0.7 & S4@0.3,4,RS,3038,0.03254174834238461,0.989466754443713
M1@0.3 & M1@0.5 & R3@0.3 & R3@0.5 & R3@0.7 & S5@0.3 & S5@0.5 & S5@0.7,8,MRS,3037,0.03253103677281832,0.9993414553836022
R4@0.3 & R4@0.5 & R4@0.7 & S4@0.3 & S4@0.5,5,RS,3034,0.032498902064119456,0.990112063282795
M2@0.3 & R3@0.3 & R3@0.5 & R3@0.7 & S5@0.3 & S5@0.5 & S5@0.7,7,MRS,3033,0.03248819049455317,0.9980217606330366
M2@0.3 & R1@0.3 & R1@0.5,3,MR,3028,0.03243463264672172,0.9834874504623514
F1@0.3 & F1@0.5 & F1@0.7 & M1@0.3 & M1@0.5 & R3@0.3 & R3@0.5 & R3@0.7 & S5@0.3 & S5@0.5,10,FMRS,3028,0.03243463264672172,0.999669749009247
F1@0.3 & F1@0.5 & F1@0.7 & M1@0.3 & M1@0.5 & R3@0.3 & R3@0.5 & R3@0.7 & S5@0.3 & S5@0.5 & S5@0.7,11,FMRS,3027,0.032423921077155436,0.9996696399074991
F1@0.3 & F1@0.5 & F1@0.7 & M3@0.3 & M3@0.5 & M3@0.7 & R4@0.3 & R4@0.5,8,FMR,3022,0.03237036322932399,0.9983454665784249
M3@0.3 & M3@0.5 & R5@0.3 & R5@0.5 & S5@0.3 & S5@0.5 & S5@0.7,7,MRS,3019,0.03233822852062513,0.9976813514408744
M2@0.3 & M3@0.3 & R4@0.3,3,MR,3017,0.03231680538149255,0.9827643354325489
M5@0.3 & M5@0.5 & S5@0.3 & S5@0.5 & S5@0.7,5,MS,3015,0.03229538224235997,0.9933665008291874
M4@0.3 & R5@0.3 & R5@0.5 & R5@0.7,4,MR,3012,0.03226324753366111,0.9877158034528553
M1@0.3 & M2@0.3 & R4@0.3 & R4@0.5,4,MR,3008,0.03222040125539595,0.9943484042553191
M2@0.3 & M2@0.5 & M2@0.7 & S4@0.3 & S4@0.5 & S4@0.7,6,MS,3006,0.03219897811626338,0.9956753160345975
M3@0.3 & M3@0.5 & M3@0.7 & R5@0.3 & R5@0.5,5,MR,2993,0.032059727711901624,0.9959906448379552
F1@0.3 & F1@0.5 & F1@0.7 & M2@0.3 & M2@0.5 & M2@0.7 & R5@0.3 & R5@0.5 & R5@0.7,9,FMR,2990,0.03202759300320276,0.9983277591973244
M3@0.3 & R3@0.3 & R3@0.5 & S5@0.3,4,MRS,2986,0.031984746724937604,0.9956463496316142
M3@0.3 & M3@0.5 & R4@0.3 & R4@0.5 & R4@0.7,5,MR,2984,0.03196332358580503,0.9906166219839142
M3@0.3 & R3@0.3 & R3@0.5 & S5@0.3 & S5@0.5,5,MRS,2984,0.03196332358580503,0.9959785522788204
M2@0.3 & S3@0.3,2,MS,2979,0.031909765737973585,0.9872440416247062
F1@0.3 & F1@0.5 & F1@0.7 & M4@0.3 & M4@0.5 & R3@0.3,6,FMR,2979,0.031909765737973585,0.9906008727760993
M2@0.3 & S3@0.3 & S3@0.5,3,MS,2978,0.0318990541684073,0.9875755540631296
F1@0.3 & F1@0.5 & F1@0.7 & M2@0.3 & R1@0.3 & R1@0.5,6,FMR,2978,0.0318990541684073,0.989926124916051
R4@0.3 & S3@0.3 & S3@0.5 & S3@0.7,4,RS,2976,0.03187763102927472,0.988239247311828
F1@0.3 & F1@0.5 & F1@0.7 & M1@0.3 & M2@0.3 & R4@0.3 & R4@0.5,7,FMR,2972,0.031834784751009565,0.9966352624495289
F1@0.3 & F1@0.5 & F1@0.7 & M2@0.3 & R3@0.3 & R3@0.5 & R3@0.7 & S5@0.3 & S5@0.5 & S5@0.7,10,FMRS,2972,0.031834784751009565,0.9989905787348586
M1@0.3 & M1@0.5 & S3@0.3 & S3@0.5,4,MS,2970,0.031813361611876985,0.9949494949494949
M2@0.3 & R3@0.3 & R4@0.3,3,MR,2966,0.03177051533361183,0.9855023600809171
M3@0.3 & R3@0.3 & R3@0.5 & S5@0.3 & S5@0.5 & S5@0.7,6,MRS,2965,0.031759803764045545,0.9959527824620573
F1@0.3 & F1@0.5 & F1@0.7 & M2@0.3 & M2@0.5 & M2@0.7 & S4@0.3 & S4@0.5,8,FMS,2962,0.03172766905534668,0.9979743416610398
F1@0.3 & F1@0.5 & F1@0.7 & M2@0.3 & M2@0.5 & M2@0.7 & S4@0.3 & S4@0.5 & S4@0.7,9,FMS,2961,0.03171695748578039,0.9983113812901047
M4@0.3 & R2@0.3,2,MR,2960,0.031706245916214106,0.9736486486486486
R4@0.3 & R4@0.5 & R4@0.7 & S4@0.3 & S4@0.5 & S4@0.7,6,RS,2958,0.031684822777081526,0.9949290060851927
M1@0.3 & M1@0.5 & S3@0.3 & S3@0.5 & S3@0.7,5,MS,2951,0.031609841790117506,0.9969501863774991
F1@0.3 & F1@0.5 & F1@0.7 & M1@0.3 & M1@0.5 & S3@0.3 & S3@0.5,7,FMS,2945,0.03154557237271977,0.9976230899830221
S2@0.3,1,S,2942,0.031513437664020906,0.9762066621346023
F1@0.3 & F1@0.5 & F1@0.7 & M1@0.3 & M1@0.5 & S3@0.3 & S3@0.5 & S3@0.7,8,FMS,2941,0.03150272609445462,0.9982998979938796
S2@0.3 & S2@0.5,2,S,2940,0.03149201452488833,0.976530612244898
F1@0.3 & F1@0.5 & F1@0.7 & M4@0.3 & R3@0.3 & R3@0.5,6,FMR,2940,0.03149201452488833,0.9904761904761905
F1@0.3 & F1@0.5 & F1@0.7 & M3@0.3 & M3@0.5 & R3@0.3 & S5@0.3 & S5@0.5 & S5@0.7,9,FMRS,2940,0.03149201452488833,0.996938775510204
M1@0.3 & R4@0.3 & S4@0.3 & S4@0.5,4,MRS,2939,0.031481302955322046,0.9938754678462062
M3@0.3 & R2@0.3 & S5@0.3,3,MRS,2937,0.031459879816189466,0.992849846782431
M3@0.3 & R2@0.3 & S5@0.3 & S5@0.5,4,MRS,2934,0.0314277451074906,0.9931833674164963
M3@0.3 & R4@0.3 & R5@0.3,3,MR,2923,0.03130991784226143,0.9822100581594253
M2@0.3 & S3@0.3 & S3@0.5 & S3@0.7,4,MS,2921,0.03128849470312885,0.9904142416980486
M1@0.3 & M1@0.5 & R3@0.3 & R4@0.3,4,MR,2920,0.03127778313356256,0.9962328767123287
M1@0.3 & R4@0.3 & S4@0.3 & S4@0.5 & S4@0.7,5,MRS,2920,0.03127778313356256,0.9965753424657534
F1@0.3 & F1@0.5 & F1@0.7 & M2@0.3 & M3@0.3 & R4@0.3,6,FMR,2920,0.03127778313356256,0.9897260273972602
M3@0.3 & R2@0.3 & S5@0.3 & S5@0.5 & S5@0.7,5,MRS,2917,0.031245648424863694,0.9931436407267741
F1@0.3 & F1@0.5 & F1@0.7 & M1@0.3 & M1@0.5 & R3@0.3 & R4@0.3,7,FMR,2917,0.031245648424863694,0.9965718203633871
F1@0.3 & F1@0.5 & F1@0.7 & M2@0.3 & R3@0.3 & R4@0.3,6,FMR,2912,0.031192090577032254,0.9896978021978022
F1@0.3 & F1@0.5 & F1@0.7 & M1@0.3 & R4@0.3 & S4@0.3 & S4@0.5,7,FMRS,2912,0.031192090577032254,0.9972527472527473
F1@0.3 & F1@0.5 & F1@0.7 & M1@0.3 & R4@0.3 & S4@0.3 & S4@0.5 & S4@0.7,8,FMRS,2910,0.031170667437899674,0.9979381443298969
R3@0.3 & R3@0.5 & R4@0.3,3,R,2907,0.03113853272920081,0.9735122119023047
M3@0.3 & M4@0.3 & S5@0.3 & S5@0.5,4,MS,2898,0.031042128603104215,0.9917184265010351
F1@0.3 & F1@0.5 & F1@0.7 & M3@0.3 & M3@0.5 & R5@0.3 & R5@0.5 & S5@0.3 & S5@0.5 & S5@0.7,10,FMRS,2898,0.031042128603104215,0.9989648033126294
R3@0.3 & R3@0.5 & R3@0.7 & S4@0.3,4,RS,2896,0.031020705463971635,0.9906767955801105
R3@0.3 & R3@0.5 & R3@0.7 & S4@0.3 & S4@0.5,5,RS,2892,0.03097785918570648,0.9913554633471646
F1@0.3 & F1@0.5 & F1@0.7 & R4@0.3 & R4@0.5 & R4@0.7 & S4@0.3 & S4@0.5,8,FRS,2889,0.030945724477007615,0.9979231568016614
F1@0.3 & F1@0.5 & F1@0.7 & R4@0.3 & R4@0.5 & R4@0.7 & S4@0.3 & S4@0.5 & S4@0.7,9,FRS,2888,0.030935012907441328,0.9982686980609419
M3@0.3 & M3@0.5 & M4@0.3,3,M,2886,0.03091358976830875,0.9712404712404712
R2@0.3 & R2@0.5 & S4@0.3,3,RS,2886,0.03091358976830875,0.9864864864864865
R2@0.3 & R2@0.5 & S4@0.3 & S4@0.5,4,RS,2883,0.030881455059609885,0.9864724245577523
M1@0.3 & R4@0.3 & R5@0.3 & S5@0.3 & S5@0.5,5,MRS,2879,0.030838608781344732,0.9972212573810351
F1@0.3 & F1@0.5 & F1@0.7 & R4@0.3 & S3@0.3 & S3@0.5,6,FRS,2879,0.030838608781344732,0.9944425147620701
F1@0.3 & F1@0.5 & F1@0.7 & R4@0.3 & S3@0.3 & S3@0.5 & S3@0.7,7,FRS,2876,0.030806474072645865,0.9947844228094576
M4@0.3 & R5@0.3 & S5@0.3,3,MRS,2874,0.03078505093351329,0.9930410577592206
M1@0.3 & R4@0.3 & R5@0.3 & S5@0.3 & S5@0.5 & S5@0.7,6,MRS,2873,0.030774339363947,0.9972154542290289
M4@0.3 & R5@0.3 & S5@0.3 & S5@0.5,4,MRS,2869,0.030731493085681846,0.9930289299407459
M3@0.3 & M4@0.3 & S5@0.3 & S5@0.5 & S5@0.7,5,MS,2869,0.030731493085681846,0.9916347159288951
R3@0.3 & R4@0.3 & R4@0.5 & S5@0.3,4,RS,2868,0.030720781516115556,0.995118549511855
F1@0.3 & F1@0.5 & F1@0.7 & M3@0.3 & M3@0.5 & M3@0.7 & R5@0.3 & R5@0.5,8,FMR,2868,0.030720781516115556,0.9982566248256625
R3@0.3 & R4@0.3 & R4@0.5 & S5@0.3 & S5@0.5,5,RS,2867,0.03071006994654927,0.99511684687827
F1@0.3 & F1@0.5 & F1@0.7 & M3@0.3 & R3@0.3 & R3@0.5 & S5@0.3 & S5@0.5 & S5@0.7,9,FMRS,2865,0.03068864680741669,0.9979057591623036
M2@0.3 & R4@0.3 & R4@0.5 & R4@0.7 & S5@0.3 & S5@0.5,6,MRS,2862,0.030656512098717826,0.9972047519217331
F1@0.3 & F1@0.5 & F1@0.7 & M1@0.3 & R4@0.3 & R5@0.3 & S5@0.3 & S5@0.5,8,FMRS,2862,0.030656512098717826,0.9986023759608665
F1@0.3 & F1@0.5 & F1@0.7 & M2@0.3 & S3@0.3 & S3@0.5,6,FMS,2861,0.030645800529151536,0.9937084935337295
F1@0.3 & F1@0.5 & F1@0.7 & M1@0.3 & R4@0.3 & R5@0.3 & S5@0.3 & S5@0.5 & S5@0.7,9,FMRS,2861,0.030645800529151536,0.9986018874519399
F1@0.3 & F1@0.5 & F1@0.7 & M2@0.3 & S3@0.3 & S3@0.5 & S3@0.7,7,FMS,2856,0.030592242681320093,0.9947478991596639
M2@0.3 & R4@0.3 & R4@0.5 & R4@0.7 & S5@0.3 & S5@0.5 & S5@0.7,7,MRS,2854,0.030570819542187516,0.9971969166082691
R3@0.3 & R4@0.3 & R4@0.5 & S5@0.3 & S5@0.5 & S5@0.7,6,RS,2851,0.03053868483348865,0.9950894423009471
M1@0.3 & M2@0.3 & R2@0.3,3,MR,2840,0.030420857568259477,0.9855633802816901
R3@0.3 & S1@0.3 & S1@0.5,3,RS,2836,0.030378011289994324,0.9901269393511989
R3@0.3 & S1@0.3 & S1@0.5 & S1@0.7,4,RS,2833,0.030345876581295457,0.9904694669961172
F1@0.3 & F1@0.5 & F1@0.7 & R3@0.3 & R3@0.5 & R4@0.3,6,FR,2832,0.030335165011729167,0.9823446327683616
S2@0.3 & S2@0.5 & S2@0.7,3,S,2831,0.03032445344216288,0.9823383963263864
F1@0.3 & F1@0.5 & F1@0.7 & M3@0.3 & M3@0.5 & R4@0.3 & R4@0.5 & R4@0.7,8,FMR,2831,0.03032445344216288,0.9947015188979159
M4@0.3 & S4@0.3,2,MS,2828,0.030292318733464014,0.9734794908062234
R2@0.3 & R2@0.5 & S4@0.3 & S4@0.5 & S4@0.7,5,RS,2827,0.030281607163897727,0.9929253625751681
R3@0.3 & R3@0.5 & R3@0.7 & S4@0.3 & S4@0.5 & S4@0.7,6,RS,2822,0.030228049316066284,0.9957476966690291
M4@0.3 & R5@0.3 & S5@0.3 & S5@0.5 & S5@0.7,5,MRS,2821,0.030217337746499994,0.9929103154909606
M4@0.3 & S4@0.3 & S4@0.5,3,MS,2820,0.030206626176933708,0.974113475177305
M1@0.3 & M2@0.3 & R3@0.3 & R3@0.5,4,MR,2817,0.03017449146823484,0.9900603478878239
F1@0.3 & F1@0.5 & F1@0.7 & M3@0.3 & R2@0.3 & S5@0.3 & S5@0.5 & S5@0.7,8,FMRS,2814,0.030142356759535974,0.9968017057569296
F1@0.3 & F1@0.5 & F1@0.7 & M1@0.3 & M2@0.3 & R2@0.3,6,FMR,2809,0.03008879891170453,0.9893200427198291
F1@0.3 & F1@0.5 & F1@0.7 & M3@0.3 & R4@0.3 & R5@0.3,6,FMR,2809,0.03008879891170453,0.9893200427198291
F1@0.3 & F1@0.5 & F1@0.7 & R3@0.3 & S1@0.3 & S1@0.5 & S1@0.7,7,FRS,2801,0.030003106355174225,0.9946447697250982
F1@0.3 & F1@0.5 & F1@0.7 & M2@0.3 & R4@0.3 & R4@0.5 & R4@0.7 & S5@0.3 & S5@0.5,9,FMRS,2794,0.029928125368210205,0.9989262705798139
M4@0.3 & M4@0.5 & R5@0.3 & R5@0.5,4,MR,2793,0.029917413798643915,0.9903329752953813
F1@0.3 & F1@0.5 & F1@0.7 & M2@0.3 & R4@0.3 & R4@0.5 & R4@0.7 & S5@0.3 & S5@0.5 & S5@0.7,10,FMRS,2793,0.029917413798643915,0.9989258861439313
M1@0.3 & M1@0.5 & S1@0.3 & S1@0.5,4,MS,2792,0.029906702229077625,0.9967765042979942
M4@0.3 & M4@0.5 & R4@0.3 & R4@0.5,4,MR,2792,0.029906702229077625,0.9899713467048711
M1@0.3 & M1@0.5 & S1@0.3 & S1@0.5 & S1@0.7,5,MS,2790,0.02988527908994505,0.9967741935483871
M2@0.3 & M3@0.3 & R5@0.3,3,MR,2789,0.029874567520378762,0.9867335962710649
M4@0.3 & R4@0.3 & S5@0.3,3,MRS,2789,0.029874567520378762,0.9903191107923988
M4@0.3 & R4@0.3 & S5@0.3 & S5@0.5,4,MRS,2788,0.029863855950812472,0.9903156384505022
F1@0.3 & F1@0.5 & F1@0.7 & M1@0.3 & M1@0.5 & S1@0.3 & S1@0.5,7,FMS,2786,0.029842432811679896,0.998205312275664
F1@0.3 & F1@0.5 & F1@0.7 & M1@0.3 & M1@0.5 & S1@0.3 & S1@0.5 & S1@0.7,8,FMS,2785,0.029831721242113605,0.9982046678635548
F1@0.3 & F1@0.5 & F1@0.7 & M1@0.3 & M2@0.3 & R3@0.3 & R3@0.5,7,FMR,2784,0.02982100967254732,0.992816091954023
F1@0.3 & F1@0.5 & F1@0.7 & M5@0.3 & M5@0.5 & S5@0.3 & S5@0.5,7,FMS,2784,0.02982100967254732,0.9978448275862069
F1@0.3 & F1@0.5 & F1@0.7 & M5@0.3 & M5@0.5 & S5@0.3 & S5@0.5 & S5@0.7,8,FMS,2783,0.02981029810298103,0.9978440531800216
M2@0.3 & M2@0.5 & R1@0.3,3,MR,2782,0.029799586533414742,0.9895758447160317
F1@0.3 & F1@0.5 & F1@0.7 & R3@0.3 & R4@0.3 & R4@0.5 & S5@0.3 & S5@0.5 & S5@0.7,9,FRS,2780,0.029778163394282166,0.9982014388489209
M1@0.3 & R1@0.3 & S5@0.3 & S5@0.5,4,MRS,2777,0.0297460286855833,0.9960388908894491
M1@0.3 & R1@0.3 & S5@0.3 & S5@0.5 & S5@0.7,5,MRS,2775,0.029724605546450723,0.9960360360360361
F1@0.3 & F1@0.5 & F1@0.7 & R3@0.3 & R3@0.5 & R3@0.7 & S4@0.3 & S4@0.5,8,FRS,2775,0.029724605546450723,0.9978378378378379
F1@0.3 & F1@0.5 & F1@0.7 & R2@0.3 & R2@0.5 & S4@0.3 & S4@0.5,7,FRS,2774,0.029713893976884433,0.9960346070656092
F1@0.3 & F1@0.5 & F1@0.7 & R3@0.3 & R3@0.5 & R3@0.7 & S4@0.3 & S4@0.5 & S4@0.7,9,FRS,2774,0.029713893976884433,0.998197548666186
F1@0.3 & F1@0.5 & F1@0.7 & R2@0.3 & R2@0.5 & S4@0.3 & S4@0.5 & S4@0.7,8,FRS,2773,0.029703182407318143,0.99639379733141
F1@0.3 & F1@0.5 & F1@0.7 & S2@0.3 & S2@0.5,5,FS,2763,0.02959606671165526,0.9905899384726746
F1@0.3 & F1@0.5 & F1@0.7 & M1@0.3 & R1@0.3 & S5@0.3 & S5@0.5 & S5@0.7,8,FMRS,2757,0.029531797294257527,0.9985491476242292
F1@0.3 & F1@0.5 & F1@0.7 & S2@0.3 & S2@0.5 & S2@0.7,6,FS,2754,0.029499662585558663,0.9909222948438635
F1@0.3 & F1@0.5 & F1@0.7 & M4@0.3 & R2@0.3,5,FMR,2744,0.029392546889895777,0.98432944606414
F1@0.3 & F1@0.5 & F1@0.7 & M2@0.3 & M2@0.5 & R1@0.3,6,FMR,2739,0.029338989042064334,0.9941584519897773
M4@0.3 & R4@0.3 & S5@0.3 & S5@0.5 & S5@0.7,5,MRS,2736,0.029306854333365467,0.9901315789473685
M1@0.3 & R1@0.3 & R1@0.5 & R1@0.7,4,MR,2729,0.029231873346401448,0.9926713081714914
F1@0.3 & F1@0.5 & F1@0.7 & M4@0.3 & R5@0.3 & R5@0.5 & R5@0.7,7,FMR,2726,0.02919973863770258,0.9944974321349963
F1@0.3 & F1@0.5 & F1@0.7 & M3@0.3 & M4@0.3 & S5@0.3 & S5@0.5 & S5@0.7,8,FMS,2724,0.029178315498570005,0.9963289280469897
F1@0.3 & F1@0.5 & F1@0.7 & M3@0.3 & M3@0.5 & M4@0.3,6,FM,2718,0.029114046081172275,0.9827078734363502
M1@0.3 & M1@0.5 & M1@0.7 & R2@0.3 & R2@0.5 & S5@0.3 & S5@0.5,7,MRS,2718,0.029114046081172275,0.9985283296541575
M2@0.3 & R2@0.3 & R3@0.3,3,MR,2717,0.029103334511605985,0.9834376150165623
M1@0.3 & M1@0.5 & M1@0.7 & R2@0.3 & R2@0.5 & S5@0.3 & S5@0.5 & S5@0.7,8,MRS,2717,0.029103334511605985,0.9985277880014722
F1@0.3 & F1@0.5 & F1@0.7 & M1@0.3 & M1@0.5 & M1@0.7 & R2@0.3 & R2@0.5 & S5@0.3 & S5@0.5 & S5@0.7,11,FMRS,2710,0.029028353524641965,0.9992619926199262
F1@0.3 & F1@0.5 & F1@0.7 & M1@0.3 & R1@0.3 & R1@0.5 & R1@0.7,7,FMR,2706,0.028985507246376812,0.9963045084996305
M4@0.3 & M5@0.3,2,M,2702,0.02894266096811166,0.9644707623982235
M3@0.3 & M3@0.5 & R4@0.3 & R4@0.5 & S5@0.3,5,MRS,2702,0.02894266096811166,0.9974093264248705
M3@0.3 & M3@0.5 & R4@0.3 & R4@0.5 & S5@0.3 & S5@0.5,6,MRS,2700,0.02892123782897908,0.9974074074074074
F1@0.3 & F1@0.5 & F1@0.7 & M2@0.3 & M3@0.3 & R5@0.3,6,FMR,2694,0.02885696841158135,0.9925760950259837
M2@0.3 & M2@0.5 & M2@0.7 & R5@0.3 & R5@0.5 & S5@0.3 & S5@0.5,7,MRS,2683,0.028739141146352176,0.9988818486768543
M2@0.3 & M2@0.5 & M2@0.7 & R3@0.3 & S5@0.3 & S5@0.5,6,MRS,2680,0.02870700643765331,0.9973880597014926
M3@0.3 & M3@0.5 & R4@0.3 & R4@0.5 & S5@0.3 & S5@0.5 & S5@0.7,7,MRS,2672,0.028621313881123,0.9973802395209581
M1@0.3 & M1@0.5 & R2@0.3 & R3@0.3,4,MR,2668,0.028578467602857847,0.9943778110944528
M2@0.3 & M2@0.5 & M2@0.7 & R3@0.3 & S5@0.3 & S5@0.5 & S5@0.7,7,MRS,2668,0.028578467602857847,0.9977511244377811
M2@0.3 & M2@0.5 & M2@0.7 & R5@0.3 & R5@0.5 & S5@0.3 & S5@0.5 & S5@0.7,8,MRS,2668,0.028578467602857847,0.9988755622188905
F1@0.3 & F1@0.5 & F1@0.7 & M2@0.3 & R2@0.3 & R3@0.3,6,FMR,2663,0.028524909755026404,0.9891100262861434
F1@0.3 & F1@0.5 & F1@0.7 & M1@0.3 & M1@0.5 & R2@0.3 & R3@0.3,7,FMR,2656,0.028449928768062384,0.9962349397590361
M2@0.3 & M2@0.5 & M3@0.3 & S5@0.3,4,MS,2643,0.028310678363700634,0.9950813469542187
M2@0.3 & M2@0.5 & M3@0.3 & S5@0.3 & S5@0.5,5,MS,2642,0.028299966794134344,0.9954579863739591
M1@0.3 & M1@0.5 & M1@0.7 & R4@0.3 & R4@0.5 & R4@0.7 & S5@0.3 & S5@0.5,8,MRS,2642,0.028299966794134344,0.9992429977289932
M1@0.3 & M1@0.5 & M1@0.7 & R4@0.3 & R4@0.5 & R4@0.7 & S5@0.3 & S5@0.5 & S5@0.7,9,MRS,2638,0.02825712051586919,0.9992418498862775
F1@0.3 & F1@0.5 & F1@0.7 & M1@0.3 & M1@0.5 & M1@0.7 & R4@0.3 & R4@0.5 & R4@0.7 & S5@0.3 & S5@0.5 & S5@0.7,12,FMRS,2631,0.02818213952890517,0.999619916381604
F1@0.3 & F1@0.5 & F1@0.7 & M2@0.3 & M2@0.5 & M2@0.7 & R5@0.3 & R5@0.5 & S5@0.3 & S5@0.5 & S5@0.7,11,FMRS,2629,0.028160716389772595,0.99961962723469
M4@0.3 & S4@0.3 & S4@0.5 & S4@0.7,4,MS,2628,0.028150004820206305,0.987062404870624
R1@0.3 & R2@0.3 & S5@0.3 & S5@0.5,4,RS,2628,0.028150004820206305,0.991248097412481
M2@0.3 & M2@0.5 & M3@0.3 & S5@0.3 & S5@0.5 & S5@0.7,6,MS,2627,0.028139293250640015,0.99543205177008
M1@0.3 & R3@0.3 & S4@0.3 & S4@0.5,4,MRS,2621,0.028075023833242285,0.994276993513926
R1@0.3 & R2@0.3 & S5@0.3 & S5@0.5 & S5@0.7,5,RS,2621,0.028075023833242285,0.991606257153758
F1@0.3 & F1@0.5 & F1@0.7 & M4@0.3 & R5@0.3 & S5@0.3 & S5@0.5 & S5@0.7,8,FMRS,2612,0.02797861970714569,0.9977029096477795
M1@0.3 & R3@0.3 & S4@0.3 & S4@0.5 & S4@0.7,5,MRS,2607,0.027925061859314246,0.9961641733793632
F1@0.3 & F1@0.5 & F1@0.7 & M1@0.3 & R3@0.3 & S4@0.3 & S4@0.5,7,FMRS,2598,0.02782865773321765,0.9973056197074672
F1@0.3 & F1@0.5 & F1@0.7 & M2@0.3 & M2@0.5 & M2@0.7 & R3@0.3 & S5@0.3 & S5@0.5 & S5@0.7,10,FMRS,2598,0.02782865773321765,0.9988452655889145
F1@0.3 & F1@0.5 & F1@0.7 & M1@0.3 & R3@0.3 & S4@0.3 & S4@0.5 & S4@0.7,8,FMRS,2596,0.027807234594085073,0.99768875192604
M2@0.3 & R4@0.3 & R5@0.3 & S5@0.3 & S5@0.5,5,MRS,2583,0.02766798418972332,0.9949670925280681
M1@0.3 & M1@0.5 & M1@0.7 & R1@0.3 & R1@0.5,5,MR,2576,0.0275930032027593,0.9941770186335404
F2@0.3,1,F,2573,0.027560868494060434,0.948309366498251
F1@0.3 & F1@0.5 & F1@0.7 & M2@0.3 & M2@0.5 & M3@0.3 & S5@0.3 & S5@0.5 & S5@0.7,9,FMS,2570,0.02752873378536157,0.9980544747081712
M3@0.3 & M3@0.5 & R3@0.3 & R3@0.5 & R3@0.7,5,MR,2569,0.02751802221579528,0.9902685869988322
M2@0.3 & R4@0.3 & R5@0.3 & S5@0.3 & S5@0.5 & S5@0.7,6,MRS,2569,0.02751802221579528,0.9953289217594394
F1@0.3 & F1@0.5 & F1@0.7 & M1@0.3 & M1@0.5 & M1@0.7 & R1@0.3 & R1@0.5,8,FMR,2566,0.027485887507096414,0.9961028838659393
F1@0.3 & F1@0.5 & F1@0.7 & R1@0.3 & R2@0.3 & S5@0.3 & S5@0.5 & S5@0.7,8,FRS,2566,0.027485887507096414,0.9961028838659393
F2@0.3 & F2@0.5,2,F,2565,0.027475175937530127,0.9497076023391813
F1@0.3 & F1@0.5 & F1@0.7 & M3@0.3 & M3@0.5 & R4@0.3 & R4@0.5 & S5@0.3 & S5@0.5 & S5@0.7,10,FMRS,2553,0.027346637102734665,0.9988249118683902
M5@0.3 & R4@0.3,2,MR,2550,0.027314502394035798,0.9749019607843137
M1@0.3 & R5@0.3 & S4@0.3 & S4@0.5,4,MRS,2549,0.027303790824469508,0.9945076500588466
M5@0.3 & M5@0.5 & M5@0.7 & S5@0.3,4,MS,2548,0.02729307925490322,0.9917582417582418
F2@0.3 & F2@0.5 & F2@0.7,3,F,2546,0.027271656115770645,0.9524744697564808
M5@0.3 & M5@0.5 & M5@0.7 & S5@0.3 & S5@0.5,5,MS,2543,0.027239521407071778,0.9917420369642155
F1@0.3 & F1@0.5 & F1@0.7 & M4@0.3 & M4@0.5 & R4@0.3 & R4@0.5,7,FMR,2542,0.027228809837505488,0.996066089693155
F1@0.3 & F1@0.5 & F1@0.7 & M4@0.3 & R4@0.3 & S5@0.3 & S5@0.5 & S5@0.7,8,FMRS,2536,0.02716454042010776,0.9964511041009464
M2@0.3 & M3@0.3 & R3@0.3,3,MR,2535,0.02715382885054147,0.9790927021696253
R3@0.3 & S3@0.3,2,RS,2534,0.027143117280975182,0.9818468823993686
M2@0.3 & R4@0.3 & S4@0.3,3,MRS,2531,0.027110982572276315,0.9881469774792572
M2@0.3 & R4@0.3 & S4@0.3 & S4@0.5,4,MRS,2530,0.02710027100271003,0.9885375494071146
F1@0.3 & F1@0.5 & F1@0.7 & M2@0.3 & R4@0.3 & R5@0.3 & S5@0.3 & S5@0.5 & S5@0.7,9,FMRS,2530,0.02710027100271003,0.9976284584980237
R3@0.3 & S3@0.3 & S3@0.5,3,RS,2528,0.02707884786357745,0.9833860759493671
M1@0.3 & R5@0.3 & S4@0.3 & S4@0.5 & S4@0.7,5,MRS,2528,0.02707884786357745,0.997626582278481
M1@0.3 & M1@0.5 & M1@0.7 & R2@0.3 & R2@0.5 & R2@0.7,6,MR,2528,0.02707884786357745,0.9968354430379747
F1@0.3 & F1@0.5 & F1@0.7 & M4@0.3 & M4@0.5 & R5@0.3 & R5@0.5,7,FMR,2525,0.027046713154878586,0.996039603960396
F1@0.3 & F1@0.5 & F1@0.7 & M1@0.3 & R5@0.3 & S4@0.3 & S4@0.5,7,FMRS,2519,0.026982443737480852,0.9980150853513299
F1@0.3 & F1@0.5 & F1@0.7 & M1@0.3 & M1@0.5 & M1@0.7 & R2@0.3 & R2@0.5 & R2@0.7,9,FMR,2519,0.026982443737480852,0.9980150853513299
F1@0.3 & F1@0.5 & F1@0.7 & M1@0.3 & R5@0.3 & S4@0.3 & S4@0.5 & S4@0.7,8,FMRS,2518,0.026971732167914566,0.9984114376489277
M3@0.3 & M3@0.5 & R2@0.3 & R2@0.5,4,MR,2511,0.026896751180950546,0.9836718438868977
R1@0.3 & R2@0.3 & R2@0.5,3,R,2508,0.02686461647225168,0.9812599681020734
M1@0.3 & M1@0.5 & R4@0.3 & R5@0.3 & S5@0.3 & S5@0.5,6,MRS,2505,0.026832481763552813,0.9984031936127744
M1@0.3 & M1@0.5 & R4@0.3 & R5@0.3 & S5@0.3 & S5@0.5 & S5@0.7,7,MRS,2502,0.026800347054853946,0.9984012789768185
M1@0.3 & M2@0.3 & S4@0.3 & S4@0.5,4,MS,2495,0.026725366067889927,0.9867735470941884
F1@0.3 & F1@0.5 & F1@0.7 & M1@0.3 & M1@0.5 & R4@0.3 & R5@0.3 & S5@0.3 & S5@0.5,9,FMRS,2494,0.02671465449832364,0.9991980753809142
M5@0.3 & M5@0.5 & M5@0.7 & S5@0.3 & S5@0.5 & S5@0.7,6,MS,2493,0.02670394292875735,0.9919775371038909
F1@0.3 & F1@0.5 & F1@0.7 & M1@0.3 & M1@0.5 & R4@0.3 & R5@0.3 & S5@0.3 & S5@0.5 & S5@0.7,10,FMRS,2493,0.02670394292875735,0.9991977537103891
M3@0.3 & S1@0.3,2,MS,2488,0.026650385080925907,0.9879421221864951
M3@0.3 & S1@0.3 & S1@0.5,3,MS,2487,0.02663967351135962,0.9883393646964214
M2@0.3 & R4@0.3 & S4@0.3 & S4@0.5 & S4@0.7,5,MRS,2484,0.026607538802660754,0.9935587761674718
M1@0.3 & M1@0.5 & R4@0.3 & S4@0.3 & S4@0.5,5,MRS,2483,0.026596827233094464,0.9959726137736609
F1@0.3 & F1@0.5 & F1@0.7 & M4@0.3 & S4@0.3 & S4@0.5 & S4@0.7,7,FMS,2483,0.026596827233094464,0.9939589206604913
M3@0.3 & S1@0.3 & S1@0.5 & S1@0.7,4,MS,2482,0.026586115663528177,0.9887187751813054
M1@0.3 & M1@0.5 & R4@0.3 & S4@0.3 & S4@0.5 & S4@0.7,6,MRS,2470,0.026457576828732714,0.9979757085020243
F1@0.3 & F1@0.5 & F1@0.7 & M1@0.3 & M1@0.5 & R4@0.3 & S4@0.3 & S4@0.5,8,FMRS,2466,0.02641473055046756,0.9979724249797243
M1@0.3 & M2@0.3 & S4@0.3 & S4@0.5 & S4@0.7,5,MS,2465,0.02640401898090127,0.9922920892494929
F1@0.3 & F1@0.5 & F1@0.7 & M1@0.3 & M1@0.5 & R4@0.3 & S4@0.3 & S4@0.5 & S4@0.7,9,FMRS,2464,0.02639330741133498,0.9987824675324676
M1@0.3 & R4@0.3 & R5@0.3 & R5@0.5,4,MR,2461,0.026361172702636118,0.9939049167005283
F1@0.3 & F1@0.5 & F1@0.7 & M2@0.3 & M3@0.3 & R3@0.3,6,FMR,2461,0.026361172702636118,0.9878098334010564
F1@0.3 & F1@0.5 & F1@0.7 & M3@0.3 & M3@0.5 & R3@0.3 & R3@0.5 & R3@0.7,8,FMR,2461,0.026361172702636118,0.9939049167005283
M1@0.3 & M1@0.5 & M1@0.7 & S3@0.3 & S3@0.5,5,MS,2455,0.026296903285238385,0.9942973523421589
R3@0.3 & S3@0.3 & S3@0.5 & S3@0.7,4,RS,2449,0.026232633867840655,0.9885667619436505
F1@0.3 & F1@0.5 & F1@0.7 & M3@0.3 & S1@0.3 & S1@0.5 & S1@0.7,7,FMS,2449,0.026232633867840655,0.9934667211106574
F1@0.3 & F1@0.5 & F1@0.7 & M2@0.3 & R4@0.3 & S4@0.3 & S4@0.5,7,FMRS,2448,0.026221922298274365,0.9955065359477124
F1@0.3 & F1@0.5 & F1@0.7 & M2@0.3 & R4@0.3 & S4@0.3 & S4@0.5 & S4@0.7,8,FMRS,2446,0.02620049915914179,0.9963205233033524
F1@0.3 & F1@0.5 & F1@0.7 & M1@0.3 & R4@0.3 & R5@0.3 & R5@0.5,7,FMR,2445,0.026189787589575502,0.9959100204498977
M1@0.3 & M1@0.5 & M1@0.7 & R3@0.3 & R4@0.3,5,MR,2444,0.026179076020009212,0.9954991816693944
F1@0.3 & F1@0.5 & F1@0.7 & R1@0.3 & R2@0.3 & R2@0.5,6,FR,2444,0.026179076020009212,0.9897708674304418
M1@0.3 & M1@0.5 & M1@0.7 & S3@0.3 & S3@0.5 & S3@0.7,6,MS,2443,0.026168364450442922,0.997134670487106
F1@0.3 & F1@0.5 & F1@0.7 & M1@0.3 & M1@0.5 & M1@0.7 & R3@0.3 & R4@0.3,8,FMR,2442,0.026157652880876636,0.9959049959049959
F1@0.3 & F1@0.5 & F1@0.7 & M1@0.3 & M1@0.5 & M1@0.7 & S3@0.3 & S3@0.5,8,FMS,2442,0.026157652880876636,0.9971334971334971
F1@0.3 & F1@0.5 & F1@0.7 & M1@0.3 & M2@0.3 & S4@0.3 & S4@0.5,7,FMS,2441,0.026146941311310345,0.9954936501433839
F1@0.3 & F1@0.5 & F1@0.7 & M1@0.3 & M2@0.3 & S4@0.3 & S4@0.5 & S4@0.7,8,FMS,2440,0.02613622974174406,0.9959016393442623
F1@0.3 & F1@0.5 & F1@0.7 & M1@0.3 & M1@0.5 & M1@0.7 & S3@0.3 & S3@0.5 & S3@0.7,9,FMS,2439,0.02612551817217777,0.997949979499795
M1@0.3 & M1@0.5 & M1@0.7 & R3@0.3 & R3@0.5 & R3@0.7 & S5@0.3 & S5@0.5,8,MRS,2436,0.026093383463478902,0.9991789819376026
M1@0.3 & M1@0.5 & M1@0.7 & R3@0.3 & R3@0.5 & R3@0.7 & S5@0.3 & S5@0.5 & S5@0.7,9,MRS,2434,0.026071960324346326,0.9991783073130649
M3@0.3 & R1@0.3,2,MR,2432,0.02605053718521375,0.9769736842105263
M4@0.3 & R3@0.3 & S5@0.3,3,MRS,2431,0.02603982561564746,0.9893048128342246
M4@0.3 & R3@0.3 & S5@0.3 & S5@0.5,4,MRS,2430,0.026029114046081173,0.9897119341563786
F1@0.3 & F1@0.5 & F1@0.7 & M4@0.3 & M5@0.3,5,FM,2430,0.026029114046081173,0.980246913580247
F1@0.3 & F1@0.5 & F1@0.7 & M1@0.3 & M1@0.5 & M1@0.7 & R3@0.3 & R3@0.5 & R3@0.7 & S5@0.3 & S5@0.5,11,FMRS,2430,0.026029114046081173,0.9995884773662551
F1@0.3 & F1@0.5 & F1@0.7 & M1@0.3 & M1@0.5 & M1@0.7 & R3@0.3 & R3@0.5 & R3@0.7 & S5@0.3 & S5@0.5 & S5@0.7,12,FMRS,2429,0.026018402476514883,0.9995883079456567
M5@0.3 & R5@0.3,2,MR,2427,0.025996979337382306,0.9793984342810054
M1@0.3 & M1@0.5 & R1@0.3 & S5@0.3 & S5@0.5,5,MRS,2421,0.025932709919984576,0.9975216852540273
M1@0.3 & M1@0.5 & R1@0.3 & S5@0.3 & S5@0.5 & S5@0.7,6,MRS,2419,0.025911286780852,0.9975196362133113
M1@0.3 & M2@0.3 & R5@0.3 & R5@0.5 & R5@0.7,5,MR,2412,0.02583630579388798,0.9929519071310116
F1@0.3 & F1@0.5 & F1@0.7 & M1@0.3 & M1@0.5 & R1@0.3 & S5@0.3 & S5@0.5 & S5@0.7,9,FMRS,2405,0.025761324806923957,0.9991683991683992
M4@0.3 & M4@0.5 & M4@0.7 & R4@0.3,4,MR,2396,0.02566492068082736,0.9853923205342237
M4@0.3 & M4@0.5 & R3@0.3 & R3@0.5,4,MR,2395,0.025654209111261074,0.9837160751565762
F1@0.3 & F1@0.5 & F1@0.7 & M3@0.3 & M3@0.5 & R2@0.3 & R2@0.5,7,FMR,2395,0.025654209111261074,0.9891440501043841
M4@0.3 & R3@0.3 & S5@0.3 & S5@0.5 & S5@0.7,5,MRS,2393,0.025632785972128497,0.9895528625156707
M1@0.3 & M1@0.5 & R1@0.3 & R1@0.5 & R1@0.7,5,MR,2391,0.025611362832995917,0.9953994144709326
M4@0.3 & R5@0.3 & R5@0.5 & S5@0.3,4,MRS,2390,0.02560065126342963,0.9953974895397489
F1@0.3 & F1@0.5 & F1@0.7 & M1@0.3 & M2@0.3 & R5@0.3 & R5@0.5 & R5@0.7,8,FMR,2388,0.025579228124297054,0.9958123953098827
M4@0.3 & R5@0.3 & R5@0.5 & S5@0.3 & S5@0.5,5,MRS,2385,0.025547093415598188,0.9953878406708595
F1@0.3 & F1@0.5 & F1@0.7 & M1@0.3 & M1@0.5 & R1@0.3 & R1@0.5 & R1@0.7,8,FMR,2373,0.025418554580802725,0.9978929624947324
F1@0.3 & F1@0.5 & F1@0.7 & R3@0.3 & S3@0.3 & S3@0.5,6,FRS,2372,0.025407843011236435,0.9924114671163575
M3@0.3 & M3@0.5 & R5@0.3 & R5@0.5 & R5@0.7 & S5@0.3,6,MRS,2369,0.02537570830253757,0.9970451667370198
M3@0.3 & M3@0.5 & R5@0.3 & R5@0.5 & R5@0.7 & S5@0.3 & S5@0.5,7,MRS,2368,0.02536499673297128,0.997043918918919
F1@0.3 & F1@0.5 & F1@0.7 & R3@0.3 & S3@0.3 & S3@0.5 & S3@0.7,7,FRS,2366,0.025343573593838705,0.9936601859678783
M2@0.3 & M2@0.5 & S1@0.3 & S1@0.5,4,MS,2359,0.025268592606874685,0.9936413734633319
M2@0.3 & M2@0.5 & S1@0.3 & S1@0.5 & S1@0.7,5,MS,2358,0.025257881037308395,0.9936386768447837
F1@0.3 & F1@0.5 & F1@0.7 & M3@0.3 & R1@0.3,5,FMR,2355,0.025225746328609532,0.9872611464968153
R4@0.3 & R4@0.5 & R4@0.7 & S1@0.3,4,RS,2352,0.025193611619910666,0.9944727891156463
R4@0.3 & R4@0.5 & R4@0.7 & S1@0.3 & S1@0.5,5,RS,2351,0.025182900050344376,0.994470438111442
R4@0.3 & R4@0.5 & R4@0.7 & S1@0.3 & S1@0.5 & S1@0.7,6,RS,2346,0.025129342202512936,0.994458653026428
M3@0.3 & M3@0.5 & R5@0.3 & R5@0.5 & R5@0.7 & S5@0.3 & S5@0.5 & S5@0.7,8,MRS,2346,0.025129342202512936,0.9970161977834612
M4@0.3 & R5@0.3 & R5@0.5 & S5@0.3 & S5@0.5 & S5@0.7,6,MRS,2345,0.025118630632946646,0.9953091684434968
F1@0.3 & F1@0.5 & F1@0.7 & M2@0.3 & M2@0.5 & S1@0.3 & S1@0.5 & S1@0.7,8,FMS,2339,0.025054361215548913,0.9957246686618213
M3@0.3 & M3@0.5 & M3@0.7 & R3@0.3 & R3@0.5,5,MR,2334,0.025000803367717473,0.9922879177377892
M3@0.3 & M3@0.5 & M3@0.7 & R4@0.3 & S5@0.3,5,MRS,2334,0.025000803367717473,0.9965724078834619
M2@0.3 & R1@0.3 & S5@0.3 & S5@0.5,4,MRS,2333,0.024990091798151183,0.9931418774110587
M3@0.3 & M3@0.5 & M3@0.7 & R4@0.3 & S5@0.3 & S5@0.5,6,MRS,2332,0.024979380228584893,0.9965694682675815
R4@0.3 & R4@0.5 & S3@0.3,3,RS,2331,0.024968668659018606,0.9897039897039897
M1@0.3 & R2@0.3 & R2@0.5 & R2@0.7 & S5@0.3 & S5@0.5,6,MRS,2328,0.02493653395031974,0.9982817869415808
M2@0.3 & R1@0.3 & S5@0.3 & S5@0.5 & S5@0.7,5,MRS,2327,0.024925822380753453,0.9931241942415127
M1@0.3 & R2@0.3 & R2@0.5 & R2@0.7 & S5@0.3 & S5@0.5 & S5@0.7,7,MRS,2326,0.024915110811187163,0.998280309544282
M4@0.3 & R4@0.3 & R4@0.5 & R4@0.7,4,MR,2324,0.024893687672054587,0.9823580034423408
R4@0.3 & R4@0.5 & S3@0.3 & S3@0.5,4,RS,2324,0.024893687672054587,0.9909638554216867
M2@0.3 & R5@0.3 & S4@0.3,3,MRS,2321,0.02486155296335572,0.989659629470056
M2@0.3 & R5@0.3 & S4@0.3 & S4@0.5,4,MRS,2319,0.024840129824223144,0.9905131522207848
F1@0.3 & F1@0.5 & F1@0.7 & M1@0.3 & R2@0.3 & R2@0.5 & R2@0.7 & S5@0.3 & S5@0.5 & S5@0.7,10,FMRS,2317,0.024818706685090567,0.9991368148467846
F1@0.3 & F1@0.5 & F1@0.7 & M5@0.3 & M5@0.5 & M5@0.7 & S5@0.3 & S5@0.5,8,FMS,2313,0.02477586040682541,0.9974059662775616
F1@0.3 & F1@0.5 & F1@0.7 & R4@0.3 & R4@0.5 & R4@0.7 & S1@0.3 & S1@0.5 & S1@0.7,9,FRS,2313,0.02477586040682541,0.9974059662775616
M2@0.3 & M3@0.3 & R5@0.3 & R5@0.5,4,MR,2312,0.024765148837259124,0.990916955017301
F1@0.3 & F1@0.5 & F1@0.7 & M5@0.3 & M5@0.5 & M5@0.7 & S5@0.3 & S5@0.5 & S5@0.7,9,FMS,2312,0.024765148837259124,0.9974048442906575
M3@0.3 & M3@0.5 & M3@0.7 & R4@0.3 & S5@0.3 & S5@0.5 & S5@0.7,7,MRS,2310,0.024743725698126547,0.9965367965367965
R5@0.3 & S1@0.3,2,RS,2307,0.02471159098942768,0.9917641959254443
R5@0.3 & S1@0.3 & S1@0.5,3,RS,2306,0.02470087941986139,0.9917606244579358
M2@0.3 & M2@0.5 & R2@0.3 & R2@0.5 & S5@0.3 & S5@0.5,6,MRS,2304,0.024679456280728814,0.9978298611111112
M2@0.3 & M2@0.5 & M2@0.7 & R2@0.3 & R2@0.5,5,MR,2302,0.024658033141596238,0.9921807124239791
M1@0.3 & M2@0.3 & R3@0.3 & S5@0.3 & S5@0.5,5,MRS,2299,0.02462589843289737,0.9952153110047847
M2@0.3 & M2@0.5 & M2@0.7 & R4@0.3 & R4@0.5 & R4@0.7,6,MR,2299,0.02462589843289737,0.994780339277947
M2@0.3 & M2@0.5 & R2@0.3 & R2@0.5 & S5@0.3 & S5@0.5 & S5@0.7,7,MRS,2299,0.02462589843289737,0.9978251413658112
R5@0.3 & S1@0.3 & S1@0.5 & S1@0.7,4,RS,2298,0.024615186863331084,0.9917319408181027
F1@0.3 & F1@0.5 & F1@0.7 & M2@0.3 & R1@0.3 & S5@0.3 & S5@0.5 & S5@0.7,8,FMRS,2297,0.024604475293764794,0.9973878972572922
M1@0.3 & M2@0.3 & R5@0.3 & S5@0.3 & S5@0.5,5,MRS,2294,0.02457234058506593,0.9960767218831735
R5@0.3 & S3@0.3,2,RS,2293,0.02456162901549964,0.98430004361099
M1@0.3 & M2@0.3 & R4@0.3 & S5@0.3 & S5@0.5,5,MRS,2293,0.02456162901549964,0.9947666812036633
M1@0.3 & M2@0.3 & R3@0.3 & S5@0.3 & S5@0.5 & S5@0.7,6,MRS,2291,0.024540205876367065,0.9956350938454823
R5@0.3 & S3@0.3 & S3@0.5,3,RS,2289,0.024518782737234488,0.9847094801223242
M1@0.3 & M2@0.3 & R5@0.3 & S5@0.3 & S5@0.5 & S5@0.7,6,MRS,2288,0.024508071167668198,0.9960664335664335
F1@0.3 & F1@0.5 & F1@0.7 & M5@0.3 & R4@0.3,5,FMR,2286,0.02448664802853562,0.9886264216972879
F1@0.3 & F1@0.5 & F1@0.7 & R5@0.3 & S1@0.3 & S1@0.5,6,FRS,2284,0.024465224889403045,0.9956217162872154
M1@0.3 & M2@0.3 & R4@0.3 & S5@0.3 & S5@0.5 & S5@0.7,6,MRS,2283,0.024454513319836755,0.9951817783618047
F1@0.3 & F1@0.5 & F1@0.7 & R5@0.3 & S1@0.3 & S1@0.5 & S1@0.7,7,FRS,2283,0.024454513319836755,0.9956197985107315
M3@0.3 & M3@0.5 & M3@0.7 & R5@0.3 & R5@0.5 & R5@0.7,6,MR,2277,0.024390243902439025,0.9951690821256038
M3@0.3 & M3@0.5 & M3@0.7 & R5@0.3 & S5@0.3,5,MRS,2276,0.024379532332872735,0.9973637961335676
M3@0.3 & M3@0.5 & M3@0.7 & R5@0.3 & S5@0.3 & S5@0.5,6,MRS,2275,0.02436882076330645,0.9973626373626374
F1@0.3 & F1@0.5 & F1@0.7 & M1@0.3 & M2@0.3 & R3@0.3 & S5@0.3 & S5@0.5 & S5@0.7,9,FMRS,2272,0.024336686054607582,0.9973591549295775
M2@0.3 & R5@0.3 & S4@0.3 & S4@0.5 & S4@0.7,5,MRS,2268,0.02429383977634243,0.9947089947089947
F1@0.3 & F1@0.5 & F1@0.7 & M1@0.3 & M2@0.3 & R5@0.3 & S5@0.3 & S5@0.5 & S5@0.7,9,FMRS,2267,0.02428312820677614,0.9982355535950596
M2@0.3 & R3@0.3 & S4@0.3,3,MRS,2265,0.024261705067643562,0.9876379690949227
M2@0.3 & R3@0.3 & S4@0.3 & S4@0.5,4,MRS,2264,0.024250993498077272,0.9876325088339223
R4@0.3 & R5@0.3 & S4@0.3,3,RS,2261,0.02421885878937841,0.978328173374613
F1@0.3 & F1@0.5 & F1@0.7 & M1@0.3 & M2@0.3 & R4@0.3 & S5@0.3 & S5@0.5,8,FMRS,2261,0.02421885878937841,0.9973463069438302
R4@0.3 & R5@0.3 & S4@0.3 & S4@0.5,4,RS,2260,0.02420814721981212,0.9787610619469027
F1@0.3 & F1@0.5 & F1@0.7 & M1@0.3 & M2@0.3 & R4@0.3 & S5@0.3 & S5@0.5 & S5@0.7,9,FMRS,2260,0.02420814721981212,0.9973451327433628
F1@0.3 & F1@0.5 & F1@0.7 & M2@0.3 & M2@0.5 & R2@0.3 & R2@0.5 & S5@0.3 & S5@0.5 & S5@0.7,10,FMRS,2260,0.02420814721981212,0.9986725663716814
M1@0.3 & M1@0.5 & R3@0.3 & S4@0.3 & S4@0.5,5,MRS,2258,0.024186724080679543,0.996014171833481
M2@0.3 & M3@0.3 & M3@0.5 & S5@0.3 & S5@0.5,5,MS,2257,0.024176012511113253,0.9898094816127603
F1@0.3 & F1@0.5 & F1@0.7 & M2@0.3 & M2@0.5 & M2@0.7 & R2@0.3 & R2@0.5,8,FMR,2255,0.024154589371980676,0.9955654101995566
F1@0.3 & F1@0.5 & F1@0.7 & M2@0.3 & M2@0.5 & M2@0.7 & R4@0.3 & R4@0.5 & R4@0.7,9,FMR,2254,0.02414387780241439,0.9977817213842058
M2@0.3 & R4@0.3 & R5@0.3 & R5@0.5,4,MR,2251,0.024111743093715523,0.9893380719680143
M3@0.3 & M3@0.5 & M3@0.7 & R5@0.3 & S5@0.3 & S5@0.5 & S5@0.7,7,MRS,2249,0.024090319954582946,0.997332147621165
F1@0.3 & F1@0.5 & F1@0.7 & M3@0.3 & M3@0.5 & R5@0.3 & R5@0.5 & R5@0.7 & S5@0.3 & S5@0.5 & S5@0.7,11,FMRS,2249,0.024090319954582946,0.9986660738105825
M1@0.3 & M1@0.5 & R3@0.3 & S4@0.3 & S4@0.5 & S4@0.7,6,MRS,2246,0.02405818524588408,0.9977738201246661
M2@0.3 & M3@0.3 & M3@0.5 & S5@0.3 & S5@0.5 & S5@0.7,6,MS,2245,0.02404747367631779,0.9902004454342984
F1@0.3 & F1@0.5 & F1@0.7 & M1@0.3 & M1@0.5 & R3@0.3 & S4@0.3 & S4@0.5,8,FMRS,2242,0.024015338967618927,0.9982158786797503
R2@0.3 & R3@0.3 & R3@0.5 & S5@0.3,4,RS,2241,0.024004627398052637,0.9933065595716198
R4@0.3 & R4@0.5 & S3@0.3 & S3@0.5 & S3@0.7,5,RS,2241,0.024004627398052637,0.9933065595716198
F1@0.3 & F1@0.5 & F1@0.7 & M1@0.3 & M1@0.5 & R3@0.3 & S4@0.3 & S4@0.5 & S4@0.7,9,FMRS,2240,0.023993915828486347,0.9986607142857142
R2@0.3 & R3@0.3 & R3@0.5 & S5@0.3 & S5@0.5,5,RS,2239,0.02398320425892006,0.9937472085752568
F1@0.3 & F1@0.5 & F1@0.7 & M3@0.3 & M3@0.5 & M3@0.7 & R3@0.3 & R3@0.5,8,FMR,2239,0.02398320425892006,0.9955337204108977
M1@0.3 & M1@0.5 & M1@0.7 & S1@0.3 & S1@0.5,5,MS,2237,0.023961781119787483,0.9964237818506929
M2@0.3 & R1@0.3 & R1@0.5 & R1@0.7,4,MR,2235,0.023940357980654907,0.9870246085011186
M1@0.3 & M1@0.5 & M1@0.7 & S1@0.3 & S1@0.5 & S1@0.7,6,MS,2235,0.023940357980654907,0.9968680089485459
F1@0.3 & F1@0.5 & F1@0.7 & M1@0.3 & M1@0.5 & M1@0.7 & S1@0.3 & S1@0.5,8,FMS,2234,0.023929646411088617,0.9977618621307073
F1@0.3 & F1@0.5 & F1@0.7 & M1@0.3 & M1@0.5 & M1@0.7 & S1@0.3 & S1@0.5 & S1@0.7,9,FMS,2233,0.023918934841522327,0.9977608598298253
M2@0.3 & M2@0.5 & M2@0.7 & R3@0.3 & R3@0.5 & R3@0.7,6,MR,2230,0.023886800132823464,0.9955156950672646
F1@0.3 & F1@0.5 & F1@0.7 & M2@0.3 & R5@0.3 & S4@0.3 & S4@0.5 & S4@0.7,8,FMRS,2230,0.023886800132823464,0.9973094170403587
F1@0.3 & F1@0.5 & F1@0.7 & M2@0.3 & M3@0.3 & R5@0.3 & R5@0.5,7,FMR,2229,0.023876088563257174,0.9955136832660386
M2@0.3 & M2@0.5 & M2@0.7 & R4@0.3 & R4@0.5 & S5@0.3 & S5@0.5,7,MRS,2225,0.02383324228499202,0.9986516853932584
M2@0.3 & R3@0.3 & S4@0.3 & S4@0.5 & S4@0.7,5,MRS,2223,0.023811819145859444,0.9937022042285201
F1@0.3 & F1@0.5 & F1@0.7 & M4@0.3 & R3@0.3 & S5@0.3 & S5@0.5 & S5@0.7,8,FMRS,2222,0.023801107576293154,0.995949594959496
R2@0.3 & R3@0.3 & R3@0.5 & S5@0.3 & S5@0.5 & S5@0.7,6,RS,2221,0.023790396006726864,0.9941467807294012
M2@0.3 & M2@0.5 & M2@0.7 & R4@0.3 & R4@0.5 & S5@0.3 & S5@0.5 & S5@0.7,8,MRS,2218,0.023758261298028,0.9990982867448152
M2@0.3 & M3@0.3 & R4@0.3 & R4@0.5,4,MR,2214,0.023715415019762844,0.9896115627822945
M4@0.3 & R3@0.3 & R3@0.5 & R3@0.7,4,MR,2214,0.023715415019762844,0.983739837398374
M1@0.3 & R4@0.3 & R4@0.5 & S4@0.3 & S4@0.5,5,MRS,2209,0.023661857171931405,0.9959257582616569
F1@0.3 & F1@0.5 & F1@0.7 & M3@0.3 & M3@0.5 & M3@0.7 & R4@0.3 & S5@0.3 & S5@0.5 & S5@0.7,10,FMRS,2209,0.023661857171931405,0.9986419194205522
F1@0.3 & F1@0.5 & F1@0.7 & M2@0.3 & R4@0.3 & R5@0.3 & R5@0.5,7,FMR,2208,0.023651145602365115,0.9932065217391305
F1@0.3 & F1@0.5 & F1@0.7 & M4@0.3 & M4@0.5 & R3@0.3 & R3@0.5,7,FMR,2208,0.023651145602365115,0.9923007246376812
M2@0.3 & M2@0.5 & R2@0.3 & R2@0.5 & R2@0.7,5,MR,2201,0.023576164615401095,0.9940935938209905
R5@0.3 & S3@0.3 & S3@0.5 & S3@0.7,4,RS,2200,0.023565453045834805,0.9895454545454545
F1@0.3 & F1@0.5 & F1@0.7 & M2@0.3 & R1@0.3 & R1@0.5 & R1@0.7,7,FMR,2198,0.023544029906702228,0.9931756141947224
F1@0.3 & F1@0.5 & F1@0.7 & M2@0.3 & R3@0.3 & S4@0.3 & S4@0.5,7,FMRS,2197,0.02353331833713594,0.9954483386436049
F1@0.3 & F1@0.5 & F1@0.7 & M2@0.3 & R3@0.3 & S4@0.3 & S4@0.5 & S4@0.7,8,FMRS,2196,0.02352260676756965,0.9959016393442623
M1@0.3 & R4@0.3 & R4@0.5 & S4@0.3 & S4@0.5 & S4@0.7,6,MRS,2193,0.023490472058870785,0.9981760145918832
F1@0.3 & F1@0.5 & F1@0.7 & M1@0.3 & R4@0.3 & R4@0.5 & S4@0.3 & S4@0.5,8,FMRS,2190,0.023458337350171922,0.9986301369863013
F1@0.3 & F1@0.5 & F1@0.7 & M1@0.3 & R4@0.3 & R4@0.5 & S4@0.3 & S4@0.5 & S4@0.7,9,FMRS,2189,0.023447625780605632,0.9990863407948835
R4@0.3 & R5@0.3 & S4@0.3 & S4@0.5 & S4@0.7,5,RS,2184,0.02339406793277419,0.9880952380952381
F1@0.3 & F1@0.5 & F1@0.7 & M3@0.3 & M3@0.5 & M3@0.7 & R5@0.3 & R5@0.5 & R5@0.7,9,FMR,2182,0.023372644793641612,0.9977085242896425
M2@0.3 & M2@0.5 & R3@0.3 & R4@0.3,4,MR,2180,0.023351221654509036,0.9899082568807339
M1@0.3 & R3@0.3 & R4@0.3 & R4@0.5,4,MR,2179,0.023340510084942746,0.9940339605323543
F1@0.3 & F1@0.5 & F1@0.7 & M2@0.3 & M3@0.3 & M3@0.5 & S5@0.3 & S5@0.5 & S5@0.7,9,FMS,2177,0.02331908694581017,0.9954065227377125
F1@0.3 & F1@0.5 & F1@0.7 & M2@0.3 & M2@0.5 & M2@0.7 & R4@0.3 & R4@0.5 & S5@0.3 & S5@0.5 & S5@0.7,11,FMRS,2177,0.02331908694581017,0.9995406522737712
M5@0.3 & R3@0.3,2,MR,2173,0.023276240667545016,0.9733087896916705
M4@0.3 & M4@0.5 & R5@0.3 & R5@0.5 & R5@0.7,5,MR,2173,0.023276240667545016,0.9875747814081914
F1@0.3 & F1@0.5 & F1@0.7 & M1@0.3 & R3@0.3 & R4@0.3 & R4@0.5,7,FMR,2171,0.02325481752841244,0.9953938277291571
F1@0.3 & F1@0.5 & F1@0.7 & R4@0.3 & R4@0.5 & S3@0.3 & S3@0.5,7,FRS,2171,0.02325481752841244,0.9972362966374942
F1@0.3 & F1@0.5 & F1@0.7 & R4@0.3 & R4@0.5 & S3@0.3 & S3@0.5 & S3@0.7,8,FRS,2168,0.023222682819713573,0.9976937269372693
F1@0.3 & F1@0.5 & F1@0.7 & M4@0.3 & M4@0.5 & M4@0.7 & R4@0.3,7,FMR,2166,0.023201259680580996,0.9930747922437673
F1@0.3 & F1@0.5 & F1@0.7 & M3@0.3 & M3@0.5 & M3@0.7 & R5@0.3 & S5@0.3 & S5@0.5 & S5@0.7,10,FMRS,2166,0.023201259680580996,0.9990766389658357
F1@0.3 & F1@0.5 & F1@0.7 & M2@0.3 & M2@0.5 & M2@0.7 & R3@0.3 & R3@0.5 & R3@0.7,9,FMR,2164,0.02317983654144842,0.9976894639556377
F1@0.3 & F1@0.5 & F1@0.7 & M5@0.3 & R5@0.3,5,FMR,2162,0.023158413402315843,0.9916743755781684
M4@0.3 & M4@0.5 & M4@0.7 & R5@0.3,4,MR,2160,0.023136990263183263,0.9879629629629629
F1@0.3 & F1@0.5 & F1@0.7 & M4@0.3 & R5@0.3 & R5@0.5 & S5@0.3 & S5@0.5 & S5@0.7,9,FMRS,2160,0.023136990263183263,0.9986111111111111
F1@0.3 & F1@0.5 & F1@0.7 & R2@0.3 & R3@0.3 & R3@0.5 & S5@0.3 & S5@0.5,8,FRS,2158,0.023115567124050686,0.9976830398517146
F1@0.3 & F1@0.5 & F1@0.7 & R2@0.3 & R3@0.3 & R3@0.5 & S5@0.3 & S5@0.5 & S5@0.7,9,FRS,2156,0.02309414398491811,0.9976808905380334
M1@0.3 & R4@0.3 & R4@0.5 & R5@0.3,4,MR,2154,0.023072720845785533,0.9921077065923862
F1@0.3 & F1@0.5 & F1@0.7 & M2@0.3 & M2@0.5 & R2@0.3 & R2@0.5 & R2@0.7,8,FMR,2154,0.023072720845785533,0.9967502321262767
M4@0.3 & M4@0.5 & R2@0.3,3,MR,2151,0.023040586137086667,0.9767549976754998
M3@0.3 & M3@0.5 & R3@0.3 & R3@0.5 & S5@0.3,5,MRS,2150,0.02302987456752038,0.9948837209302326
M3@0.3 & M3@0.5 & M3@0.7 & S4@0.3,4,MS,2149,0.02301916299795409,0.9883666821777571
M3@0.3 & M3@0.5 & R3@0.3 & R3@0.5 & S5@0.3 & S5@0.5,6,MRS,2149,0.02301916299795409,0.9948813401582132
R2@0.3 & R2@0.5 & R3@0.3 & S5@0.3,4,RS,2148,0.0230084514283878,0.9883612662942272
R2@0.3 & R2@0.5 & R3@0.3 & S5@0.3 & S5@0.5,5,RS,2147,0.022997739858821514,0.9888216115510013
M3@0.3 & M3@0.5 & R4@0.3 & R5@0.3,4,MR,2145,0.022976316719688937,0.9790209790209791
M1@0.3 & R1@0.3 & R1@0.5 & S5@0.3 & S5@0.5,5,MRS,2144,0.022965605150122647,0.9953358208955224
M3@0.3 & M3@0.5 & M3@0.7 & S4@0.3 & S4@0.5,5,MS,2144,0.022965605150122647,0.988339552238806
F1@0.3 & F1@0.5 & F1@0.7 & M2@0.3 & M3@0.3 & R4@0.3 & R4@0.5,7,FMR,2143,0.02295489358055636,0.9953336444237051
M3@0.3 & R2@0.3 & R2@0.5 & S5@0.3,4,MRS,2142,0.02294418201099007,0.9939309056956116
M1@0.3 & R1@0.3 & R1@0.5 & S5@0.3 & S5@0.5 & S5@0.7,6,MRS,2142,0.02294418201099007,0.9953314659197012
R1@0.3 & S4@0.3 & S4@0.5,3,RS,2141,0.02293347044142378,0.9836524988323213
M1@0.3 & M1@0.5 & M2@0.3 & R3@0.3,4,MR,2141,0.02293347044142378,0.9911256422232602
M3@0.3 & R2@0.3 & R2@0.5 & S5@0.3 & S5@0.5,5,MRS,2141,0.02293347044142378,0.9939280709948622
F1@0.3 & F1@0.5 & F1@0.7 & R4@0.3 & R5@0.3 & S4@0.3 & S4@0.5,7,FRS,2140,0.022922758871857494,0.9948598130841122
F1@0.3 & F1@0.5 & F1@0.7 & M1@0.3 & R4@0.3 & R4@0.5 & R5@0.3,7,FMR,2139,0.022912047302291204,0.9953249181860683
F1@0.3 & F1@0.5 & F1@0.7 & R4@0.3 & R5@0.3 & S4@0.3 & S4@0.5 & S4@0.7,8,FRS,2139,0.022912047302291204,0.9953249181860683
M1@0.3 & M1@0.5 & R5@0.3 & S4@0.3 & S4@0.5,5,MRS,2138,0.022901335732724917,0.9962581852198317
R2@0.3 & R2@0.5 & R3@0.3 & S5@0.3 & S5@0.5 & S5@0.7,6,RS,2138,0.022901335732724917,0.9887745556594949
F1@0.3 & F1@0.5 & F1@0.7 & M2@0.3 & M2@0.5 & R3@0.3 & R4@0.3,7,FMR,2137,0.022890624163158627,0.9934487599438465
M3@0.3 & M3@0.5 & R3@0.3 & R3@0.5 & S5@0.3 & S5@0.5 & S5@0.7,7,MRS,2136,0.02287991259359234,0.9948501872659176
M3@0.3 & M3@0.5 & R2@0.3 & S5@0.3,4,MRS,2129,0.022804931606628318,0.99154532644434
M3@0.3 & R2@0.3 & R2@0.5 & S5@0.3 & S5@0.5 & S5@0.7,6,MRS,2128,0.02279422003706203,0.993890977443609
M3@0.3 & M3@0.5 & R2@0.3 & S5@0.3 & S5@0.5,5,MRS,2127,0.02278350846749574,0.9915373765867419
F1@0.3 & F1@0.5 & F1@0.7 & M1@0.3 & R1@0.3 & R1@0.5 & S5@0.3 & S5@0.5 & S5@0.7,9,FMRS,2127,0.02278350846749574,0.998119417019276
M2@0.3 & M2@0.5 & S3@0.3,3,MS,2125,0.022762085328363164,0.9905882352941177
M2@0.3 & M2@0.5 & S3@0.3 & S3@0.5,4,MS,2124,0.022751373758796878,0.9910546139359698
F1@0.3 & F1@0.5 & F1@0.7 & M1@0.3 & M1@0.5 & M2@0.3 & R3@0.3,7,FMR,2122,0.022729950619664298,0.9934024505183789
R1@0.3 & S4@0.3 & S4@0.5 & S4@0.7,4,RS,2121,0.02271923905009801,0.9900990099009901
M1@0.3 & M1@0.5 & R5@0.3 & S4@0.3 & S4@0.5 & S4@0.7,6,MRS,2121,0.02271923905009801,0.9985855728429985
F1@0.3 & F1@0.5 & F1@0.7 & R5@0.3 & S3@0.3 & S3@0.5 & S3@0.7,7,FRS,2121,0.02271923905009801,0.9952852428099953
M1@0.3 & M1@0.5 & M1@0.7 & R4@0.3 & R5@0.3 & S5@0.3 & S5@0.5,7,MRS,2118,0.022687104341399145,0.9981114258734656
F1@0.3 & F1@0.5 & F1@0.7 & M1@0.3 & M1@0.5 & R5@0.3 & S4@0.3 & S4@0.5,8,FMRS,2116,0.022665681202266568,0.9985822306238186
M1@0.3 & M1@0.5 & M1@0.7 & R4@0.3 & R5@0.3 & S5@0.3 & S5@0.5 & S5@0.7,8,MRS,2116,0.022665681202266568,0.998109640831758
M3@0.3 & M3@0.5 & R2@0.3 & S5@0.3 & S5@0.5 & S5@0.7,6,MRS,2115,0.022654969632700278,0.9914893617021276
F1@0.3 & F1@0.5 & F1@0.7 & M1@0.3 & M1@0.5 & R5@0.3 & S4@0.3 & S4@0.5 & S4@0.7,9,FMRS,2115,0.022654969632700278,0.9990543735224586
F1@0.3 & F1@0.5 & F1@0.7 & M1@0.3 & M1@0.5 & M1@0.7 & R4@0.3 & R5@0.3 & S5@0.3 & S5@0.5,10,FMRS,2110,0.02260141178486884,0.9990521327014218
F1@0.3 & F1@0.5 & F1@0.7 & M1@0.3 & M1@0.5 & M1@0.7 & R4@0.3 & R5@0.3 & S5@0.3 & S5@0.5 & S5@0.7,11,FMRS,2109,0.02259070021530255,0.9990516832622096
R3@0.3 & R3@0.5 & S1@0.3 & S1@0.5,4,RS,2108,0.02257998864573626,0.9919354838709677
M4@0.3 & R2@0.3 & R2@0.5,3,MR,2107,0.022569277076169972,0.9738965353583294
R3@0.3 & R3@0.5 & S1@0.3 & S1@0.5 & S1@0.7,5,RS,2107,0.022569277076169972,0.9919316563834836
M1@0.3 & M1@0.5 & M1@0.7 & R4@0.3 & S4@0.3 & S4@0.5,6,MRS,2106,0.022558565506603682,0.99667616334283
M2@0.3 & M2@0.5 & R1@0.3 & R1@0.5,4,MR,2104,0.022537142367471105,0.9885931558935361
M2@0.3 & M2@0.5 & R3@0.3 & R3@0.5 & R3@0.7 & S5@0.3 & S5@0.5,7,MRS,2103,0.02252643079790482,0.9980979553019496
M1@0.3 & R3@0.3 & R4@0.3 & S5@0.3 & S5@0.5,5,MRS,2100,0.022494296089205952,0.9961904761904762
M1@0.3 & R5@0.3 & R5@0.5 & S4@0.3 & S4@0.5,5,MRS,2100,0.022494296089205952,0.9961904761904762
M1@0.3 & M1@0.5 & M1@0.7 & R4@0.3 & S4@0.3 & S4@0.5 & S4@0.7,7,MRS,2100,0.022494296089205952,0.9976190476190476
M4@0.3 & M4@0.5 & M4@0.7 & R3@0.3,4,MR,2099,0.022483584519639662,0.9833253930443068
M1@0.3 & M1@0.5 & R4@0.3 & R5@0.3 & R5@0.5,5,MR,2099,0.022483584519639662,0.9961886612672701
M1@0.3 & M2@0.3 & M2@0.5 & R4@0.3,4,MR,2098,0.022472872950073376,0.9847473784556721
M1@0.3 & R3@0.3 & R4@0.3 & S5@0.3 & S5@0.5 & S5@0.7,6,MRS,2098,0.022472872950073376,0.996186844613918
F1@0.3 & F1@0.5 & F1@0.7 & M4@0.3 & R4@0.3 & R4@0.5 & R4@0.7,7,FMR,2097,0.022462161380507085,0.9928469241773963
F1@0.3 & F1@0.5 & F1@0.7 & M1@0.3 & M1@0.5 & M1@0.7 & R4@0.3 & S4@0.3 & S4@0.5,9,FMRS,2097,0.022462161380507085,0.9980925131139723
M2@0.3 & M2@0.5 & R3@0.3 & R3@0.5 & R3@0.7 & S5@0.3 & S5@0.5 & S5@0.7,8,MRS,2096,0.022451449810940795,0.9980916030534351
F1@0.3 & F1@0.5 & F1@0.7 & M1@0.3 & M1@0.5 & M1@0.7 & R4@0.3 & S4@0.3 & S4@0.5 & S4@0.7,10,FMRS,2096,0.022451449810940795,0.9985687022900763
F1@0.3 & F1@0.5 & F1@0.7 & M1@0.3 & R3@0.3 & R4@0.3 & S5@0.3 & S5@0.5 & S5@0.7,9,FMRS,2091,0.022397891963109356,0.9980870396939263
F1@0.3 & F1@0.5 & F1@0.7 & M1@0.3 & M1@0.5 & R4@0.3 & R5@0.3 & R5@0.5,8,FMR,2089,0.022376468823976776,0.9976065102920058
F1@0.3 & F1@0.5 & F1@0.7 & R3@0.3 & R3@0.5 & S1@0.3 & S1@0.5 & S1@0.7,8,FRS,2088,0.02236575725441049,0.9952107279693486
M3@0.3 & R4@0.3 & R4@0.5 & R4@0.7 & S5@0.3,5,MRS,2085,0.022333622545711623,0.9961630695443645
M1@0.3 & R5@0.3 & R5@0.5 & S4@0.3 & S4@0.5 & S4@0.7,6,MRS,2085,0.022333622545711623,0.9980815347721822
M2@0.3 & M2@0.5 & S3@0.3 & S3@0.5 & S3@0.7,5,MS,2084,0.022322910976145336,0.9932821497120922
F1@0.3 & F1@0.5 & F1@0.7 & R1@0.3 & S4@0.3 & S4@0.5 & S4@0.7,7,FRS,2084,0.022322910976145336,0.9952015355086372
M3@0.3 & R4@0.3 & R4@0.5 & R4@0.7 & S5@0.3 & S5@0.5,6,MRS,2083,0.022312199406579046,0.9961593855016803
M2@0.3 & M2@0.5 & R4@0.3 & R4@0.5 & R4@0.7 & S5@0.3 & S5@0.5,7,MRS,2081,0.02229077626744647,0.9980778471888515
F1@0.3 & F1@0.5 & F1@0.7 & R2@0.3 & R2@0.5 & R3@0.3 & S5@0.3 & S5@0.5 & S5@0.7,9,FRS,2081,0.02229077626744647,0.9947140797693417
F1@0.3 & F1@0.5 & F1@0.7 & M1@0.3 & R5@0.3 & R5@0.5 & S4@0.3 & S4@0.5,8,FMRS,2076,0.022237218419615026,0.9985549132947977
M2@0.3 & M2@0.5 & R4@0.3 & R4@0.5 & R4@0.7 & S5@0.3 & S5@0.5 & S5@0.7,8,MRS,2076,0.022237218419615026,0.9980732177263969
F1@0.3 & F1@0.5 & F1@0.7 & M1@0.3 & R5@0.3 & R5@0.5 & S4@0.3 & S4@0.5 & S4@0.7,9,FMRS,2075,0.022226506850048736,0.9990361445783132
F1@0.3 & F1@0.5 & F1@0.7 & M2@0.3 & M2@0.5 & R1@0.3 & R1@0.5,7,FMR,2073,0.02220508371091616,0.9932465026531597
F1@0.3 & F1@0.5 & F1@0.7 & M1@0.3 & M2@0.3 & M2@0.5 & R4@0.3,7,FMR,2068,0.022151525863084717,0.988394584139265
M3@0.3 & R4@0.3 & R4@0.5 & R4@0.7 & S5@0.3 & S5@0.5 & S5@0.7,7,MRS,2067,0.02214081429351843,0.996129656507015
M3@0.3 & M3@0.5 & M3@0.7 & S4@0.3 & S4@0.5 & S4@0.7,6,MS,2065,0.022119391154385853,0.9941888619854722
M3@0.3 & M4@0.3 & M4@0.5,3,M,2063,0.022097968015253273,0.9767329132331556
M4@0.3 & M4@0.5 & R5@0.3 & S5@0.3,4,MRS,2061,0.022076544876120697,0.9932071809801067
M1@0.3 & M1@0.5 & M1@0.7 & R2@0.3 & R3@0.3,5,MR,2061,0.022076544876120697,0.9932071809801067
M1@0.3 & M2@0.3 & R2@0.3 & R2@0.5,4,MR,2060,0.02206583330655441,0.9864077669902913
F1@0.3 & F1@0.5 & F1@0.7 & M4@0.3 & R3@0.3 & R3@0.5 & R3@0.7,7,FMR,2060,0.02206583330655441,0.9927184466019418
M3@0.3 & R2@0.3 & R2@0.5 & R2@0.7,4,MR,2057,0.022033698597855544,0.986387943607195
F1@0.3 & F1@0.5 & F1@0.7 & M3@0.3 & M3@0.5 & R3@0.3 & R3@0.5 & S5@0.3 & S5@0.5 & S5@0.7,10,FMRS,2057,0.022033698597855544,0.9970831307729704
M4@0.3 & M4@0.5 & R5@0.3 & S5@0.3 & S5@0.5,5,MRS,2056,0.022022987028289254,0.9931906614785992
F1@0.3 & F1@0.5 & F1@0.7 & M3@0.3 & M3@0.5 & R4@0.3 & R5@0.3,7,FMR,2056,0.022022987028289254,0.9863813229571985
F1@0.3 & F1@0.5 & F1@0.7 & M3@0.3 & R2@0.3 & R2@0.5 & S5@0.3 & S5@0.5 & S5@0.7,9,FMRS,2055,0.022012275458722967,0.997080291970803
M3@0.3 & M3@0.5 & M3@0.7 & R2@0.3,4,MR,2054,0.022001563889156677,0.98539435248296
F1@0.3 & F1@0.5 & F1@0.7 & M1@0.3 & M1@0.5 & M1@0.7 & R2@0.3 & R3@0.3,8,FMR,2054,0.022001563889156677,0.9951314508276533
M4@0.3 & M4@0.5 & S4@0.3,3,MS,2051,0.021969429180457814,0.9746465138956607
M4@0.3 & M4@0.5 & S4@0.3 & S4@0.5,4,MS,2045,0.02190515976306008,0.9750611246943766
F1@0.3 & F1@0.5 & F1@0.7 & M2@0.3 & M2@0.5 & R3@0.3 & R3@0.5 & R3@0.7 & S5@0.3 & S5@0.5 & S5@0.7,11,FMRS,2045,0.02190515976306008,0.9990220048899755
R1@0.3 & R1@0.5 & R2@0.3,3,R,2041,0.021862313484794928,0.9637432631063204
F1@0.3 & F1@0.5 & F1@0.7 & M1@0.3 & M2@0.3 & R2@0.3 & R2@0.5,7,FMR,2041,0.021862313484794928,0.9902008819206272
M4@0.3 & R4@0.3 & R4@0.5 & S5@0.3 & S5@0.5,5,MRS,2040,0.021851601915228638,0.9946078431372549
F1@0.3 & F1@0.5 & F1@0.7 & M3@0.3 & M3@0.5 & R2@0.3 & S5@0.3 & S5@0.5 & S5@0.7,9,FMRS,2040,0.021851601915228638,0.9955882352941177
F1@0.3 & F1@0.5 & F1@0.7 & M2@0.3 & M2@0.5 & S3@0.3 & S3@0.5,7,FMS,2039,0.02184089034566235,0.9950956351152526
F1@0.3 & F1@0.5 & F1@0.7 & M2@0.3 & M2@0.5 & S3@0.3 & S3@0.5 & S3@0.7,8,FMS,2035,0.021798044067397195,0.9960687960687961
M3@0.3 & S3@0.3,2,MS,2032,0.02176590935869833,0.9788385826771654
M1@0.3 & M1@0.5 & R2@0.3 & R2@0.5 & R2@0.7 & S5@0.3 & S5@0.5 & S5@0.7,8,MRS,2032,0.02176590935869833,0.9990157480314961
F1@0.3 & F1@0.5 & F1@0.7 & M2@0.3 & M2@0.5 & R4@0.3 & R4@0.5 & R4@0.7 & S5@0.3 & S5@0.5 & S5@0.7,11,FMRS,2032,0.02176590935869833,0.9990157480314961
M5@0.3 & R5@0.3 & R5@0.5,3,MR,2031,0.02175519778913204,0.9847365829640571
M3@0.3 & S3@0.3 & S3@0.5,3,MS,2029,0.021733774649999465,0.9802858551010349
M3@0.3 & R3@0.3 & R4@0.3,3,MR,2028,0.021723063080433175,0.97534516765286
F1@0.3 & F1@0.5 & F1@0.7 & M1@0.3 & M1@0.5 & R2@0.3 & R2@0.5 & R2@0.7 & S5@0.3 & S5@0.5 & S5@0.7,11,FMRS,2028,0.021723063080433175,0.9995069033530573
M4@0.3 & M4@0.5 & R5@0.3 & S5@0.3 & S5@0.5 & S5@0.7,6,MRS,2022,0.021658793663035445,0.9930761622156281
M2@0.3 & M2@0.5 & M2@0.7 & R5@0.3 & R5@0.5 & R5@0.7 & S5@0.3 & S5@0.5,8,MRS,2011,0.021540966397806272,0.9985082048731975
M4@0.3 & R4@0.3 & R4@0.5 & S5@0.3 & S5@0.5 & S5@0.7,6,MRS,2004,0.02146598541084225,0.9945109780439122
F1@0.3 & F1@0.5 & F1@0.7 & R1@0.3 & R1@0.5 & R2@0.3,6,FR,2002,0.021444562271709672,0.975024975024975
F1@0.3 & F1@0.5 & F1@0.7 & M3@0.3 & M3@0.5 & M3@0.7 & S4@0.3 & S4@0.5 & S4@0.7,9,FMS,1999,0.02141242756301081,0.9974987493746873
M2@0.3 & M2@0.5 & M2@0.7 & R5@0.3 & R5@0.5 & R5@0.7 & S5@0.3 & S5@0.5 & S5@0.7,9,MRS,1998,0.02140171599344452,0.9984984984984985
M4@0.3 & M4@0.5 & R4@0.3 & S5@0.3,4,MRS,1993,0.021348158145613076,0.9909683893627697
F1@0.3 & F1@0.5 & F1@0.7 & M4@0.3 & M4@0.5 & R2@0.3,6,FMR,1993,0.021348158145613076,0.9859508278976418
M2@0.3 & R2@0.3 & R2@0.5 & R2@0.7 & S5@0.3 & S5@0.5,6,MRS,1993,0.021348158145613076,0.9964877069744105
M4@0.3 & M4@0.5 & R4@0.3 & S5@0.3 & S5@0.5,5,MRS,1992,0.02133744657604679,0.9909638554216867
M1@0.3 & M1@0.5 & M2@0.3 & R4@0.3,4,MR,1990,0.02131602343691421,0.9894472361809046
M2@0.3 & R2@0.3 & R2@0.5 & R2@0.7 & S5@0.3 & S5@0.5 & S5@0.7,7,MRS,1990,0.02131602343691421,0.9964824120603015
M2@0.3 & R4@0.3 & R4@0.5 & R5@0.3,4,MR,1986,0.021273177158649056,0.986404833836858
F1@0.3 & F1@0.5 & F1@0.7 & M3@0.3 & R2@0.3 & R2@0.5 & R2@0.7,7,FMR,1974,0.021144638323853594,0.9918946301925026
M3@0.3 & R3@0.3 & R3@0.5 & R3@0.7 & S5@0.3 & S5@0.5,6,MRS,1973,0.021133926754287307,0.9964521033958439
F1@0.3 & F1@0.5 & F1@0.7 & M1@0.3 & M1@0.5 & M2@0.3 & R4@0.3,7,FMR,1972,0.021123215184721017,0.992393509127789
M1@0.3 & R1@0.3 & R2@0.3,3,MR,1968,0.021080368906455864,0.9862804878048781
F1@0.3 & F1@0.5 & F1@0.7 & M3@0.3 & R4@0.3 & R4@0.5 & R4@0.7 & S5@0.3 & S5@0.5 & S5@0.7,10,FMRS,1967,0.021069657336889574,0.9984748347737672
F1@0.3 & F1@0.5 & F1@0.7 & M2@0.3 & M2@0.5 & M2@0.7 & R5@0.3 & R5@0.5 & R5@0.7 & S5@0.3 & S5@0.5 & S5@0.7,12,FMRS,1967,0.021069657336889574,0.9994916115912558
M2@0.3 & M2@0.5 & M2@0.7 & R4@0.3 & R5@0.3,5,MR,1966,0.021058945767323287,0.991353001017294
F1@0.3 & F1@0.5 & F1@0.7 & M5@0.3 & R3@0.3,5,FMR,1965,0.021048234197756997,0.9857506361323155
M5@0.3 & M5@0.5 & R4@0.3,3,MR,1964,0.021037522628190707,0.9765784114052953
F1@0.3 & F1@0.5 & F1@0.7 & M3@0.3 & M3@0.5 & M3@0.7 & R2@0.3,7,FMR,1962,0.02101609948905813,0.9918450560652395
M2@0.3 & M2@0.5 & M2@0.7 & R2@0.3 & S5@0.3 & S5@0.5,6,MRS,1961,0.021005387919491844,0.9964303926568078
M1@0.3 & M1@0.5 & M1@0.7 & R1@0.3 & S5@0.3 & S5@0.5 & S5@0.7,7,MRS,1960,0.020994676349925554,0.9974489795918368
F1@0.3 & F1@0.5 & F1@0.7 & M4@0.3 & M4@0.5 & R5@0.3 & R5@0.5 & R5@0.7,8,FMR,1959,0.020983964780359268,0.9948953547728433
M2@0.3 & M2@0.5 & M2@0.7 & R2@0.3 & S5@0.3 & S5@0.5 & S5@0.7,7,MRS,1958,0.020973253210792978,0.9969356486210419
M3@0.3 & R3@0.3 & R3@0.5 & R3@0.7 & S5@0.3 & S5@0.5 & S5@0.7,7,MRS,1958,0.020973253210792978,0.9964249233912156
F1@0.3 & F1@0.5 & F1@0.7 & M1@0.3 & R1@0.3 & R2@0.3,6,FMR,1957,0.020962541641226688,0.9897802759325498
F1@0.3 & F1@0.5 & F1@0.7 & M2@0.3 & R2@0.3 & R2@0.5 & R2@0.7 & S5@0.3 & S5@0.5 & S5@0.7,10,FMRS,1957,0.020962541641226688,0.9984670413898825
M3@0.3 & S3@0.3 & S3@0.5 & S3@0.7,4,MS,1953,0.020919695362961534,0.9851510496671787
M4@0.3 & M4@0.5 & R4@0.3 & S5@0.3 & S5@0.5 & S5@0.7,6,MRS,1953,0.020919695362961534,0.9907834101382489
M1@0.3 & M1@0.5 & M1@0.7 & R1@0.3 & R1@0.5 & R1@0.7,6,MR,1952,0.020908983793395248,0.9948770491803278
F1@0.3 & F1@0.5 & F1@0.7 & M4@0.3 & M4@0.5 & M4@0.7 & R5@0.3,7,FMR,1952,0.020908983793395248,0.9948770491803278
F1@0.3 & F1@0.5 & F1@0.7 & M1@0.3 & M1@0.5 & M1@0.7 & R1@0.3 & S5@0.3 & S5@0.5 & S5@0.7,10,FMRS,1951,0.020898272223828958,0.9989748846745259
F1@0.3 & F1@0.5 & F1@0.7 & M3@0.3 & R3@0.3 & R4@0.3,6,FMR,1950,0.020887560654262668,0.9846153846153847
F1@0.3 & F1@0.5 & F1@0.7 & M4@0.3 & R2@0.3 & R2@0.5,6,FMR,1950,0.020887560654262668,0.9846153846153847
F1@0.3 & F1@0.5 & F1@0.7 & M1@0.3 & M1@0.5 & M1@0.7 & R1@0.3 & R1@0.5 & R1@0.7,9,FMR,1942,0.02080186809773236,0.9974253347064882
M3@0.3 & M3@0.5 & M3@0.7 & R4@0.3 & R4@0.5 & R4@0.7,6,MR,1941,0.02079115652816607,0.9938176197836167
F1@0.3 & F1@0.5 & F1@0.7 & M3@0.3 & M4@0.3 & M4@0.5,6,FM,1939,0.020769733389033495,0.9871067560598247
F1@0.3 & F1@0.5 & F1@0.7 & M2@0.3 & R4@0.3 & R4@0.5 & R5@0.3,7,FMR,1939,0.020769733389033495,0.9922640536358948
F1@0.3 & F1@0.5 & F1@0.7 & M2@0.3 & M2@0.5 & M2@0.7 & R4@0.3 & R5@0.3,8,FMR,1928,0.020651906123804322,0.9948132780082988
F1@0.3 & F1@0.5 & F1@0.7 & M4@0.3 & M4@0.5 & M4@0.7 & R3@0.3,7,FMR,1925,0.020619771415105455,0.9922077922077922
M1@0.3 & R2@0.3 & R3@0.3 & S5@0.3 & S5@0.5,5,MRS,1923,0.02059834827597288,0.9963598543941757
M1@0.3 & M2@0.3 & R5@0.3 & R5@0.5 & S5@0.3 & S5@0.5,6,MRS,1922,0.02058763670640659,0.9973985431841832
M3@0.3 & M3@0.5 & M3@0.7 & R3@0.3 & S5@0.3,5,MRS,1918,0.020544790428141436,0.9963503649635036
M1@0.3 & R2@0.3 & R3@0.3 & S5@0.3 & S5@0.5 & S5@0.7,6,MRS,1918,0.020544790428141436,0.9963503649635036
M1@0.3 & M2@0.3 & R5@0.3 & R5@0.5 & S5@0.3 & S5@0.5 & S5@0.7,7,MRS,1918,0.020544790428141436,0.997393117831074
F1@0.3 & F1@0.5 & F1@0.7 & M2@0.3 & M2@0.5 & M2@0.7 & R2@0.3 & S5@0.3 & S5@0.5 & S5@0.7,10,FMRS,1918,0.020544790428141436,0.9984358706986444
M3@0.3 & M3@0.5 & M3@0.7 & R3@0.3 & S5@0.3 & S5@0.5,6,MRS,1917,0.020534078858575146,0.9963484611371936
M1@0.3 & M2@0.3 & M2@0.5 & R5@0.3,4,MR,1914,0.020501944149876283,0.9864158829676071
M2@0.3 & M2@0.5 & R4@0.3 & R5@0.3 & S5@0.3 & S5@0.5,6,MRS,1912,0.020480521010743703,0.9968619246861925
F1@0.3 & F1@0.5 & F1@0.7 & M1@0.3 & R2@0.3 & R3@0.3 & S5@0.3 & S5@0.5,8,FMRS,1911,0.020469809441177416,0.9979068550497122
M2@0.3 & M2@0.5 & R4@0.3 & S4@0.3,4,MRS,1910,0.020459097871611126,0.9916230366492147
F1@0.3 & F1@0.5 & F1@0.7 & M1@0.3 & R2@0.3 & R3@0.3 & S5@0.3 & S5@0.5 & S5@0.7,9,FMRS,1910,0.020459097871611126,0.9979057591623036
M2@0.3 & M2@0.5 & R4@0.3 & S4@0.3 & S4@0.5,5,MRS,1909,0.02044838630204484,0.9921424829753798
M3@0.3 & M3@0.5 & M3@0.7 & R3@0.3 & S5@0.3 & S5@0.5 & S5@0.7,7,MRS,1906,0.020416251593345973,0.9963273871983211
M3@0.3 & M3@0.5 & M3@0.7 & R5@0.3 & R5@0.5 & S5@0.3,6,MRS,1904,0.020394828454213396,0.9984243697478992
M3@0.3 & M3@0.5 & M3@0.7 & R5@0.3 & R5@0.5 & S5@0.3 & S5@0.5,7,MRS,1903,0.020384116884647106,0.9984235417761429
M2@0.3 & R5@0.3 & R5@0.5 & S4@0.3,4,MRS,1901,0.02036269374551453,0.9926354550236718
M2@0.3 & M2@0.5 & R4@0.3 & R5@0.3 & S5@0.3 & S5@0.5 & S5@0.7,7,MRS,1901,0.02036269374551453,0.9968437664387164
F1@0.3 & F1@0.5 & F1@0.7 & M1@0.3 & M2@0.3 & R5@0.3 & R5@0.5 & S5@0.3 & S5@0.5 & S5@0.7,10,FMRS,1900,0.020351982175948243,0.9989473684210526
M2@0.3 & R5@0.3 & R5@0.5 & S4@0.3 & S4@0.5,5,MRS,1899,0.020341270606381953,0.9936808846761453
M5@0.3 & R4@0.3 & R4@0.5,3,MR,1897,0.020319847467249377,0.9847127042698999
M4@0.3 & M4@0.5 & S4@0.3 & S4@0.5 & S4@0.7,5,MS,1896,0.020309135897683087,0.9868143459915611
M2@0.3 & M2@0.5 & M2@0.7 & R3@0.3 & R3@0.5 & S5@0.3 & S5@0.5,7,MRS,1893,0.020277001188984223,0.9973586899101955
F1@0.3 & F1@0.5 & F1@0.7 & M3@0.3 & R3@0.3 & R3@0.5 & R3@0.7 & S5@0.3 & S5@0.5 & S5@0.7,10,FMRS,1893,0.020277001188984223,0.9984152139461173
M4@0.3 & R5@0.3 & R5@0.5 & R5@0.7 & S5@0.3,5,MRS,1891,0.020255578049851643,0.9941829719725013
F1@0.3 & F1@0.5 & F1@0.7 & M1@0.3 & M2@0.3 & M2@0.5 & R5@0.3,7,FMR,1891,0.020255578049851643,0.9899524061343205
R5@0.3 & R5@0.5 & S3@0.3,3,RS,1890,0.020244866480285357,0.9899470899470899
M5@0.3 & M5@0.5 & R5@0.3,3,MR,1888,0.02022344334115278,0.9809322033898306
R5@0.3 & R5@0.5 & S3@0.3 & S3@0.5,4,RS,1887,0.02021273177158649,0.9904610492845787
M1@0.3 & M1@0.5 & R1@0.3 & R1@0.5 & S5@0.3 & S5@0.5,6,MRS,1887,0.02021273177158649,0.9968203497615262
M4@0.3 & R5@0.3 & R5@0.5 & R5@0.7 & S5@0.3 & S5@0.5,6,MRS,1887,0.02021273177158649,0.9941706412294647
M1@0.3 & M1@0.5 & R1@0.3 & R1@0.5 & S5@0.3 & S5@0.5 & S5@0.7,7,MRS,1885,0.020191308632453914,0.996816976127321
M1@0.3 & R3@0.3 & R3@0.5 & S4@0.3 & S4@0.5,5,MRS,1884,0.020180597062887624,0.9952229299363057
M2@0.3 & M2@0.5 & M2@0.7 & R3@0.3 & R3@0.5 & S5@0.3 & S5@0.5 & S5@0.7,8,MRS,1883,0.020169885493321337,0.9978757302177377
M3@0.3 & M3@0.5 & M3@0.7 & R5@0.3 & R5@0.5 & S5@0.3 & S5@0.5 & S5@0.7,8,MRS,1882,0.020159173923755047,0.9984059511158342
M2@0.3 & M3@0.3 & R3@0.3 & R3@0.5,4,MR,1881,0.02014846235418876,0.9824561403508771
M1@0.3 & M1@0.5 & R4@0.3 & R4@0.5 & S4@0.3 & S4@0.5,6,MRS,1877,0.020105616075923604,0.9973361747469366
M2@0.3 & M2@0.5 & R4@0.3 & S4@0.3 & S4@0.5 & S4@0.7,6,MRS,1877,0.020105616075923604,0.9952051145444859
M1@0.3 & R3@0.3 & R3@0.5 & S4@0.3 & S4@0.5 & S4@0.7,6,MRS,1874,0.02007348136722474,0.9967982924226254
R5@0.3 & R5@0.5 & S1@0.3,3,RS,1873,0.02006276979765845,0.99466097170315
F1@0.3 & F1@0.5 & F1@0.7 & M1@0.3 & M1@0.5 & R1@0.3 & R1@0.5 & S5@0.3 & S5@0.5 & S5@0.7,10,FMRS,1873,0.02006276979765845,0.99893219434063
R5@0.3 & R5@0.5 & S1@0.3 & S1@0.5,4,RS,1872,0.02005205822809216,0.9946581196581197
F1@0.3 & F1@0.5 & F1@0.7 & M2@0.3 & M2@0.5 & R4@0.3 & R5@0.3 & S5@0.3 & S5@0.5 & S5@0.7,10,FMRS,1872,0.02005205822809216,0.9978632478632479
F1@0.3 & F1@0.5 & F1@0.7 & M3@0.3 & S3@0.3 & S3@0.5 & S3@0.7,7,FMS,1868,0.020009211949827008,0.9919700214132763
