dataset,origin,fold,method,test_customer_ids
Dunnhumby,day 347,0,M0,1|18|29|31|39|42|45|47|48|50|52|54|57|66|68|73|85|93|96|104|107|108|112|125|129|132|136|160|164|165|167|174|175|184|187|190|199|200|206|207|218|224|243|247|249|252|254|259|262|269|271|286|302|303|305|311|314|315|316|321|327|328|329|333|334|336|337|341|348|364|366|367|370|377|380|383|386|390|391|395|404|410|411|422|423|424|425|448|453|463|465|472|473|478|483|489|492|494|495|503|507|510|513|514|523|531|540|547|549|551|560|569|570|573|576|590|591|592|595|615|617|619|626|633|635|645|655|657|660|666|674|678|682|690|698|700|711|712|717|720|722|728|738|742|747|753|755|756|767|770|781|786|787|792|793|799|803|808|815|820|822|833|834|835|838|842|844|851|856|872|876|881|885|887|888|889|890|892|896|905|917|922|924|932|937|960|961|966|968|972|977|982|985|988|990|996|998|1005|1010|1015|1017|1023|1029|1032|1034|1037|1044|1046|1049|1056|1058|1059|1081|1082|1085|1090|1091|1094|1097|1101|1104|1112|1113|1118|1121|1123|1127|1128|1130|1138|1141|1144|1156|1158|1173|1182|1184|1200|1201|1203|1206|1210|1214|1216|1217|1219|1223|1224|1226|1229|1235|1249|1252|1253|1254|1257|1262|1264|1267|1279|1283|1292|1293|1295|1298|1301|1308|1328|1330|1332|1336|1337|1339|1341|1345|1348|1355|1360|1370|1371|1387|1389|1396|1398|1405|1411|1412|1414|1416|1421|1427|1437|1447|1448|1451|1453|1461|1463|1470|1471|1479|1484|1487|1491|1496|1510|1521|1523|1532|1534|1539|1541|1546|1550|1552|1558|1564|1574|1576|1584|1588|1590|1592|1595|1611|1619|1623|1624|1625|1626|1628|1630|1631|1633|1635|1637|1641|1645|1651|1652|1654|1656|1659|1662|1663|1665|1667|1675|1680|1685|1691|1694|1697|1699|1700|1703|1709|1710|1711|1713|1723|1724|1732|1734|1735|1736|1742|1751|1755|1762|1768|1769|1773|1774|1787|1790|1791|1796|1801|1812|1814|1816|1817|1818|1824|1829|1831|1844|1853|1856|1857|1866|1882|1892|1893|1901|1910|1914|1915|1919|1931|1941|1950|1952|1954|1956|1971|1975|1977|1980|1985|1988|1991|1993|2005|2022|2023|2027|2031|2032|2041|2042|2044|2049|2054|2055|2057|2058|2063|2070|2076|2082|2083|2088|2090|2097|2101|2110|2113|2124|2126|2129|2132|2133|2137|2142|2171|2174|2175|2182|2191|2201|2208|2229|2237|2247|2252|2258|2262|2265|2272|2273|2275|2280|2282|2286|2289|2295|2308|2310|2317|2338|2343|2344|2345|2349|2350|2369|2377|2384|2392|2399|2402|2405|2413|2420|2422|2429|2437|2449|2450|2453|2454|2457|2461|2462|2471|2475|2480|2495
Dunnhumby,day 347,0,M1,1|18|29|31|39|42|45|47|48|50|52|54|57|66|68|73|85|93|96|104|107|108|112|125|129|132|136|160|164|165|167|174|175|184|187|190|199|200|206|207|218|224|243|247|249|252|254|259|262|269|271|286|302|303|305|311|314|315|316|321|327|328|329|333|334|336|337|341|348|364|366|367|370|377|380|383|386|390|391|395|404|410|411|422|423|424|425|448|453|463|465|472|473|478|483|489|492|494|495|503|507|510|513|514|523|531|540|547|549|551|560|569|570|573|576|590|591|592|595|615|617|619|626|633|635|645|655|657|660|666|674|678|682|690|698|700|711|712|717|720|722|728|738|742|747|753|755|756|767|770|781|786|787|792|793|799|803|808|815|820|822|833|834|835|838|842|844|851|856|872|876|881|885|887|888|889|890|892|896|905|917|922|924|932|937|960|961|966|968|972|977|982|985|988|990|996|998|1005|1010|1015|1017|1023|1029|1032|1034|1037|1044|1046|1049|1056|1058|1059|1081|1082|1085|1090|1091|1094|1097|1101|1104|1112|1113|1118|1121|1123|1127|1128|1130|1138|1141|1144|1156|1158|1173|1182|1184|1200|1201|1203|1206|1210|1214|1216|1217|1219|1223|1224|1226|1229|1235|1249|1252|1253|1254|1257|1262|1264|1267|1279|1283|1292|1293|1295|1298|1301|1308|1328|1330|1332|1336|1337|1339|1341|1345|1348|1355|1360|1370|1371|1387|1389|1396|1398|1405|1411|1412|1414|1416|1421|1427|1437|1447|1448|1451|1453|1461|1463|1470|1471|1479|1484|1487|1491|1496|1510|1521|1523|1532|1534|1539|1541|1546|1550|1552|1558|1564|1574|1576|1584|1588|1590|1592|1595|1611|1619|1623|1624|1625|1626|1628|1630|1631|1633|1635|1637|1641|1645|1651|1652|1654|1656|1659|1662|1663|1665|1667|1675|1680|1685|1691|1694|1697|1699|1700|1703|1709|1710|1711|1713|1723|1724|1732|1734|1735|1736|1742|1751|1755|1762|1768|1769|1773|1774|1787|1790|1791|1796|1801|1812|1814|1816|1817|1818|1824|1829|1831|1844|1853|1856|1857|1866|1882|1892|1893|1901|1910|1914|1915|1919|1931|1941|1950|1952|1954|1956|1971|1975|1977|1980|1985|1988|1991|1993|2005|2022|2023|2027|2031|2032|2041|2042|2044|2049|2054|2055|2057|2058|2063|2070|2076|2082|2083|2088|2090|2097|2101|2110|2113|2124|2126|2129|2132|2133|2137|2142|2171|2174|2175|2182|2191|2201|2208|2229|2237|2247|2252|2258|2262|2265|2272|2273|2275|2280|2282|2286|2289|2295|2308|2310|2317|2338|2343|2344|2345|2349|2350|2369|2377|2384|2392|2399|2402|2405|2413|2420|2422|2429|2437|2449|2450|2453|2454|2457|2461|2462|2471|2475|2480|2495
Dunnhumby,day 347,0,M2,1|18|29|31|39|42|45|47|48|50|52|54|57|66|68|73|85|93|96|104|107|108|112|125|129|132|136|160|164|165|167|174|175|184|187|190|199|200|206|207|218|224|243|247|249|252|254|259|262|269|271|286|302|303|305|311|314|315|316|321|327|328|329|333|334|336|337|341|348|364|366|367|370|377|380|383|386|390|391|395|404|410|411|422|423|424|425|448|453|463|465|472|473|478|483|489|492|494|495|503|507|510|513|514|523|531|540|547|549|551|560|569|570|573|576|590|591|592|595|615|617|619|626|633|635|645|655|657|660|666|674|678|682|690|698|700|711|712|717|720|722|728|738|742|747|753|755|756|767|770|781|786|787|792|793|799|803|808|815|820|822|833|834|835|838|842|844|851|856|872|876|881|885|887|888|889|890|892|896|905|917|922|924|932|937|960|961|966|968|972|977|982|985|988|990|996|998|1005|1010|1015|1017|1023|1029|1032|1034|1037|1044|1046|1049|1056|1058|1059|1081|1082|1085|1090|1091|1094|1097|1101|1104|1112|1113|1118|1121|1123|1127|1128|1130|1138|1141|1144|1156|1158|1173|1182|1184|1200|1201|1203|1206|1210|1214|1216|1217|1219|1223|1224|1226|1229|1235|1249|1252|1253|1254|1257|1262|1264|1267|1279|1283|1292|1293|1295|1298|1301|1308|1328|1330|1332|1336|1337|1339|1341|1345|1348|1355|1360|1370|1371|1387|1389|1396|1398|1405|1411|1412|1414|1416|1421|1427|1437|1447|1448|1451|1453|1461|1463|1470|1471|1479|1484|1487|1491|1496|1510|1521|1523|1532|1534|1539|1541|1546|1550|1552|1558|1564|1574|1576|1584|1588|1590|1592|1595|1611|1619|1623|1624|1625|1626|1628|1630|1631|1633|1635|1637|1641|1645|1651|1652|1654|1656|1659|1662|1663|1665|1667|1675|1680|1685|1691|1694|1697|1699|1700|1703|1709|1710|1711|1713|1723|1724|1732|1734|1735|1736|1742|1751|1755|1762|1768|1769|1773|1774|1787|1790|1791|1796|1801|1812|1814|1816|1817|1818|1824|1829|1831|1844|1853|1856|1857|1866|1882|1892|1893|1901|1910|1914|1915|1919|1931|1941|1950|1952|1954|1956|1971|1975|1977|1980|1985|1988|1991|1993|2005|2022|2023|2027|2031|2032|2041|2042|2044|2049|2054|2055|2057|2058|2063|2070|2076|2082|2083|2088|2090|2097|2101|2110|2113|2124|2126|2129|2132|2133|2137|2142|2171|2174|2175|2182|2191|2201|2208|2229|2237|2247|2252|2258|2262|2265|2272|2273|2275|2280|2282|2286|2289|2295|2308|2310|2317|2338|2343|2344|2345|2349|2350|2369|2377|2384|2392|2399|2402|2405|2413|2420|2422|2429|2437|2449|2450|2453|2454|2457|2461|2462|2471|2475|2480|2495
Dunnhumby,day 347,0,M3,1|18|29|31|39|42|45|47|48|50|52|54|57|66|68|73|85|93|96|104|107|108|112|125|129|132|136|160|164|165|167|174|175|184|187|190|199|200|206|207|218|224|243|247|249|252|254|259|262|269|271|286|302|303|305|311|314|315|316|321|327|328|329|333|334|336|337|341|348|364|366|367|370|377|380|383|386|390|391|395|404|410|411|422|423|424|425|448|453|463|465|472|473|478|483|489|492|494|495|503|507|510|513|514|523|531|540|547|549|551|560|569|570|573|576|590|591|592|595|615|617|619|626|633|635|645|655|657|660|666|674|678|682|690|698|700|711|712|717|720|722|728|738|742|747|753|755|756|767|770|781|786|787|792|793|799|803|808|815|820|822|833|834|835|838|842|844|851|856|872|876|881|885|887|888|889|890|892|896|905|917|922|924|932|937|960|961|966|968|972|977|982|985|988|990|996|998|1005|1010|1015|1017|1023|1029|1032|1034|1037|1044|1046|1049|1056|1058|1059|1081|1082|1085|1090|1091|1094|1097|1101|1104|1112|1113|1118|1121|1123|1127|1128|1130|1138|1141|1144|1156|1158|1173|1182|1184|1200|1201|1203|1206|1210|1214|1216|1217|1219|1223|1224|1226|1229|1235|1249|1252|1253|1254|1257|1262|1264|1267|1279|1283|1292|1293|1295|1298|1301|1308|1328|1330|1332|1336|1337|1339|1341|1345|1348|1355|1360|1370|1371|1387|1389|1396|1398|1405|1411|1412|1414|1416|1421|1427|1437|1447|1448|1451|1453|1461|1463|1470|1471|1479|1484|1487|1491|1496|1510|1521|1523|1532|1534|1539|1541|1546|1550|1552|1558|1564|1574|1576|1584|1588|1590|1592|1595|1611|1619|1623|1624|1625|1626|1628|1630|1631|1633|1635|1637|1641|1645|1651|1652|1654|1656|1659|1662|1663|1665|1667|1675|1680|1685|1691|1694|1697|1699|1700|1703|1709|1710|1711|1713|1723|1724|1732|1734|1735|1736|1742|1751|1755|1762|1768|1769|1773|1774|1787|1790|1791|1796|1801|1812|1814|1816|1817|1818|1824|1829|1831|1844|1853|1856|1857|1866|1882|1892|1893|1901|1910|1914|1915|1919|1931|1941|1950|1952|1954|1956|1971|1975|1977|1980|1985|1988|1991|1993|2005|2022|2023|2027|2031|2032|2041|2042|2044|2049|2054|2055|2057|2058|2063|2070|2076|2082|2083|2088|2090|2097|2101|2110|2113|2124|2126|2129|2132|2133|2137|2142|2171|2174|2175|2182|2191|2201|2208|2229|2237|2247|2252|2258|2262|2265|2272|2273|2275|2280|2282|2286|2289|2295|2308|2310|2317|2338|2343|2344|2345|2349|2350|2369|2377|2384|2392|2399|2402|2405|2413|2420|2422|2429|2437|2449|2450|2453|2454|2457|2461|2462|2471|2475|2480|2495
Dunnhumby,day 347,1,M0,7|13|15|19|21|22|23|24|27|30|35|38|40|44|46|51|58|59|60|62|82|89|91|95|97|101|109|115|117|119|120|121|124|137|138|143|145|148|151|162|163|166|168|173|178|180|183|185|188|198|202|204|205|209|214|223|228|230|235|236|245|251|253|260|261|268|272|279|288|289|300|307|310|319|324|344|349|352|353|356|368|369|378|379|381|389|392|398|401|403|407|420|429|432|434|437|438|439|444|447|449|456|460|471|474|480|484|497|501|509|517|522|524|535|546|548|561|566|568|575|588|593|594|599|601|602|605|606|609|610|618|620|621|622|625|629|631|638|647|648|650|658|669|670|681|693|704|710|713|716|725|727|731|732|735|737|743|748|749|750|758|763|773|783|784|788|791|801|804|809|811|819|825|827|829|830|831|845|846|849|853|861|865|869|877|878|883|884|894|899|900|904|907|908|925|926|934|935|938|939|950|955|963|976|989|993|1006|1012|1014|1027|1030|1036|1040|1045|1048|1066|1071|1072|1074|1075|1086|1088|1100|1102|1106|1114|1117|1122|1125|1129|1136|1145|1153|1154|1155|1157|1159|1166|1174|1177|1179|1181|1185|1186|1191|1198|1199|1202|1213|1225|1232|1233|1241|1243|1245|1246|1265|1273|1275|1280|1282|1289|1291|1302|1305|1307|1320|1329|1331|1340|1343|1346|1356|1358|1366|1372|1376|1377|1380|1381|1383|1385|1390|1392|1393|1394|1401|1409|1419|1422|1423|1425|1429|1430|1431|1435|1439|1440|1449|1455|1457|1462|1474|1482|1483|1485|1494|1509|1518|1519|1527|1535|1543|1544|1545|1548|1553|1555|1560|1563|1570|1572|1573|1577|1578|1579|1580|1585|1591|1594|1597|1602|1612|1634|1644|1655|1657|1658|1666|1671|1681|1688|1695|1696|1698|1702|1704|1708|1716|1718|1720|1721|1746|1747|1750|1761|1763|1767|1777|1778|1783|1785|1788|1792|1793|1802|1804|1805|1806|1815|1828|1833|1838|1855|1862|1865|1872|1874|1876|1878|1879|1883|1887|1891|1895|1899|1905|1906|1909|1918|1922|1924|1927|1940|1942|1953|1960|1967|1969|1986|1987|1992|1997|1998|1999|2003|2030|2039|2043|2046|2050|2052|2056|2059|2067|2072|2079|2089|2093|2095|2107|2109|2112|2114|2115|2117|2122|2125|2135|2138|2140|2145|2150|2154|2155|2158|2162|2164|2183|2196|2197|2198|2199|2205|2213|2218|2219|2221|2222|2223|2227|2228|2231|2236|2240|2246|2249|2257|2259|2261|2267|2268|2269|2271|2279|2294|2299|2303|2316|2319|2326|2330|2339|2352|2356|2357|2365|2373|2376|2380|2385|2386|2401|2417|2425|2435|2448|2458|2463|2468|2472|2473|2474|2476|2477|2483|2488|2492|2498|2499
Dunnhumby,day 347,1,M1,7|13|15|19|21|22|23|24|27|30|35|38|40|44|46|51|58|59|60|62|82|89|91|95|97|101|109|115|117|119|120|121|124|137|138|143|145|148|151|162|163|166|168|173|178|180|183|185|188|198|202|204|205|209|214|223|228|230|235|236|245|251|253|260|261|268|272|279|288|289|300|307|310|319|324|344|349|352|353|356|368|369|378|379|381|389|392|398|401|403|407|420|429|432|434|437|438|439|444|447|449|456|460|471|474|480|484|497|501|509|517|522|524|535|546|548|561|566|568|575|588|593|594|599|601|602|605|606|609|610|618|620|621|622|625|629|631|638|647|648|650|658|669|670|681|693|704|710|713|716|725|727|731|732|735|737|743|748|749|750|758|763|773|783|784|788|791|801|804|809|811|819|825|827|829|830|831|845|846|849|853|861|865|869|877|878|883|884|894|899|900|904|907|908|925|926|934|935|938|939|950|955|963|976|989|993|1006|1012|1014|1027|1030|1036|1040|1045|1048|1066|1071|1072|1074|1075|1086|1088|1100|1102|1106|1114|1117|1122|1125|1129|1136|1145|1153|1154|1155|1157|1159|1166|1174|1177|1179|1181|1185|1186|1191|1198|1199|1202|1213|1225|1232|1233|1241|1243|1245|1246|1265|1273|1275|1280|1282|1289|1291|1302|1305|1307|1320|1329|1331|1340|1343|1346|1356|1358|1366|1372|1376|1377|1380|1381|1383|1385|1390|1392|1393|1394|1401|1409|1419|1422|1423|1425|1429|1430|1431|1435|1439|1440|1449|1455|1457|1462|1474|1482|1483|1485|1494|1509|1518|1519|1527|1535|1543|1544|1545|1548|1553|1555|1560|1563|1570|1572|1573|1577|1578|1579|1580|1585|1591|1594|1597|1602|1612|1634|1644|1655|1657|1658|1666|1671|1681|1688|1695|1696|1698|1702|1704|1708|1716|1718|1720|1721|1746|1747|1750|1761|1763|1767|1777|1778|1783|1785|1788|1792|1793|1802|1804|1805|1806|1815|1828|1833|1838|1855|1862|1865|1872|1874|1876|1878|1879|1883|1887|1891|1895|1899|1905|1906|1909|1918|1922|1924|1927|1940|1942|1953|1960|1967|1969|1986|1987|1992|1997|1998|1999|2003|2030|2039|2043|2046|2050|2052|2056|2059|2067|2072|2079|2089|2093|2095|2107|2109|2112|2114|2115|2117|2122|2125|2135|2138|2140|2145|2150|2154|2155|2158|2162|2164|2183|2196|2197|2198|2199|2205|2213|2218|2219|2221|2222|2223|2227|2228|2231|2236|2240|2246|2249|2257|2259|2261|2267|2268|2269|2271|2279|2294|2299|2303|2316|2319|2326|2330|2339|2352|2356|2357|2365|2373|2376|2380|2385|2386|2401|2417|2425|2435|2448|2458|2463|2468|2472|2473|2474|2476|2477|2483|2488|2492|2498|2499
Dunnhumby,day 347,1,M2,7|13|15|19|21|22|23|24|27|30|35|38|40|44|46|51|58|59|60|62|82|89|91|95|97|101|109|115|117|119|120|121|124|137|138|143|145|148|151|162|163|166|168|173|178|180|183|185|188|198|202|204|205|209|214|223|228|230|235|236|245|251|253|260|261|268|272|279|288|289|300|307|310|319|324|344|349|352|353|356|368|369|378|379|381|389|392|398|401|403|407|420|429|432|434|437|438|439|444|447|449|456|460|471|474|480|484|497|501|509|517|522|524|535|546|548|561|566|568|575|588|593|594|599|601|602|605|606|609|610|618|620|621|622|625|629|631|638|647|648|650|658|669|670|681|693|704|710|713|716|725|727|731|732|735|737|743|748|749|750|758|763|773|783|784|788|791|801|804|809|811|819|825|827|829|830|831|845|846|849|853|861|865|869|877|878|883|884|894|899|900|904|907|908|925|926|934|935|938|939|950|955|963|976|989|993|1006|1012|1014|1027|1030|1036|1040|1045|1048|1066|1071|1072|1074|1075|1086|1088|1100|1102|1106|1114|1117|1122|1125|1129|1136|1145|1153|1154|1155|1157|1159|1166|1174|1177|1179|1181|1185|1186|1191|1198|1199|1202|1213|1225|1232|1233|1241|1243|1245|1246|1265|1273|1275|1280|1282|1289|1291|1302|1305|1307|1320|1329|1331|1340|1343|1346|1356|1358|1366|1372|1376|1377|1380|1381|1383|1385|1390|1392|1393|1394|1401|1409|1419|1422|1423|1425|1429|1430|1431|1435|1439|1440|1449|1455|1457|1462|1474|1482|1483|1485|1494|1509|1518|1519|1527|1535|1543|1544|1545|1548|1553|1555|1560|1563|1570|1572|1573|1577|1578|1579|1580|1585|1591|1594|1597|1602|1612|1634|1644|1655|1657|1658|1666|1671|1681|1688|1695|1696|1698|1702|1704|1708|1716|1718|1720|1721|1746|1747|1750|1761|1763|1767|1777|1778|1783|1785|1788|1792|1793|1802|1804|1805|1806|1815|1828|1833|1838|1855|1862|1865|1872|1874|1876|1878|1879|1883|1887|1891|1895|1899|1905|1906|1909|1918|1922|1924|1927|1940|1942|1953|1960|1967|1969|1986|1987|1992|1997|1998|1999|2003|2030|2039|2043|2046|2050|2052|2056|2059|2067|2072|2079|2089|2093|2095|2107|2109|2112|2114|2115|2117|2122|2125|2135|2138|2140|2145|2150|2154|2155|2158|2162|2164|2183|2196|2197|2198|2199|2205|2213|2218|2219|2221|2222|2223|2227|2228|2231|2236|2240|2246|2249|2257|2259|2261|2267|2268|2269|2271|2279|2294|2299|2303|2316|2319|2326|2330|2339|2352|2356|2357|2365|2373|2376|2380|2385|2386|2401|2417|2425|2435|2448|2458|2463|2468|2472|2473|2474|2476|2477|2483|2488|2492|2498|2499
Dunnhumby,day 347,1,M3,7|13|15|19|21|22|23|24|27|30|35|38|40|44|46|51|58|59|60|62|82|89|91|95|97|101|109|115|117|119|120|121|124|137|138|143|145|148|151|162|163|166|168|173|178|180|183|185|188|198|202|204|205|209|214|223|228|230|235|236|245|251|253|260|261|268|272|279|288|289|300|307|310|319|324|344|349|352|353|356|368|369|378|379|381|389|392|398|401|403|407|420|429|432|434|437|438|439|444|447|449|456|460|471|474|480|484|497|501|509|517|522|524|535|546|548|561|566|568|575|588|593|594|599|601|602|605|606|609|610|618|620|621|622|625|629|631|638|647|648|650|658|669|670|681|693|704|710|713|716|725|727|731|732|735|737|743|748|749|750|758|763|773|783|784|788|791|801|804|809|811|819|825|827|829|830|831|845|846|849|853|861|865|869|877|878|883|884|894|899|900|904|907|908|925|926|934|935|938|939|950|955|963|976|989|993|1006|1012|1014|1027|1030|1036|1040|1045|1048|1066|1071|1072|1074|1075|1086|1088|1100|1102|1106|1114|1117|1122|1125|1129|1136|1145|1153|1154|1155|1157|1159|1166|1174|1177|1179|1181|1185|1186|1191|1198|1199|1202|1213|1225|1232|1233|1241|1243|1245|1246|1265|1273|1275|1280|1282|1289|1291|1302|1305|1307|1320|1329|1331|1340|1343|1346|1356|1358|1366|1372|1376|1377|1380|1381|1383|1385|1390|1392|1393|1394|1401|1409|1419|1422|1423|1425|1429|1430|1431|1435|1439|1440|1449|1455|1457|1462|1474|1482|1483|1485|1494|1509|1518|1519|1527|1535|1543|1544|1545|1548|1553|1555|1560|1563|1570|1572|1573|1577|1578|1579|1580|1585|1591|1594|1597|1602|1612|1634|1644|1655|1657|1658|1666|1671|1681|1688|1695|1696|1698|1702|1704|1708|1716|1718|1720|1721|1746|1747|1750|1761|1763|1767|1777|1778|1783|1785|1788|1792|1793|1802|1804|1805|1806|1815|1828|1833|1838|1855|1862|1865|1872|1874|1876|1878|1879|1883|1887|1891|1895|1899|1905|1906|1909|1918|1922|1924|1927|1940|1942|1953|1960|1967|1969|1986|1987|1992|1997|1998|1999|2003|2030|2039|2043|2046|2050|2052|2056|2059|2067|2072|2079|2089|2093|2095|2107|2109|2112|2114|2115|2117|2122|2125|2135|2138|2140|2145|2150|2154|2155|2158|2162|2164|2183|2196|2197|2198|2199|2205|2213|2218|2219|2221|2222|2223|2227|2228|2231|2236|2240|2246|2249|2257|2259|2261|2267|2268|2269|2271|2279|2294|2299|2303|2316|2319|2326|2330|2339|2352|2356|2357|2365|2373|2376|2380|2385|2386|2401|2417|2425|2435|2448|2458|2463|2468|2472|2473|2474|2476|2477|2483|2488|2492|2498|2499
Dunnhumby,day 347,2,M0,5|8|12|16|26|28|37|41|55|61|64|65|69|72|75|78|79|88|99|122|123|126|130|131|135|144|147|153|154|158|177|181|192|195|203|215|219|220|225|231|233|234|238|240|241|242|248|255|258|263|264|265|270|290|292|293|294|297|298|304|308|309|312|317|318|326|331|335|342|346|354|358|359|362|371|372|374|385|388|393|396|400|406|409|413|414|418|426|442|446|452|458|461|466|469|479|487|496|500|504|505|512|516|518|526|530|538|539|545|554|558|559|571|574|577|578|579|580|581|582|589|596|607|608|611|612|614|616|636|640|641|642|651|659|662|672|680|685|691|694|695|701|705|726|733|740|744|751|764|766|768|771|775|778|789|790|796|797|798|807|817|823|826|836|837|839|840|841|843|852|855|860|862|870|871|879|891|895|897|901|903|906|911|912|913|914|921|923|927|929|945|949|953|956|958|959|964|980|983|986|997|1003|1004|1013|1018|1024|1028|1033|1038|1041|1042|1047|1053|1054|1055|1057|1063|1069|1078|1079|1083|1084|1092|1103|1105|1110|1116|1120|1131|1132|1133|1139|1140|1148|1152|1160|1161|1163|1164|1170|1172|1195|1197|1204|1205|1207|1221|1228|1230|1236|1238|1239|1247|1256|1260|1263|1266|1272|1276|1278|1285|1296|1303|1310|1311|1312|1318|1321|1323|1324|1325|1327|1333|1334|1352|1354|1359|1363|1373|1374|1388|1400|1403|1407|1408|1418|1433|1443|1444|1445|1452|1456|1464|1477|1478|1480|1488|1499|1500|1501|1504|1506|1514|1515|1517|1520|1530|1536|1540|1547|1562|1582|1593|1596|1598|1601|1605|1606|1610|1616|1618|1636|1638|1640|1643|1647|1649|1660|1668|1677|1683|1684|1686|1689|1701|1714|1722|1728|1729|1740|1749|1757|1758|1764|1766|1775|1776|1781|1795|1799|1809|1813|1820|1821|1823|1825|1827|1830|1832|1835|1839|1840|1841|1843|1847|1849|1851|1854|1858|1860|1869|1870|1884|1886|1896|1897|1902|1904|1912|1916|1921|1925|1928|1929|1934|1946|1947|1949|1955|1959|1965|1972|1973|1982|1990|1995|2000|2001|2009|2010|2012|2015|2016|2017|2020|2024|2029|2040|2053|2060|2065|2069|2074|2081|2086|2092|2098|2099|2111|2116|2120|2127|2134|2141|2147|2151|2156|2159|2166|2168|2169|2176|2179|2194|2200|2203|2206|2207|2210|2211|2214|2215|2224|2226|2230|2233|2238|2241|2243|2244|2245|2248|2260|2263|2266|2270|2274|2277|2291|2301|2305|2309|2322|2327|2333|2336|2342|2347|2353|2358|2360|2364|2367|2370|2371|2375|2378|2381|2387|2388|2391|2393|2394|2397|2398|2411|2416|2423|2427|2434|2439|2441|2442|2443|2447|2456|2470|2484|2496
Dunnhumby,day 347,2,M1,5|8|12|16|26|28|37|41|55|61|64|65|69|72|75|78|79|88|99|122|123|126|130|131|135|144|147|153|154|158|177|181|192|195|203|215|219|220|225|231|233|234|238|240|241|242|248|255|258|263|264|265|270|290|292|293|294|297|298|304|308|309|312|317|318|326|331|335|342|346|354|358|359|362|371|372|374|385|388|393|396|400|406|409|413|414|418|426|442|446|452|458|461|466|469|479|487|496|500|504|505|512|516|518|526|530|538|539|545|554|558|559|571|574|577|578|579|580|581|582|589|596|607|608|611|612|614|616|636|640|641|642|651|659|662|672|680|685|691|694|695|701|705|726|733|740|744|751|764|766|768|771|775|778|789|790|796|797|798|807|817|823|826|836|837|839|840|841|843|852|855|860|862|870|871|879|891|895|897|901|903|906|911|912|913|914|921|923|927|929|945|949|953|956|958|959|964|980|983|986|997|1003|1004|1013|1018|1024|1028|1033|1038|1041|1042|1047|1053|1054|1055|1057|1063|1069|1078|1079|1083|1084|1092|1103|1105|1110|1116|1120|1131|1132|1133|1139|1140|1148|1152|1160|1161|1163|1164|1170|1172|1195|1197|1204|1205|1207|1221|1228|1230|1236|1238|1239|1247|1256|1260|1263|1266|1272|1276|1278|1285|1296|1303|1310|1311|1312|1318|1321|1323|1324|1325|1327|1333|1334|1352|1354|1359|1363|1373|1374|1388|1400|1403|1407|1408|1418|1433|1443|1444|1445|1452|1456|1464|1477|1478|1480|1488|1499|1500|1501|1504|1506|1514|1515|1517|1520|1530|1536|1540|1547|1562|1582|1593|1596|1598|1601|1605|1606|1610|1616|1618|1636|1638|1640|1643|1647|1649|1660|1668|1677|1683|1684|1686|1689|1701|1714|1722|1728|1729|1740|1749|1757|1758|1764|1766|1775|1776|1781|1795|1799|1809|1813|1820|1821|1823|1825|1827|1830|1832|1835|1839|1840|1841|1843|1847|1849|1851|1854|1858|1860|1869|1870|1884|1886|1896|1897|1902|1904|1912|1916|1921|1925|1928|1929|1934|1946|1947|1949|1955|1959|1965|1972|1973|1982|1990|1995|2000|2001|2009|2010|2012|2015|2016|2017|2020|2024|2029|2040|2053|2060|2065|2069|2074|2081|2086|2092|2098|2099|2111|2116|2120|2127|2134|2141|2147|2151|2156|2159|2166|2168|2169|2176|2179|2194|2200|2203|2206|2207|2210|2211|2214|2215|2224|2226|2230|2233|2238|2241|2243|2244|2245|2248|2260|2263|2266|2270|2274|2277|2291|2301|2305|2309|2322|2327|2333|2336|2342|2347|2353|2358|2360|2364|2367|2370|2371|2375|2378|2381|2387|2388|2391|2393|2394|2397|2398|2411|2416|2423|2427|2434|2439|2441|2442|2443|2447|2456|2470|2484|2496
Dunnhumby,day 347,2,M2,5|8|12|16|26|28|37|41|55|61|64|65|69|72|75|78|79|88|99|122|123|126|130|131|135|144|147|153|154|158|177|181|192|195|203|215|219|220|225|231|233|234|238|240|241|242|248|255|258|263|264|265|270|290|292|293|294|297|298|304|308|309|312|317|318|326|331|335|342|346|354|358|359|362|371|372|374|385|388|393|396|400|406|409|413|414|418|426|442|446|452|458|461|466|469|479|487|496|500|504|505|512|516|518|526|530|538|539|545|554|558|559|571|574|577|578|579|580|581|582|589|596|607|608|611|612|614|616|636|640|641|642|651|659|662|672|680|685|691|694|695|701|705|726|733|740|744|751|764|766|768|771|775|778|789|790|796|797|798|807|817|823|826|836|837|839|840|841|843|852|855|860|862|870|871|879|891|895|897|901|903|906|911|912|913|914|921|923|927|929|945|949|953|956|958|959|964|980|983|986|997|1003|1004|1013|1018|1024|1028|1033|1038|1041|1042|1047|1053|1054|1055|1057|1063|1069|1078|1079|1083|1084|1092|1103|1105|1110|1116|1120|1131|1132|1133|1139|1140|1148|1152|1160|1161|1163|1164|1170|1172|1195|1197|1204|1205|1207|1221|1228|1230|1236|1238|1239|1247|1256|1260|1263|1266|1272|1276|1278|1285|1296|1303|1310|1311|1312|1318|1321|1323|1324|1325|1327|1333|1334|1352|1354|1359|1363|1373|1374|1388|1400|1403|1407|1408|1418|1433|1443|1444|1445|1452|1456|1464|1477|1478|1480|1488|1499|1500|1501|1504|1506|1514|1515|1517|1520|1530|1536|1540|1547|1562|1582|1593|1596|1598|1601|1605|1606|1610|1616|1618|1636|1638|1640|1643|1647|1649|1660|1668|1677|1683|1684|1686|1689|1701|1714|1722|1728|1729|1740|1749|1757|1758|1764|1766|1775|1776|1781|1795|1799|1809|1813|1820|1821|1823|1825|1827|1830|1832|1835|1839|1840|1841|1843|1847|1849|1851|1854|1858|1860|1869|1870|1884|1886|1896|1897|1902|1904|1912|1916|1921|1925|1928|1929|1934|1946|1947|1949|1955|1959|1965|1972|1973|1982|1990|1995|2000|2001|2009|2010|2012|2015|2016|2017|2020|2024|2029|2040|2053|2060|2065|2069|2074|2081|2086|2092|2098|2099|2111|2116|2120|2127|2134|2141|2147|2151|2156|2159|2166|2168|2169|2176|2179|2194|2200|2203|2206|2207|2210|2211|2214|2215|2224|2226|2230|2233|2238|2241|2243|2244|2245|2248|2260|2263|2266|2270|2274|2277|2291|2301|2305|2309|2322|2327|2333|2336|2342|2347|2353|2358|2360|2364|2367|2370|2371|2375|2378|2381|2387|2388|2391|2393|2394|2397|2398|2411|2416|2423|2427|2434|2439|2441|2442|2443|2447|2456|2470|2484|2496
Dunnhumby,day 347,2,M3,5|8|12|16|26|28|37|41|55|61|64|65|69|72|75|78|79|88|99|122|123|126|130|131|135|144|147|153|154|158|177|181|192|195|203|215|219|220|225|231|233|234|238|240|241|242|248|255|258|263|264|265|270|290|292|293|294|297|298|304|308|309|312|317|318|326|331|335|342|346|354|358|359|362|371|372|374|385|388|393|396|400|406|409|413|414|418|426|442|446|452|458|461|466|469|479|487|496|500|504|505|512|516|518|526|530|538|539|545|554|558|559|571|574|577|578|579|580|581|582|589|596|607|608|611|612|614|616|636|640|641|642|651|659|662|672|680|685|691|694|695|701|705|726|733|740|744|751|764|766|768|771|775|778|789|790|796|797|798|807|817|823|826|836|837|839|840|841|843|852|855|860|862|870|871|879|891|895|897|901|903|906|911|912|913|914|921|923|927|929|945|949|953|956|958|959|964|980|983|986|997|1003|1004|1013|1018|1024|1028|1033|1038|1041|1042|1047|1053|1054|1055|1057|1063|1069|1078|1079|1083|1084|1092|1103|1105|1110|1116|1120|1131|1132|1133|1139|1140|1148|1152|1160|1161|1163|1164|1170|1172|1195|1197|1204|1205|1207|1221|1228|1230|1236|1238|1239|1247|1256|1260|1263|1266|1272|1276|1278|1285|1296|1303|1310|1311|1312|1318|1321|1323|1324|1325|1327|1333|1334|1352|1354|1359|1363|1373|1374|1388|1400|1403|1407|1408|1418|1433|1443|1444|1445|1452|1456|1464|1477|1478|1480|1488|1499|1500|1501|1504|1506|1514|1515|1517|1520|1530|1536|1540|1547|1562|1582|1593|1596|1598|1601|1605|1606|1610|1616|1618|1636|1638|1640|1643|1647|1649|1660|1668|1677|1683|1684|1686|1689|1701|1714|1722|1728|1729|1740|1749|1757|1758|1764|1766|1775|1776|1781|1795|1799|1809|1813|1820|1821|1823|1825|1827|1830|1832|1835|1839|1840|1841|1843|1847|1849|1851|1854|1858|1860|1869|1870|1884|1886|1896|1897|1902|1904|1912|1916|1921|1925|1928|1929|1934|1946|1947|1949|1955|1959|1965|1972|1973|1982|1990|1995|2000|2001|2009|2010|2012|2015|2016|2017|2020|2024|2029|2040|2053|2060|2065|2069|2074|2081|2086|2092|2098|2099|2111|2116|2120|2127|2134|2141|2147|2151|2156|2159|2166|2168|2169|2176|2179|2194|2200|2203|2206|2207|2210|2211|2214|2215|2224|2226|2230|2233|2238|2241|2243|2244|2245|2248|2260|2263|2266|2270|2274|2277|2291|2301|2305|2309|2322|2327|2333|2336|2342|2347|2353|2358|2360|2364|2367|2370|2371|2375|2378|2381|2387|2388|2391|2393|2394|2397|2398|2411|2416|2423|2427|2434|2439|2441|2442|2443|2447|2456|2470|2484|2496
Dunnhumby,day 347,3,M0,2|3|6|9|10|20|32|36|43|56|76|77|80|81|87|90|92|98|100|102|103|111|113|128|139|149|152|159|161|172|179|186|191|196|197|210|211|212|221|229|232|237|239|244|246|256|266|273|276|277|278|284|285|287|291|299|306|313|320|323|325|330|332|340|343|350|361|373|376|394|399|405|416|419|421|427|428|430|431|440|441|443|445|450|455|457|459|462|467|468|470|475|477|491|493|506|508|515|525|527|528|532|533|534|541|543|544|552|553|557|562|563|564|565|572|584|604|623|627|630|632|634|639|643|646|649|653|663|664|668|671|673|675|677|679|686|687|692|696|699|702|706|708|709|719|723|724|729|730|734|736|739|741|745|746|761|765|772|774|776|777|780|794|805|806|812|816|824|828|857|868|875|886|893|898|902|909|915|916|918|919|920|930|931|933|942|944|946|947|948|957|962|965|967|974|975|979|981|984|991|1000|1008|1009|1016|1019|1022|1026|1031|1035|1039|1043|1050|1064|1065|1067|1068|1070|1077|1080|1087|1089|1093|1099|1107|1111|1115|1119|1126|1134|1135|1137|1142|1149|1150|1151|1162|1167|1175|1176|1187|1189|1193|1209|1211|1212|1218|1227|1231|1234|1237|1242|1250|1255|1258|1268|1270|1271|1274|1288|1299|1300|1304|1313|1315|1316|1317|1326|1335|1338|1347|1349|1353|1361|1362|1364|1367|1368|1369|1382|1395|1397|1399|1404|1406|1410|1413|1417|1420|1426|1442|1446|1458|1459|1460|1472|1486|1489|1490|1492|1493|1505|1507|1508|1512|1524|1525|1526|1528|1538|1542|1554|1556|1557|1568|1569|1571|1575|1583|1589|1603|1604|1609|1613|1614|1622|1627|1639|1642|1646|1648|1650|1670|1672|1673|1674|1676|1678|1690|1693|1705|1712|1715|1717|1730|1733|1738|1745|1748|1756|1770|1772|1782|1784|1789|1794|1800|1808|1819|1822|1834|1837|1845|1846|1863|1868|1871|1873|1875|1877|1881|1888|1903|1907|1908|1923|1926|1932|1933|1935|1936|1939|1944|1948|1951|1957|1958|1961|1962|1963|1964|1966|1968|1970|1976|1978|1981|1983|2002|2006|2007|2008|2011|2013|2018|2025|2026|2035|2038|2045|2048|2068|2073|2077|2080|2084|2087|2094|2096|2103|2128|2130|2131|2139|2143|2144|2146|2148|2149|2152|2157|2160|2161|2165|2170|2172|2173|2177|2180|2187|2192|2193|2195|2202|2217|2225|2234|2255|2276|2278|2281|2283|2285|2287|2288|2290|2292|2296|2297|2306|2307|2311|2312|2320|2321|2328|2331|2332|2334|2337|2341|2354|2359|2362|2363|2368|2372|2374|2379|2389|2390|2396|2403|2404|2409|2414|2419|2424|2430|2431|2433|2438|2451|2459|2460|2489|2493|2494|2497|2500
Dunnhumby,day 347,3,M1,2|3|6|9|10|20|32|36|43|56|76|77|80|81|87|90|92|98|100|102|103|111|113|128|139|149|152|159|161|172|179|186|191|196|197|210|211|212|221|229|232|237|239|244|246|256|266|273|276|277|278|284|285|287|291|299|306|313|320|323|325|330|332|340|343|350|361|373|376|394|399|405|416|419|421|427|428|430|431|440|441|443|445|450|455|457|459|462|467|468|470|475|477|491|493|506|508|515|525|527|528|532|533|534|541|543|544|552|553|557|562|563|564|565|572|584|604|623|627|630|632|634|639|643|646|649|653|663|664|668|671|673|675|677|679|686|687|692|696|699|702|706|708|709|719|723|724|729|730|734|736|739|741|745|746|761|765|772|774|776|777|780|794|805|806|812|816|824|828|857|868|875|886|893|898|902|909|915|916|918|919|920|930|931|933|942|944|946|947|948|957|962|965|967|974|975|979|981|984|991|1000|1008|1009|1016|1019|1022|1026|1031|1035|1039|1043|1050|1064|1065|1067|1068|1070|1077|1080|1087|1089|1093|1099|1107|1111|1115|1119|1126|1134|1135|1137|1142|1149|1150|1151|1162|1167|1175|1176|1187|1189|1193|1209|1211|1212|1218|1227|1231|1234|1237|1242|1250|1255|1258|1268|1270|1271|1274|1288|1299|1300|1304|1313|1315|1316|1317|1326|1335|1338|1347|1349|1353|1361|1362|1364|1367|1368|1369|1382|1395|1397|1399|1404|1406|1410|1413|1417|1420|1426|1442|1446|1458|1459|1460|1472|1486|1489|1490|1492|1493|1505|1507|1508|1512|1524|1525|1526|1528|1538|1542|1554|1556|1557|1568|1569|1571|1575|1583|1589|1603|1604|1609|1613|1614|1622|1627|1639|1642|1646|1648|1650|1670|1672|1673|1674|1676|1678|1690|1693|1705|1712|1715|1717|1730|1733|1738|1745|1748|1756|1770|1772|1782|1784|1789|1794|1800|1808|1819|1822|1834|1837|1845|1846|1863|1868|1871|1873|1875|1877|1881|1888|1903|1907|1908|1923|1926|1932|1933|1935|1936|1939|1944|1948|1951|1957|1958|1961|1962|1963|1964|1966|1968|1970|1976|1978|1981|1983|2002|2006|2007|2008|2011|2013|2018|2025|2026|2035|2038|2045|2048|2068|2073|2077|2080|2084|2087|2094|2096|2103|2128|2130|2131|2139|2143|2144|2146|2148|2149|2152|2157|2160|2161|2165|2170|2172|2173|2177|2180|2187|2192|2193|2195|2202|2217|2225|2234|2255|2276|2278|2281|2283|2285|2287|2288|2290|2292|2296|2297|2306|2307|2311|2312|2320|2321|2328|2331|2332|2334|2337|2341|2354|2359|2362|2363|2368|2372|2374|2379|2389|2390|2396|2403|2404|2409|2414|2419|2424|2430|2431|2433|2438|2451|2459|2460|2489|2493|2494|2497|2500
Dunnhumby,day 347,3,M2,2|3|6|9|10|20|32|36|43|56|76|77|80|81|87|90|92|98|100|102|103|111|113|128|139|149|152|159|161|172|179|186|191|196|197|210|211|212|221|229|232|237|239|244|246|256|266|273|276|277|278|284|285|287|291|299|306|313|320|323|325|330|332|340|343|350|361|373|376|394|399|405|416|419|421|427|428|430|431|440|441|443|445|450|455|457|459|462|467|468|470|475|477|491|493|506|508|515|525|527|528|532|533|534|541|543|544|552|553|557|562|563|564|565|572|584|604|623|627|630|632|634|639|643|646|649|653|663|664|668|671|673|675|677|679|686|687|692|696|699|702|706|708|709|719|723|724|729|730|734|736|739|741|745|746|761|765|772|774|776|777|780|794|805|806|812|816|824|828|857|868|875|886|893|898|902|909|915|916|918|919|920|930|931|933|942|944|946|947|948|957|962|965|967|974|975|979|981|984|991|1000|1008|1009|1016|1019|1022|1026|1031|1035|1039|1043|1050|1064|1065|1067|1068|1070|1077|1080|1087|1089|1093|1099|1107|1111|1115|1119|1126|1134|1135|1137|1142|1149|1150|1151|1162|1167|1175|1176|1187|1189|1193|1209|1211|1212|1218|1227|1231|1234|1237|1242|1250|1255|1258|1268|1270|1271|1274|1288|1299|1300|1304|1313|1315|1316|1317|1326|1335|1338|1347|1349|1353|1361|1362|1364|1367|1368|1369|1382|1395|1397|1399|1404|1406|1410|1413|1417|1420|1426|1442|1446|1458|1459|1460|1472|1486|1489|1490|1492|1493|1505|1507|1508|1512|1524|1525|1526|1528|1538|1542|1554|1556|1557|1568|1569|1571|1575|1583|1589|1603|1604|1609|1613|1614|1622|1627|1639|1642|1646|1648|1650|1670|1672|1673|1674|1676|1678|1690|1693|1705|1712|1715|1717|1730|1733|1738|1745|1748|1756|1770|1772|1782|1784|1789|1794|1800|1808|1819|1822|1834|1837|1845|1846|1863|1868|1871|1873|1875|1877|1881|1888|1903|1907|1908|1923|1926|1932|1933|1935|1936|1939|1944|1948|1951|1957|1958|1961|1962|1963|1964|1966|1968|1970|1976|1978|1981|1983|2002|2006|2007|2008|2011|2013|2018|2025|2026|2035|2038|2045|2048|2068|2073|2077|2080|2084|2087|2094|2096|2103|2128|2130|2131|2139|2143|2144|2146|2148|2149|2152|2157|2160|2161|2165|2170|2172|2173|2177|2180|2187|2192|2193|2195|2202|2217|2225|2234|2255|2276|2278|2281|2283|2285|2287|2288|2290|2292|2296|2297|2306|2307|2311|2312|2320|2321|2328|2331|2332|2334|2337|2341|2354|2359|2362|2363|2368|2372|2374|2379|2389|2390|2396|2403|2404|2409|2414|2419|2424|2430|2431|2433|2438|2451|2459|2460|2489|2493|2494|2497|2500
Dunnhumby,day 347,3,M3,2|3|6|9|10|20|32|36|43|56|76|77|80|81|87|90|92|98|100|102|103|111|113|128|139|149|152|159|161|172|179|186|191|196|197|210|211|212|221|229|232|237|239|244|246|256|266|273|276|277|278|284|285|287|291|299|306|313|320|323|325|330|332|340|343|350|361|373|376|394|399|405|416|419|421|427|428|430|431|440|441|443|445|450|455|457|459|462|467|468|470|475|477|491|493|506|508|515|525|527|528|532|533|534|541|543|544|552|553|557|562|563|564|565|572|584|604|623|627|630|632|634|639|643|646|649|653|663|664|668|671|673|675|677|679|686|687|692|696|699|702|706|708|709|719|723|724|729|730|734|736|739|741|745|746|761|765|772|774|776|777|780|794|805|806|812|816|824|828|857|868|875|886|893|898|902|909|915|916|918|919|920|930|931|933|942|944|946|947|948|957|962|965|967|974|975|979|981|984|991|1000|1008|1009|1016|1019|1022|1026|1031|1035|1039|1043|1050|1064|1065|1067|1068|1070|1077|1080|1087|1089|1093|1099|1107|1111|1115|1119|1126|1134|1135|1137|1142|1149|1150|1151|1162|1167|1175|1176|1187|1189|1193|1209|1211|1212|1218|1227|1231|1234|1237|1242|1250|1255|1258|1268|1270|1271|1274|1288|1299|1300|1304|1313|1315|1316|1317|1326|1335|1338|1347|1349|1353|1361|1362|1364|1367|1368|1369|1382|1395|1397|1399|1404|1406|1410|1413|1417|1420|1426|1442|1446|1458|1459|1460|1472|1486|1489|1490|1492|1493|1505|1507|1508|1512|1524|1525|1526|1528|1538|1542|1554|1556|1557|1568|1569|1571|1575|1583|1589|1603|1604|1609|1613|1614|1622|1627|1639|1642|1646|1648|1650|1670|1672|1673|1674|1676|1678|1690|1693|1705|1712|1715|1717|1730|1733|1738|1745|1748|1756|1770|1772|1782|1784|1789|1794|1800|1808|1819|1822|1834|1837|1845|1846|1863|1868|1871|1873|1875|1877|1881|1888|1903|1907|1908|1923|1926|1932|1933|1935|1936|1939|1944|1948|1951|1957|1958|1961|1962|1963|1964|1966|1968|1970|1976|1978|1981|1983|2002|2006|2007|2008|2011|2013|2018|2025|2026|2035|2038|2045|2048|2068|2073|2077|2080|2084|2087|2094|2096|2103|2128|2130|2131|2139|2143|2144|2146|2148|2149|2152|2157|2160|2161|2165|2170|2172|2173|2177|2180|2187|2192|2193|2195|2202|2217|2225|2234|2255|2276|2278|2281|2283|2285|2287|2288|2290|2292|2296|2297|2306|2307|2311|2312|2320|2321|2328|2331|2332|2334|2337|2341|2354|2359|2362|2363|2368|2372|2374|2379|2389|2390|2396|2403|2404|2409|2414|2419|2424|2430|2431|2433|2438|2451|2459|2460|2489|2493|2494|2497|2500
Dunnhumby,day 347,4,M0,4|11|14|17|25|33|34|49|53|63|67|70|71|74|83|84|86|94|105|106|110|114|116|118|127|133|134|140|141|142|146|150|155|156|157|169|170|171|176|182|189|193|194|201|208|213|216|217|222|226|227|250|257|267|274|275|280|281|282|283|295|296|301|322|338|339|345|347|351|355|357|360|363|365|375|382|384|387|397|402|408|412|415|417|433|435|436|451|454|464|476|481|482|485|486|488|490|498|499|502|511|519|520|521|529|536|537|542|550|555|556|567|583|585|586|587|597|598|600|603|613|624|628|637|644|652|654|656|661|665|667|676|683|684|688|689|697|703|707|714|715|718|721|752|754|757|759|760|762|769|779|782|785|795|800|802|810|813|814|818|821|832|847|848|850|854|858|859|863|864|866|867|873|874|880|882|910|928|936|940|941|943|951|952|954|969|970|971|973|978|987|992|994|995|999|1001|1002|1007|1011|1020|1021|1025|1051|1052|1060|1061|1062|1073|1076|1095|1096|1098|1108|1109|1124|1143|1146|1147|1165|1168|1169|1171|1178|1180|1183|1188|1190|1192|1194|1196|1208|1215|1220|1222|1240|1244|1248|1251|1259|1261|1269|1277|1281|1284|1286|1287|1290|1294|1297|1306|1309|1314|1319|1322|1342|1344|1350|1351|1357|1365|1375|1378|1379|1384|1386|1391|1402|1415|1424|1428|1432|1434|1436|1438|1441|1450|1454|1465|1466|1467|1468|1469|1473|1475|1476|1481|1495|1497|1498|1502|1503|1511|1513|1516|1522|1529|1531|1533|1537|1549|1551|1559|1561|1565|1566|1567|1586|1587|1599|1600|1607|1608|1615|1617|1620|1621|1629|1632|1653|1661|1664|1669|1679|1682|1687|1692|1706|1707|1719|1725|1726|1727|1731|1737|1739|1741|1743|1744|1752|1753|1754|1759|1760|1765|1771|1779|1780|1786|1797|1798|1803|1807|1810|1811|1826|1836|1842|1848|1850|1852|1859|1861|1864|1867|1880|1885|1889|1890|1894|1898|1900|1911|1913|1917|1920|1930|1937|1938|1943|1945|1974|1979|1989|1994|1996|2004|2014|2019|2021|2028|2033|2034|2036|2037|2047|2051|2061|2062|2064|2066|2071|2075|2078|2085|2091|2100|2102|2104|2105|2106|2108|2118|2119|2121|2123|2136|2153|2163|2167|2178|2181|2184|2185|2186|2188|2189|2190|2204|2209|2212|2216|2220|2232|2235|2239|2242|2250|2251|2253|2254|2256|2264|2284|2293|2298|2300|2302|2304|2313|2314|2315|2318|2323|2324|2329|2335|2340|2346|2348|2351|2355|2361|2366|2382|2383|2395|2400|2406|2407|2408|2410|2412|2415|2418|2421|2426|2428|2432|2436|2440|2444|2445|2446|2452|2455|2464|2465|2466|2467|2469|2478|2479|2481|2482|2485|2486|2487|2490|2491
Dunnhumby,day 347,4,M1,4|11|14|17|25|33|34|49|53|63|67|70|71|74|83|84|86|94|105|106|110|114|116|118|127|133|134|140|141|142|146|150|155|156|157|169|170|171|176|182|189|193|194|201|208|213|216|217|222|226|227|250|257|267|274|275|280|281|282|283|295|296|301|322|338|339|345|347|351|355|357|360|363|365|375|382|384|387|397|402|408|412|415|417|433|435|436|451|454|464|476|481|482|485|486|488|490|498|499|502|511|519|520|521|529|536|537|542|550|555|556|567|583|585|586|587|597|598|600|603|613|624|628|637|644|652|654|656|661|665|667|676|683|684|688|689|697|703|707|714|715|718|721|752|754|757|759|760|762|769|779|782|785|795|800|802|810|813|814|818|821|832|847|848|850|854|858|859|863|864|866|867|873|874|880|882|910|928|936|940|941|943|951|952|954|969|970|971|973|978|987|992|994|995|999|1001|1002|1007|1011|1020|1021|1025|1051|1052|1060|1061|1062|1073|1076|1095|1096|1098|1108|1109|1124|1143|1146|1147|1165|1168|1169|1171|1178|1180|1183|1188|1190|1192|1194|1196|1208|1215|1220|1222|1240|1244|1248|1251|1259|1261|1269|1277|1281|1284|1286|1287|1290|1294|1297|1306|1309|1314|1319|1322|1342|1344|1350|1351|1357|1365|1375|1378|1379|1384|1386|1391|1402|1415|1424|1428|1432|1434|1436|1438|1441|1450|1454|1465|1466|1467|1468|1469|1473|1475|1476|1481|1495|1497|1498|1502|1503|1511|1513|1516|1522|1529|1531|1533|1537|1549|1551|1559|1561|1565|1566|1567|1586|1587|1599|1600|1607|1608|1615|1617|1620|1621|1629|1632|1653|1661|1664|1669|1679|1682|1687|1692|1706|1707|1719|1725|1726|1727|1731|1737|1739|1741|1743|1744|1752|1753|1754|1759|1760|1765|1771|1779|1780|1786|1797|1798|1803|1807|1810|1811|1826|1836|1842|1848|1850|1852|1859|1861|1864|1867|1880|1885|1889|1890|1894|1898|1900|1911|1913|1917|1920|1930|1937|1938|1943|1945|1974|1979|1989|1994|1996|2004|2014|2019|2021|2028|2033|2034|2036|2037|2047|2051|2061|2062|2064|2066|2071|2075|2078|2085|2091|2100|2102|2104|2105|2106|2108|2118|2119|2121|2123|2136|2153|2163|2167|2178|2181|2184|2185|2186|2188|2189|2190|2204|2209|2212|2216|2220|2232|2235|2239|2242|2250|2251|2253|2254|2256|2264|2284|2293|2298|2300|2302|2304|2313|2314|2315|2318|2323|2324|2329|2335|2340|2346|2348|2351|2355|2361|2366|2382|2383|2395|2400|2406|2407|2408|2410|2412|2415|2418|2421|2426|2428|2432|2436|2440|2444|2445|2446|2452|2455|2464|2465|2466|2467|2469|2478|2479|2481|2482|2485|2486|2487|2490|2491
Dunnhumby,day 347,4,M2,4|11|14|17|25|33|34|49|53|63|67|70|71|74|83|84|86|94|105|106|110|114|116|118|127|133|134|140|141|142|146|150|155|156|157|169|170|171|176|182|189|193|194|201|208|213|216|217|222|226|227|250|257|267|274|275|280|281|282|283|295|296|301|322|338|339|345|347|351|355|357|360|363|365|375|382|384|387|397|402|408|412|415|417|433|435|436|451|454|464|476|481|482|485|486|488|490|498|499|502|511|519|520|521|529|536|537|542|550|555|556|567|583|585|586|587|597|598|600|603|613|624|628|637|644|652|654|656|661|665|667|676|683|684|688|689|697|703|707|714|715|718|721|752|754|757|759|760|762|769|779|782|785|795|800|802|810|813|814|818|821|832|847|848|850|854|858|859|863|864|866|867|873|874|880|882|910|928|936|940|941|943|951|952|954|969|970|971|973|978|987|992|994|995|999|1001|1002|1007|1011|1020|1021|1025|1051|1052|1060|1061|1062|1073|1076|1095|1096|1098|1108|1109|1124|1143|1146|1147|1165|1168|1169|1171|1178|1180|1183|1188|1190|1192|1194|1196|1208|1215|1220|1222|1240|1244|1248|1251|1259|1261|1269|1277|1281|1284|1286|1287|1290|1294|1297|1306|1309|1314|1319|1322|1342|1344|1350|1351|1357|1365|1375|1378|1379|1384|1386|1391|1402|1415|1424|1428|1432|1434|1436|1438|1441|1450|1454|1465|1466|1467|1468|1469|1473|1475|1476|1481|1495|1497|1498|1502|1503|1511|1513|1516|1522|1529|1531|1533|1537|1549|1551|1559|1561|1565|1566|1567|1586|1587|1599|1600|1607|1608|1615|1617|1620|1621|1629|1632|1653|1661|1664|1669|1679|1682|1687|1692|1706|1707|1719|1725|1726|1727|1731|1737|1739|1741|1743|1744|1752|1753|1754|1759|1760|1765|1771|1779|1780|1786|1797|1798|1803|1807|1810|1811|1826|1836|1842|1848|1850|1852|1859|1861|1864|1867|1880|1885|1889|1890|1894|1898|1900|1911|1913|1917|1920|1930|1937|1938|1943|1945|1974|1979|1989|1994|1996|2004|2014|2019|2021|2028|2033|2034|2036|2037|2047|2051|2061|2062|2064|2066|2071|2075|2078|2085|2091|2100|2102|2104|2105|2106|2108|2118|2119|2121|2123|2136|2153|2163|2167|2178|2181|2184|2185|2186|2188|2189|2190|2204|2209|2212|2216|2220|2232|2235|2239|2242|2250|2251|2253|2254|2256|2264|2284|2293|2298|2300|2302|2304|2313|2314|2315|2318|2323|2324|2329|2335|2340|2346|2348|2351|2355|2361|2366|2382|2383|2395|2400|2406|2407|2408|2410|2412|2415|2418|2421|2426|2428|2432|2436|2440|2444|2445|2446|2452|2455|2464|2465|2466|2467|2469|2478|2479|2481|2482|2485|2486|2487|2490|2491
Dunnhumby,day 347,4,M3,4|11|14|17|25|33|34|49|53|63|67|70|71|74|83|84|86|94|105|106|110|114|116|118|127|133|134|140|141|142|146|150|155|156|157|169|170|171|176|182|189|193|194|201|208|213|216|217|222|226|227|250|257|267|274|275|280|281|282|283|295|296|301|322|338|339|345|347|351|355|357|360|363|365|375|382|384|387|397|402|408|412|415|417|433|435|436|451|454|464|476|481|482|485|486|488|490|498|499|502|511|519|520|521|529|536|537|542|550|555|556|567|583|585|586|587|597|598|600|603|613|624|628|637|644|652|654|656|661|665|667|676|683|684|688|689|697|703|707|714|715|718|721|752|754|757|759|760|762|769|779|782|785|795|800|802|810|813|814|818|821|832|847|848|850|854|858|859|863|864|866|867|873|874|880|882|910|928|936|940|941|943|951|952|954|969|970|971|973|978|987|992|994|995|999|1001|1002|1007|1011|1020|1021|1025|1051|1052|1060|1061|1062|1073|1076|1095|1096|1098|1108|1109|1124|1143|1146|1147|1165|1168|1169|1171|1178|1180|1183|1188|1190|1192|1194|1196|1208|1215|1220|1222|1240|1244|1248|1251|1259|1261|1269|1277|1281|1284|1286|1287|1290|1294|1297|1306|1309|1314|1319|1322|1342|1344|1350|1351|1357|1365|1375|1378|1379|1384|1386|1391|1402|1415|1424|1428|1432|1434|1436|1438|1441|1450|1454|1465|1466|1467|1468|1469|1473|1475|1476|1481|1495|1497|1498|1502|1503|1511|1513|1516|1522|1529|1531|1533|1537|1549|1551|1559|1561|1565|1566|1567|1586|1587|1599|1600|1607|1608|1615|1617|1620|1621|1629|1632|1653|1661|1664|1669|1679|1682|1687|1692|1706|1707|1719|1725|1726|1727|1731|1737|1739|1741|1743|1744|1752|1753|1754|1759|1760|1765|1771|1779|1780|1786|1797|1798|1803|1807|1810|1811|1826|1836|1842|1848|1850|1852|1859|1861|1864|1867|1880|1885|1889|1890|1894|1898|1900|1911|1913|1917|1920|1930|1937|1938|1943|1945|1974|1979|1989|1994|1996|2004|2014|2019|2021|2028|2033|2034|2036|2037|2047|2051|2061|2062|2064|2066|2071|2075|2078|2085|2091|2100|2102|2104|2105|2106|2108|2118|2119|2121|2123|2136|2153|2163|2167|2178|2181|2184|2185|2186|2188|2189|2190|2204|2209|2212|2216|2220|2232|2235|2239|2242|2250|2251|2253|2254|2256|2264|2284|2293|2298|2300|2302|2304|2313|2314|2315|2318|2323|2324|2329|2335|2340|2346|2348|2351|2355|2361|2366|2382|2383|2395|2400|2406|2407|2408|2410|2412|2415|2418|2421|2426|2428|2432|2436|2440|2444|2445|2446|2452|2455|2464|2465|2466|2467|2469|2478|2479|2481|2482|2485|2486|2487|2490|2491
Dunnhumby,day 438,0,M0,12|21|24|25|31|36|42|51|53|54|67|69|74|86|93|96|97|101|106|108|110|111|112|114|120|131|138|147|158|161|163|164|167|171|173|190|193|196|203|208|218|221|223|227|230|231|233|252|254|255|256|257|268|273|274|289|298|307|321|325|326|330|333|334|335|339|340|341|342|343|346|353|359|370|372|374|377|382|385|392|397|401|409|410|411|417|418|420|429|430|431|460|470|472|478|484|489|494|497|501|503|509|513|516|518|519|529|537|545|552|554|556|558|567|576|577|579|582|596|597|598|599|602|613|616|622|623|631|638|640|650|661|663|666|672|681|685|690|698|706|708|719|720|725|728|730|735|746|749|755|760|762|763|774|777|788|792|793|796|802|806|811|822|824|835|836|839|843|845|853|859|880|885|888|890|891|892|893|895|898|908|918|922|924|932|937|952|960|961|967|968|972|977|982|985|988|990|996|998|1005|1010|1015|1017|1023|1030|1033|1037|1040|1047|1049|1053|1058|1061|1062|1082|1083|1086|1091|1092|1098|1101|1104|1105|1113|1114|1119|1122|1124|1128|1129|1131|1139|1141|1144|1149|1157|1159|1181|1197|1198|1199|1201|1204|1207|1212|1213|1214|1215|1217|1220|1222|1224|1227|1233|1249|1254|1257|1263|1265|1268|1276|1280|1283|1291|1292|1294|1297|1300|1307|1308|1323|1330|1332|1334|1337|1338|1341|1346|1349|1360|1370|1371|1388|1390|1397|1399|1407|1412|1415|1416|1423|1429|1433|1439|1444|1451|1452|1456|1458|1465|1467|1472|1476|1478|1486|1488|1493|1496|1497|1501|1509|1519|1521|1533|1544|1548|1552|1558|1563|1569|1574|1584|1591|1595|1597|1599|1602|1618|1626|1631|1632|1633|1637|1638|1640|1642|1643|1645|1649|1656|1657|1659|1660|1663|1666|1667|1668|1669|1671|1681|1686|1690|1696|1699|1702|1704|1705|1708|1713|1714|1715|1724|1725|1733|1734|1735|1736|1740|1749|1753|1761|1767|1768|1771|1772|1786|1789|1790|1796|1801|1805|1812|1814|1817|1819|1825|1832|1833|1846|1856|1859|1860|1876|1880|1894|1895|1897|1905|1915|1919|1920|1924|1936|1946|1952|1957|1974|1978|1980|1982|1985|1989|1992|1995|1997|2011|2025|2026|2030|2035|2036|2045|2046|2048|2052|2056|2057|2059|2060|2065|2074|2079|2085|2086|2091|2093|2100|2112|2115|2125|2127|2130|2133|2134|2138|2144|2150|2176|2180|2181|2187|2196|2213|2229|2237|2247|2249|2252|2258|2259|2262|2272|2274|2279|2281|2283|2286|2291|2302|2303|2309|2331|2336|2337|2338|2343|2344|2364|2374|2381|2389|2394|2398|2400|2408|2416|2419|2426|2434|2446|2448|2451|2452|2455|2459|2460|2469|2474|2479|2495
Dunnhumby,day 438,0,M1,12|21|24|25|31|36|42|51|53|54|67|69|74|86|93|96|97|101|106|108|110|111|112|114|120|131|138|147|158|161|163|164|167|171|173|190|193|196|203|208|218|221|223|227|230|231|233|252|254|255|256|257|268|273|274|289|298|307|321|325|326|330|333|334|335|339|340|341|342|343|346|353|359|370|372|374|377|382|385|392|397|401|409|410|411|417|418|420|429|430|431|460|470|472|478|484|489|494|497|501|503|509|513|516|518|519|529|537|545|552|554|556|558|567|576|577|579|582|596|597|598|599|602|613|616|622|623|631|638|640|650|661|663|666|672|681|685|690|698|706|708|719|720|725|728|730|735|746|749|755|760|762|763|774|777|788|792|793|796|802|806|811|822|824|835|836|839|843|845|853|859|880|885|888|890|891|892|893|895|898|908|918|922|924|932|937|952|960|961|967|968|972|977|982|985|988|990|996|998|1005|1010|1015|1017|1023|1030|1033|1037|1040|1047|1049|1053|1058|1061|1062|1082|1083|1086|1091|1092|1098|1101|1104|1105|1113|1114|1119|1122|1124|1128|1129|1131|1139|1141|1144|1149|1157|1159|1181|1197|1198|1199|1201|1204|1207|1212|1213|1214|1215|1217|1220|1222|1224|1227|1233|1249|1254|1257|1263|1265|1268|1276|1280|1283|1291|1292|1294|1297|1300|1307|1308|1323|1330|1332|1334|1337|1338|1341|1346|1349|1360|1370|1371|1388|1390|1397|1399|1407|1412|1415|1416|1423|1429|1433|1439|1444|1451|1452|1456|1458|1465|1467|1472|1476|1478|1486|1488|1493|1496|1497|1501|1509|1519|1521|1533|1544|1548|1552|1558|1563|1569|1574|1584|1591|1595|1597|1599|1602|1618|1626|1631|1632|1633|1637|1638|1640|1642|1643|1645|1649|1656|1657|1659|1660|1663|1666|1667|1668|1669|1671|1681|1686|1690|1696|1699|1702|1704|1705|1708|1713|1714|1715|1724|1725|1733|1734|1735|1736|1740|1749|1753|1761|1767|1768|1771|1772|1786|1789|1790|1796|1801|1805|1812|1814|1817|1819|1825|1832|1833|1846|1856|1859|1860|1876|1880|1894|1895|1897|1905|1915|1919|1920|1924|1936|1946|1952|1957|1974|1978|1980|1982|1985|1989|1992|1995|1997|2011|2025|2026|2030|2035|2036|2045|2046|2048|2052|2056|2057|2059|2060|2065|2074|2079|2085|2086|2091|2093|2100|2112|2115|2125|2127|2130|2133|2134|2138|2144|2150|2176|2180|2181|2187|2196|2213|2229|2237|2247|2249|2252|2258|2259|2262|2272|2274|2279|2281|2283|2286|2291|2302|2303|2309|2331|2336|2337|2338|2343|2344|2364|2374|2381|2389|2394|2398|2400|2408|2416|2419|2426|2434|2446|2448|2451|2452|2455|2459|2460|2469|2474|2479|2495
Dunnhumby,day 438,0,M2,12|21|24|25|31|36|42|51|53|54|67|69|74|86|93|96|97|101|106|108|110|111|112|114|120|131|138|147|158|161|163|164|167|171|173|190|193|196|203|208|218|221|223|227|230|231|233|252|254|255|256|257|268|273|274|289|298|307|321|325|326|330|333|334|335|339|340|341|342|343|346|353|359|370|372|374|377|382|385|392|397|401|409|410|411|417|418|420|429|430|431|460|470|472|478|484|489|494|497|501|503|509|513|516|518|519|529|537|545|552|554|556|558|567|576|577|579|582|596|597|598|599|602|613|616|622|623|631|638|640|650|661|663|666|672|681|685|690|698|706|708|719|720|725|728|730|735|746|749|755|760|762|763|774|777|788|792|793|796|802|806|811|822|824|835|836|839|843|845|853|859|880|885|888|890|891|892|893|895|898|908|918|922|924|932|937|952|960|961|967|968|972|977|982|985|988|990|996|998|1005|1010|1015|1017|1023|1030|1033|1037|1040|1047|1049|1053|1058|1061|1062|1082|1083|1086|1091|1092|1098|1101|1104|1105|1113|1114|1119|1122|1124|1128|1129|1131|1139|1141|1144|1149|1157|1159|1181|1197|1198|1199|1201|1204|1207|1212|1213|1214|1215|1217|1220|1222|1224|1227|1233|1249|1254|1257|1263|1265|1268|1276|1280|1283|1291|1292|1294|1297|1300|1307|1308|1323|1330|1332|1334|1337|1338|1341|1346|1349|1360|1370|1371|1388|1390|1397|1399|1407|1412|1415|1416|1423|1429|1433|1439|1444|1451|1452|1456|1458|1465|1467|1472|1476|1478|1486|1488|1493|1496|1497|1501|1509|1519|1521|1533|1544|1548|1552|1558|1563|1569|1574|1584|1591|1595|1597|1599|1602|1618|1626|1631|1632|1633|1637|1638|1640|1642|1643|1645|1649|1656|1657|1659|1660|1663|1666|1667|1668|1669|1671|1681|1686|1690|1696|1699|1702|1704|1705|1708|1713|1714|1715|1724|1725|1733|1734|1735|1736|1740|1749|1753|1761|1767|1768|1771|1772|1786|1789|1790|1796|1801|1805|1812|1814|1817|1819|1825|1832|1833|1846|1856|1859|1860|1876|1880|1894|1895|1897|1905|1915|1919|1920|1924|1936|1946|1952|1957|1974|1978|1980|1982|1985|1989|1992|1995|1997|2011|2025|2026|2030|2035|2036|2045|2046|2048|2052|2056|2057|2059|2060|2065|2074|2079|2085|2086|2091|2093|2100|2112|2115|2125|2127|2130|2133|2134|2138|2144|2150|2176|2180|2181|2187|2196|2213|2229|2237|2247|2249|2252|2258|2259|2262|2272|2274|2279|2281|2283|2286|2291|2302|2303|2309|2331|2336|2337|2338|2343|2344|2364|2374|2381|2389|2394|2398|2400|2408|2416|2419|2426|2434|2446|2448|2451|2452|2455|2459|2460|2469|2474|2479|2495
Dunnhumby,day 438,0,M3,12|21|24|25|31|36|42|51|53|54|67|69|74|86|93|96|97|101|106|108|110|111|112|114|120|131|138|147|158|161|163|164|167|171|173|190|193|196|203|208|218|221|223|227|230|231|233|252|254|255|256|257|268|273|274|289|298|307|321|325|326|330|333|334|335|339|340|341|342|343|346|353|359|370|372|374|377|382|385|392|397|401|409|410|411|417|418|420|429|430|431|460|470|472|478|484|489|494|497|501|503|509|513|516|518|519|529|537|545|552|554|556|558|567|576|577|579|582|596|597|598|599|602|613|616|622|623|631|638|640|650|661|663|666|672|681|685|690|698|706|708|719|720|725|728|730|735|746|749|755|760|762|763|774|777|788|792|793|796|802|806|811|822|824|835|836|839|843|845|853|859|880|885|888|890|891|892|893|895|898|908|918|922|924|932|937|952|960|961|967|968|972|977|982|985|988|990|996|998|1005|1010|1015|1017|1023|1030|1033|1037|1040|1047|1049|1053|1058|1061|1062|1082|1083|1086|1091|1092|1098|1101|1104|1105|1113|1114|1119|1122|1124|1128|1129|1131|1139|1141|1144|1149|1157|1159|1181|1197|1198|1199|1201|1204|1207|1212|1213|1214|1215|1217|1220|1222|1224|1227|1233|1249|1254|1257|1263|1265|1268|1276|1280|1283|1291|1292|1294|1297|1300|1307|1308|1323|1330|1332|1334|1337|1338|1341|1346|1349|1360|1370|1371|1388|1390|1397|1399|1407|1412|1415|1416|1423|1429|1433|1439|1444|1451|1452|1456|1458|1465|1467|1472|1476|1478|1486|1488|1493|1496|1497|1501|1509|1519|1521|1533|1544|1548|1552|1558|1563|1569|1574|1584|1591|1595|1597|1599|1602|1618|1626|1631|1632|1633|1637|1638|1640|1642|1643|1645|1649|1656|1657|1659|1660|1663|1666|1667|1668|1669|1671|1681|1686|1690|1696|1699|1702|1704|1705|1708|1713|1714|1715|1724|1725|1733|1734|1735|1736|1740|1749|1753|1761|1767|1768|1771|1772|1786|1789|1790|1796|1801|1805|1812|1814|1817|1819|1825|1832|1833|1846|1856|1859|1860|1876|1880|1894|1895|1897|1905|1915|1919|1920|1924|1936|1946|1952|1957|1974|1978|1980|1982|1985|1989|1992|1995|1997|2011|2025|2026|2030|2035|2036|2045|2046|2048|2052|2056|2057|2059|2060|2065|2074|2079|2085|2086|2091|2093|2100|2112|2115|2125|2127|2130|2133|2134|2138|2144|2150|2176|2180|2181|2187|2196|2213|2229|2237|2247|2249|2252|2258|2259|2262|2272|2274|2279|2281|2283|2286|2291|2302|2303|2309|2331|2336|2337|2338|2343|2344|2364|2374|2381|2389|2394|2398|2400|2408|2416|2419|2426|2434|2446|2448|2451|2452|2455|2459|2460|2469|2474|2479|2495
Dunnhumby,day 438,1,M0,2|3|5|11|16|17|18|20|30|33|35|37|38|44|50|58|59|64|65|80|82|83|89|91|100|104|107|122|125|126|129|133|134|142|154|156|159|166|172|189|191|195|200|205|207|210|211|212|213|216|228|232|234|235|240|242|244|248|249|265|266|267|271|275|276|277|281|284|288|290|292|293|295|296|297|301|303|306|308|309|313|318|327|329|337|349|355|357|358|360|375|389|391|395|403|421|424|428|434|439|440|444|445|446|448|449|454|456|459|462|463|466|471|490|507|514|520|536|544|550|564|569|573|575|581|594|600|601|607|608|610|625|626|627|630|632|633|634|645|648|653|668|673|675|676|680|688|689|700|705|718|721|724|729|732|734|736|738|743|745|748|750|756|757|758|765|767|771|780|794|804|807|812|820|821|828|832|833|846|847|848|850|851|856|857|865|869|875|881|882|887|901|903|910|911|925|926|934|935|938|939|951|955|962|976|989|993|1006|1012|1014|1028|1031|1039|1043|1048|1051|1069|1073|1074|1076|1077|1087|1089|1100|1102|1106|1115|1118|1123|1126|1130|1137|1145|1154|1155|1156|1158|1160|1166|1173|1175|1176|1178|1180|1182|1183|1189|1196|1200|1210|1221|1223|1230|1231|1239|1242|1243|1245|1246|1266|1282|1288|1290|1301|1304|1306|1309|1320|1331|1333|1340|1344|1347|1355|1357|1366|1372|1376|1377|1380|1381|1383|1385|1391|1393|1394|1395|1403|1410|1414|1420|1424|1425|1427|1431|1432|1434|1437|1442|1443|1453|1461|1466|1481|1491|1492|1494|1506|1514|1518|1530|1536|1538|1545|1553|1555|1556|1557|1560|1564|1566|1571|1573|1580|1582|1583|1586|1587|1588|1589|1592|1598|1601|1604|1609|1619|1641|1661|1662|1670|1676|1682|1687|1693|1700|1701|1703|1707|1709|1712|1718|1719|1722|1729|1744|1745|1748|1759|1762|1766|1775|1776|1782|1784|1787|1791|1802|1804|1806|1816|1828|1831|1835|1840|1858|1865|1867|1873|1875|1881|1882|1885|1886|1890|1893|1899|1903|1909|1911|1914|1923|1927|1929|1932|1945|1947|1956|1962|1969|1971|1990|1991|1996|2001|2002|2003|2007|2009|2034|2047|2049|2053|2058|2061|2067|2073|2082|2092|2096|2098|2101|2109|2111|2114|2116|2117|2119|2126|2136|2139|2141|2143|2148|2156|2157|2160|2164|2165|2167|2169|2188|2202|2203|2204|2205|2210|2218|2219|2220|2221|2222|2223|2227|2228|2231|2236|2240|2246|2257|2261|2267|2268|2269|2271|2278|2290|2295|2299|2308|2311|2318|2322|2346|2351|2352|2367|2369|2373|2377|2382|2383|2397|2404|2412|2422|2432|2445|2456|2461|2466|2470|2471|2472|2475|2476|2483|2488|2492|2498|2499
Dunnhumby,day 438,1,M1,2|3|5|11|16|17|18|20|30|33|35|37|38|44|50|58|59|64|65|80|82|83|89|91|100|104|107|122|125|126|129|133|134|142|154|156|159|166|172|189|191|195|200|205|207|210|211|212|213|216|228|232|234|235|240|242|244|248|249|265|266|267|271|275|276|277|281|284|288|290|292|293|295|296|297|301|303|306|308|309|313|318|327|329|337|349|355|357|358|360|375|389|391|395|403|421|424|428|434|439|440|444|445|446|448|449|454|456|459|462|463|466|471|490|507|514|520|536|544|550|564|569|573|575|581|594|600|601|607|608|610|625|626|627|630|632|633|634|645|648|653|668|673|675|676|680|688|689|700|705|718|721|724|729|732|734|736|738|743|745|748|750|756|757|758|765|767|771|780|794|804|807|812|820|821|828|832|833|846|847|848|850|851|856|857|865|869|875|881|882|887|901|903|910|911|925|926|934|935|938|939|951|955|962|976|989|993|1006|1012|1014|1028|1031|1039|1043|1048|1051|1069|1073|1074|1076|1077|1087|1089|1100|1102|1106|1115|1118|1123|1126|1130|1137|1145|1154|1155|1156|1158|1160|1166|1173|1175|1176|1178|1180|1182|1183|1189|1196|1200|1210|1221|1223|1230|1231|1239|1242|1243|1245|1246|1266|1282|1288|1290|1301|1304|1306|1309|1320|1331|1333|1340|1344|1347|1355|1357|1366|1372|1376|1377|1380|1381|1383|1385|1391|1393|1394|1395|1403|1410|1414|1420|1424|1425|1427|1431|1432|1434|1437|1442|1443|1453|1461|1466|1481|1491|1492|1494|1506|1514|1518|1530|1536|1538|1545|1553|1555|1556|1557|1560|1564|1566|1571|1573|1580|1582|1583|1586|1587|1588|1589|1592|1598|1601|1604|1609|1619|1641|1661|1662|1670|1676|1682|1687|1693|1700|1701|1703|1707|1709|1712|1718|1719|1722|1729|1744|1745|1748|1759|1762|1766|1775|1776|1782|1784|1787|1791|1802|1804|1806|1816|1828|1831|1835|1840|1858|1865|1867|1873|1875|1881|1882|1885|1886|1890|1893|1899|1903|1909|1911|1914|1923|1927|1929|1932|1945|1947|1956|1962|1969|1971|1990|1991|1996|2001|2002|2003|2007|2009|2034|2047|2049|2053|2058|2061|2067|2073|2082|2092|2096|2098|2101|2109|2111|2114|2116|2117|2119|2126|2136|2139|2141|2143|2148|2156|2157|2160|2164|2165|2167|2169|2188|2202|2203|2204|2205|2210|2218|2219|2220|2221|2222|2223|2227|2228|2231|2236|2240|2246|2257|2261|2267|2268|2269|2271|2278|2290|2295|2299|2308|2311|2318|2322|2346|2351|2352|2367|2369|2373|2377|2382|2383|2397|2404|2412|2422|2432|2445|2456|2461|2466|2470|2471|2472|2475|2476|2483|2488|2492|2498|2499
Dunnhumby,day 438,1,M2,2|3|5|11|16|17|18|20|30|33|35|37|38|44|50|58|59|64|65|80|82|83|89|91|100|104|107|122|125|126|129|133|134|142|154|156|159|166|172|189|191|195|200|205|207|210|211|212|213|216|228|232|234|235|240|242|244|248|249|265|266|267|271|275|276|277|281|284|288|290|292|293|295|296|297|301|303|306|308|309|313|318|327|329|337|349|355|357|358|360|375|389|391|395|403|421|424|428|434|439|440|444|445|446|448|449|454|456|459|462|463|466|471|490|507|514|520|536|544|550|564|569|573|575|581|594|600|601|607|608|610|625|626|627|630|632|633|634|645|648|653|668|673|675|676|680|688|689|700|705|718|721|724|729|732|734|736|738|743|745|748|750|756|757|758|765|767|771|780|794|804|807|812|820|821|828|832|833|846|847|848|850|851|856|857|865|869|875|881|882|887|901|903|910|911|925|926|934|935|938|939|951|955|962|976|989|993|1006|1012|1014|1028|1031|1039|1043|1048|1051|1069|1073|1074|1076|1077|1087|1089|1100|1102|1106|1115|1118|1123|1126|1130|1137|1145|1154|1155|1156|1158|1160|1166|1173|1175|1176|1178|1180|1182|1183|1189|1196|1200|1210|1221|1223|1230|1231|1239|1242|1243|1245|1246|1266|1282|1288|1290|1301|1304|1306|1309|1320|1331|1333|1340|1344|1347|1355|1357|1366|1372|1376|1377|1380|1381|1383|1385|1391|1393|1394|1395|1403|1410|1414|1420|1424|1425|1427|1431|1432|1434|1437|1442|1443|1453|1461|1466|1481|1491|1492|1494|1506|1514|1518|1530|1536|1538|1545|1553|1555|1556|1557|1560|1564|1566|1571|1573|1580|1582|1583|1586|1587|1588|1589|1592|1598|1601|1604|1609|1619|1641|1661|1662|1670|1676|1682|1687|1693|1700|1701|1703|1707|1709|1712|1718|1719|1722|1729|1744|1745|1748|1759|1762|1766|1775|1776|1782|1784|1787|1791|1802|1804|1806|1816|1828|1831|1835|1840|1858|1865|1867|1873|1875|1881|1882|1885|1886|1890|1893|1899|1903|1909|1911|1914|1923|1927|1929|1932|1945|1947|1956|1962|1969|1971|1990|1991|1996|2001|2002|2003|2007|2009|2034|2047|2049|2053|2058|2061|2067|2073|2082|2092|2096|2098|2101|2109|2111|2114|2116|2117|2119|2126|2136|2139|2141|2143|2148|2156|2157|2160|2164|2165|2167|2169|2188|2202|2203|2204|2205|2210|2218|2219|2220|2221|2222|2223|2227|2228|2231|2236|2240|2246|2257|2261|2267|2268|2269|2271|2278|2290|2295|2299|2308|2311|2318|2322|2346|2351|2352|2367|2369|2373|2377|2382|2383|2397|2404|2412|2422|2432|2445|2456|2461|2466|2470|2471|2472|2475|2476|2483|2488|2492|2498|2499
Dunnhumby,day 438,1,M3,2|3|5|11|16|17|18|20|30|33|35|37|38|44|50|58|59|64|65|80|82|83|89|91|100|104|107|122|125|126|129|133|134|142|154|156|159|166|172|189|191|195|200|205|207|210|211|212|213|216|228|232|234|235|240|242|244|248|249|265|266|267|271|275|276|277|281|284|288|290|292|293|295|296|297|301|303|306|308|309|313|318|327|329|337|349|355|357|358|360|375|389|391|395|403|421|424|428|434|439|440|444|445|446|448|449|454|456|459|462|463|466|471|490|507|514|520|536|544|550|564|569|573|575|581|594|600|601|607|608|610|625|626|627|630|632|633|634|645|648|653|668|673|675|676|680|688|689|700|705|718|721|724|729|732|734|736|738|743|745|748|750|756|757|758|765|767|771|780|794|804|807|812|820|821|828|832|833|846|847|848|850|851|856|857|865|869|875|881|882|887|901|903|910|911|925|926|934|935|938|939|951|955|962|976|989|993|1006|1012|1014|1028|1031|1039|1043|1048|1051|1069|1073|1074|1076|1077|1087|1089|1100|1102|1106|1115|1118|1123|1126|1130|1137|1145|1154|1155|1156|1158|1160|1166|1173|1175|1176|1178|1180|1182|1183|1189|1196|1200|1210|1221|1223|1230|1231|1239|1242|1243|1245|1246|1266|1282|1288|1290|1301|1304|1306|1309|1320|1331|1333|1340|1344|1347|1355|1357|1366|1372|1376|1377|1380|1381|1383|1385|1391|1393|1394|1395|1403|1410|1414|1420|1424|1425|1427|1431|1432|1434|1437|1442|1443|1453|1461|1466|1481|1491|1492|1494|1506|1514|1518|1530|1536|1538|1545|1553|1555|1556|1557|1560|1564|1566|1571|1573|1580|1582|1583|1586|1587|1588|1589|1592|1598|1601|1604|1609|1619|1641|1661|1662|1670|1676|1682|1687|1693|1700|1701|1703|1707|1709|1712|1718|1719|1722|1729|1744|1745|1748|1759|1762|1766|1775|1776|1782|1784|1787|1791|1802|1804|1806|1816|1828|1831|1835|1840|1858|1865|1867|1873|1875|1881|1882|1885|1886|1890|1893|1899|1903|1909|1911|1914|1923|1927|1929|1932|1945|1947|1956|1962|1969|1971|1990|1991|1996|2001|2002|2003|2007|2009|2034|2047|2049|2053|2058|2061|2067|2073|2082|2092|2096|2098|2101|2109|2111|2114|2116|2117|2119|2126|2136|2139|2141|2143|2148|2156|2157|2160|2164|2165|2167|2169|2188|2202|2203|2204|2205|2210|2218|2219|2220|2221|2222|2223|2227|2228|2231|2236|2240|2246|2257|2261|2267|2268|2269|2271|2278|2290|2295|2299|2308|2311|2318|2322|2346|2351|2352|2367|2369|2373|2377|2382|2383|2397|2404|2412|2422|2432|2445|2456|2461|2466|2470|2471|2472|2475|2476|2483|2488|2492|2498|2499
Dunnhumby,day 438,2,M0,4|7|8|10|13|14|19|22|28|29|32|40|43|52|56|57|60|62|63|66|70|77|78|79|94|95|99|102|109|113|116|117|119|128|137|145|149|150|157|162|170|174|177|178|181|182|184|185|194|197|198|204|206|214|220|222|226|229|236|243|253|259|260|261|270|272|285|287|291|294|299|310|314|316|320|322|323|328|332|336|344|347|351|352|354|366|369|373|376|383|386|390|393|400|402|406|408|412|415|416|422|426|432|433|435|437|438|441|452|464|474|481|486|491|492|495|499|506|510|521|525|526|531|532|535|563|565|566|574|584|586|587|595|614|617|621|628|636|643|644|646|655|657|660|662|674|678|679|684|687|693|694|695|699|701|709|717|733|747|759|769|779|782|785|795|797|800|803|814|815|823|825|829|830|838|841|844|858|860|866|871|877|878|883|899|900|902|914|915|923|947|950|953|956|957|958|963|980|986|994|995|1007|1008|1013|1018|1019|1024|1025|1026|1029|1034|1044|1050|1052|1063|1064|1065|1068|1079|1081|1084|1088|1090|1093|1094|1103|1111|1125|1127|1132|1133|1140|1143|1148|1153|1161|1163|1164|1165|1170|1174|1184|1193|1202|1205|1216|1226|1228|1241|1247|1250|1253|1256|1260|1267|1274|1279|1285|1299|1302|1305|1310|1312|1313|1314|1317|1318|1321|1324|1325|1326|1329|1335|1339|1343|1353|1356|1359|1362|1369|1373|1374|1389|1402|1405|1409|1419|1447|1448|1449|1457|1460|1468|1475|1477|1479|1482|1485|1487|1489|1498|1504|1507|1511|1512|1513|1516|1523|1526|1527|1529|1531|1541|1546|1549|1551|1559|1572|1600|1603|1605|1608|1613|1617|1623|1625|1636|1646|1648|1651|1654|1664|1672|1684|1688|1689|1691|1694|1706|1716|1723|1730|1739|1747|1755|1756|1763|1765|1773|1774|1779|1795|1799|1809|1821|1822|1824|1826|1829|1830|1834|1837|1841|1842|1843|1845|1850|1852|1854|1857|1861|1863|1870|1871|1878|1887|1889|1900|1906|1908|1917|1921|1926|1930|1933|1934|1939|1951|1953|1955|1958|1961|1967|1975|1976|1987|1994|1999|2004|2005|2010|2016|2018|2019|2020|2023|2027|2031|2033|2044|2055|2062|2068|2071|2077|2084|2089|2090|2095|2102|2103|2113|2118|2122|2128|2135|2142|2151|2158|2162|2171|2173|2174|2177|2182|2184|2199|2206|2208|2211|2212|2214|2215|2224|2226|2230|2233|2238|2241|2243|2244|2245|2248|2260|2263|2266|2270|2273|2276|2288|2297|2300|2313|2319|2326|2329|2335|2339|2341|2347|2353|2356|2360|2362|2366|2371|2375|2378|2384|2385|2388|2390|2391|2393|2396|2406|2411|2417|2420|2424|2431|2436|2438|2439|2440|2443|2454|2468|2484|2496
Dunnhumby,day 438,2,M1,4|7|8|10|13|14|19|22|28|29|32|40|43|52|56|57|60|62|63|66|70|77|78|79|94|95|99|102|109|113|116|117|119|128|137|145|149|150|157|162|170|174|177|178|181|182|184|185|194|197|198|204|206|214|220|222|226|229|236|243|253|259|260|261|270|272|285|287|291|294|299|310|314|316|320|322|323|328|332|336|344|347|351|352|354|366|369|373|376|383|386|390|393|400|402|406|408|412|415|416|422|426|432|433|435|437|438|441|452|464|474|481|486|491|492|495|499|506|510|521|525|526|531|532|535|563|565|566|574|584|586|587|595|614|617|621|628|636|643|644|646|655|657|660|662|674|678|679|684|687|693|694|695|699|701|709|717|733|747|759|769|779|782|785|795|797|800|803|814|815|823|825|829|830|838|841|844|858|860|866|871|877|878|883|899|900|902|914|915|923|947|950|953|956|957|958|963|980|986|994|995|1007|1008|1013|1018|1019|1024|1025|1026|1029|1034|1044|1050|1052|1063|1064|1065|1068|1079|1081|1084|1088|1090|1093|1094|1103|1111|1125|1127|1132|1133|1140|1143|1148|1153|1161|1163|1164|1165|1170|1174|1184|1193|1202|1205|1216|1226|1228|1241|1247|1250|1253|1256|1260|1267|1274|1279|1285|1299|1302|1305|1310|1312|1313|1314|1317|1318|1321|1324|1325|1326|1329|1335|1339|1343|1353|1356|1359|1362|1369|1373|1374|1389|1402|1405|1409|1419|1447|1448|1449|1457|1460|1468|1475|1477|1479|1482|1485|1487|1489|1498|1504|1507|1511|1512|1513|1516|1523|1526|1527|1529|1531|1541|1546|1549|1551|1559|1572|1600|1603|1605|1608|1613|1617|1623|1625|1636|1646|1648|1651|1654|1664|1672|1684|1688|1689|1691|1694|1706|1716|1723|1730|1739|1747|1755|1756|1763|1765|1773|1774|1779|1795|1799|1809|1821|1822|1824|1826|1829|1830|1834|1837|1841|1842|1843|1845|1850|1852|1854|1857|1861|1863|1870|1871|1878|1887|1889|1900|1906|1908|1917|1921|1926|1930|1933|1934|1939|1951|1953|1955|1958|1961|1967|1975|1976|1987|1994|1999|2004|2005|2010|2016|2018|2019|2020|2023|2027|2031|2033|2044|2055|2062|2068|2071|2077|2084|2089|2090|2095|2102|2103|2113|2118|2122|2128|2135|2142|2151|2158|2162|2171|2173|2174|2177|2182|2184|2199|2206|2208|2211|2212|2214|2215|2224|2226|2230|2233|2238|2241|2243|2244|2245|2248|2260|2263|2266|2270|2273|2276|2288|2297|2300|2313|2319|2326|2329|2335|2339|2341|2347|2353|2356|2360|2362|2366|2371|2375|2378|2384|2385|2388|2390|2391|2393|2396|2406|2411|2417|2420|2424|2431|2436|2438|2439|2440|2443|2454|2468|2484|2496
Dunnhumby,day 438,2,M2,4|7|8|10|13|14|19|22|28|29|32|40|43|52|56|57|60|62|63|66|70|77|78|79|94|95|99|102|109|113|116|117|119|128|137|145|149|150|157|162|170|174|177|178|181|182|184|185|194|197|198|204|206|214|220|222|226|229|236|243|253|259|260|261|270|272|285|287|291|294|299|310|314|316|320|322|323|328|332|336|344|347|351|352|354|366|369|373|376|383|386|390|393|400|402|406|408|412|415|416|422|426|432|433|435|437|438|441|452|464|474|481|486|491|492|495|499|506|510|521|525|526|531|532|535|563|565|566|574|584|586|587|595|614|617|621|628|636|643|644|646|655|657|660|662|674|678|679|684|687|693|694|695|699|701|709|717|733|747|759|769|779|782|785|795|797|800|803|814|815|823|825|829|830|838|841|844|858|860|866|871|877|878|883|899|900|902|914|915|923|947|950|953|956|957|958|963|980|986|994|995|1007|1008|1013|1018|1019|1024|1025|1026|1029|1034|1044|1050|1052|1063|1064|1065|1068|1079|1081|1084|1088|1090|1093|1094|1103|1111|1125|1127|1132|1133|1140|1143|1148|1153|1161|1163|1164|1165|1170|1174|1184|1193|1202|1205|1216|1226|1228|1241|1247|1250|1253|1256|1260|1267|1274|1279|1285|1299|1302|1305|1310|1312|1313|1314|1317|1318|1321|1324|1325|1326|1329|1335|1339|1343|1353|1356|1359|1362|1369|1373|1374|1389|1402|1405|1409|1419|1447|1448|1449|1457|1460|1468|1475|1477|1479|1482|1485|1487|1489|1498|1504|1507|1511|1512|1513|1516|1523|1526|1527|1529|1531|1541|1546|1549|1551|1559|1572|1600|1603|1605|1608|1613|1617|1623|1625|1636|1646|1648|1651|1654|1664|1672|1684|1688|1689|1691|1694|1706|1716|1723|1730|1739|1747|1755|1756|1763|1765|1773|1774|1779|1795|1799|1809|1821|1822|1824|1826|1829|1830|1834|1837|1841|1842|1843|1845|1850|1852|1854|1857|1861|1863|1870|1871|1878|1887|1889|1900|1906|1908|1917|1921|1926|1930|1933|1934|1939|1951|1953|1955|1958|1961|1967|1975|1976|1987|1994|1999|2004|2005|2010|2016|2018|2019|2020|2023|2027|2031|2033|2044|2055|2062|2068|2071|2077|2084|2089|2090|2095|2102|2103|2113|2118|2122|2128|2135|2142|2151|2158|2162|2171|2173|2174|2177|2182|2184|2199|2206|2208|2211|2212|2214|2215|2224|2226|2230|2233|2238|2241|2243|2244|2245|2248|2260|2263|2266|2270|2273|2276|2288|2297|2300|2313|2319|2326|2329|2335|2339|2341|2347|2353|2356|2360|2362|2366|2371|2375|2378|2384|2385|2388|2390|2391|2393|2396|2406|2411|2417|2420|2424|2431|2436|2438|2439|2440|2443|2454|2468|2484|2496
Dunnhumby,day 438,2,M3,4|7|8|10|13|14|19|22|28|29|32|40|43|52|56|57|60|62|63|66|70|77|78|79|94|95|99|102|109|113|116|117|119|128|137|145|149|150|157|162|170|174|177|178|181|182|184|185|194|197|198|204|206|214|220|222|226|229|236|243|253|259|260|261|270|272|285|287|291|294|299|310|314|316|320|322|323|328|332|336|344|347|351|352|354|366|369|373|376|383|386|390|393|400|402|406|408|412|415|416|422|426|432|433|435|437|438|441|452|464|474|481|486|491|492|495|499|506|510|521|525|526|531|532|535|563|565|566|574|584|586|587|595|614|617|621|628|636|643|644|646|655|657|660|662|674|678|679|684|687|693|694|695|699|701|709|717|733|747|759|769|779|782|785|795|797|800|803|814|815|823|825|829|830|838|841|844|858|860|866|871|877|878|883|899|900|902|914|915|923|947|950|953|956|957|958|963|980|986|994|995|1007|1008|1013|1018|1019|1024|1025|1026|1029|1034|1044|1050|1052|1063|1064|1065|1068|1079|1081|1084|1088|1090|1093|1094|1103|1111|1125|1127|1132|1133|1140|1143|1148|1153|1161|1163|1164|1165|1170|1174|1184|1193|1202|1205|1216|1226|1228|1241|1247|1250|1253|1256|1260|1267|1274|1279|1285|1299|1302|1305|1310|1312|1313|1314|1317|1318|1321|1324|1325|1326|1329|1335|1339|1343|1353|1356|1359|1362|1369|1373|1374|1389|1402|1405|1409|1419|1447|1448|1449|1457|1460|1468|1475|1477|1479|1482|1485|1487|1489|1498|1504|1507|1511|1512|1513|1516|1523|1526|1527|1529|1531|1541|1546|1549|1551|1559|1572|1600|1603|1605|1608|1613|1617|1623|1625|1636|1646|1648|1651|1654|1664|1672|1684|1688|1689|1691|1694|1706|1716|1723|1730|1739|1747|1755|1756|1763|1765|1773|1774|1779|1795|1799|1809|1821|1822|1824|1826|1829|1830|1834|1837|1841|1842|1843|1845|1850|1852|1854|1857|1861|1863|1870|1871|1878|1887|1889|1900|1906|1908|1917|1921|1926|1930|1933|1934|1939|1951|1953|1955|1958|1961|1967|1975|1976|1987|1994|1999|2004|2005|2010|2016|2018|2019|2020|2023|2027|2031|2033|2044|2055|2062|2068|2071|2077|2084|2089|2090|2095|2102|2103|2113|2118|2122|2128|2135|2142|2151|2158|2162|2171|2173|2174|2177|2182|2184|2199|2206|2208|2211|2212|2214|2215|2224|2226|2230|2233|2238|2241|2243|2244|2245|2248|2260|2263|2266|2270|2273|2276|2288|2297|2300|2313|2319|2326|2329|2335|2339|2341|2347|2353|2356|2360|2362|2366|2371|2375|2378|2384|2385|2388|2390|2391|2393|2396|2406|2411|2417|2420|2424|2431|2436|2438|2439|2440|2443|2454|2468|2484|2496
Dunnhumby,day 438,3,M0,26|27|39|47|73|76|81|84|87|88|92|98|103|121|123|124|127|130|144|148|152|153|155|165|169|175|176|183|186|202|209|215|219|225|238|239|241|245|246|262|264|279|280|282|300|302|305|312|315|324|331|338|345|348|356|361|362|364|368|371|378|380|381|387|388|396|398|399|404|405|407|413|419|425|436|447|450|451|455|457|461|465|467|473|476|477|480|482|483|487|488|493|496|500|502|508|512|522|523|530|534|538|539|540|546|549|553|560|562|568|570|571|572|578|583|588|589|590|591|603|604|605|609|611|620|629|635|639|652|654|656|658|664|667|669|670|677|686|691|692|704|707|712|713|714|723|727|731|737|739|741|742|744|752|761|768|773|775|781|783|784|786|787|798|799|809|816|818|826|827|837|842|854|855|861|864|870|879|886|889|896|897|904|906|912|913|916|917|919|920|921|930|933|940|941|942|943|944|946|948|954|959|964|965|966|969|974|979|984|991|992|1000|1003|1009|1016|1022|1035|1038|1055|1057|1060|1067|1072|1085|1099|1107|1108|1121|1134|1135|1136|1138|1150|1151|1162|1167|1171|1172|1185|1187|1194|1195|1203|1208|1225|1234|1248|1251|1252|1255|1258|1269|1271|1272|1273|1275|1286|1287|1298|1303|1311|1315|1316|1319|1327|1348|1350|1352|1367|1368|1375|1382|1396|1398|1400|1401|1404|1406|1408|1411|1418|1422|1428|1441|1450|1462|1463|1471|1474|1484|1490|1495|1502|1503|1505|1508|1515|1517|1520|1522|1525|1534|1535|1537|1547|1554|1567|1568|1570|1577|1578|1579|1581|1585|1590|1596|1611|1612|1616|1620|1621|1624|1634|1639|1647|1650|1653|1673|1674|1675|1677|1678|1680|1683|1685|1695|1698|1710|1717|1720|1731|1737|1743|1746|1754|1760|1769|1770|1778|1780|1781|1783|1788|1793|1794|1800|1807|1808|1823|1836|1839|1847|1848|1869|1872|1874|1877|1884|1898|1902|1907|1910|1912|1913|1928|1931|1937|1938|1940|1941|1944|1949|1954|1959|1960|1963|1965|1966|1968|1970|1972|1973|1979|1981|1986|1988|2006|2012|2013|2014|2015|2017|2021|2028|2029|2040|2043|2051|2070|2072|2076|2080|2083|2087|2097|2099|2106|2120|2129|2131|2132|2140|2145|2147|2149|2152|2153|2154|2159|2163|2166|2170|2175|2178|2179|2185|2192|2193|2195|2197|2198|2200|2207|2209|2217|2225|2234|2255|2275|2277|2280|2284|2285|2287|2292|2293|2301|2304|2305|2306|2312|2315|2320|2323|2324|2327|2330|2333|2334|2349|2355|2358|2359|2363|2365|2368|2370|2376|2386|2387|2399|2409|2414|2415|2421|2427|2428|2430|2435|2444|2449|2457|2458|2473|2489|2493|2494|2497|2500
Dunnhumby,day 438,3,M1,26|27|39|47|73|76|81|84|87|88|92|98|103|121|123|124|127|130|144|148|152|153|155|165|169|175|176|183|186|202|209|215|219|225|238|239|241|245|246|262|264|279|280|282|300|302|305|312|315|324|331|338|345|348|356|361|362|364|368|371|378|380|381|387|388|396|398|399|404|405|407|413|419|425|436|447|450|451|455|457|461|465|467|473|476|477|480|482|483|487|488|493|496|500|502|508|512|522|523|530|534|538|539|540|546|549|553|560|562|568|570|571|572|578|583|588|589|590|591|603|604|605|609|611|620|629|635|639|652|654|656|658|664|667|669|670|677|686|691|692|704|707|712|713|714|723|727|731|737|739|741|742|744|752|761|768|773|775|781|783|784|786|787|798|799|809|816|818|826|827|837|842|854|855|861|864|870|879|886|889|896|897|904|906|912|913|916|917|919|920|921|930|933|940|941|942|943|944|946|948|954|959|964|965|966|969|974|979|984|991|992|1000|1003|1009|1016|1022|1035|1038|1055|1057|1060|1067|1072|1085|1099|1107|1108|1121|1134|1135|1136|1138|1150|1151|1162|1167|1171|1172|1185|1187|1194|1195|1203|1208|1225|1234|1248|1251|1252|1255|1258|1269|1271|1272|1273|1275|1286|1287|1298|1303|1311|1315|1316|1319|1327|1348|1350|1352|1367|1368|1375|1382|1396|1398|1400|1401|1404|1406|1408|1411|1418|1422|1428|1441|1450|1462|1463|1471|1474|1484|1490|1495|1502|1503|1505|1508|1515|1517|1520|1522|1525|1534|1535|1537|1547|1554|1567|1568|1570|1577|1578|1579|1581|1585|1590|1596|1611|1612|1616|1620|1621|1624|1634|1639|1647|1650|1653|1673|1674|1675|1677|1678|1680|1683|1685|1695|1698|1710|1717|1720|1731|1737|1743|1746|1754|1760|1769|1770|1778|1780|1781|1783|1788|1793|1794|1800|1807|1808|1823|1836|1839|1847|1848|1869|1872|1874|1877|1884|1898|1902|1907|1910|1912|1913|1928|1931|1937|1938|1940|1941|1944|1949|1954|1959|1960|1963|1965|1966|1968|1970|1972|1973|1979|1981|1986|1988|2006|2012|2013|2014|2015|2017|2021|2028|2029|2040|2043|2051|2070|2072|2076|2080|2083|2087|2097|2099|2106|2120|2129|2131|2132|2140|2145|2147|2149|2152|2153|2154|2159|2163|2166|2170|2175|2178|2179|2185|2192|2193|2195|2197|2198|2200|2207|2209|2217|2225|2234|2255|2275|2277|2280|2284|2285|2287|2292|2293|2301|2304|2305|2306|2312|2315|2320|2323|2324|2327|2330|2333|2334|2349|2355|2358|2359|2363|2365|2368|2370|2376|2386|2387|2399|2409|2414|2415|2421|2427|2428|2430|2435|2444|2449|2457|2458|2473|2489|2493|2494|2497|2500
Dunnhumby,day 438,3,M2,26|27|39|47|73|76|81|84|87|88|92|98|103|121|123|124|127|130|144|148|152|153|155|165|169|175|176|183|186|202|209|215|219|225|238|239|241|245|246|262|264|279|280|282|300|302|305|312|315|324|331|338|345|348|356|361|362|364|368|371|378|380|381|387|388|396|398|399|404|405|407|413|419|425|436|447|450|451|455|457|461|465|467|473|476|477|480|482|483|487|488|493|496|500|502|508|512|522|523|530|534|538|539|540|546|549|553|560|562|568|570|571|572|578|583|588|589|590|591|603|604|605|609|611|620|629|635|639|652|654|656|658|664|667|669|670|677|686|691|692|704|707|712|713|714|723|727|731|737|739|741|742|744|752|761|768|773|775|781|783|784|786|787|798|799|809|816|818|826|827|837|842|854|855|861|864|870|879|886|889|896|897|904|906|912|913|916|917|919|920|921|930|933|940|941|942|943|944|946|948|954|959|964|965|966|969|974|979|984|991|992|1000|1003|1009|1016|1022|1035|1038|1055|1057|1060|1067|1072|1085|1099|1107|1108|1121|1134|1135|1136|1138|1150|1151|1162|1167|1171|1172|1185|1187|1194|1195|1203|1208|1225|1234|1248|1251|1252|1255|1258|1269|1271|1272|1273|1275|1286|1287|1298|1303|1311|1315|1316|1319|1327|1348|1350|1352|1367|1368|1375|1382|1396|1398|1400|1401|1404|1406|1408|1411|1418|1422|1428|1441|1450|1462|1463|1471|1474|1484|1490|1495|1502|1503|1505|1508|1515|1517|1520|1522|1525|1534|1535|1537|1547|1554|1567|1568|1570|1577|1578|1579|1581|1585|1590|1596|1611|1612|1616|1620|1621|1624|1634|1639|1647|1650|1653|1673|1674|1675|1677|1678|1680|1683|1685|1695|1698|1710|1717|1720|1731|1737|1743|1746|1754|1760|1769|1770|1778|1780|1781|1783|1788|1793|1794|1800|1807|1808|1823|1836|1839|1847|1848|1869|1872|1874|1877|1884|1898|1902|1907|1910|1912|1913|1928|1931|1937|1938|1940|1941|1944|1949|1954|1959|1960|1963|1965|1966|1968|1970|1972|1973|1979|1981|1986|1988|2006|2012|2013|2014|2015|2017|2021|2028|2029|2040|2043|2051|2070|2072|2076|2080|2083|2087|2097|2099|2106|2120|2129|2131|2132|2140|2145|2147|2149|2152|2153|2154|2159|2163|2166|2170|2175|2178|2179|2185|2192|2193|2195|2197|2198|2200|2207|2209|2217|2225|2234|2255|2275|2277|2280|2284|2285|2287|2292|2293|2301|2304|2305|2306|2312|2315|2320|2323|2324|2327|2330|2333|2334|2349|2355|2358|2359|2363|2365|2368|2370|2376|2386|2387|2399|2409|2414|2415|2421|2427|2428|2430|2435|2444|2449|2457|2458|2473|2489|2493|2494|2497|2500
Dunnhumby,day 438,3,M3,26|27|39|47|73|76|81|84|87|88|92|98|103|121|123|124|127|130|144|148|152|153|155|165|169|175|176|183|186|202|209|215|219|225|238|239|241|245|246|262|264|279|280|282|300|302|305|312|315|324|331|338|345|348|356|361|362|364|368|371|378|380|381|387|388|396|398|399|404|405|407|413|419|425|436|447|450|451|455|457|461|465|467|473|476|477|480|482|483|487|488|493|496|500|502|508|512|522|523|530|534|538|539|540|546|549|553|560|562|568|570|571|572|578|583|588|589|590|591|603|604|605|609|611|620|629|635|639|652|654|656|658|664|667|669|670|677|686|691|692|704|707|712|713|714|723|727|731|737|739|741|742|744|752|761|768|773|775|781|783|784|786|787|798|799|809|816|818|826|827|837|842|854|855|861|864|870|879|886|889|896|897|904|906|912|913|916|917|919|920|921|930|933|940|941|942|943|944|946|948|954|959|964|965|966|969|974|979|984|991|992|1000|1003|1009|1016|1022|1035|1038|1055|1057|1060|1067|1072|1085|1099|1107|1108|1121|1134|1135|1136|1138|1150|1151|1162|1167|1171|1172|1185|1187|1194|1195|1203|1208|1225|1234|1248|1251|1252|1255|1258|1269|1271|1272|1273|1275|1286|1287|1298|1303|1311|1315|1316|1319|1327|1348|1350|1352|1367|1368|1375|1382|1396|1398|1400|1401|1404|1406|1408|1411|1418|1422|1428|1441|1450|1462|1463|1471|1474|1484|1490|1495|1502|1503|1505|1508|1515|1517|1520|1522|1525|1534|1535|1537|1547|1554|1567|1568|1570|1577|1578|1579|1581|1585|1590|1596|1611|1612|1616|1620|1621|1624|1634|1639|1647|1650|1653|1673|1674|1675|1677|1678|1680|1683|1685|1695|1698|1710|1717|1720|1731|1737|1743|1746|1754|1760|1769|1770|1778|1780|1781|1783|1788|1793|1794|1800|1807|1808|1823|1836|1839|1847|1848|1869|1872|1874|1877|1884|1898|1902|1907|1910|1912|1913|1928|1931|1937|1938|1940|1941|1944|1949|1954|1959|1960|1963|1965|1966|1968|1970|1972|1973|1979|1981|1986|1988|2006|2012|2013|2014|2015|2017|2021|2028|2029|2040|2043|2051|2070|2072|2076|2080|2083|2087|2097|2099|2106|2120|2129|2131|2132|2140|2145|2147|2149|2152|2153|2154|2159|2163|2166|2170|2175|2178|2179|2185|2192|2193|2195|2197|2198|2200|2207|2209|2217|2225|2234|2255|2275|2277|2280|2284|2285|2287|2292|2293|2301|2304|2305|2306|2312|2315|2320|2323|2324|2327|2330|2333|2334|2349|2355|2358|2359|2363|2365|2368|2370|2376|2386|2387|2399|2409|2414|2415|2421|2427|2428|2430|2435|2444|2449|2457|2458|2473|2489|2493|2494|2497|2500
Dunnhumby,day 438,4,M0,1|6|9|15|23|34|41|45|46|48|49|55|61|68|71|72|75|85|90|105|115|118|132|135|136|139|140|141|143|146|151|160|168|179|180|187|188|192|199|201|217|224|237|247|250|251|258|263|269|278|283|286|304|311|317|319|350|363|365|367|379|384|394|414|423|427|442|443|453|458|468|469|475|479|485|498|504|505|511|515|517|524|527|528|533|541|542|543|547|548|551|555|557|559|561|580|585|592|593|606|612|615|618|619|624|637|641|642|647|649|651|659|665|671|682|683|696|697|702|703|710|711|715|716|722|726|740|751|753|754|764|766|770|772|776|778|789|790|791|801|805|808|810|813|817|819|831|834|840|849|852|862|863|867|868|872|873|874|876|884|894|905|907|909|927|928|929|931|936|945|949|970|971|973|975|978|981|983|987|997|999|1001|1002|1004|1011|1020|1021|1027|1032|1036|1041|1042|1045|1046|1054|1056|1059|1066|1070|1071|1075|1078|1080|1095|1096|1097|1109|1110|1112|1116|1117|1120|1142|1146|1147|1152|1168|1169|1177|1179|1186|1188|1190|1191|1192|1206|1209|1211|1218|1219|1229|1232|1235|1236|1237|1238|1240|1244|1259|1261|1262|1264|1270|1277|1278|1281|1284|1289|1293|1295|1296|1322|1328|1336|1342|1345|1351|1354|1358|1361|1363|1364|1365|1378|1379|1384|1386|1387|1392|1413|1417|1421|1426|1430|1435|1436|1438|1440|1445|1446|1454|1455|1459|1464|1469|1470|1473|1480|1483|1499|1500|1510|1524|1528|1532|1539|1540|1542|1543|1550|1561|1562|1565|1575|1576|1593|1594|1606|1607|1610|1614|1615|1622|1627|1628|1629|1630|1635|1644|1652|1655|1658|1665|1679|1692|1697|1711|1721|1726|1727|1728|1732|1738|1741|1742|1750|1751|1752|1757|1758|1764|1777|1785|1792|1797|1798|1803|1810|1811|1813|1815|1818|1820|1827|1838|1844|1849|1851|1853|1855|1862|1864|1866|1868|1879|1883|1888|1891|1892|1896|1901|1904|1916|1918|1922|1925|1935|1942|1943|1948|1950|1964|1977|1983|1993|1998|2000|2008|2022|2024|2032|2037|2038|2039|2041|2042|2050|2054|2063|2064|2066|2069|2075|2078|2081|2088|2094|2104|2105|2107|2108|2110|2121|2123|2124|2137|2146|2155|2161|2168|2172|2183|2186|2189|2190|2191|2194|2201|2216|2232|2235|2239|2242|2250|2251|2253|2254|2256|2264|2265|2282|2289|2294|2296|2298|2307|2310|2314|2316|2317|2321|2328|2332|2340|2342|2345|2348|2350|2354|2357|2361|2372|2379|2380|2392|2395|2401|2402|2403|2405|2407|2410|2413|2418|2423|2425|2429|2433|2437|2441|2442|2447|2450|2453|2462|2463|2464|2465|2467|2477|2478|2480|2481|2482|2485|2486|2487|2490|2491
Dunnhumby,day 438,4,M1,1|6|9|15|23|34|41|45|46|48|49|55|61|68|71|72|75|85|90|105|115|118|132|135|136|139|140|141|143|146|151|160|168|179|180|187|188|192|199|201|217|224|237|247|250|251|258|263|269|278|283|286|304|311|317|319|350|363|365|367|379|384|394|414|423|427|442|443|453|458|468|469|475|479|485|498|504|505|511|515|517|524|527|528|533|541|542|543|547|548|551|555|557|559|561|580|585|592|593|606|612|615|618|619|624|637|641|642|647|649|651|659|665|671|682|683|696|697|702|703|710|711|715|716|722|726|740|751|753|754|764|766|770|772|776|778|789|790|791|801|805|808|810|813|817|819|831|834|840|849|852|862|863|867|868|872|873|874|876|884|894|905|907|909|927|928|929|931|936|945|949|970|971|973|975|978|981|983|987|997|999|1001|1002|1004|1011|1020|1021|1027|1032|1036|1041|1042|1045|1046|1054|1056|1059|1066|1070|1071|1075|1078|1080|1095|1096|1097|1109|1110|1112|1116|1117|1120|1142|1146|1147|1152|1168|1169|1177|1179|1186|1188|1190|1191|1192|1206|1209|1211|1218|1219|1229|1232|1235|1236|1237|1238|1240|1244|1259|1261|1262|1264|1270|1277|1278|1281|1284|1289|1293|1295|1296|1322|1328|1336|1342|1345|1351|1354|1358|1361|1363|1364|1365|1378|1379|1384|1386|1387|1392|1413|1417|1421|1426|1430|1435|1436|1438|1440|1445|1446|1454|1455|1459|1464|1469|1470|1473|1480|1483|1499|1500|1510|1524|1528|1532|1539|1540|1542|1543|1550|1561|1562|1565|1575|1576|1593|1594|1606|1607|1610|1614|1615|1622|1627|1628|1629|1630|1635|1644|1652|1655|1658|1665|1679|1692|1697|1711|1721|1726|1727|1728|1732|1738|1741|1742|1750|1751|1752|1757|1758|1764|1777|1785|1792|1797|1798|1803|1810|1811|1813|1815|1818|1820|1827|1838|1844|1849|1851|1853|1855|1862|1864|1866|1868|1879|1883|1888|1891|1892|1896|1901|1904|1916|1918|1922|1925|1935|1942|1943|1948|1950|1964|1977|1983|1993|1998|2000|2008|2022|2024|2032|2037|2038|2039|2041|2042|2050|2054|2063|2064|2066|2069|2075|2078|2081|2088|2094|2104|2105|2107|2108|2110|2121|2123|2124|2137|2146|2155|2161|2168|2172|2183|2186|2189|2190|2191|2194|2201|2216|2232|2235|2239|2242|2250|2251|2253|2254|2256|2264|2265|2282|2289|2294|2296|2298|2307|2310|2314|2316|2317|2321|2328|2332|2340|2342|2345|2348|2350|2354|2357|2361|2372|2379|2380|2392|2395|2401|2402|2403|2405|2407|2410|2413|2418|2423|2425|2429|2433|2437|2441|2442|2447|2450|2453|2462|2463|2464|2465|2467|2477|2478|2480|2481|2482|2485|2486|2487|2490|2491
Dunnhumby,day 438,4,M2,1|6|9|15|23|34|41|45|46|48|49|55|61|68|71|72|75|85|90|105|115|118|132|135|136|139|140|141|143|146|151|160|168|179|180|187|188|192|199|201|217|224|237|247|250|251|258|263|269|278|283|286|304|311|317|319|350|363|365|367|379|384|394|414|423|427|442|443|453|458|468|469|475|479|485|498|504|505|511|515|517|524|527|528|533|541|542|543|547|548|551|555|557|559|561|580|585|592|593|606|612|615|618|619|624|637|641|642|647|649|651|659|665|671|682|683|696|697|702|703|710|711|715|716|722|726|740|751|753|754|764|766|770|772|776|778|789|790|791|801|805|808|810|813|817|819|831|834|840|849|852|862|863|867|868|872|873|874|876|884|894|905|907|909|927|928|929|931|936|945|949|970|971|973|975|978|981|983|987|997|999|1001|1002|1004|1011|1020|1021|1027|1032|1036|1041|1042|1045|1046|1054|1056|1059|1066|1070|1071|1075|1078|1080|1095|1096|1097|1109|1110|1112|1116|1117|1120|1142|1146|1147|1152|1168|1169|1177|1179|1186|1188|1190|1191|1192|1206|1209|1211|1218|1219|1229|1232|1235|1236|1237|1238|1240|1244|1259|1261|1262|1264|1270|1277|1278|1281|1284|1289|1293|1295|1296|1322|1328|1336|1342|1345|1351|1354|1358|1361|1363|1364|1365|1378|1379|1384|1386|1387|1392|1413|1417|1421|1426|1430|1435|1436|1438|1440|1445|1446|1454|1455|1459|1464|1469|1470|1473|1480|1483|1499|1500|1510|1524|1528|1532|1539|1540|1542|1543|1550|1561|1562|1565|1575|1576|1593|1594|1606|1607|1610|1614|1615|1622|1627|1628|1629|1630|1635|1644|1652|1655|1658|1665|1679|1692|1697|1711|1721|1726|1727|1728|1732|1738|1741|1742|1750|1751|1752|1757|1758|1764|1777|1785|1792|1797|1798|1803|1810|1811|1813|1815|1818|1820|1827|1838|1844|1849|1851|1853|1855|1862|1864|1866|1868|1879|1883|1888|1891|1892|1896|1901|1904|1916|1918|1922|1925|1935|1942|1943|1948|1950|1964|1977|1983|1993|1998|2000|2008|2022|2024|2032|2037|2038|2039|2041|2042|2050|2054|2063|2064|2066|2069|2075|2078|2081|2088|2094|2104|2105|2107|2108|2110|2121|2123|2124|2137|2146|2155|2161|2168|2172|2183|2186|2189|2190|2191|2194|2201|2216|2232|2235|2239|2242|2250|2251|2253|2254|2256|2264|2265|2282|2289|2294|2296|2298|2307|2310|2314|2316|2317|2321|2328|2332|2340|2342|2345|2348|2350|2354|2357|2361|2372|2379|2380|2392|2395|2401|2402|2403|2405|2407|2410|2413|2418|2423|2425|2429|2433|2437|2441|2442|2447|2450|2453|2462|2463|2464|2465|2467|2477|2478|2480|2481|2482|2485|2486|2487|2490|2491
Dunnhumby,day 438,4,M3,1|6|9|15|23|34|41|45|46|48|49|55|61|68|71|72|75|85|90|105|115|118|132|135|136|139|140|141|143|146|151|160|168|179|180|187|188|192|199|201|217|224|237|247|250|251|258|263|269|278|283|286|304|311|317|319|350|363|365|367|379|384|394|414|423|427|442|443|453|458|468|469|475|479|485|498|504|505|511|515|517|524|527|528|533|541|542|543|547|548|551|555|557|559|561|580|585|592|593|606|612|615|618|619|624|637|641|642|647|649|651|659|665|671|682|683|696|697|702|703|710|711|715|716|722|726|740|751|753|754|764|766|770|772|776|778|789|790|791|801|805|808|810|813|817|819|831|834|840|849|852|862|863|867|868|872|873|874|876|884|894|905|907|909|927|928|929|931|936|945|949|970|971|973|975|978|981|983|987|997|999|1001|1002|1004|1011|1020|1021|1027|1032|1036|1041|1042|1045|1046|1054|1056|1059|1066|1070|1071|1075|1078|1080|1095|1096|1097|1109|1110|1112|1116|1117|1120|1142|1146|1147|1152|1168|1169|1177|1179|1186|1188|1190|1191|1192|1206|1209|1211|1218|1219|1229|1232|1235|1236|1237|1238|1240|1244|1259|1261|1262|1264|1270|1277|1278|1281|1284|1289|1293|1295|1296|1322|1328|1336|1342|1345|1351|1354|1358|1361|1363|1364|1365|1378|1379|1384|1386|1387|1392|1413|1417|1421|1426|1430|1435|1436|1438|1440|1445|1446|1454|1455|1459|1464|1469|1470|1473|1480|1483|1499|1500|1510|1524|1528|1532|1539|1540|1542|1543|1550|1561|1562|1565|1575|1576|1593|1594|1606|1607|1610|1614|1615|1622|1627|1628|1629|1630|1635|1644|1652|1655|1658|1665|1679|1692|1697|1711|1721|1726|1727|1728|1732|1738|1741|1742|1750|1751|1752|1757|1758|1764|1777|1785|1792|1797|1798|1803|1810|1811|1813|1815|1818|1820|1827|1838|1844|1849|1851|1853|1855|1862|1864|1866|1868|1879|1883|1888|1891|1892|1896|1901|1904|1916|1918|1922|1925|1935|1942|1943|1948|1950|1964|1977|1983|1993|1998|2000|2008|2022|2024|2032|2037|2038|2039|2041|2042|2050|2054|2063|2064|2066|2069|2075|2078|2081|2088|2094|2104|2105|2107|2108|2110|2121|2123|2124|2137|2146|2155|2161|2168|2172|2183|2186|2189|2190|2191|2194|2201|2216|2232|2235|2239|2242|2250|2251|2253|2254|2256|2264|2265|2282|2289|2294|2296|2298|2307|2310|2314|2316|2317|2321|2328|2332|2340|2342|2345|2348|2350|2354|2357|2361|2372|2379|2380|2392|2395|2401|2402|2403|2405|2407|2410|2413|2418|2423|2425|2429|2433|2437|2441|2442|2447|2450|2453|2462|2463|2464|2465|2467|2477|2478|2480|2481|2482|2485|2486|2487|2490|2491
Dunnhumby,day 529,0,M0,11|14|23|26|32|37|43|52|55|56|70|72|73|78|91|96|99|103|107|111|112|114|115|116|118|125|136|143|152|161|164|166|167|170|176|194|197|200|208|212|223|226|227|229|233|236|237|238|258|260|261|262|263|275|280|281|284|299|316|329|333|334|337|340|341|342|346|348|349|350|351|356|359|363|372|378|379|381|382|385|389|398|404|408|416|417|418|423|424|426|434|435|436|440|464|474|476|482|488|493|501|505|507|514|517|520|523|524|534|542|550|558|561|563|574|583|584|586|589|603|604|605|608|625|626|637|645|647|657|667|669|672|678|687|692|696|705|713|715|726|727|732|735|737|743|754|757|762|768|770|771|780|784|787|797|801|802|805|811|817|822|833|835|839|846|847|850|855|857|864|869|888|893|896|898|899|900|901|903|906|915|925|929|931|939|944|948|960|964|969|970|975|976|979|984|989|992|996|998|1005|1007|1014|1019|1024|1026|1028|1035|1036|1037|1043|1047|1049|1053|1060|1062|1066|1071|1073|1074|1094|1096|1099|1106|1111|1114|1117|1125|1126|1131|1134|1136|1140|1141|1143|1144|1152|1154|1156|1169|1172|1183|1195|1210|1211|1214|1217|1220|1225|1226|1228|1231|1232|1234|1237|1244|1260|1264|1267|1272|1274|1275|1278|1287|1289|1290|1298|1299|1301|1304|1307|1314|1327|1334|1336|1338|1342|1344|1347|1351|1354|1365|1366|1375|1376|1395|1397|1400|1405|1407|1411|1415|1420|1422|1428|1434|1444|1454|1455|1456|1459|1461|1468|1470|1480|1481|1489|1494|1498|1502|1509|1514|1520|1533|1543|1547|1549|1555|1559|1566|1571|1581|1588|1592|1594|1596|1599|1601|1610|1617|1625|1631|1632|1633|1637|1638|1640|1642|1643|1649|1656|1657|1659|1660|1663|1666|1667|1668|1670|1679|1683|1687|1693|1696|1699|1701|1702|1705|1710|1712|1713|1722|1723|1727|1731|1732|1733|1734|1738|1747|1751|1760|1766|1767|1770|1771|1784|1787|1788|1793|1798|1802|1809|1810|1813|1814|1820|1825|1826|1840|1850|1853|1854|1888|1891|1892|1900|1911|1915|1916|1917|1921|1933|1943|1953|1969|1973|1976|1979|1983|1987|1990|1992|2001|2005|2020|2022|2026|2030|2032|2033|2042|2043|2045|2049|2051|2054|2055|2057|2058|2064|2073|2078|2084|2085|2090|2092|2099|2112|2115|2125|2127|2131|2134|2135|2140|2145|2175|2178|2179|2185|2194|2201|2207|2222|2231|2241|2245|2253|2257|2268|2270|2275|2277|2279|2282|2287|2298|2299|2304|2315|2326|2330|2331|2332|2336|2337|2339|2359|2369|2376|2386|2391|2394|2396|2403|2411|2413|2421|2430|2441|2445|2448|2449|2452|2456|2457|2468|2473|2479|2494
Dunnhumby,day 529,0,M1,11|14|23|26|32|37|43|52|55|56|70|72|73|78|91|96|99|103|107|111|112|114|115|116|118|125|136|143|152|161|164|166|167|170|176|194|197|200|208|212|223|226|227|229|233|236|237|238|258|260|261|262|263|275|280|281|284|299|316|329|333|334|337|340|341|342|346|348|349|350|351|356|359|363|372|378|379|381|382|385|389|398|404|408|416|417|418|423|424|426|434|435|436|440|464|474|476|482|488|493|501|505|507|514|517|520|523|524|534|542|550|558|561|563|574|583|584|586|589|603|604|605|608|625|626|637|645|647|657|667|669|672|678|687|692|696|705|713|715|726|727|732|735|737|743|754|757|762|768|770|771|780|784|787|797|801|802|805|811|817|822|833|835|839|846|847|850|855|857|864|869|888|893|896|898|899|900|901|903|906|915|925|929|931|939|944|948|960|964|969|970|975|976|979|984|989|992|996|998|1005|1007|1014|1019|1024|1026|1028|1035|1036|1037|1043|1047|1049|1053|1060|1062|1066|1071|1073|1074|1094|1096|1099|1106|1111|1114|1117|1125|1126|1131|1134|1136|1140|1141|1143|1144|1152|1154|1156|1169|1172|1183|1195|1210|1211|1214|1217|1220|1225|1226|1228|1231|1232|1234|1237|1244|1260|1264|1267|1272|1274|1275|1278|1287|1289|1290|1298|1299|1301|1304|1307|1314|1327|1334|1336|1338|1342|1344|1347|1351|1354|1365|1366|1375|1376|1395|1397|1400|1405|1407|1411|1415|1420|1422|1428|1434|1444|1454|1455|1456|1459|1461|1468|1470|1480|1481|1489|1494|1498|1502|1509|1514|1520|1533|1543|1547|1549|1555|1559|1566|1571|1581|1588|1592|1594|1596|1599|1601|1610|1617|1625|1631|1632|1633|1637|1638|1640|1642|1643|1649|1656|1657|1659|1660|1663|1666|1667|1668|1670|1679|1683|1687|1693|1696|1699|1701|1702|1705|1710|1712|1713|1722|1723|1727|1731|1732|1733|1734|1738|1747|1751|1760|1766|1767|1770|1771|1784|1787|1788|1793|1798|1802|1809|1810|1813|1814|1820|1825|1826|1840|1850|1853|1854|1888|1891|1892|1900|1911|1915|1916|1917|1921|1933|1943|1953|1969|1973|1976|1979|1983|1987|1990|1992|2001|2005|2020|2022|2026|2030|2032|2033|2042|2043|2045|2049|2051|2054|2055|2057|2058|2064|2073|2078|2084|2085|2090|2092|2099|2112|2115|2125|2127|2131|2134|2135|2140|2145|2175|2178|2179|2185|2194|2201|2207|2222|2231|2241|2245|2253|2257|2268|2270|2275|2277|2279|2282|2287|2298|2299|2304|2315|2326|2330|2331|2332|2336|2337|2339|2359|2369|2376|2386|2391|2394|2396|2403|2411|2413|2421|2430|2441|2445|2448|2449|2452|2456|2457|2468|2473|2479|2494
Dunnhumby,day 529,0,M2,11|14|23|26|32|37|43|52|55|56|70|72|73|78|91|96|99|103|107|111|112|114|115|116|118|125|136|143|152|161|164|166|167|170|176|194|197|200|208|212|223|226|227|229|233|236|237|238|258|260|261|262|263|275|280|281|284|299|316|329|333|334|337|340|341|342|346|348|349|350|351|356|359|363|372|378|379|381|382|385|389|398|404|408|416|417|418|423|424|426|434|435|436|440|464|474|476|482|488|493|501|505|507|514|517|520|523|524|534|542|550|558|561|563|574|583|584|586|589|603|604|605|608|625|626|637|645|647|657|667|669|672|678|687|692|696|705|713|715|726|727|732|735|737|743|754|757|762|768|770|771|780|784|787|797|801|802|805|811|817|822|833|835|839|846|847|850|855|857|864|869|888|893|896|898|899|900|901|903|906|915|925|929|931|939|944|948|960|964|969|970|975|976|979|984|989|992|996|998|1005|1007|1014|1019|1024|1026|1028|1035|1036|1037|1043|1047|1049|1053|1060|1062|1066|1071|1073|1074|1094|1096|1099|1106|1111|1114|1117|1125|1126|1131|1134|1136|1140|1141|1143|1144|1152|1154|1156|1169|1172|1183|1195|1210|1211|1214|1217|1220|1225|1226|1228|1231|1232|1234|1237|1244|1260|1264|1267|1272|1274|1275|1278|1287|1289|1290|1298|1299|1301|1304|1307|1314|1327|1334|1336|1338|1342|1344|1347|1351|1354|1365|1366|1375|1376|1395|1397|1400|1405|1407|1411|1415|1420|1422|1428|1434|1444|1454|1455|1456|1459|1461|1468|1470|1480|1481|1489|1494|1498|1502|1509|1514|1520|1533|1543|1547|1549|1555|1559|1566|1571|1581|1588|1592|1594|1596|1599|1601|1610|1617|1625|1631|1632|1633|1637|1638|1640|1642|1643|1649|1656|1657|1659|1660|1663|1666|1667|1668|1670|1679|1683|1687|1693|1696|1699|1701|1702|1705|1710|1712|1713|1722|1723|1727|1731|1732|1733|1734|1738|1747|1751|1760|1766|1767|1770|1771|1784|1787|1788|1793|1798|1802|1809|1810|1813|1814|1820|1825|1826|1840|1850|1853|1854|1888|1891|1892|1900|1911|1915|1916|1917|1921|1933|1943|1953|1969|1973|1976|1979|1983|1987|1990|1992|2001|2005|2020|2022|2026|2030|2032|2033|2042|2043|2045|2049|2051|2054|2055|2057|2058|2064|2073|2078|2084|2085|2090|2092|2099|2112|2115|2125|2127|2131|2134|2135|2140|2145|2175|2178|2179|2185|2194|2201|2207|2222|2231|2241|2245|2253|2257|2268|2270|2275|2277|2279|2282|2287|2298|2299|2304|2315|2326|2330|2331|2332|2336|2337|2339|2359|2369|2376|2386|2391|2394|2396|2403|2411|2413|2421|2430|2441|2445|2448|2449|2452|2456|2457|2468|2473|2479|2494
Dunnhumby,day 529,0,M3,11|14|23|26|32|37|43|52|55|56|70|72|73|78|91|96|99|103|107|111|112|114|115|116|118|125|136|143|152|161|164|166|167|170|176|194|197|200|208|212|223|226|227|229|233|236|237|238|258|260|261|262|263|275|280|281|284|299|316|329|333|334|337|340|341|342|346|348|349|350|351|356|359|363|372|378|379|381|382|385|389|398|404|408|416|417|418|423|424|426|434|435|436|440|464|474|476|482|488|493|501|505|507|514|517|520|523|524|534|542|550|558|561|563|574|583|584|586|589|603|604|605|608|625|626|637|645|647|657|667|669|672|678|687|692|696|705|713|715|726|727|732|735|737|743|754|757|762|768|770|771|780|784|787|797|801|802|805|811|817|822|833|835|839|846|847|850|855|857|864|869|888|893|896|898|899|900|901|903|906|915|925|929|931|939|944|948|960|964|969|970|975|976|979|984|989|992|996|998|1005|1007|1014|1019|1024|1026|1028|1035|1036|1037|1043|1047|1049|1053|1060|1062|1066|1071|1073|1074|1094|1096|1099|1106|1111|1114|1117|1125|1126|1131|1134|1136|1140|1141|1143|1144|1152|1154|1156|1169|1172|1183|1195|1210|1211|1214|1217|1220|1225|1226|1228|1231|1232|1234|1237|1244|1260|1264|1267|1272|1274|1275|1278|1287|1289|1290|1298|1299|1301|1304|1307|1314|1327|1334|1336|1338|1342|1344|1347|1351|1354|1365|1366|1375|1376|1395|1397|1400|1405|1407|1411|1415|1420|1422|1428|1434|1444|1454|1455|1456|1459|1461|1468|1470|1480|1481|1489|1494|1498|1502|1509|1514|1520|1533|1543|1547|1549|1555|1559|1566|1571|1581|1588|1592|1594|1596|1599|1601|1610|1617|1625|1631|1632|1633|1637|1638|1640|1642|1643|1649|1656|1657|1659|1660|1663|1666|1667|1668|1670|1679|1683|1687|1693|1696|1699|1701|1702|1705|1710|1712|1713|1722|1723|1727|1731|1732|1733|1734|1738|1747|1751|1760|1766|1767|1770|1771|1784|1787|1788|1793|1798|1802|1809|1810|1813|1814|1820|1825|1826|1840|1850|1853|1854|1888|1891|1892|1900|1911|1915|1916|1917|1921|1933|1943|1953|1969|1973|1976|1979|1983|1987|1990|1992|2001|2005|2020|2022|2026|2030|2032|2033|2042|2043|2045|2049|2051|2054|2055|2057|2058|2064|2073|2078|2084|2085|2090|2092|2099|2112|2115|2125|2127|2131|2134|2135|2140|2145|2175|2178|2179|2185|2194|2201|2207|2222|2231|2241|2245|2253|2257|2268|2270|2275|2277|2279|2282|2287|2298|2299|2304|2315|2326|2330|2331|2332|2336|2337|2339|2359|2369|2376|2386|2391|2394|2396|2403|2411|2413|2421|2430|2441|2445|2448|2449|2452|2456|2457|2468|2473|2479|2494
Dunnhumby,day 529,1,M0,2|3|5|10|18|19|20|31|40|41|51|53|54|63|68|82|84|86|87|94|97|101|102|109|124|127|131|132|134|135|145|147|153|157|159|162|163|165|177|179|188|195|199|210|211|215|216|217|218|221|225|232|234|235|239|241|242|253|254|255|271|278|283|285|289|291|300|301|302|306|310|314|317|318|336|344|355|360|362|367|368|375|383|387|395|397|399|402|410|411|427|433|439|445|449|450|451|454|458|460|461|466|467|470|471|472|478|484|495|511|518|525|527|535|541|549|555|556|570|572|575|576|580|582|588|592|601|606|607|609|614|620|627|628|631|636|638|640|641|643|650|655|659|666|681|682|686|695|725|728|731|734|736|740|742|744|745|747|751|758|763|764|765|769|773|776|794|799|803|813|814|815|828|831|832|838|842|844|858|859|862|866|874|878|879|883|889|890|895|909|910|914|917|918|932|933|941|942|945|946|958|959|963|967|972|983|997|1001|1015|1021|1023|1041|1044|1045|1051|1052|1056|1061|1065|1081|1085|1086|1088|1089|1100|1103|1113|1115|1118|1127|1130|1135|1138|1142|1150|1157|1166|1167|1168|1170|1171|1173|1179|1188|1190|1192|1194|1196|1202|1209|1212|1213|1223|1233|1241|1242|1250|1253|1256|1257|1262|1276|1295|1297|1308|1311|1313|1325|1335|1337|1343|1346|1349|1352|1362|1363|1371|1377|1382|1384|1388|1389|1391|1393|1398|1401|1402|1403|1410|1418|1426|1429|1430|1432|1436|1437|1438|1441|1446|1447|1457|1464|1469|1478|1484|1492|1493|1495|1507|1516|1519|1530|1536|1544|1552|1553|1554|1557|1560|1562|1568|1570|1577|1579|1580|1583|1584|1585|1586|1589|1595|1598|1602|1607|1618|1636|1641|1644|1645|1661|1662|1669|1675|1684|1690|1697|1698|1700|1704|1706|1709|1711|1717|1720|1726|1742|1743|1746|1758|1761|1765|1774|1775|1780|1782|1785|1789|1799|1801|1803|1812|1824|1828|1834|1852|1860|1862|1870|1872|1875|1876|1877|1880|1885|1890|1894|1898|1904|1907|1910|1920|1924|1926|1929|1942|1944|1952|1958|1965|1967|1974|1985|1986|1991|1996|1997|1998|2003|2013|2029|2044|2046|2050|2056|2059|2061|2081|2091|2095|2097|2109|2111|2114|2116|2117|2119|2122|2126|2138|2141|2143|2149|2156|2157|2160|2165|2166|2168|2186|2199|2200|2202|2205|2213|2214|2215|2219|2220|2221|2224|2228|2230|2234|2240|2252|2256|2259|2262|2263|2264|2265|2267|2274|2286|2291|2295|2303|2306|2307|2312|2317|2340|2344|2345|2351|2361|2363|2368|2372|2377|2378|2393|2407|2416|2428|2440|2444|2453|2459|2465|2470|2471|2472|2474|2475|2482|2487|2491|2498|2499
Dunnhumby,day 529,1,M1,2|3|5|10|18|19|20|31|40|41|51|53|54|63|68|82|84|86|87|94|97|101|102|109|124|127|131|132|134|135|145|147|153|157|159|162|163|165|177|179|188|195|199|210|211|215|216|217|218|221|225|232|234|235|239|241|242|253|254|255|271|278|283|285|289|291|300|301|302|306|310|314|317|318|336|344|355|360|362|367|368|375|383|387|395|397|399|402|410|411|427|433|439|445|449|450|451|454|458|460|461|466|467|470|471|472|478|484|495|511|518|525|527|535|541|549|555|556|570|572|575|576|580|582|588|592|601|606|607|609|614|620|627|628|631|636|638|640|641|643|650|655|659|666|681|682|686|695|725|728|731|734|736|740|742|744|745|747|751|758|763|764|765|769|773|776|794|799|803|813|814|815|828|831|832|838|842|844|858|859|862|866|874|878|879|883|889|890|895|909|910|914|917|918|932|933|941|942|945|946|958|959|963|967|972|983|997|1001|1015|1021|1023|1041|1044|1045|1051|1052|1056|1061|1065|1081|1085|1086|1088|1089|1100|1103|1113|1115|1118|1127|1130|1135|1138|1142|1150|1157|1166|1167|1168|1170|1171|1173|1179|1188|1190|1192|1194|1196|1202|1209|1212|1213|1223|1233|1241|1242|1250|1253|1256|1257|1262|1276|1295|1297|1308|1311|1313|1325|1335|1337|1343|1346|1349|1352|1362|1363|1371|1377|1382|1384|1388|1389|1391|1393|1398|1401|1402|1403|1410|1418|1426|1429|1430|1432|1436|1437|1438|1441|1446|1447|1457|1464|1469|1478|1484|1492|1493|1495|1507|1516|1519|1530|1536|1544|1552|1553|1554|1557|1560|1562|1568|1570|1577|1579|1580|1583|1584|1585|1586|1589|1595|1598|1602|1607|1618|1636|1641|1644|1645|1661|1662|1669|1675|1684|1690|1697|1698|1700|1704|1706|1709|1711|1717|1720|1726|1742|1743|1746|1758|1761|1765|1774|1775|1780|1782|1785|1789|1799|1801|1803|1812|1824|1828|1834|1852|1860|1862|1870|1872|1875|1876|1877|1880|1885|1890|1894|1898|1904|1907|1910|1920|1924|1926|1929|1942|1944|1952|1958|1965|1967|1974|1985|1986|1991|1996|1997|1998|2003|2013|2029|2044|2046|2050|2056|2059|2061|2081|2091|2095|2097|2109|2111|2114|2116|2117|2119|2122|2126|2138|2141|2143|2149|2156|2157|2160|2165|2166|2168|2186|2199|2200|2202|2205|2213|2214|2215|2219|2220|2221|2224|2228|2230|2234|2240|2252|2256|2259|2262|2263|2264|2265|2267|2274|2286|2291|2295|2303|2306|2307|2312|2317|2340|2344|2345|2351|2361|2363|2368|2372|2377|2378|2393|2407|2416|2428|2440|2444|2453|2459|2465|2470|2471|2472|2474|2475|2482|2487|2491|2498|2499
Dunnhumby,day 529,1,M2,2|3|5|10|18|19|20|31|40|41|51|53|54|63|68|82|84|86|87|94|97|101|102|109|124|127|131|132|134|135|145|147|153|157|159|162|163|165|177|179|188|195|199|210|211|215|216|217|218|221|225|232|234|235|239|241|242|253|254|255|271|278|283|285|289|291|300|301|302|306|310|314|317|318|336|344|355|360|362|367|368|375|383|387|395|397|399|402|410|411|427|433|439|445|449|450|451|454|458|460|461|466|467|470|471|472|478|484|495|511|518|525|527|535|541|549|555|556|570|572|575|576|580|582|588|592|601|606|607|609|614|620|627|628|631|636|638|640|641|643|650|655|659|666|681|682|686|695|725|728|731|734|736|740|742|744|745|747|751|758|763|764|765|769|773|776|794|799|803|813|814|815|828|831|832|838|842|844|858|859|862|866|874|878|879|883|889|890|895|909|910|914|917|918|932|933|941|942|945|946|958|959|963|967|972|983|997|1001|1015|1021|1023|1041|1044|1045|1051|1052|1056|1061|1065|1081|1085|1086|1088|1089|1100|1103|1113|1115|1118|1127|1130|1135|1138|1142|1150|1157|1166|1167|1168|1170|1171|1173|1179|1188|1190|1192|1194|1196|1202|1209|1212|1213|1223|1233|1241|1242|1250|1253|1256|1257|1262|1276|1295|1297|1308|1311|1313|1325|1335|1337|1343|1346|1349|1352|1362|1363|1371|1377|1382|1384|1388|1389|1391|1393|1398|1401|1402|1403|1410|1418|1426|1429|1430|1432|1436|1437|1438|1441|1446|1447|1457|1464|1469|1478|1484|1492|1493|1495|1507|1516|1519|1530|1536|1544|1552|1553|1554|1557|1560|1562|1568|1570|1577|1579|1580|1583|1584|1585|1586|1589|1595|1598|1602|1607|1618|1636|1641|1644|1645|1661|1662|1669|1675|1684|1690|1697|1698|1700|1704|1706|1709|1711|1717|1720|1726|1742|1743|1746|1758|1761|1765|1774|1775|1780|1782|1785|1789|1799|1801|1803|1812|1824|1828|1834|1852|1860|1862|1870|1872|1875|1876|1877|1880|1885|1890|1894|1898|1904|1907|1910|1920|1924|1926|1929|1942|1944|1952|1958|1965|1967|1974|1985|1986|1991|1996|1997|1998|2003|2013|2029|2044|2046|2050|2056|2059|2061|2081|2091|2095|2097|2109|2111|2114|2116|2117|2119|2122|2126|2138|2141|2143|2149|2156|2157|2160|2165|2166|2168|2186|2199|2200|2202|2205|2213|2214|2215|2219|2220|2221|2224|2228|2230|2234|2240|2252|2256|2259|2262|2263|2264|2265|2267|2274|2286|2291|2295|2303|2306|2307|2312|2317|2340|2344|2345|2351|2361|2363|2368|2372|2377|2378|2393|2407|2416|2428|2440|2444|2453|2459|2465|2470|2471|2472|2474|2475|2482|2487|2491|2498|2499
Dunnhumby,day 529,1,M3,2|3|5|10|18|19|20|31|40|41|51|53|54|63|68|82|84|86|87|94|97|101|102|109|124|127|131|132|134|135|145|147|153|157|159|162|163|165|177|179|188|195|199|210|211|215|216|217|218|221|225|232|234|235|239|241|242|253|254|255|271|278|283|285|289|291|300|301|302|306|310|314|317|318|336|344|355|360|362|367|368|375|383|387|395|397|399|402|410|411|427|433|439|445|449|450|451|454|458|460|461|466|467|470|471|472|478|484|495|511|518|525|527|535|541|549|555|556|570|572|575|576|580|582|588|592|601|606|607|609|614|620|627|628|631|636|638|640|641|643|650|655|659|666|681|682|686|695|725|728|731|734|736|740|742|744|745|747|751|758|763|764|765|769|773|776|794|799|803|813|814|815|828|831|832|838|842|844|858|859|862|866|874|878|879|883|889|890|895|909|910|914|917|918|932|933|941|942|945|946|958|959|963|967|972|983|997|1001|1015|1021|1023|1041|1044|1045|1051|1052|1056|1061|1065|1081|1085|1086|1088|1089|1100|1103|1113|1115|1118|1127|1130|1135|1138|1142|1150|1157|1166|1167|1168|1170|1171|1173|1179|1188|1190|1192|1194|1196|1202|1209|1212|1213|1223|1233|1241|1242|1250|1253|1256|1257|1262|1276|1295|1297|1308|1311|1313|1325|1335|1337|1343|1346|1349|1352|1362|1363|1371|1377|1382|1384|1388|1389|1391|1393|1398|1401|1402|1403|1410|1418|1426|1429|1430|1432|1436|1437|1438|1441|1446|1447|1457|1464|1469|1478|1484|1492|1493|1495|1507|1516|1519|1530|1536|1544|1552|1553|1554|1557|1560|1562|1568|1570|1577|1579|1580|1583|1584|1585|1586|1589|1595|1598|1602|1607|1618|1636|1641|1644|1645|1661|1662|1669|1675|1684|1690|1697|1698|1700|1704|1706|1709|1711|1717|1720|1726|1742|1743|1746|1758|1761|1765|1774|1775|1780|1782|1785|1789|1799|1801|1803|1812|1824|1828|1834|1852|1860|1862|1870|1872|1875|1876|1877|1880|1885|1890|1894|1898|1904|1907|1910|1920|1924|1926|1929|1942|1944|1952|1958|1965|1967|1974|1985|1986|1991|1996|1997|1998|2003|2013|2029|2044|2046|2050|2056|2059|2061|2081|2091|2095|2097|2109|2111|2114|2116|2117|2119|2122|2126|2138|2141|2143|2149|2156|2157|2160|2165|2166|2168|2186|2199|2200|2202|2205|2213|2214|2215|2219|2220|2221|2224|2228|2230|2234|2240|2252|2256|2259|2262|2263|2264|2265|2267|2274|2286|2291|2295|2303|2306|2307|2312|2317|2340|2344|2345|2351|2361|2363|2368|2372|2377|2378|2393|2407|2416|2428|2440|2444|2453|2459|2465|2470|2471|2472|2474|2475|2482|2487|2491|2498|2499
Dunnhumby,day 529,2,M0,4|7|8|13|16|21|22|24|29|33|35|38|39|44|47|57|59|60|64|67|69|75|76|77|81|83|89|93|95|117|122|133|137|138|141|142|160|168|171|173|174|175|183|190|192|193|196|198|202|205|209|213|219|222|228|231|240|245|247|250|257|259|265|269|274|277|290|298|304|308|311|312|315|326|328|330|331|332|335|338|347|352|353|354|357|364|374|386|388|390|392|400|415|419|428|437|438|441|443|444|446|448|453|456|481|490|491|494|497|499|500|513|521|528|530|531|536|538|539|547|557|564|567|569|587|590|602|611|613|619|623|624|632|648|649|652|653|654|665|685|694|697|698|699|700|706|707|708|709|710|712|714|716|724|738|739|741|755|756|759|766|778|783|785|789|791|795|809|812|818|820|821|830|834|840|841|856|868|870|877|880|884|894|902|905|912|913|921|927|930|947|949|957|961|966|971|973|974|988|995|1002|1003|1004|1006|1013|1022|1027|1029|1030|1031|1034|1038|1039|1048|1054|1058|1069|1070|1075|1077|1078|1083|1092|1093|1095|1097|1102|1107|1109|1116|1129|1139|1145|1146|1147|1153|1160|1165|1174|1176|1177|1178|1186|1187|1199|1206|1207|1216|1218|1221|1227|1236|1238|1245|1247|1248|1252|1266|1270|1277|1283|1286|1292|1293|1306|1312|1315|1317|1322|1326|1329|1330|1331|1333|1339|1358|1360|1368|1374|1378|1379|1381|1383|1386|1396|1409|1413|1417|1425|1442|1450|1451|1452|1460|1463|1471|1472|1479|1487|1488|1490|1499|1511|1512|1513|1517|1522|1526|1527|1529|1531|1540|1545|1548|1551|1556|1569|1597|1600|1603|1606|1612|1616|1622|1624|1646|1648|1651|1654|1664|1671|1674|1681|1685|1686|1688|1691|1703|1715|1721|1728|1737|1745|1753|1754|1762|1764|1772|1773|1778|1792|1796|1806|1816|1817|1819|1821|1823|1827|1831|1835|1836|1837|1839|1844|1846|1848|1851|1856|1858|1866|1867|1882|1884|1895|1897|1901|1903|1913|1918|1919|1923|1927|1930|1931|1936|1948|1949|1951|1954|1957|1961|1963|1970|1971|1981|1989|1994|1999|2000|2011|2014|2015|2018|2023|2028|2041|2053|2060|2067|2068|2071|2072|2075|2076|2083|2088|2089|2094|2100|2101|2106|2113|2118|2129|2136|2137|2144|2151|2158|2161|2164|2170|2172|2173|2180|2182|2187|2197|2203|2206|2208|2209|2216|2218|2223|2226|2232|2235|2237|2238|2239|2242|2254|2258|2261|2266|2269|2272|2281|2284|2293|2296|2309|2313|2320|2323|2329|2334|2341|2346|2355|2357|2360|2366|2370|2373|2379|2380|2385|2387|2388|2390|2399|2401|2406|2414|2419|2422|2427|2432|2434|2435|2436|2439|2451|2463|2467|2483|2496
Dunnhumby,day 529,2,M1,4|7|8|13|16|21|22|24|29|33|35|38|39|44|47|57|59|60|64|67|69|75|76|77|81|83|89|93|95|117|122|133|137|138|141|142|160|168|171|173|174|175|183|190|192|193|196|198|202|205|209|213|219|222|228|231|240|245|247|250|257|259|265|269|274|277|290|298|304|308|311|312|315|326|328|330|331|332|335|338|347|352|353|354|357|364|374|386|388|390|392|400|415|419|428|437|438|441|443|444|446|448|453|456|481|490|491|494|497|499|500|513|521|528|530|531|536|538|539|547|557|564|567|569|587|590|602|611|613|619|623|624|632|648|649|652|653|654|665|685|694|697|698|699|700|706|707|708|709|710|712|714|716|724|738|739|741|755|756|759|766|778|783|785|789|791|795|809|812|818|820|821|830|834|840|841|856|868|870|877|880|884|894|902|905|912|913|921|927|930|947|949|957|961|966|971|973|974|988|995|1002|1003|1004|1006|1013|1022|1027|1029|1030|1031|1034|1038|1039|1048|1054|1058|1069|1070|1075|1077|1078|1083|1092|1093|1095|1097|1102|1107|1109|1116|1129|1139|1145|1146|1147|1153|1160|1165|1174|1176|1177|1178|1186|1187|1199|1206|1207|1216|1218|1221|1227|1236|1238|1245|1247|1248|1252|1266|1270|1277|1283|1286|1292|1293|1306|1312|1315|1317|1322|1326|1329|1330|1331|1333|1339|1358|1360|1368|1374|1378|1379|1381|1383|1386|1396|1409|1413|1417|1425|1442|1450|1451|1452|1460|1463|1471|1472|1479|1487|1488|1490|1499|1511|1512|1513|1517|1522|1526|1527|1529|1531|1540|1545|1548|1551|1556|1569|1597|1600|1603|1606|1612|1616|1622|1624|1646|1648|1651|1654|1664|1671|1674|1681|1685|1686|1688|1691|1703|1715|1721|1728|1737|1745|1753|1754|1762|1764|1772|1773|1778|1792|1796|1806|1816|1817|1819|1821|1823|1827|1831|1835|1836|1837|1839|1844|1846|1848|1851|1856|1858|1866|1867|1882|1884|1895|1897|1901|1903|1913|1918|1919|1923|1927|1930|1931|1936|1948|1949|1951|1954|1957|1961|1963|1970|1971|1981|1989|1994|1999|2000|2011|2014|2015|2018|2023|2028|2041|2053|2060|2067|2068|2071|2072|2075|2076|2083|2088|2089|2094|2100|2101|2106|2113|2118|2129|2136|2137|2144|2151|2158|2161|2164|2170|2172|2173|2180|2182|2187|2197|2203|2206|2208|2209|2216|2218|2223|2226|2232|2235|2237|2238|2239|2242|2254|2258|2261|2266|2269|2272|2281|2284|2293|2296|2309|2313|2320|2323|2329|2334|2341|2346|2355|2357|2360|2366|2370|2373|2379|2380|2385|2387|2388|2390|2399|2401|2406|2414|2419|2422|2427|2432|2434|2435|2436|2439|2451|2463|2467|2483|2496
Dunnhumby,day 529,2,M2,4|7|8|13|16|21|22|24|29|33|35|38|39|44|47|57|59|60|64|67|69|75|76|77|81|83|89|93|95|117|122|133|137|138|141|142|160|168|171|173|174|175|183|190|192|193|196|198|202|205|209|213|219|222|228|231|240|245|247|250|257|259|265|269|274|277|290|298|304|308|311|312|315|326|328|330|331|332|335|338|347|352|353|354|357|364|374|386|388|390|392|400|415|419|428|437|438|441|443|444|446|448|453|456|481|490|491|494|497|499|500|513|521|528|530|531|536|538|539|547|557|564|567|569|587|590|602|611|613|619|623|624|632|648|649|652|653|654|665|685|694|697|698|699|700|706|707|708|709|710|712|714|716|724|738|739|741|755|756|759|766|778|783|785|789|791|795|809|812|818|820|821|830|834|840|841|856|868|870|877|880|884|894|902|905|912|913|921|927|930|947|949|957|961|966|971|973|974|988|995|1002|1003|1004|1006|1013|1022|1027|1029|1030|1031|1034|1038|1039|1048|1054|1058|1069|1070|1075|1077|1078|1083|1092|1093|1095|1097|1102|1107|1109|1116|1129|1139|1145|1146|1147|1153|1160|1165|1174|1176|1177|1178|1186|1187|1199|1206|1207|1216|1218|1221|1227|1236|1238|1245|1247|1248|1252|1266|1270|1277|1283|1286|1292|1293|1306|1312|1315|1317|1322|1326|1329|1330|1331|1333|1339|1358|1360|1368|1374|1378|1379|1381|1383|1386|1396|1409|1413|1417|1425|1442|1450|1451|1452|1460|1463|1471|1472|1479|1487|1488|1490|1499|1511|1512|1513|1517|1522|1526|1527|1529|1531|1540|1545|1548|1551|1556|1569|1597|1600|1603|1606|1612|1616|1622|1624|1646|1648|1651|1654|1664|1671|1674|1681|1685|1686|1688|1691|1703|1715|1721|1728|1737|1745|1753|1754|1762|1764|1772|1773|1778|1792|1796|1806|1816|1817|1819|1821|1823|1827|1831|1835|1836|1837|1839|1844|1846|1848|1851|1856|1858|1866|1867|1882|1884|1895|1897|1901|1903|1913|1918|1919|1923|1927|1930|1931|1936|1948|1949|1951|1954|1957|1961|1963|1970|1971|1981|1989|1994|1999|2000|2011|2014|2015|2018|2023|2028|2041|2053|2060|2067|2068|2071|2072|2075|2076|2083|2088|2089|2094|2100|2101|2106|2113|2118|2129|2136|2137|2144|2151|2158|2161|2164|2170|2172|2173|2180|2182|2187|2197|2203|2206|2208|2209|2216|2218|2223|2226|2232|2235|2237|2238|2239|2242|2254|2258|2261|2266|2269|2272|2281|2284|2293|2296|2309|2313|2320|2323|2329|2334|2341|2346|2355|2357|2360|2366|2370|2373|2379|2380|2385|2387|2388|2390|2399|2401|2406|2414|2419|2422|2427|2432|2434|2435|2436|2439|2451|2463|2467|2483|2496
Dunnhumby,day 529,2,M3,4|7|8|13|16|21|22|24|29|33|35|38|39|44|47|57|59|60|64|67|69|75|76|77|81|83|89|93|95|117|122|133|137|138|141|142|160|168|171|173|174|175|183|190|192|193|196|198|202|205|209|213|219|222|228|231|240|245|247|250|257|259|265|269|274|277|290|298|304|308|311|312|315|326|328|330|331|332|335|338|347|352|353|354|357|364|374|386|388|390|392|400|415|419|428|437|438|441|443|444|446|448|453|456|481|490|491|494|497|499|500|513|521|528|530|531|536|538|539|547|557|564|567|569|587|590|602|611|613|619|623|624|632|648|649|652|653|654|665|685|694|697|698|699|700|706|707|708|709|710|712|714|716|724|738|739|741|755|756|759|766|778|783|785|789|791|795|809|812|818|820|821|830|834|840|841|856|868|870|877|880|884|894|902|905|912|913|921|927|930|947|949|957|961|966|971|973|974|988|995|1002|1003|1004|1006|1013|1022|1027|1029|1030|1031|1034|1038|1039|1048|1054|1058|1069|1070|1075|1077|1078|1083|1092|1093|1095|1097|1102|1107|1109|1116|1129|1139|1145|1146|1147|1153|1160|1165|1174|1176|1177|1178|1186|1187|1199|1206|1207|1216|1218|1221|1227|1236|1238|1245|1247|1248|1252|1266|1270|1277|1283|1286|1292|1293|1306|1312|1315|1317|1322|1326|1329|1330|1331|1333|1339|1358|1360|1368|1374|1378|1379|1381|1383|1386|1396|1409|1413|1417|1425|1442|1450|1451|1452|1460|1463|1471|1472|1479|1487|1488|1490|1499|1511|1512|1513|1517|1522|1526|1527|1529|1531|1540|1545|1548|1551|1556|1569|1597|1600|1603|1606|1612|1616|1622|1624|1646|1648|1651|1654|1664|1671|1674|1681|1685|1686|1688|1691|1703|1715|1721|1728|1737|1745|1753|1754|1762|1764|1772|1773|1778|1792|1796|1806|1816|1817|1819|1821|1823|1827|1831|1835|1836|1837|1839|1844|1846|1848|1851|1856|1858|1866|1867|1882|1884|1895|1897|1901|1903|1913|1918|1919|1923|1927|1930|1931|1936|1948|1949|1951|1954|1957|1961|1963|1970|1971|1981|1989|1994|1999|2000|2011|2014|2015|2018|2023|2028|2041|2053|2060|2067|2068|2071|2072|2075|2076|2083|2088|2089|2094|2100|2101|2106|2113|2118|2129|2136|2137|2144|2151|2158|2161|2164|2170|2172|2173|2180|2182|2187|2197|2203|2206|2208|2209|2216|2218|2223|2226|2232|2235|2237|2238|2239|2242|2254|2258|2261|2266|2269|2272|2281|2284|2293|2296|2309|2313|2320|2323|2329|2334|2341|2346|2355|2357|2360|2366|2370|2373|2379|2380|2385|2387|2388|2390|2399|2401|2406|2414|2419|2422|2427|2432|2434|2435|2436|2439|2451|2463|2467|2483|2496
Dunnhumby,day 529,3,M0,6|12|15|34|45|58|65|66|74|79|85|98|100|106|110|126|128|130|144|146|148|149|155|158|169|172|180|182|185|186|187|189|191|201|206|207|214|220|224|243|244|246|248|251|256|264|266|267|276|287|294|295|296|297|305|307|309|320|327|343|345|365|370|371|373|380|384|394|396|401|403|414|420|422|430|431|432|452|455|457|459|463|465|468|477|486|487|492|502|504|506|508|510|516|532|543|544|545|546|551|554|559|560|565|578|581|585|591|594|597|610|617|618|621|629|630|633|634|639|642|644|651|658|660|661|662|663|673|674|675|676|679|680|683|689|711|717|719|721|723|749|752|760|761|775|777|779|781|782|786|793|796|810|823|825|826|829|836|837|843|848|849|852|853|860|865|871|876|885|887|891|892|904|907|911|916|919|923|924|926|928|937|938|950|952|954|956|962|965|981|982|986|991|999|1000|1009|1016|1017|1018|1025|1033|1040|1042|1046|1050|1057|1059|1064|1067|1068|1076|1079|1091|1098|1101|1104|1108|1112|1122|1123|1124|1128|1132|1133|1148|1149|1151|1155|1161|1162|1163|1164|1175|1180|1184|1185|1197|1200|1204|1222|1246|1251|1254|1261|1263|1265|1273|1279|1282|1284|1294|1300|1305|1309|1310|1318|1319|1320|1321|1323|1324|1340|1341|1348|1353|1355|1357|1359|1364|1367|1372|1373|1380|1390|1404|1406|1416|1421|1424|1433|1453|1465|1467|1477|1483|1486|1491|1496|1497|1501|1506|1508|1515|1521|1525|1534|1535|1537|1538|1546|1550|1561|1563|1565|1574|1575|1576|1578|1582|1587|1593|1608|1609|1611|1615|1619|1620|1623|1626|1630|1634|1635|1639|1647|1650|1652|1653|1655|1673|1676|1678|1680|1682|1692|1695|1707|1716|1718|1729|1735|1741|1744|1752|1757|1759|1763|1768|1769|1779|1781|1786|1790|1791|1797|1804|1805|1815|1818|1829|1833|1841|1842|1843|1865|1868|1869|1871|1873|1874|1879|1881|1886|1902|1905|1906|1908|1909|1925|1928|1934|1935|1937|1938|1941|1946|1950|1955|1956|1959|1962|1964|1966|1968|1975|1977|1980|1982|2002|2006|2007|2008|2009|2010|2012|2016|2024|2025|2031|2036|2039|2040|2048|2070|2079|2082|2086|2096|2098|2104|2120|2128|2130|2132|2133|2142|2146|2148|2150|2152|2153|2154|2159|2162|2163|2169|2174|2176|2177|2183|2190|2191|2193|2195|2196|2198|2204|2211|2217|2227|2246|2250|2271|2273|2276|2280|2283|2288|2289|2297|2300|2301|2308|2314|2318|2319|2321|2324|2328|2342|2349|2350|2353|2354|2358|2362|2364|2365|2371|2381|2382|2395|2404|2410|2415|2417|2423|2424|2426|2431|2446|2454|2455|2458|2488|2492|2493|2495|2497|2500
Dunnhumby,day 529,3,M1,6|12|15|34|45|58|65|66|74|79|85|98|100|106|110|126|128|130|144|146|148|149|155|158|169|172|180|182|185|186|187|189|191|201|206|207|214|220|224|243|244|246|248|251|256|264|266|267|276|287|294|295|296|297|305|307|309|320|327|343|345|365|370|371|373|380|384|394|396|401|403|414|420|422|430|431|432|452|455|457|459|463|465|468|477|486|487|492|502|504|506|508|510|516|532|543|544|545|546|551|554|559|560|565|578|581|585|591|594|597|610|617|618|621|629|630|633|634|639|642|644|651|658|660|661|662|663|673|674|675|676|679|680|683|689|711|717|719|721|723|749|752|760|761|775|777|779|781|782|786|793|796|810|823|825|826|829|836|837|843|848|849|852|853|860|865|871|876|885|887|891|892|904|907|911|916|919|923|924|926|928|937|938|950|952|954|956|962|965|981|982|986|991|999|1000|1009|1016|1017|1018|1025|1033|1040|1042|1046|1050|1057|1059|1064|1067|1068|1076|1079|1091|1098|1101|1104|1108|1112|1122|1123|1124|1128|1132|1133|1148|1149|1151|1155|1161|1162|1163|1164|1175|1180|1184|1185|1197|1200|1204|1222|1246|1251|1254|1261|1263|1265|1273|1279|1282|1284|1294|1300|1305|1309|1310|1318|1319|1320|1321|1323|1324|1340|1341|1348|1353|1355|1357|1359|1364|1367|1372|1373|1380|1390|1404|1406|1416|1421|1424|1433|1453|1465|1467|1477|1483|1486|1491|1496|1497|1501|1506|1508|1515|1521|1525|1534|1535|1537|1538|1546|1550|1561|1563|1565|1574|1575|1576|1578|1582|1587|1593|1608|1609|1611|1615|1619|1620|1623|1626|1630|1634|1635|1639|1647|1650|1652|1653|1655|1673|1676|1678|1680|1682|1692|1695|1707|1716|1718|1729|1735|1741|1744|1752|1757|1759|1763|1768|1769|1779|1781|1786|1790|1791|1797|1804|1805|1815|1818|1829|1833|1841|1842|1843|1865|1868|1869|1871|1873|1874|1879|1881|1886|1902|1905|1906|1908|1909|1925|1928|1934|1935|1937|1938|1941|1946|1950|1955|1956|1959|1962|1964|1966|1968|1975|1977|1980|1982|2002|2006|2007|2008|2009|2010|2012|2016|2024|2025|2031|2036|2039|2040|2048|2070|2079|2082|2086|2096|2098|2104|2120|2128|2130|2132|2133|2142|2146|2148|2150|2152|2153|2154|2159|2162|2163|2169|2174|2176|2177|2183|2190|2191|2193|2195|2196|2198|2204|2211|2217|2227|2246|2250|2271|2273|2276|2280|2283|2288|2289|2297|2300|2301|2308|2314|2318|2319|2321|2324|2328|2342|2349|2350|2353|2354|2358|2362|2364|2365|2371|2381|2382|2395|2404|2410|2415|2417|2423|2424|2426|2431|2446|2454|2455|2458|2488|2492|2493|2495|2497|2500
Dunnhumby,day 529,3,M2,6|12|15|34|45|58|65|66|74|79|85|98|100|106|110|126|128|130|144|146|148|149|155|158|169|172|180|182|185|186|187|189|191|201|206|207|214|220|224|243|244|246|248|251|256|264|266|267|276|287|294|295|296|297|305|307|309|320|327|343|345|365|370|371|373|380|384|394|396|401|403|414|420|422|430|431|432|452|455|457|459|463|465|468|477|486|487|492|502|504|506|508|510|516|532|543|544|545|546|551|554|559|560|565|578|581|585|591|594|597|610|617|618|621|629|630|633|634|639|642|644|651|658|660|661|662|663|673|674|675|676|679|680|683|689|711|717|719|721|723|749|752|760|761|775|777|779|781|782|786|793|796|810|823|825|826|829|836|837|843|848|849|852|853|860|865|871|876|885|887|891|892|904|907|911|916|919|923|924|926|928|937|938|950|952|954|956|962|965|981|982|986|991|999|1000|1009|1016|1017|1018|1025|1033|1040|1042|1046|1050|1057|1059|1064|1067|1068|1076|1079|1091|1098|1101|1104|1108|1112|1122|1123|1124|1128|1132|1133|1148|1149|1151|1155|1161|1162|1163|1164|1175|1180|1184|1185|1197|1200|1204|1222|1246|1251|1254|1261|1263|1265|1273|1279|1282|1284|1294|1300|1305|1309|1310|1318|1319|1320|1321|1323|1324|1340|1341|1348|1353|1355|1357|1359|1364|1367|1372|1373|1380|1390|1404|1406|1416|1421|1424|1433|1453|1465|1467|1477|1483|1486|1491|1496|1497|1501|1506|1508|1515|1521|1525|1534|1535|1537|1538|1546|1550|1561|1563|1565|1574|1575|1576|1578|1582|1587|1593|1608|1609|1611|1615|1619|1620|1623|1626|1630|1634|1635|1639|1647|1650|1652|1653|1655|1673|1676|1678|1680|1682|1692|1695|1707|1716|1718|1729|1735|1741|1744|1752|1757|1759|1763|1768|1769|1779|1781|1786|1790|1791|1797|1804|1805|1815|1818|1829|1833|1841|1842|1843|1865|1868|1869|1871|1873|1874|1879|1881|1886|1902|1905|1906|1908|1909|1925|1928|1934|1935|1937|1938|1941|1946|1950|1955|1956|1959|1962|1964|1966|1968|1975|1977|1980|1982|2002|2006|2007|2008|2009|2010|2012|2016|2024|2025|2031|2036|2039|2040|2048|2070|2079|2082|2086|2096|2098|2104|2120|2128|2130|2132|2133|2142|2146|2148|2150|2152|2153|2154|2159|2162|2163|2169|2174|2176|2177|2183|2190|2191|2193|2195|2196|2198|2204|2211|2217|2227|2246|2250|2271|2273|2276|2280|2283|2288|2289|2297|2300|2301|2308|2314|2318|2319|2321|2324|2328|2342|2349|2350|2353|2354|2358|2362|2364|2365|2371|2381|2382|2395|2404|2410|2415|2417|2423|2424|2426|2431|2446|2454|2455|2458|2488|2492|2493|2495|2497|2500
Dunnhumby,day 529,3,M3,6|12|15|34|45|58|65|66|74|79|85|98|100|106|110|126|128|130|144|146|148|149|155|158|169|172|180|182|185|186|187|189|191|201|206|207|214|220|224|243|244|246|248|251|256|264|266|267|276|287|294|295|296|297|305|307|309|320|327|343|345|365|370|371|373|380|384|394|396|401|403|414|420|422|430|431|432|452|455|457|459|463|465|468|477|486|487|492|502|504|506|508|510|516|532|543|544|545|546|551|554|559|560|565|578|581|585|591|594|597|610|617|618|621|629|630|633|634|639|642|644|651|658|660|661|662|663|673|674|675|676|679|680|683|689|711|717|719|721|723|749|752|760|761|775|777|779|781|782|786|793|796|810|823|825|826|829|836|837|843|848|849|852|853|860|865|871|876|885|887|891|892|904|907|911|916|919|923|924|926|928|937|938|950|952|954|956|962|965|981|982|986|991|999|1000|1009|1016|1017|1018|1025|1033|1040|1042|1046|1050|1057|1059|1064|1067|1068|1076|1079|1091|1098|1101|1104|1108|1112|1122|1123|1124|1128|1132|1133|1148|1149|1151|1155|1161|1162|1163|1164|1175|1180|1184|1185|1197|1200|1204|1222|1246|1251|1254|1261|1263|1265|1273|1279|1282|1284|1294|1300|1305|1309|1310|1318|1319|1320|1321|1323|1324|1340|1341|1348|1353|1355|1357|1359|1364|1367|1372|1373|1380|1390|1404|1406|1416|1421|1424|1433|1453|1465|1467|1477|1483|1486|1491|1496|1497|1501|1506|1508|1515|1521|1525|1534|1535|1537|1538|1546|1550|1561|1563|1565|1574|1575|1576|1578|1582|1587|1593|1608|1609|1611|1615|1619|1620|1623|1626|1630|1634|1635|1639|1647|1650|1652|1653|1655|1673|1676|1678|1680|1682|1692|1695|1707|1716|1718|1729|1735|1741|1744|1752|1757|1759|1763|1768|1769|1779|1781|1786|1790|1791|1797|1804|1805|1815|1818|1829|1833|1841|1842|1843|1865|1868|1869|1871|1873|1874|1879|1881|1886|1902|1905|1906|1908|1909|1925|1928|1934|1935|1937|1938|1941|1946|1950|1955|1956|1959|1962|1964|1966|1968|1975|1977|1980|1982|2002|2006|2007|2008|2009|2010|2012|2016|2024|2025|2031|2036|2039|2040|2048|2070|2079|2082|2086|2096|2098|2104|2120|2128|2130|2132|2133|2142|2146|2148|2150|2152|2153|2154|2159|2162|2163|2169|2174|2176|2177|2183|2190|2191|2193|2195|2196|2198|2204|2211|2217|2227|2246|2250|2271|2273|2276|2280|2283|2288|2289|2297|2300|2301|2308|2314|2318|2319|2321|2324|2328|2342|2349|2350|2353|2354|2358|2362|2364|2365|2371|2381|2382|2395|2404|2410|2415|2417|2423|2424|2426|2431|2446|2454|2455|2458|2488|2492|2493|2495|2497|2500
Dunnhumby,day 529,4,M0,1|9|17|25|27|28|30|36|42|46|48|49|50|61|62|71|80|88|90|92|104|105|108|113|119|120|121|123|129|139|140|150|151|154|156|178|181|184|203|204|230|249|252|268|270|272|273|279|282|286|288|292|293|303|313|319|321|322|323|324|325|339|358|361|366|369|376|377|391|393|405|406|407|409|412|413|421|425|429|442|447|462|469|473|475|479|480|483|485|489|496|498|503|509|512|515|519|522|526|529|533|537|540|548|552|553|562|566|568|571|573|577|579|593|595|596|598|599|600|612|615|616|622|635|646|656|664|668|670|671|677|684|688|690|691|693|701|702|703|704|718|720|722|729|730|733|746|748|750|753|767|772|774|788|790|792|798|800|804|806|807|808|816|819|824|827|845|851|854|861|863|867|872|873|875|881|882|886|897|908|920|922|934|935|936|940|943|951|953|955|968|977|978|980|985|987|990|993|994|1008|1010|1011|1012|1020|1032|1055|1063|1072|1080|1082|1084|1087|1090|1105|1110|1119|1120|1121|1137|1158|1159|1181|1182|1189|1191|1193|1198|1201|1203|1205|1208|1215|1219|1224|1229|1230|1235|1239|1240|1243|1249|1255|1258|1259|1268|1269|1271|1280|1281|1285|1288|1291|1296|1302|1303|1316|1328|1332|1345|1350|1356|1361|1369|1370|1385|1387|1392|1394|1399|1408|1412|1414|1419|1423|1427|1431|1435|1439|1440|1443|1445|1448|1449|1458|1462|1466|1473|1474|1475|1476|1482|1485|1500|1503|1504|1505|1510|1518|1523|1524|1528|1532|1539|1541|1542|1558|1564|1567|1572|1573|1590|1591|1604|1605|1613|1614|1621|1627|1628|1629|1658|1665|1672|1677|1689|1694|1708|1714|1719|1724|1725|1730|1736|1739|1740|1748|1749|1750|1755|1756|1776|1777|1783|1794|1795|1800|1807|1808|1811|1822|1830|1832|1838|1845|1847|1849|1855|1857|1859|1861|1863|1864|1878|1883|1887|1889|1893|1896|1899|1912|1914|1922|1932|1939|1940|1945|1947|1960|1972|1978|1988|1993|1995|2004|2017|2019|2021|2027|2034|2035|2037|2038|2047|2052|2062|2063|2065|2066|2069|2074|2077|2080|2087|2093|2102|2103|2105|2107|2108|2110|2121|2123|2124|2139|2147|2155|2167|2171|2181|2184|2188|2189|2192|2210|2212|2225|2229|2233|2236|2243|2244|2247|2248|2249|2251|2255|2260|2278|2285|2290|2292|2294|2302|2305|2310|2311|2316|2322|2327|2333|2335|2338|2343|2347|2348|2352|2356|2367|2374|2375|2383|2384|2389|2392|2397|2398|2400|2402|2405|2408|2409|2412|2418|2420|2425|2429|2433|2437|2438|2442|2443|2447|2450|2460|2461|2462|2464|2466|2469|2476|2477|2478|2480|2481|2484|2485|2486|2489|2490
Dunnhumby,day 529,4,M1,1|9|17|25|27|28|30|36|42|46|48|49|50|61|62|71|80|88|90|92|104|105|108|113|119|120|121|123|129|139|140|150|151|154|156|178|181|184|203|204|230|249|252|268|270|272|273|279|282|286|288|292|293|303|313|319|321|322|323|324|325|339|358|361|366|369|376|377|391|393|405|406|407|409|412|413|421|425|429|442|447|462|469|473|475|479|480|483|485|489|496|498|503|509|512|515|519|522|526|529|533|537|540|548|552|553|562|566|568|571|573|577|579|593|595|596|598|599|600|612|615|616|622|635|646|656|664|668|670|671|677|684|688|690|691|693|701|702|703|704|718|720|722|729|730|733|746|748|750|753|767|772|774|788|790|792|798|800|804|806|807|808|816|819|824|827|845|851|854|861|863|867|872|873|875|881|882|886|897|908|920|922|934|935|936|940|943|951|953|955|968|977|978|980|985|987|990|993|994|1008|1010|1011|1012|1020|1032|1055|1063|1072|1080|1082|1084|1087|1090|1105|1110|1119|1120|1121|1137|1158|1159|1181|1182|1189|1191|1193|1198|1201|1203|1205|1208|1215|1219|1224|1229|1230|1235|1239|1240|1243|1249|1255|1258|1259|1268|1269|1271|1280|1281|1285|1288|1291|1296|1302|1303|1316|1328|1332|1345|1350|1356|1361|1369|1370|1385|1387|1392|1394|1399|1408|1412|1414|1419|1423|1427|1431|1435|1439|1440|1443|1445|1448|1449|1458|1462|1466|1473|1474|1475|1476|1482|1485|1500|1503|1504|1505|1510|1518|1523|1524|1528|1532|1539|1541|1542|1558|1564|1567|1572|1573|1590|1591|1604|1605|1613|1614|1621|1627|1628|1629|1658|1665|1672|1677|1689|1694|1708|1714|1719|1724|1725|1730|1736|1739|1740|1748|1749|1750|1755|1756|1776|1777|1783|1794|1795|1800|1807|1808|1811|1822|1830|1832|1838|1845|1847|1849|1855|1857|1859|1861|1863|1864|1878|1883|1887|1889|1893|1896|1899|1912|1914|1922|1932|1939|1940|1945|1947|1960|1972|1978|1988|1993|1995|2004|2017|2019|2021|2027|2034|2035|2037|2038|2047|2052|2062|2063|2065|2066|2069|2074|2077|2080|2087|2093|2102|2103|2105|2107|2108|2110|2121|2123|2124|2139|2147|2155|2167|2171|2181|2184|2188|2189|2192|2210|2212|2225|2229|2233|2236|2243|2244|2247|2248|2249|2251|2255|2260|2278|2285|2290|2292|2294|2302|2305|2310|2311|2316|2322|2327|2333|2335|2338|2343|2347|2348|2352|2356|2367|2374|2375|2383|2384|2389|2392|2397|2398|2400|2402|2405|2408|2409|2412|2418|2420|2425|2429|2433|2437|2438|2442|2443|2447|2450|2460|2461|2462|2464|2466|2469|2476|2477|2478|2480|2481|2484|2485|2486|2489|2490
Dunnhumby,day 529,4,M2,1|9|17|25|27|28|30|36|42|46|48|49|50|61|62|71|80|88|90|92|104|105|108|113|119|120|121|123|129|139|140|150|151|154|156|178|181|184|203|204|230|249|252|268|270|272|273|279|282|286|288|292|293|303|313|319|321|322|323|324|325|339|358|361|366|369|376|377|391|393|405|406|407|409|412|413|421|425|429|442|447|462|469|473|475|479|480|483|485|489|496|498|503|509|512|515|519|522|526|529|533|537|540|548|552|553|562|566|568|571|573|577|579|593|595|596|598|599|600|612|615|616|622|635|646|656|664|668|670|671|677|684|688|690|691|693|701|702|703|704|718|720|722|729|730|733|746|748|750|753|767|772|774|788|790|792|798|800|804|806|807|808|816|819|824|827|845|851|854|861|863|867|872|873|875|881|882|886|897|908|920|922|934|935|936|940|943|951|953|955|968|977|978|980|985|987|990|993|994|1008|1010|1011|1012|1020|1032|1055|1063|1072|1080|1082|1084|1087|1090|1105|1110|1119|1120|1121|1137|1158|1159|1181|1182|1189|1191|1193|1198|1201|1203|1205|1208|1215|1219|1224|1229|1230|1235|1239|1240|1243|1249|1255|1258|1259|1268|1269|1271|1280|1281|1285|1288|1291|1296|1302|1303|1316|1328|1332|1345|1350|1356|1361|1369|1370|1385|1387|1392|1394|1399|1408|1412|1414|1419|1423|1427|1431|1435|1439|1440|1443|1445|1448|1449|1458|1462|1466|1473|1474|1475|1476|1482|1485|1500|1503|1504|1505|1510|1518|1523|1524|1528|1532|1539|1541|1542|1558|1564|1567|1572|1573|1590|1591|1604|1605|1613|1614|1621|1627|1628|1629|1658|1665|1672|1677|1689|1694|1708|1714|1719|1724|1725|1730|1736|1739|1740|1748|1749|1750|1755|1756|1776|1777|1783|1794|1795|1800|1807|1808|1811|1822|1830|1832|1838|1845|1847|1849|1855|1857|1859|1861|1863|1864|1878|1883|1887|1889|1893|1896|1899|1912|1914|1922|1932|1939|1940|1945|1947|1960|1972|1978|1988|1993|1995|2004|2017|2019|2021|2027|2034|2035|2037|2038|2047|2052|2062|2063|2065|2066|2069|2074|2077|2080|2087|2093|2102|2103|2105|2107|2108|2110|2121|2123|2124|2139|2147|2155|2167|2171|2181|2184|2188|2189|2192|2210|2212|2225|2229|2233|2236|2243|2244|2247|2248|2249|2251|2255|2260|2278|2285|2290|2292|2294|2302|2305|2310|2311|2316|2322|2327|2333|2335|2338|2343|2347|2348|2352|2356|2367|2374|2375|2383|2384|2389|2392|2397|2398|2400|2402|2405|2408|2409|2412|2418|2420|2425|2429|2433|2437|2438|2442|2443|2447|2450|2460|2461|2462|2464|2466|2469|2476|2477|2478|2480|2481|2484|2485|2486|2489|2490
Dunnhumby,day 529,4,M3,1|9|17|25|27|28|30|36|42|46|48|49|50|61|62|71|80|88|90|92|104|105|108|113|119|120|121|123|129|139|140|150|151|154|156|178|181|184|203|204|230|249|252|268|270|272|273|279|282|286|288|292|293|303|313|319|321|322|323|324|325|339|358|361|366|369|376|377|391|393|405|406|407|409|412|413|421|425|429|442|447|462|469|473|475|479|480|483|485|489|496|498|503|509|512|515|519|522|526|529|533|537|540|548|552|553|562|566|568|571|573|577|579|593|595|596|598|599|600|612|615|616|622|635|646|656|664|668|670|671|677|684|688|690|691|693|701|702|703|704|718|720|722|729|730|733|746|748|750|753|767|772|774|788|790|792|798|800|804|806|807|808|816|819|824|827|845|851|854|861|863|867|872|873|875|881|882|886|897|908|920|922|934|935|936|940|943|951|953|955|968|977|978|980|985|987|990|993|994|1008|1010|1011|1012|1020|1032|1055|1063|1072|1080|1082|1084|1087|1090|1105|1110|1119|1120|1121|1137|1158|1159|1181|1182|1189|1191|1193|1198|1201|1203|1205|1208|1215|1219|1224|1229|1230|1235|1239|1240|1243|1249|1255|1258|1259|1268|1269|1271|1280|1281|1285|1288|1291|1296|1302|1303|1316|1328|1332|1345|1350|1356|1361|1369|1370|1385|1387|1392|1394|1399|1408|1412|1414|1419|1423|1427|1431|1435|1439|1440|1443|1445|1448|1449|1458|1462|1466|1473|1474|1475|1476|1482|1485|1500|1503|1504|1505|1510|1518|1523|1524|1528|1532|1539|1541|1542|1558|1564|1567|1572|1573|1590|1591|1604|1605|1613|1614|1621|1627|1628|1629|1658|1665|1672|1677|1689|1694|1708|1714|1719|1724|1725|1730|1736|1739|1740|1748|1749|1750|1755|1756|1776|1777|1783|1794|1795|1800|1807|1808|1811|1822|1830|1832|1838|1845|1847|1849|1855|1857|1859|1861|1863|1864|1878|1883|1887|1889|1893|1896|1899|1912|1914|1922|1932|1939|1940|1945|1947|1960|1972|1978|1988|1993|1995|2004|2017|2019|2021|2027|2034|2035|2037|2038|2047|2052|2062|2063|2065|2066|2069|2074|2077|2080|2087|2093|2102|2103|2105|2107|2108|2110|2121|2123|2124|2139|2147|2155|2167|2171|2181|2184|2188|2189|2192|2210|2212|2225|2229|2233|2236|2243|2244|2247|2248|2249|2251|2255|2260|2278|2285|2290|2292|2294|2302|2305|2310|2311|2316|2322|2327|2333|2335|2338|2343|2347|2348|2352|2356|2367|2374|2375|2383|2384|2389|2392|2397|2398|2400|2402|2405|2408|2409|2412|2418|2420|2425|2429|2433|2437|2438|2442|2443|2447|2450|2460|2461|2462|2464|2466|2469|2476|2477|2478|2480|2481|2484|2485|2486|2489|2490
Dunnhumby,day 620,0,M0,4|16|20|21|22|27|31|32|38|42|46|52|57|64|69|70|72|88|95|97|100|106|111|114|116|117|118|120|124|125|127|132|142|167|175|195|198|201|202|210|219|221|226|228|233|246|254|255|257|259|276|277|291|298|307|308|309|313|316|318|320|324|325|327|331|332|333|337|338|339|340|341|344|350|355|367|369|371|372|375|383|388|393|394|407|412|413|414|426|427|428|444|457|467|469|475|481|486|492|496|499|501|508|512|515|517|518|528|536|544|550|552|559|563|574|575|577|580|595|596|597|600|617|618|628|636|640|654|664|666|669|675|687|692|696|704|705|713|715|726|727|732|735|737|743|755|758|763|765|770|772|773|778|787|790|799|803|804|807|813|818|824|837|839|849|850|853|857|859|866|870|872|891|892|897|900|903|904|905|906|908|911|912|917|924|934|938|940|949|955|970|974|978|979|984|985|988|994|999|1002|1005|1007|1009|1015|1017|1025|1028|1033|1039|1042|1048|1055|1058|1061|1064|1071|1073|1076|1081|1083|1084|1105|1106|1109|1113|1119|1123|1126|1133|1134|1139|1142|1144|1148|1149|1150|1152|1160|1163|1165|1177|1179|1199|1201|1215|1216|1218|1221|1224|1228|1229|1231|1235|1236|1238|1241|1248|1263|1266|1269|1274|1277|1280|1286|1290|1292|1293|1301|1302|1304|1307|1311|1313|1320|1327|1339|1341|1343|1346|1347|1350|1354|1357|1368|1371|1378|1379|1398|1400|1407|1409|1417|1422|1424|1430|1438|1448|1459|1460|1463|1465|1475|1477|1482|1487|1488|1496|1501|1505|1509|1515|1521|1526|1538|1547|1551|1553|1558|1563|1569|1574|1585|1592|1596|1598|1600|1604|1621|1631|1635|1636|1637|1640|1641|1643|1645|1646|1650|1657|1658|1660|1661|1664|1667|1668|1669|1671|1674|1680|1684|1688|1694|1697|1700|1702|1703|1706|1711|1712|1713|1721|1722|1730|1731|1732|1733|1737|1746|1750|1759|1765|1766|1769|1770|1783|1786|1787|1792|1797|1801|1808|1809|1812|1813|1819|1824|1826|1840|1842|1852|1855|1856|1863|1890|1891|1899|1912|1916|1917|1921|1933|1944|1954|1970|1974|1976|1978|1981|1985|1989|1992|1994|2006|2013|2022|2024|2028|2032|2033|2041|2042|2044|2049|2052|2055|2056|2058|2059|2064|2071|2077|2083|2085|2090|2092|2093|2101|2113|2116|2126|2128|2131|2134|2135|2139|2145|2178|2180|2183|2184|2190|2197|2207|2220|2228|2238|2242|2250|2255|2264|2267|2272|2274|2276|2279|2284|2295|2296|2301|2323|2328|2329|2330|2331|2335|2336|2355|2356|2367|2374|2383|2388|2392|2394|2400|2408|2410|2419|2428|2441|2444|2447|2448|2451|2455|2456|2466|2471|2478|2495
Dunnhumby,day 620,0,M1,4|16|20|21|22|27|31|32|38|42|46|52|57|64|69|70|72|88|95|97|100|106|111|114|116|117|118|120|124|125|127|132|142|167|175|195|198|201|202|210|219|221|226|228|233|246|254|255|257|259|276|277|291|298|307|308|309|313|316|318|320|324|325|327|331|332|333|337|338|339|340|341|344|350|355|367|369|371|372|375|383|388|393|394|407|412|413|414|426|427|428|444|457|467|469|475|481|486|492|496|499|501|508|512|515|517|518|528|536|544|550|552|559|563|574|575|577|580|595|596|597|600|617|618|628|636|640|654|664|666|669|675|687|692|696|704|705|713|715|726|727|732|735|737|743|755|758|763|765|770|772|773|778|787|790|799|803|804|807|813|818|824|837|839|849|850|853|857|859|866|870|872|891|892|897|900|903|904|905|906|908|911|912|917|924|934|938|940|949|955|970|974|978|979|984|985|988|994|999|1002|1005|1007|1009|1015|1017|1025|1028|1033|1039|1042|1048|1055|1058|1061|1064|1071|1073|1076|1081|1083|1084|1105|1106|1109|1113|1119|1123|1126|1133|1134|1139|1142|1144|1148|1149|1150|1152|1160|1163|1165|1177|1179|1199|1201|1215|1216|1218|1221|1224|1228|1229|1231|1235|1236|1238|1241|1248|1263|1266|1269|1274|1277|1280|1286|1290|1292|1293|1301|1302|1304|1307|1311|1313|1320|1327|1339|1341|1343|1346|1347|1350|1354|1357|1368|1371|1378|1379|1398|1400|1407|1409|1417|1422|1424|1430|1438|1448|1459|1460|1463|1465|1475|1477|1482|1487|1488|1496|1501|1505|1509|1515|1521|1526|1538|1547|1551|1553|1558|1563|1569|1574|1585|1592|1596|1598|1600|1604|1621|1631|1635|1636|1637|1640|1641|1643|1645|1646|1650|1657|1658|1660|1661|1664|1667|1668|1669|1671|1674|1680|1684|1688|1694|1697|1700|1702|1703|1706|1711|1712|1713|1721|1722|1730|1731|1732|1733|1737|1746|1750|1759|1765|1766|1769|1770|1783|1786|1787|1792|1797|1801|1808|1809|1812|1813|1819|1824|1826|1840|1842|1852|1855|1856|1863|1890|1891|1899|1912|1916|1917|1921|1933|1944|1954|1970|1974|1976|1978|1981|1985|1989|1992|1994|2006|2013|2022|2024|2028|2032|2033|2041|2042|2044|2049|2052|2055|2056|2058|2059|2064|2071|2077|2083|2085|2090|2092|2093|2101|2113|2116|2126|2128|2131|2134|2135|2139|2145|2178|2180|2183|2184|2190|2197|2207|2220|2228|2238|2242|2250|2255|2264|2267|2272|2274|2276|2279|2284|2295|2296|2301|2323|2328|2329|2330|2331|2335|2336|2355|2356|2367|2374|2383|2388|2392|2394|2400|2408|2410|2419|2428|2441|2444|2447|2448|2451|2455|2456|2466|2471|2478|2495
Dunnhumby,day 620,0,M2,4|16|20|21|22|27|31|32|38|42|46|52|57|64|69|70|72|88|95|97|100|106|111|114|116|117|118|120|124|125|127|132|142|167|175|195|198|201|202|210|219|221|226|228|233|246|254|255|257|259|276|277|291|298|307|308|309|313|316|318|320|324|325|327|331|332|333|337|338|339|340|341|344|350|355|367|369|371|372|375|383|388|393|394|407|412|413|414|426|427|428|444|457|467|469|475|481|486|492|496|499|501|508|512|515|517|518|528|536|544|550|552|559|563|574|575|577|580|595|596|597|600|617|618|628|636|640|654|664|666|669|675|687|692|696|704|705|713|715|726|727|732|735|737|743|755|758|763|765|770|772|773|778|787|790|799|803|804|807|813|818|824|837|839|849|850|853|857|859|866|870|872|891|892|897|900|903|904|905|906|908|911|912|917|924|934|938|940|949|955|970|974|978|979|984|985|988|994|999|1002|1005|1007|1009|1015|1017|1025|1028|1033|1039|1042|1048|1055|1058|1061|1064|1071|1073|1076|1081|1083|1084|1105|1106|1109|1113|1119|1123|1126|1133|1134|1139|1142|1144|1148|1149|1150|1152|1160|1163|1165|1177|1179|1199|1201|1215|1216|1218|1221|1224|1228|1229|1231|1235|1236|1238|1241|1248|1263|1266|1269|1274|1277|1280|1286|1290|1292|1293|1301|1302|1304|1307|1311|1313|1320|1327|1339|1341|1343|1346|1347|1350|1354|1357|1368|1371|1378|1379|1398|1400|1407|1409|1417|1422|1424|1430|1438|1448|1459|1460|1463|1465|1475|1477|1482|1487|1488|1496|1501|1505|1509|1515|1521|1526|1538|1547|1551|1553|1558|1563|1569|1574|1585|1592|1596|1598|1600|1604|1621|1631|1635|1636|1637|1640|1641|1643|1645|1646|1650|1657|1658|1660|1661|1664|1667|1668|1669|1671|1674|1680|1684|1688|1694|1697|1700|1702|1703|1706|1711|1712|1713|1721|1722|1730|1731|1732|1733|1737|1746|1750|1759|1765|1766|1769|1770|1783|1786|1787|1792|1797|1801|1808|1809|1812|1813|1819|1824|1826|1840|1842|1852|1855|1856|1863|1890|1891|1899|1912|1916|1917|1921|1933|1944|1954|1970|1974|1976|1978|1981|1985|1989|1992|1994|2006|2013|2022|2024|2028|2032|2033|2041|2042|2044|2049|2052|2055|2056|2058|2059|2064|2071|2077|2083|2085|2090|2092|2093|2101|2113|2116|2126|2128|2131|2134|2135|2139|2145|2178|2180|2183|2184|2190|2197|2207|2220|2228|2238|2242|2250|2255|2264|2267|2272|2274|2276|2279|2284|2295|2296|2301|2323|2328|2329|2330|2331|2335|2336|2355|2356|2367|2374|2383|2388|2392|2394|2400|2408|2410|2419|2428|2441|2444|2447|2448|2451|2455|2456|2466|2471|2478|2495
Dunnhumby,day 620,0,M3,4|16|20|21|22|27|31|32|38|42|46|52|57|64|69|70|72|88|95|97|100|106|111|114|116|117|118|120|124|125|127|132|142|167|175|195|198|201|202|210|219|221|226|228|233|246|254|255|257|259|276|277|291|298|307|308|309|313|316|318|320|324|325|327|331|332|333|337|338|339|340|341|344|350|355|367|369|371|372|375|383|388|393|394|407|412|413|414|426|427|428|444|457|467|469|475|481|486|492|496|499|501|508|512|515|517|518|528|536|544|550|552|559|563|574|575|577|580|595|596|597|600|617|618|628|636|640|654|664|666|669|675|687|692|696|704|705|713|715|726|727|732|735|737|743|755|758|763|765|770|772|773|778|787|790|799|803|804|807|813|818|824|837|839|849|850|853|857|859|866|870|872|891|892|897|900|903|904|905|906|908|911|912|917|924|934|938|940|949|955|970|974|978|979|984|985|988|994|999|1002|1005|1007|1009|1015|1017|1025|1028|1033|1039|1042|1048|1055|1058|1061|1064|1071|1073|1076|1081|1083|1084|1105|1106|1109|1113|1119|1123|1126|1133|1134|1139|1142|1144|1148|1149|1150|1152|1160|1163|1165|1177|1179|1199|1201|1215|1216|1218|1221|1224|1228|1229|1231|1235|1236|1238|1241|1248|1263|1266|1269|1274|1277|1280|1286|1290|1292|1293|1301|1302|1304|1307|1311|1313|1320|1327|1339|1341|1343|1346|1347|1350|1354|1357|1368|1371|1378|1379|1398|1400|1407|1409|1417|1422|1424|1430|1438|1448|1459|1460|1463|1465|1475|1477|1482|1487|1488|1496|1501|1505|1509|1515|1521|1526|1538|1547|1551|1553|1558|1563|1569|1574|1585|1592|1596|1598|1600|1604|1621|1631|1635|1636|1637|1640|1641|1643|1645|1646|1650|1657|1658|1660|1661|1664|1667|1668|1669|1671|1674|1680|1684|1688|1694|1697|1700|1702|1703|1706|1711|1712|1713|1721|1722|1730|1731|1732|1733|1737|1746|1750|1759|1765|1766|1769|1770|1783|1786|1787|1792|1797|1801|1808|1809|1812|1813|1819|1824|1826|1840|1842|1852|1855|1856|1863|1890|1891|1899|1912|1916|1917|1921|1933|1944|1954|1970|1974|1976|1978|1981|1985|1989|1992|1994|2006|2013|2022|2024|2028|2032|2033|2041|2042|2044|2049|2052|2055|2056|2058|2059|2064|2071|2077|2083|2085|2090|2092|2093|2101|2113|2116|2126|2128|2131|2134|2135|2139|2145|2178|2180|2183|2184|2190|2197|2207|2220|2228|2238|2242|2250|2255|2264|2267|2272|2274|2276|2279|2284|2295|2296|2301|2323|2328|2329|2330|2331|2335|2336|2355|2356|2367|2374|2383|2388|2392|2394|2400|2408|2410|2419|2428|2441|2444|2447|2448|2451|2455|2456|2466|2471|2478|2495
Dunnhumby,day 620,1,M0,3|7|8|24|36|41|48|51|61|63|65|74|76|81|90|93|98|99|101|103|109|110|112|113|115|129|133|147|150|154|156|158|159|161|164|172|173|177|178|180|183|184|185|186|187|188|193|200|214|216|218|225|227|230|234|250|252|258|260|262|265|269|271|274|279|280|290|301|314|329|330|336|345|346|347|353|358|362|373|374|379|381|382|386|387|395|396|399|400|421|423|424|425|430|431|432|435|437|439|443|447|448|451|452|458|460|463|464|465|474|477|506|513|514|519|529|543|549|557|560|564|569|583|593|598|601|610|619|620|623|624|625|627|629|630|631|633|634|644|650|651|656|671|676|678|679|680|682|686|695|698|712|719|725|728|731|734|736|740|742|744|746|748|752|759|760|766|768|776|779|782|796|805|815|816|825|827|828|836|842|847|860|861|864|868|869|877|882|885|886|893|894|915|916|921|926|927|941|942|952|953|956|957|969|973|980|993|1006|1011|1014|1026|1027|1035|1036|1038|1053|1056|1063|1067|1072|1075|1092|1096|1097|1099|1100|1110|1121|1122|1124|1127|1135|1138|1143|1146|1151|1158|1166|1174|1175|1176|1178|1180|1186|1193|1195|1197|1200|1202|1207|1214|1217|1226|1237|1243|1245|1246|1254|1257|1259|1260|1278|1298|1300|1314|1317|1319|1331|1340|1342|1349|1352|1355|1364|1366|1374|1380|1384|1386|1389|1391|1393|1395|1401|1403|1404|1405|1411|1413|1420|1428|1431|1432|1434|1440|1441|1442|1444|1446|1450|1451|1461|1470|1476|1491|1499|1500|1502|1513|1516|1525|1535|1541|1548|1555|1556|1557|1560|1561|1564|1566|1571|1573|1580|1582|1583|1584|1587|1588|1589|1590|1593|1599|1602|1606|1610|1612|1622|1644|1662|1663|1670|1676|1685|1691|1698|1699|1701|1705|1707|1710|1716|1719|1725|1741|1742|1745|1756|1760|1764|1773|1774|1779|1781|1784|1788|1798|1800|1802|1811|1823|1829|1835|1854|1861|1864|1871|1873|1876|1877|1880|1885|1888|1889|1893|1896|1903|1906|1910|1911|1920|1924|1926|1929|1943|1945|1953|1959|1966|1968|1986|1988|1993|1998|1999|2000|2004|2009|2015|2031|2043|2046|2050|2057|2060|2080|2091|2096|2097|2099|2110|2112|2115|2117|2118|2120|2123|2127|2137|2140|2142|2149|2159|2160|2163|2169|2171|2177|2191|2199|2200|2202|2205|2212|2213|2214|2218|2219|2222|2227|2231|2237|2246|2248|2253|2259|2260|2261|2263|2271|2283|2288|2292|2300|2303|2304|2306|2310|2314|2316|2338|2342|2343|2347|2359|2361|2366|2370|2375|2376|2390|2398|2405|2415|2426|2440|2452|2457|2462|2463|2468|2469|2470|2472|2474|2481|2486|2490|2498|2499
Dunnhumby,day 620,1,M1,3|7|8|24|36|41|48|51|61|63|65|74|76|81|90|93|98|99|101|103|109|110|112|113|115|129|133|147|150|154|156|158|159|161|164|172|173|177|178|180|183|184|185|186|187|188|193|200|214|216|218|225|227|230|234|250|252|258|260|262|265|269|271|274|279|280|290|301|314|329|330|336|345|346|347|353|358|362|373|374|379|381|382|386|387|395|396|399|400|421|423|424|425|430|431|432|435|437|439|443|447|448|451|452|458|460|463|464|465|474|477|506|513|514|519|529|543|549|557|560|564|569|583|593|598|601|610|619|620|623|624|625|627|629|630|631|633|634|644|650|651|656|671|676|678|679|680|682|686|695|698|712|719|725|728|731|734|736|740|742|744|746|748|752|759|760|766|768|776|779|782|796|805|815|816|825|827|828|836|842|847|860|861|864|868|869|877|882|885|886|893|894|915|916|921|926|927|941|942|952|953|956|957|969|973|980|993|1006|1011|1014|1026|1027|1035|1036|1038|1053|1056|1063|1067|1072|1075|1092|1096|1097|1099|1100|1110|1121|1122|1124|1127|1135|1138|1143|1146|1151|1158|1166|1174|1175|1176|1178|1180|1186|1193|1195|1197|1200|1202|1207|1214|1217|1226|1237|1243|1245|1246|1254|1257|1259|1260|1278|1298|1300|1314|1317|1319|1331|1340|1342|1349|1352|1355|1364|1366|1374|1380|1384|1386|1389|1391|1393|1395|1401|1403|1404|1405|1411|1413|1420|1428|1431|1432|1434|1440|1441|1442|1444|1446|1450|1451|1461|1470|1476|1491|1499|1500|1502|1513|1516|1525|1535|1541|1548|1555|1556|1557|1560|1561|1564|1566|1571|1573|1580|1582|1583|1584|1587|1588|1589|1590|1593|1599|1602|1606|1610|1612|1622|1644|1662|1663|1670|1676|1685|1691|1698|1699|1701|1705|1707|1710|1716|1719|1725|1741|1742|1745|1756|1760|1764|1773|1774|1779|1781|1784|1788|1798|1800|1802|1811|1823|1829|1835|1854|1861|1864|1871|1873|1876|1877|1880|1885|1888|1889|1893|1896|1903|1906|1910|1911|1920|1924|1926|1929|1943|1945|1953|1959|1966|1968|1986|1988|1993|1998|1999|2000|2004|2009|2015|2031|2043|2046|2050|2057|2060|2080|2091|2096|2097|2099|2110|2112|2115|2117|2118|2120|2123|2127|2137|2140|2142|2149|2159|2160|2163|2169|2171|2177|2191|2199|2200|2202|2205|2212|2213|2214|2218|2219|2222|2227|2231|2237|2246|2248|2253|2259|2260|2261|2263|2271|2283|2288|2292|2300|2303|2304|2306|2310|2314|2316|2338|2342|2343|2347|2359|2361|2366|2370|2375|2376|2390|2398|2405|2415|2426|2440|2452|2457|2462|2463|2468|2469|2470|2472|2474|2481|2486|2490|2498|2499
Dunnhumby,day 620,1,M2,3|7|8|24|36|41|48|51|61|63|65|74|76|81|90|93|98|99|101|103|109|110|112|113|115|129|133|147|150|154|156|158|159|161|164|172|173|177|178|180|183|184|185|186|187|188|193|200|214|216|218|225|227|230|234|250|252|258|260|262|265|269|271|274|279|280|290|301|314|329|330|336|345|346|347|353|358|362|373|374|379|381|382|386|387|395|396|399|400|421|423|424|425|430|431|432|435|437|439|443|447|448|451|452|458|460|463|464|465|474|477|506|513|514|519|529|543|549|557|560|564|569|583|593|598|601|610|619|620|623|624|625|627|629|630|631|633|634|644|650|651|656|671|676|678|679|680|682|686|695|698|712|719|725|728|731|734|736|740|742|744|746|748|752|759|760|766|768|776|779|782|796|805|815|816|825|827|828|836|842|847|860|861|864|868|869|877|882|885|886|893|894|915|916|921|926|927|941|942|952|953|956|957|969|973|980|993|1006|1011|1014|1026|1027|1035|1036|1038|1053|1056|1063|1067|1072|1075|1092|1096|1097|1099|1100|1110|1121|1122|1124|1127|1135|1138|1143|1146|1151|1158|1166|1174|1175|1176|1178|1180|1186|1193|1195|1197|1200|1202|1207|1214|1217|1226|1237|1243|1245|1246|1254|1257|1259|1260|1278|1298|1300|1314|1317|1319|1331|1340|1342|1349|1352|1355|1364|1366|1374|1380|1384|1386|1389|1391|1393|1395|1401|1403|1404|1405|1411|1413|1420|1428|1431|1432|1434|1440|1441|1442|1444|1446|1450|1451|1461|1470|1476|1491|1499|1500|1502|1513|1516|1525|1535|1541|1548|1555|1556|1557|1560|1561|1564|1566|1571|1573|1580|1582|1583|1584|1587|1588|1589|1590|1593|1599|1602|1606|1610|1612|1622|1644|1662|1663|1670|1676|1685|1691|1698|1699|1701|1705|1707|1710|1716|1719|1725|1741|1742|1745|1756|1760|1764|1773|1774|1779|1781|1784|1788|1798|1800|1802|1811|1823|1829|1835|1854|1861|1864|1871|1873|1876|1877|1880|1885|1888|1889|1893|1896|1903|1906|1910|1911|1920|1924|1926|1929|1943|1945|1953|1959|1966|1968|1986|1988|1993|1998|1999|2000|2004|2009|2015|2031|2043|2046|2050|2057|2060|2080|2091|2096|2097|2099|2110|2112|2115|2117|2118|2120|2123|2127|2137|2140|2142|2149|2159|2160|2163|2169|2171|2177|2191|2199|2200|2202|2205|2212|2213|2214|2218|2219|2222|2227|2231|2237|2246|2248|2253|2259|2260|2261|2263|2271|2283|2288|2292|2300|2303|2304|2306|2310|2314|2316|2338|2342|2343|2347|2359|2361|2366|2370|2375|2376|2390|2398|2405|2415|2426|2440|2452|2457|2462|2463|2468|2469|2470|2472|2474|2481|2486|2490|2498|2499
Dunnhumby,day 620,1,M3,3|7|8|24|36|41|48|51|61|63|65|74|76|81|90|93|98|99|101|103|109|110|112|113|115|129|133|147|150|154|156|158|159|161|164|172|173|177|178|180|183|184|185|186|187|188|193|200|214|216|218|225|227|230|234|250|252|258|260|262|265|269|271|274|279|280|290|301|314|329|330|336|345|346|347|353|358|362|373|374|379|381|382|386|387|395|396|399|400|421|423|424|425|430|431|432|435|437|439|443|447|448|451|452|458|460|463|464|465|474|477|506|513|514|519|529|543|549|557|560|564|569|583|593|598|601|610|619|620|623|624|625|627|629|630|631|633|634|644|650|651|656|671|676|678|679|680|682|686|695|698|712|719|725|728|731|734|736|740|742|744|746|748|752|759|760|766|768|776|779|782|796|805|815|816|825|827|828|836|842|847|860|861|864|868|869|877|882|885|886|893|894|915|916|921|926|927|941|942|952|953|956|957|969|973|980|993|1006|1011|1014|1026|1027|1035|1036|1038|1053|1056|1063|1067|1072|1075|1092|1096|1097|1099|1100|1110|1121|1122|1124|1127|1135|1138|1143|1146|1151|1158|1166|1174|1175|1176|1178|1180|1186|1193|1195|1197|1200|1202|1207|1214|1217|1226|1237|1243|1245|1246|1254|1257|1259|1260|1278|1298|1300|1314|1317|1319|1331|1340|1342|1349|1352|1355|1364|1366|1374|1380|1384|1386|1389|1391|1393|1395|1401|1403|1404|1405|1411|1413|1420|1428|1431|1432|1434|1440|1441|1442|1444|1446|1450|1451|1461|1470|1476|1491|1499|1500|1502|1513|1516|1525|1535|1541|1548|1555|1556|1557|1560|1561|1564|1566|1571|1573|1580|1582|1583|1584|1587|1588|1589|1590|1593|1599|1602|1606|1610|1612|1622|1644|1662|1663|1670|1676|1685|1691|1698|1699|1701|1705|1707|1710|1716|1719|1725|1741|1742|1745|1756|1760|1764|1773|1774|1779|1781|1784|1788|1798|1800|1802|1811|1823|1829|1835|1854|1861|1864|1871|1873|1876|1877|1880|1885|1888|1889|1893|1896|1903|1906|1910|1911|1920|1924|1926|1929|1943|1945|1953|1959|1966|1968|1986|1988|1993|1998|1999|2000|2004|2009|2015|2031|2043|2046|2050|2057|2060|2080|2091|2096|2097|2099|2110|2112|2115|2117|2118|2120|2123|2127|2137|2140|2142|2149|2159|2160|2163|2169|2171|2177|2191|2199|2200|2202|2205|2212|2213|2214|2218|2219|2222|2227|2231|2237|2246|2248|2253|2259|2260|2261|2263|2271|2283|2288|2292|2300|2303|2304|2306|2310|2314|2316|2338|2342|2343|2347|2359|2361|2366|2370|2375|2376|2390|2398|2405|2415|2426|2440|2452|2457|2462|2463|2468|2469|2470|2472|2474|2481|2486|2490|2498|2499
Dunnhumby,day 620,2,M0,5|10|17|23|30|33|34|35|47|49|50|54|58|62|66|68|77|78|82|84|105|107|121|126|131|135|138|139|141|143|144|145|149|151|152|153|160|163|176|191|192|197|203|206|207|212|213|215|236|240|244|249|251|261|264|266|268|272|275|281|287|292|297|321|322|323|326|342|343|360|361|363|370|376|378|380|385|390|391|401|403|410|440|449|450|454|472|482|487|490|491|497|502|505|509|520|521|523|524|525|527|530|531|533|541|546|553|558|561|565|570|579|581|582|585|587|588|609|611|614|615|616|637|639|641|643|646|647|658|684|685|689|691|697|708|709|710|714|720|724|745|749|754|756|761|762|769|771|781|783|784|788|789|792|806|808|819|822|823|831|834|835|840|843|846|852|854|855|856|858|871|874|878|880|881|883|888|889|890|898|902|907|909|910|918|922|929|930|943|945|948|958|963|964|971|976|981|983|997|1000|1003|1016|1023|1024|1037|1041|1043|1045|1049|1060|1065|1069|1085|1091|1093|1094|1102|1103|1107|1108|1111|1112|1114|1116|1125|1141|1147|1153|1161|1162|1169|1173|1181|1183|1184|1185|1191|1192|1211|1219|1220|1222|1230|1240|1242|1249|1251|1252|1256|1261|1268|1272|1276|1285|1289|1295|1296|1305|1308|1309|1315|1318|1321|1322|1323|1324|1332|1334|1335|1336|1338|1344|1348|1361|1363|1365|1367|1370|1381|1382|1385|1396|1399|1412|1415|1419|1427|1454|1456|1457|1464|1467|1469|1479|1486|1489|1494|1495|1497|1506|1518|1519|1520|1523|1528|1531|1532|1534|1536|1544|1549|1552|1559|1572|1601|1605|1607|1611|1616|1620|1627|1629|1647|1649|1652|1655|1665|1672|1682|1683|1686|1687|1689|1692|1704|1714|1720|1726|1736|1743|1744|1752|1753|1761|1763|1771|1772|1777|1791|1795|1805|1815|1816|1818|1820|1822|1827|1830|1832|1836|1837|1838|1841|1846|1848|1850|1853|1857|1859|1867|1868|1882|1884|1894|1900|1902|1914|1918|1919|1923|1927|1930|1931|1937|1949|1950|1952|1955|1958|1962|1964|1971|1972|1973|1983|1991|1996|2001|2002|2012|2016|2017|2020|2025|2030|2040|2054|2061|2067|2070|2074|2075|2082|2088|2089|2095|2102|2103|2106|2114|2119|2129|2136|2143|2144|2150|2152|2161|2164|2165|2166|2173|2175|2176|2185|2187|2192|2198|2203|2206|2208|2209|2215|2217|2221|2224|2229|2232|2234|2235|2236|2239|2249|2251|2256|2258|2262|2266|2269|2278|2281|2290|2293|2307|2311|2318|2321|2327|2333|2339|2344|2351|2353|2357|2363|2368|2371|2377|2378|2379|2381|2384|2385|2387|2404|2411|2414|2417|2425|2430|2432|2434|2435|2436|2439|2450|2465|2476|2482|2496
Dunnhumby,day 620,2,M1,5|10|17|23|30|33|34|35|47|49|50|54|58|62|66|68|77|78|82|84|105|107|121|126|131|135|138|139|141|143|144|145|149|151|152|153|160|163|176|191|192|197|203|206|207|212|213|215|236|240|244|249|251|261|264|266|268|272|275|281|287|292|297|321|322|323|326|342|343|360|361|363|370|376|378|380|385|390|391|401|403|410|440|449|450|454|472|482|487|490|491|497|502|505|509|520|521|523|524|525|527|530|531|533|541|546|553|558|561|565|570|579|581|582|585|587|588|609|611|614|615|616|637|639|641|643|646|647|658|684|685|689|691|697|708|709|710|714|720|724|745|749|754|756|761|762|769|771|781|783|784|788|789|792|806|808|819|822|823|831|834|835|840|843|846|852|854|855|856|858|871|874|878|880|881|883|888|889|890|898|902|907|909|910|918|922|929|930|943|945|948|958|963|964|971|976|981|983|997|1000|1003|1016|1023|1024|1037|1041|1043|1045|1049|1060|1065|1069|1085|1091|1093|1094|1102|1103|1107|1108|1111|1112|1114|1116|1125|1141|1147|1153|1161|1162|1169|1173|1181|1183|1184|1185|1191|1192|1211|1219|1220|1222|1230|1240|1242|1249|1251|1252|1256|1261|1268|1272|1276|1285|1289|1295|1296|1305|1308|1309|1315|1318|1321|1322|1323|1324|1332|1334|1335|1336|1338|1344|1348|1361|1363|1365|1367|1370|1381|1382|1385|1396|1399|1412|1415|1419|1427|1454|1456|1457|1464|1467|1469|1479|1486|1489|1494|1495|1497|1506|1518|1519|1520|1523|1528|1531|1532|1534|1536|1544|1549|1552|1559|1572|1601|1605|1607|1611|1616|1620|1627|1629|1647|1649|1652|1655|1665|1672|1682|1683|1686|1687|1689|1692|1704|1714|1720|1726|1736|1743|1744|1752|1753|1761|1763|1771|1772|1777|1791|1795|1805|1815|1816|1818|1820|1822|1827|1830|1832|1836|1837|1838|1841|1846|1848|1850|1853|1857|1859|1867|1868|1882|1884|1894|1900|1902|1914|1918|1919|1923|1927|1930|1931|1937|1949|1950|1952|1955|1958|1962|1964|1971|1972|1973|1983|1991|1996|2001|2002|2012|2016|2017|2020|2025|2030|2040|2054|2061|2067|2070|2074|2075|2082|2088|2089|2095|2102|2103|2106|2114|2119|2129|2136|2143|2144|2150|2152|2161|2164|2165|2166|2173|2175|2176|2185|2187|2192|2198|2203|2206|2208|2209|2215|2217|2221|2224|2229|2232|2234|2235|2236|2239|2249|2251|2256|2258|2262|2266|2269|2278|2281|2290|2293|2307|2311|2318|2321|2327|2333|2339|2344|2351|2353|2357|2363|2368|2371|2377|2378|2379|2381|2384|2385|2387|2404|2411|2414|2417|2425|2430|2432|2434|2435|2436|2439|2450|2465|2476|2482|2496
Dunnhumby,day 620,2,M2,5|10|17|23|30|33|34|35|47|49|50|54|58|62|66|68|77|78|82|84|105|107|121|126|131|135|138|139|141|143|144|145|149|151|152|153|160|163|176|191|192|197|203|206|207|212|213|215|236|240|244|249|251|261|264|266|268|272|275|281|287|292|297|321|322|323|326|342|343|360|361|363|370|376|378|380|385|390|391|401|403|410|440|449|450|454|472|482|487|490|491|497|502|505|509|520|521|523|524|525|527|530|531|533|541|546|553|558|561|565|570|579|581|582|585|587|588|609|611|614|615|616|637|639|641|643|646|647|658|684|685|689|691|697|708|709|710|714|720|724|745|749|754|756|761|762|769|771|781|783|784|788|789|792|806|808|819|822|823|831|834|835|840|843|846|852|854|855|856|858|871|874|878|880|881|883|888|889|890|898|902|907|909|910|918|922|929|930|943|945|948|958|963|964|971|976|981|983|997|1000|1003|1016|1023|1024|1037|1041|1043|1045|1049|1060|1065|1069|1085|1091|1093|1094|1102|1103|1107|1108|1111|1112|1114|1116|1125|1141|1147|1153|1161|1162|1169|1173|1181|1183|1184|1185|1191|1192|1211|1219|1220|1222|1230|1240|1242|1249|1251|1252|1256|1261|1268|1272|1276|1285|1289|1295|1296|1305|1308|1309|1315|1318|1321|1322|1323|1324|1332|1334|1335|1336|1338|1344|1348|1361|1363|1365|1367|1370|1381|1382|1385|1396|1399|1412|1415|1419|1427|1454|1456|1457|1464|1467|1469|1479|1486|1489|1494|1495|1497|1506|1518|1519|1520|1523|1528|1531|1532|1534|1536|1544|1549|1552|1559|1572|1601|1605|1607|1611|1616|1620|1627|1629|1647|1649|1652|1655|1665|1672|1682|1683|1686|1687|1689|1692|1704|1714|1720|1726|1736|1743|1744|1752|1753|1761|1763|1771|1772|1777|1791|1795|1805|1815|1816|1818|1820|1822|1827|1830|1832|1836|1837|1838|1841|1846|1848|1850|1853|1857|1859|1867|1868|1882|1884|1894|1900|1902|1914|1918|1919|1923|1927|1930|1931|1937|1949|1950|1952|1955|1958|1962|1964|1971|1972|1973|1983|1991|1996|2001|2002|2012|2016|2017|2020|2025|2030|2040|2054|2061|2067|2070|2074|2075|2082|2088|2089|2095|2102|2103|2106|2114|2119|2129|2136|2143|2144|2150|2152|2161|2164|2165|2166|2173|2175|2176|2185|2187|2192|2198|2203|2206|2208|2209|2215|2217|2221|2224|2229|2232|2234|2235|2236|2239|2249|2251|2256|2258|2262|2266|2269|2278|2281|2290|2293|2307|2311|2318|2321|2327|2333|2339|2344|2351|2353|2357|2363|2368|2371|2377|2378|2379|2381|2384|2385|2387|2404|2411|2414|2417|2425|2430|2432|2434|2435|2436|2439|2450|2465|2476|2482|2496
Dunnhumby,day 620,2,M3,5|10|17|23|30|33|34|35|47|49|50|54|58|62|66|68|77|78|82|84|105|107|121|126|131|135|138|139|141|143|144|145|149|151|152|153|160|163|176|191|192|197|203|206|207|212|213|215|236|240|244|249|251|261|264|266|268|272|275|281|287|292|297|321|322|323|326|342|343|360|361|363|370|376|378|380|385|390|391|401|403|410|440|449|450|454|472|482|487|490|491|497|502|505|509|520|521|523|524|525|527|530|531|533|541|546|553|558|561|565|570|579|581|582|585|587|588|609|611|614|615|616|637|639|641|643|646|647|658|684|685|689|691|697|708|709|710|714|720|724|745|749|754|756|761|762|769|771|781|783|784|788|789|792|806|808|819|822|823|831|834|835|840|843|846|852|854|855|856|858|871|874|878|880|881|883|888|889|890|898|902|907|909|910|918|922|929|930|943|945|948|958|963|964|971|976|981|983|997|1000|1003|1016|1023|1024|1037|1041|1043|1045|1049|1060|1065|1069|1085|1091|1093|1094|1102|1103|1107|1108|1111|1112|1114|1116|1125|1141|1147|1153|1161|1162|1169|1173|1181|1183|1184|1185|1191|1192|1211|1219|1220|1222|1230|1240|1242|1249|1251|1252|1256|1261|1268|1272|1276|1285|1289|1295|1296|1305|1308|1309|1315|1318|1321|1322|1323|1324|1332|1334|1335|1336|1338|1344|1348|1361|1363|1365|1367|1370|1381|1382|1385|1396|1399|1412|1415|1419|1427|1454|1456|1457|1464|1467|1469|1479|1486|1489|1494|1495|1497|1506|1518|1519|1520|1523|1528|1531|1532|1534|1536|1544|1549|1552|1559|1572|1601|1605|1607|1611|1616|1620|1627|1629|1647|1649|1652|1655|1665|1672|1682|1683|1686|1687|1689|1692|1704|1714|1720|1726|1736|1743|1744|1752|1753|1761|1763|1771|1772|1777|1791|1795|1805|1815|1816|1818|1820|1822|1827|1830|1832|1836|1837|1838|1841|1846|1848|1850|1853|1857|1859|1867|1868|1882|1884|1894|1900|1902|1914|1918|1919|1923|1927|1930|1931|1937|1949|1950|1952|1955|1958|1962|1964|1971|1972|1973|1983|1991|1996|2001|2002|2012|2016|2017|2020|2025|2030|2040|2054|2061|2067|2070|2074|2075|2082|2088|2089|2095|2102|2103|2106|2114|2119|2129|2136|2143|2144|2150|2152|2161|2164|2165|2166|2173|2175|2176|2185|2187|2192|2198|2203|2206|2208|2209|2215|2217|2221|2224|2229|2232|2234|2235|2236|2239|2249|2251|2256|2258|2262|2266|2269|2278|2281|2290|2293|2307|2311|2318|2321|2327|2333|2339|2344|2351|2353|2357|2363|2368|2371|2377|2378|2379|2381|2384|2385|2387|2404|2411|2414|2417|2425|2430|2432|2434|2435|2436|2439|2450|2465|2476|2482|2496
Dunnhumby,day 620,3,M0,1|6|11|12|15|19|26|39|43|44|45|53|60|71|73|80|85|86|89|91|92|96|108|123|128|146|148|155|157|162|165|166|168|169|174|179|190|194|199|204|208|211|217|229|237|239|241|243|247|270|273|282|283|284|286|294|295|296|303|304|311|315|319|328|335|349|352|357|365|368|377|384|392|398|404|405|406|408|415|416|417|418|419|422|429|433|436|442|446|453|456|459|461|462|468|471|473|478|479|480|484|485|488|494|495|498|504|510|511|522|532|534|535|537|538|539|545|547|548|554|567|568|572|576|584|589|599|602|603|606|608|613|621|622|626|632|635|648|652|655|657|663|667|670|672|673|681|683|688|693|694|699|701|706|716|717|721|723|730|741|747|750|753|780|785|791|795|797|798|809|810|814|820|829|841|862|867|873|879|887|896|899|901|925|931|932|933|937|946|947|950|951|961|965|966|977|982|990|991|992|996|1001|1008|1010|1012|1013|1018|1019|1022|1031|1032|1040|1044|1047|1051|1052|1054|1057|1062|1074|1079|1086|1087|1088|1089|1095|1118|1120|1128|1132|1136|1145|1156|1157|1159|1164|1171|1187|1194|1203|1205|1209|1213|1225|1232|1239|1247|1250|1255|1262|1264|1265|1267|1270|1279|1281|1283|1284|1287|1297|1303|1312|1316|1325|1329|1351|1356|1358|1360|1369|1372|1375|1376|1377|1390|1406|1408|1414|1416|1418|1421|1423|1426|1429|1435|1437|1453|1458|1468|1471|1474|1478|1483|1490|1493|1498|1503|1507|1510|1511|1512|1514|1522|1524|1527|1530|1539|1540|1542|1550|1554|1567|1568|1570|1577|1578|1579|1597|1603|1614|1615|1619|1623|1624|1628|1634|1638|1639|1642|1648|1653|1654|1656|1673|1675|1677|1679|1681|1693|1696|1708|1715|1717|1727|1728|1734|1740|1751|1758|1762|1767|1768|1776|1778|1780|1785|1789|1790|1796|1803|1804|1814|1831|1834|1843|1844|1845|1866|1869|1870|1872|1874|1875|1879|1881|1897|1901|1904|1905|1907|1908|1909|1925|1928|1934|1935|1938|1939|1942|1947|1951|1956|1957|1963|1965|1967|1969|1977|1979|1982|1984|1987|2003|2007|2008|2010|2011|2014|2018|2026|2027|2036|2039|2045|2048|2051|2066|2069|2073|2078|2081|2086|2098|2100|2107|2121|2130|2132|2133|2141|2146|2148|2151|2153|2154|2155|2162|2167|2168|2170|2172|2179|2181|2182|2188|2195|2196|2204|2211|2216|2225|2245|2254|2268|2270|2273|2277|2280|2285|2286|2294|2297|2298|2305|2312|2315|2317|2319|2322|2326|2340|2346|2349|2350|2354|2360|2362|2369|2380|2382|2391|2393|2401|2407|2412|2420|2421|2424|2429|2433|2445|2453|2454|2473|2487|2492|2493|2494|2497|2500
Dunnhumby,day 620,3,M1,1|6|11|12|15|19|26|39|43|44|45|53|60|71|73|80|85|86|89|91|92|96|108|123|128|146|148|155|157|162|165|166|168|169|174|179|190|194|199|204|208|211|217|229|237|239|241|243|247|270|273|282|283|284|286|294|295|296|303|304|311|315|319|328|335|349|352|357|365|368|377|384|392|398|404|405|406|408|415|416|417|418|419|422|429|433|436|442|446|453|456|459|461|462|468|471|473|478|479|480|484|485|488|494|495|498|504|510|511|522|532|534|535|537|538|539|545|547|548|554|567|568|572|576|584|589|599|602|603|606|608|613|621|622|626|632|635|648|652|655|657|663|667|670|672|673|681|683|688|693|694|699|701|706|716|717|721|723|730|741|747|750|753|780|785|791|795|797|798|809|810|814|820|829|841|862|867|873|879|887|896|899|901|925|931|932|933|937|946|947|950|951|961|965|966|977|982|990|991|992|996|1001|1008|1010|1012|1013|1018|1019|1022|1031|1032|1040|1044|1047|1051|1052|1054|1057|1062|1074|1079|1086|1087|1088|1089|1095|1118|1120|1128|1132|1136|1145|1156|1157|1159|1164|1171|1187|1194|1203|1205|1209|1213|1225|1232|1239|1247|1250|1255|1262|1264|1265|1267|1270|1279|1281|1283|1284|1287|1297|1303|1312|1316|1325|1329|1351|1356|1358|1360|1369|1372|1375|1376|1377|1390|1406|1408|1414|1416|1418|1421|1423|1426|1429|1435|1437|1453|1458|1468|1471|1474|1478|1483|1490|1493|1498|1503|1507|1510|1511|1512|1514|1522|1524|1527|1530|1539|1540|1542|1550|1554|1567|1568|1570|1577|1578|1579|1597|1603|1614|1615|1619|1623|1624|1628|1634|1638|1639|1642|1648|1653|1654|1656|1673|1675|1677|1679|1681|1693|1696|1708|1715|1717|1727|1728|1734|1740|1751|1758|1762|1767|1768|1776|1778|1780|1785|1789|1790|1796|1803|1804|1814|1831|1834|1843|1844|1845|1866|1869|1870|1872|1874|1875|1879|1881|1897|1901|1904|1905|1907|1908|1909|1925|1928|1934|1935|1938|1939|1942|1947|1951|1956|1957|1963|1965|1967|1969|1977|1979|1982|1984|1987|2003|2007|2008|2010|2011|2014|2018|2026|2027|2036|2039|2045|2048|2051|2066|2069|2073|2078|2081|2086|2098|2100|2107|2121|2130|2132|2133|2141|2146|2148|2151|2153|2154|2155|2162|2167|2168|2170|2172|2179|2181|2182|2188|2195|2196|2204|2211|2216|2225|2245|2254|2268|2270|2273|2277|2280|2285|2286|2294|2297|2298|2305|2312|2315|2317|2319|2322|2326|2340|2346|2349|2350|2354|2360|2362|2369|2380|2382|2391|2393|2401|2407|2412|2420|2421|2424|2429|2433|2445|2453|2454|2473|2487|2492|2493|2494|2497|2500
Dunnhumby,day 620,3,M2,1|6|11|12|15|19|26|39|43|44|45|53|60|71|73|80|85|86|89|91|92|96|108|123|128|146|148|155|157|162|165|166|168|169|174|179|190|194|199|204|208|211|217|229|237|239|241|243|247|270|273|282|283|284|286|294|295|296|303|304|311|315|319|328|335|349|352|357|365|368|377|384|392|398|404|405|406|408|415|416|417|418|419|422|429|433|436|442|446|453|456|459|461|462|468|471|473|478|479|480|484|485|488|494|495|498|504|510|511|522|532|534|535|537|538|539|545|547|548|554|567|568|572|576|584|589|599|602|603|606|608|613|621|622|626|632|635|648|652|655|657|663|667|670|672|673|681|683|688|693|694|699|701|706|716|717|721|723|730|741|747|750|753|780|785|791|795|797|798|809|810|814|820|829|841|862|867|873|879|887|896|899|901|925|931|932|933|937|946|947|950|951|961|965|966|977|982|990|991|992|996|1001|1008|1010|1012|1013|1018|1019|1022|1031|1032|1040|1044|1047|1051|1052|1054|1057|1062|1074|1079|1086|1087|1088|1089|1095|1118|1120|1128|1132|1136|1145|1156|1157|1159|1164|1171|1187|1194|1203|1205|1209|1213|1225|1232|1239|1247|1250|1255|1262|1264|1265|1267|1270|1279|1281|1283|1284|1287|1297|1303|1312|1316|1325|1329|1351|1356|1358|1360|1369|1372|1375|1376|1377|1390|1406|1408|1414|1416|1418|1421|1423|1426|1429|1435|1437|1453|1458|1468|1471|1474|1478|1483|1490|1493|1498|1503|1507|1510|1511|1512|1514|1522|1524|1527|1530|1539|1540|1542|1550|1554|1567|1568|1570|1577|1578|1579|1597|1603|1614|1615|1619|1623|1624|1628|1634|1638|1639|1642|1648|1653|1654|1656|1673|1675|1677|1679|1681|1693|1696|1708|1715|1717|1727|1728|1734|1740|1751|1758|1762|1767|1768|1776|1778|1780|1785|1789|1790|1796|1803|1804|1814|1831|1834|1843|1844|1845|1866|1869|1870|1872|1874|1875|1879|1881|1897|1901|1904|1905|1907|1908|1909|1925|1928|1934|1935|1938|1939|1942|1947|1951|1956|1957|1963|1965|1967|1969|1977|1979|1982|1984|1987|2003|2007|2008|2010|2011|2014|2018|2026|2027|2036|2039|2045|2048|2051|2066|2069|2073|2078|2081|2086|2098|2100|2107|2121|2130|2132|2133|2141|2146|2148|2151|2153|2154|2155|2162|2167|2168|2170|2172|2179|2181|2182|2188|2195|2196|2204|2211|2216|2225|2245|2254|2268|2270|2273|2277|2280|2285|2286|2294|2297|2298|2305|2312|2315|2317|2319|2322|2326|2340|2346|2349|2350|2354|2360|2362|2369|2380|2382|2391|2393|2401|2407|2412|2420|2421|2424|2429|2433|2445|2453|2454|2473|2487|2492|2493|2494|2497|2500
Dunnhumby,day 620,3,M3,1|6|11|12|15|19|26|39|43|44|45|53|60|71|73|80|85|86|89|91|92|96|108|123|128|146|148|155|157|162|165|166|168|169|174|179|190|194|199|204|208|211|217|229|237|239|241|243|247|270|273|282|283|284|286|294|295|296|303|304|311|315|319|328|335|349|352|357|365|368|377|384|392|398|404|405|406|408|415|416|417|418|419|422|429|433|436|442|446|453|456|459|461|462|468|471|473|478|479|480|484|485|488|494|495|498|504|510|511|522|532|534|535|537|538|539|545|547|548|554|567|568|572|576|584|589|599|602|603|606|608|613|621|622|626|632|635|648|652|655|657|663|667|670|672|673|681|683|688|693|694|699|701|706|716|717|721|723|730|741|747|750|753|780|785|791|795|797|798|809|810|814|820|829|841|862|867|873|879|887|896|899|901|925|931|932|933|937|946|947|950|951|961|965|966|977|982|990|991|992|996|1001|1008|1010|1012|1013|1018|1019|1022|1031|1032|1040|1044|1047|1051|1052|1054|1057|1062|1074|1079|1086|1087|1088|1089|1095|1118|1120|1128|1132|1136|1145|1156|1157|1159|1164|1171|1187|1194|1203|1205|1209|1213|1225|1232|1239|1247|1250|1255|1262|1264|1265|1267|1270|1279|1281|1283|1284|1287|1297|1303|1312|1316|1325|1329|1351|1356|1358|1360|1369|1372|1375|1376|1377|1390|1406|1408|1414|1416|1418|1421|1423|1426|1429|1435|1437|1453|1458|1468|1471|1474|1478|1483|1490|1493|1498|1503|1507|1510|1511|1512|1514|1522|1524|1527|1530|1539|1540|1542|1550|1554|1567|1568|1570|1577|1578|1579|1597|1603|1614|1615|1619|1623|1624|1628|1634|1638|1639|1642|1648|1653|1654|1656|1673|1675|1677|1679|1681|1693|1696|1708|1715|1717|1727|1728|1734|1740|1751|1758|1762|1767|1768|1776|1778|1780|1785|1789|1790|1796|1803|1804|1814|1831|1834|1843|1844|1845|1866|1869|1870|1872|1874|1875|1879|1881|1897|1901|1904|1905|1907|1908|1909|1925|1928|1934|1935|1938|1939|1942|1947|1951|1956|1957|1963|1965|1967|1969|1977|1979|1982|1984|1987|2003|2007|2008|2010|2011|2014|2018|2026|2027|2036|2039|2045|2048|2051|2066|2069|2073|2078|2081|2086|2098|2100|2107|2121|2130|2132|2133|2141|2146|2148|2151|2153|2154|2155|2162|2167|2168|2170|2172|2179|2181|2182|2188|2195|2196|2204|2211|2216|2225|2245|2254|2268|2270|2273|2277|2280|2285|2286|2294|2297|2298|2305|2312|2315|2317|2319|2322|2326|2340|2346|2349|2350|2354|2360|2362|2369|2380|2382|2391|2393|2401|2407|2412|2420|2421|2424|2429|2433|2445|2453|2454|2473|2487|2492|2493|2494|2497|2500
Dunnhumby,day 620,4,M0,2|9|13|14|18|25|28|29|37|40|55|56|59|67|75|79|83|87|94|102|104|119|122|130|134|136|137|140|170|171|181|182|189|196|205|209|220|222|223|224|231|232|235|238|242|245|248|253|256|263|267|278|285|288|289|293|299|300|302|305|306|310|312|317|334|348|351|354|356|359|364|366|389|397|402|409|411|420|434|438|441|445|455|466|470|476|483|489|493|500|503|507|516|526|540|542|551|555|556|562|566|571|573|578|586|590|591|592|594|604|605|607|612|638|642|645|649|653|659|660|661|662|665|668|674|677|690|700|702|703|707|711|718|722|729|733|738|739|751|757|764|767|774|775|777|786|793|794|800|801|802|811|812|817|821|826|830|832|833|838|844|845|848|851|863|865|875|876|884|895|913|914|919|920|923|928|935|936|939|944|954|959|960|962|967|968|972|975|986|987|989|995|998|1004|1020|1021|1029|1030|1034|1046|1050|1059|1066|1068|1070|1077|1078|1080|1082|1090|1098|1101|1104|1115|1117|1129|1130|1131|1137|1140|1154|1155|1167|1168|1170|1172|1182|1188|1189|1190|1196|1198|1204|1206|1208|1210|1212|1223|1227|1233|1234|1244|1253|1258|1271|1273|1275|1282|1288|1291|1294|1299|1306|1310|1326|1328|1330|1333|1337|1345|1353|1359|1362|1373|1383|1387|1388|1392|1394|1397|1402|1410|1425|1433|1436|1439|1443|1445|1447|1449|1452|1455|1462|1466|1472|1473|1480|1481|1484|1485|1492|1504|1508|1517|1529|1533|1537|1543|1545|1546|1562|1565|1575|1576|1581|1586|1591|1594|1595|1608|1609|1613|1617|1618|1625|1626|1630|1632|1633|1651|1659|1666|1678|1690|1695|1709|1718|1723|1724|1729|1735|1738|1739|1747|1748|1749|1754|1755|1757|1775|1782|1793|1794|1799|1806|1807|1810|1817|1821|1825|1828|1833|1839|1847|1849|1851|1858|1860|1862|1865|1878|1883|1886|1887|1892|1895|1898|1913|1915|1922|1932|1936|1940|1941|1946|1948|1960|1961|1975|1980|1990|1995|1997|2005|2019|2021|2023|2029|2034|2035|2037|2038|2047|2053|2062|2063|2065|2068|2072|2076|2079|2084|2087|2094|2104|2105|2108|2109|2111|2122|2124|2125|2138|2147|2156|2157|2158|2174|2186|2189|2193|2194|2201|2210|2223|2226|2230|2233|2240|2241|2243|2244|2247|2252|2257|2265|2275|2282|2287|2289|2291|2299|2302|2308|2309|2313|2320|2324|2332|2334|2337|2341|2345|2348|2352|2358|2364|2365|2372|2373|2386|2389|2395|2396|2397|2399|2402|2403|2406|2409|2413|2416|2418|2422|2423|2427|2431|2437|2438|2442|2443|2446|2449|2458|2459|2460|2461|2464|2467|2475|2477|2479|2480|2483|2484|2485|2488|2489|2491
Dunnhumby,day 620,4,M1,2|9|13|14|18|25|28|29|37|40|55|56|59|67|75|79|83|87|94|102|104|119|122|130|134|136|137|140|170|171|181|182|189|196|205|209|220|222|223|224|231|232|235|238|242|245|248|253|256|263|267|278|285|288|289|293|299|300|302|305|306|310|312|317|334|348|351|354|356|359|364|366|389|397|402|409|411|420|434|438|441|445|455|466|470|476|483|489|493|500|503|507|516|526|540|542|551|555|556|562|566|571|573|578|586|590|591|592|594|604|605|607|612|638|642|645|649|653|659|660|661|662|665|668|674|677|690|700|702|703|707|711|718|722|729|733|738|739|751|757|764|767|774|775|777|786|793|794|800|801|802|811|812|817|821|826|830|832|833|838|844|845|848|851|863|865|875|876|884|895|913|914|919|920|923|928|935|936|939|944|954|959|960|962|967|968|972|975|986|987|989|995|998|1004|1020|1021|1029|1030|1034|1046|1050|1059|1066|1068|1070|1077|1078|1080|1082|1090|1098|1101|1104|1115|1117|1129|1130|1131|1137|1140|1154|1155|1167|1168|1170|1172|1182|1188|1189|1190|1196|1198|1204|1206|1208|1210|1212|1223|1227|1233|1234|1244|1253|1258|1271|1273|1275|1282|1288|1291|1294|1299|1306|1310|1326|1328|1330|1333|1337|1345|1353|1359|1362|1373|1383|1387|1388|1392|1394|1397|1402|1410|1425|1433|1436|1439|1443|1445|1447|1449|1452|1455|1462|1466|1472|1473|1480|1481|1484|1485|1492|1504|1508|1517|1529|1533|1537|1543|1545|1546|1562|1565|1575|1576|1581|1586|1591|1594|1595|1608|1609|1613|1617|1618|1625|1626|1630|1632|1633|1651|1659|1666|1678|1690|1695|1709|1718|1723|1724|1729|1735|1738|1739|1747|1748|1749|1754|1755|1757|1775|1782|1793|1794|1799|1806|1807|1810|1817|1821|1825|1828|1833|1839|1847|1849|1851|1858|1860|1862|1865|1878|1883|1886|1887|1892|1895|1898|1913|1915|1922|1932|1936|1940|1941|1946|1948|1960|1961|1975|1980|1990|1995|1997|2005|2019|2021|2023|2029|2034|2035|2037|2038|2047|2053|2062|2063|2065|2068|2072|2076|2079|2084|2087|2094|2104|2105|2108|2109|2111|2122|2124|2125|2138|2147|2156|2157|2158|2174|2186|2189|2193|2194|2201|2210|2223|2226|2230|2233|2240|2241|2243|2244|2247|2252|2257|2265|2275|2282|2287|2289|2291|2299|2302|2308|2309|2313|2320|2324|2332|2334|2337|2341|2345|2348|2352|2358|2364|2365|2372|2373|2386|2389|2395|2396|2397|2399|2402|2403|2406|2409|2413|2416|2418|2422|2423|2427|2431|2437|2438|2442|2443|2446|2449|2458|2459|2460|2461|2464|2467|2475|2477|2479|2480|2483|2484|2485|2488|2489|2491
Dunnhumby,day 620,4,M2,2|9|13|14|18|25|28|29|37|40|55|56|59|67|75|79|83|87|94|102|104|119|122|130|134|136|137|140|170|171|181|182|189|196|205|209|220|222|223|224|231|232|235|238|242|245|248|253|256|263|267|278|285|288|289|293|299|300|302|305|306|310|312|317|334|348|351|354|356|359|364|366|389|397|402|409|411|420|434|438|441|445|455|466|470|476|483|489|493|500|503|507|516|526|540|542|551|555|556|562|566|571|573|578|586|590|591|592|594|604|605|607|612|638|642|645|649|653|659|660|661|662|665|668|674|677|690|700|702|703|707|711|718|722|729|733|738|739|751|757|764|767|774|775|777|786|793|794|800|801|802|811|812|817|821|826|830|832|833|838|844|845|848|851|863|865|875|876|884|895|913|914|919|920|923|928|935|936|939|944|954|959|960|962|967|968|972|975|986|987|989|995|998|1004|1020|1021|1029|1030|1034|1046|1050|1059|1066|1068|1070|1077|1078|1080|1082|1090|1098|1101|1104|1115|1117|1129|1130|1131|1137|1140|1154|1155|1167|1168|1170|1172|1182|1188|1189|1190|1196|1198|1204|1206|1208|1210|1212|1223|1227|1233|1234|1244|1253|1258|1271|1273|1275|1282|1288|1291|1294|1299|1306|1310|1326|1328|1330|1333|1337|1345|1353|1359|1362|1373|1383|1387|1388|1392|1394|1397|1402|1410|1425|1433|1436|1439|1443|1445|1447|1449|1452|1455|1462|1466|1472|1473|1480|1481|1484|1485|1492|1504|1508|1517|1529|1533|1537|1543|1545|1546|1562|1565|1575|1576|1581|1586|1591|1594|1595|1608|1609|1613|1617|1618|1625|1626|1630|1632|1633|1651|1659|1666|1678|1690|1695|1709|1718|1723|1724|1729|1735|1738|1739|1747|1748|1749|1754|1755|1757|1775|1782|1793|1794|1799|1806|1807|1810|1817|1821|1825|1828|1833|1839|1847|1849|1851|1858|1860|1862|1865|1878|1883|1886|1887|1892|1895|1898|1913|1915|1922|1932|1936|1940|1941|1946|1948|1960|1961|1975|1980|1990|1995|1997|2005|2019|2021|2023|2029|2034|2035|2037|2038|2047|2053|2062|2063|2065|2068|2072|2076|2079|2084|2087|2094|2104|2105|2108|2109|2111|2122|2124|2125|2138|2147|2156|2157|2158|2174|2186|2189|2193|2194|2201|2210|2223|2226|2230|2233|2240|2241|2243|2244|2247|2252|2257|2265|2275|2282|2287|2289|2291|2299|2302|2308|2309|2313|2320|2324|2332|2334|2337|2341|2345|2348|2352|2358|2364|2365|2372|2373|2386|2389|2395|2396|2397|2399|2402|2403|2406|2409|2413|2416|2418|2422|2423|2427|2431|2437|2438|2442|2443|2446|2449|2458|2459|2460|2461|2464|2467|2475|2477|2479|2480|2483|2484|2485|2488|2489|2491
Dunnhumby,day 620,4,M3,2|9|13|14|18|25|28|29|37|40|55|56|59|67|75|79|83|87|94|102|104|119|122|130|134|136|137|140|170|171|181|182|189|196|205|209|220|222|223|224|231|232|235|238|242|245|248|253|256|263|267|278|285|288|289|293|299|300|302|305|306|310|312|317|334|348|351|354|356|359|364|366|389|397|402|409|411|420|434|438|441|445|455|466|470|476|483|489|493|500|503|507|516|526|540|542|551|555|556|562|566|571|573|578|586|590|591|592|594|604|605|607|612|638|642|645|649|653|659|660|661|662|665|668|674|677|690|700|702|703|707|711|718|722|729|733|738|739|751|757|764|767|774|775|777|786|793|794|800|801|802|811|812|817|821|826|830|832|833|838|844|845|848|851|863|865|875|876|884|895|913|914|919|920|923|928|935|936|939|944|954|959|960|962|967|968|972|975|986|987|989|995|998|1004|1020|1021|1029|1030|1034|1046|1050|1059|1066|1068|1070|1077|1078|1080|1082|1090|1098|1101|1104|1115|1117|1129|1130|1131|1137|1140|1154|1155|1167|1168|1170|1172|1182|1188|1189|1190|1196|1198|1204|1206|1208|1210|1212|1223|1227|1233|1234|1244|1253|1258|1271|1273|1275|1282|1288|1291|1294|1299|1306|1310|1326|1328|1330|1333|1337|1345|1353|1359|1362|1373|1383|1387|1388|1392|1394|1397|1402|1410|1425|1433|1436|1439|1443|1445|1447|1449|1452|1455|1462|1466|1472|1473|1480|1481|1484|1485|1492|1504|1508|1517|1529|1533|1537|1543|1545|1546|1562|1565|1575|1576|1581|1586|1591|1594|1595|1608|1609|1613|1617|1618|1625|1626|1630|1632|1633|1651|1659|1666|1678|1690|1695|1709|1718|1723|1724|1729|1735|1738|1739|1747|1748|1749|1754|1755|1757|1775|1782|1793|1794|1799|1806|1807|1810|1817|1821|1825|1828|1833|1839|1847|1849|1851|1858|1860|1862|1865|1878|1883|1886|1887|1892|1895|1898|1913|1915|1922|1932|1936|1940|1941|1946|1948|1960|1961|1975|1980|1990|1995|1997|2005|2019|2021|2023|2029|2034|2035|2037|2038|2047|2053|2062|2063|2065|2068|2072|2076|2079|2084|2087|2094|2104|2105|2108|2109|2111|2122|2124|2125|2138|2147|2156|2157|2158|2174|2186|2189|2193|2194|2201|2210|2223|2226|2230|2233|2240|2241|2243|2244|2247|2252|2257|2265|2275|2282|2287|2289|2291|2299|2302|2308|2309|2313|2320|2324|2332|2334|2337|2341|2345|2348|2352|2358|2364|2365|2372|2373|2386|2389|2395|2396|2397|2399|2402|2403|2406|2409|2413|2416|2418|2422|2423|2427|2431|2437|2438|2442|2443|2446|2449|2458|2459|2460|2461|2464|2467|2475|2477|2479|2480|2483|2484|2485|2488|2489|2491
Online Retail II,2010-09-10,0,M0,12369|12377|12378|12389|12396|12403|12404|12409|12414|12426|12429|12451|12466|12469|12471|12476|12477|12481|12482|12523|12531|12549|12555|12576|12586|12589|12595|12598|12600|12613|12638|12644|12648|12662|12670|12681|12693|12695|12721|12727|12730|12761|12773|12776|12782|12792|12800|12805|12806|12809|12841|12846|12869|12870|12877|12889|12905|12913|12934|12935|12941|12970|12972|12974|12979|12980|12983|13025|13029|13039|13046|13050|13074|13078|13082|13091|13097|13112|13114|13140|13143|13148|13155|13162|13169|13192|13202|13203|13206|13207|13217|13219|13230|13239|13246|13259|13292|13295|13302|13304|13308|13319|13330|13360|13373|13381|13382|13383|13392|13394|13402|13414|13421|13427|13428|13435|13438|13451|13454|13459|13477|13480|13488|13490|13498|13501|13510|13514|13520|13526|13538|13555|13564|13567|13589|13601|13605|13643|13648|13662|13666|13668|13683|13696|13707|13723|13728|13729|13756|13765|13766|13770|13778|13796|13802|13803|13819|13824|13831|13848|13852|13856|13877|13880|13883|13890|13891|13897|13919|13929|13942|13946|13957|13965|13979|13989|14017|14060|14078|14087|14099|14113|14119|14133|14137|14173|14177|14187|14190|14191|14198|14201|14204|14205|14207|14221|14225|14244|14255|14257|14264|14276|14283|14285|14295|14298|14299|14302|14307|14326|14327|14341|14361|14374|14394|14398|14401|14430|14436|14441|14459|14477|14482|14494|14505|14522|14533|14545|14546|14555|14556|14560|14564|14569|14580|14584|14596|14607|14621|14628|14640|14647|14665|14672|14680|14681|14700|14702|14706|14707|14713|14715|14729|14734|14762|14767|14773|14812|14817|14821|14822|14824|14833|14835|14845|14852|14872|14873|14874|14895|14912|14922|14936|14943|14944|14954|14955|14957|14968|14983|14988|15008|15013|15027|15029|15030|15031|15050|15055|15059|15064|15070|15079|15081|15093|15097|15109|15115|15125|15133|15150|15154|15191|15197|15201|15209|15215|15216|15217|15227|15228|15249|15252|15260|15264|15265|15268|15273|15282|15293|15309|15310|15311|15317|15322|15329|15340|15361|15362|15363|15366|15393|15405|15416|15418|15424|15425|15431|15443|15445|15451|15461|15484|15486|15504|15513|15514|15530|15538|15548|15551|15558|15559|15562|15569|15570|15614|15617|15628|15641|15650|15672|15698|15716|15717|15719|15732|15742|15747|15750|15755|15769|15784|15794|15807|15818|15852|15863|15867|15869|15872|15886|15890|15892|15893|15908|15910|15912|15928|15953|15979|15982|16013|16017|16019|16028|16033|16035|16047|16051|16060|16062|16064|16085|16087|16092|16109|16115|16118|16121|16125|16129|16136|16138|16159|16161|16182|16195|16199|16200|16208|16231|16233|16246|16253|16275|16282|16288|16301|16329|16335|16340|16341|16369|16374|16384|16393|16397|16410|16444|16447|16450|16455|16456|16459|16461|16470|16481|16496|16499|16518|16537|16544|16549|16550|16551|16562|16565|16578|16601|16604|16611|16614|16615|16628|16649|16650|16652|16655|16656|16660|16661|16680|16681|16701|16707|16710|16713|16719|16720|16731|16741|16743|16748|16755|16767|16770|16774|16777|16788|16798|16822|16823|16836|16838|16843|16854|16859|16861|16873|16884|16888|16901|16906|16912|16915|16928|16961|16974|16985|16987|16993|17002|17021|17023|17034|17046|17051|17076|17085|17115|17126|17138|17143|17146|17158|17159|17180|17187|17189|17200|17205|17211|17212|17218|17221|17235|17239|17241|17243|17244|17258|17261|17278|17281|17282|17293|17299|17304|17318|17320|17324|17329|17330|17332|17341|17343|17345|17352|17356|17361|17365|17368|17371|17380|17409|17413|17416|17430|17437|17460|17464|17478|17496|17508|17511|17513|17518|17540|17542|17552|17557|17559|17561|17563|17575|17577|17579|17581|17582|17583|17584|17588|17591|17597|17603|17604|17608|17638|17646|17649|17667|17673|17678|17692|17696|17699|17706|17707|17713|17731|17732|17741|17757|17763|17783|17794|17808|17849|17860|17861|17862|17863|17865|17867|17869|17883|17884|17888|17907|17908|17910|17915|17920|17927|17935|17958|17962|17965|17978|17996|18041|18046|18048|18058|18060|18064|18092|18094|18097|18102|18106|18111|18112|18132|18135|18141|18145|18148|18149|18153|18154|18171|18173|18188|18206|18217|18219|18220|18226|18227|18252|18253|18271|18276|18283
Online Retail II,2010-09-10,0,M1,12369|12377|12378|12389|12396|12403|12404|12409|12414|12426|12429|12451|12466|12469|12471|12476|12477|12481|12482|12523|12531|12549|12555|12576|12586|12589|12595|12598|12600|12613|12638|12644|12648|12662|12670|12681|12693|12695|12721|12727|12730|12761|12773|12776|12782|12792|12800|12805|12806|12809|12841|12846|12869|12870|12877|12889|12905|12913|12934|12935|12941|12970|12972|12974|12979|12980|12983|13025|13029|13039|13046|13050|13074|13078|13082|13091|13097|13112|13114|13140|13143|13148|13155|13162|13169|13192|13202|13203|13206|13207|13217|13219|13230|13239|13246|13259|13292|13295|13302|13304|13308|13319|13330|13360|13373|13381|13382|13383|13392|13394|13402|13414|13421|13427|13428|13435|13438|13451|13454|13459|13477|13480|13488|13490|13498|13501|13510|13514|13520|13526|13538|13555|13564|13567|13589|13601|13605|13643|13648|13662|13666|13668|13683|13696|13707|13723|13728|13729|13756|13765|13766|13770|13778|13796|13802|13803|13819|13824|13831|13848|13852|13856|13877|13880|13883|13890|13891|13897|13919|13929|13942|13946|13957|13965|13979|13989|14017|14060|14078|14087|14099|14113|14119|14133|14137|14173|14177|14187|14190|14191|14198|14201|14204|14205|14207|14221|14225|14244|14255|14257|14264|14276|14283|14285|14295|14298|14299|14302|14307|14326|14327|14341|14361|14374|14394|14398|14401|14430|14436|14441|14459|14477|14482|14494|14505|14522|14533|14545|14546|14555|14556|14560|14564|14569|14580|14584|14596|14607|14621|14628|14640|14647|14665|14672|14680|14681|14700|14702|14706|14707|14713|14715|14729|14734|14762|14767|14773|14812|14817|14821|14822|14824|14833|14835|14845|14852|14872|14873|14874|14895|14912|14922|14936|14943|14944|14954|14955|14957|14968|14983|14988|15008|15013|15027|15029|15030|15031|15050|15055|15059|15064|15070|15079|15081|15093|15097|15109|15115|15125|15133|15150|15154|15191|15197|15201|15209|15215|15216|15217|15227|15228|15249|15252|15260|15264|15265|15268|15273|15282|15293|15309|15310|15311|15317|15322|15329|15340|15361|15362|15363|15366|15393|15405|15416|15418|15424|15425|15431|15443|15445|15451|15461|15484|15486|15504|15513|15514|15530|15538|15548|15551|15558|15559|15562|15569|15570|15614|15617|15628|15641|15650|15672|15698|15716|15717|15719|15732|15742|15747|15750|15755|15769|15784|15794|15807|15818|15852|15863|15867|15869|15872|15886|15890|15892|15893|15908|15910|15912|15928|15953|15979|15982|16013|16017|16019|16028|16033|16035|16047|16051|16060|16062|16064|16085|16087|16092|16109|16115|16118|16121|16125|16129|16136|16138|16159|16161|16182|16195|16199|16200|16208|16231|16233|16246|16253|16275|16282|16288|16301|16329|16335|16340|16341|16369|16374|16384|16393|16397|16410|16444|16447|16450|16455|16456|16459|16461|16470|16481|16496|16499|16518|16537|16544|16549|16550|16551|16562|16565|16578|16601|16604|16611|16614|16615|16628|16649|16650|16652|16655|16656|16660|16661|16680|16681|16701|16707|16710|16713|16719|16720|16731|16741|16743|16748|16755|16767|16770|16774|16777|16788|16798|16822|16823|16836|16838|16843|16854|16859|16861|16873|16884|16888|16901|16906|16912|16915|16928|16961|16974|16985|16987|16993|17002|17021|17023|17034|17046|17051|17076|17085|17115|17126|17138|17143|17146|17158|17159|17180|17187|17189|17200|17205|17211|17212|17218|17221|17235|17239|17241|17243|17244|17258|17261|17278|17281|17282|17293|17299|17304|17318|17320|17324|17329|17330|17332|17341|17343|17345|17352|17356|17361|17365|17368|17371|17380|17409|17413|17416|17430|17437|17460|17464|17478|17496|17508|17511|17513|17518|17540|17542|17552|17557|17559|17561|17563|17575|17577|17579|17581|17582|17583|17584|17588|17591|17597|17603|17604|17608|17638|17646|17649|17667|17673|17678|17692|17696|17699|17706|17707|17713|17731|17732|17741|17757|17763|17783|17794|17808|17849|17860|17861|17862|17863|17865|17867|17869|17883|17884|17888|17907|17908|17910|17915|17920|17927|17935|17958|17962|17965|17978|17996|18041|18046|18048|18058|18060|18064|18092|18094|18097|18102|18106|18111|18112|18132|18135|18141|18145|18148|18149|18153|18154|18171|18173|18188|18206|18217|18219|18220|18226|18227|18252|18253|18271|18276|18283
Online Retail II,2010-09-10,0,M2,12369|12377|12378|12389|12396|12403|12404|12409|12414|12426|12429|12451|12466|12469|12471|12476|12477|12481|12482|12523|12531|12549|12555|12576|12586|12589|12595|12598|12600|12613|12638|12644|12648|12662|12670|12681|12693|12695|12721|12727|12730|12761|12773|12776|12782|12792|12800|12805|12806|12809|12841|12846|12869|12870|12877|12889|12905|12913|12934|12935|12941|12970|12972|12974|12979|12980|12983|13025|13029|13039|13046|13050|13074|13078|13082|13091|13097|13112|13114|13140|13143|13148|13155|13162|13169|13192|13202|13203|13206|13207|13217|13219|13230|13239|13246|13259|13292|13295|13302|13304|13308|13319|13330|13360|13373|13381|13382|13383|13392|13394|13402|13414|13421|13427|13428|13435|13438|13451|13454|13459|13477|13480|13488|13490|13498|13501|13510|13514|13520|13526|13538|13555|13564|13567|13589|13601|13605|13643|13648|13662|13666|13668|13683|13696|13707|13723|13728|13729|13756|13765|13766|13770|13778|13796|13802|13803|13819|13824|13831|13848|13852|13856|13877|13880|13883|13890|13891|13897|13919|13929|13942|13946|13957|13965|13979|13989|14017|14060|14078|14087|14099|14113|14119|14133|14137|14173|14177|14187|14190|14191|14198|14201|14204|14205|14207|14221|14225|14244|14255|14257|14264|14276|14283|14285|14295|14298|14299|14302|14307|14326|14327|14341|14361|14374|14394|14398|14401|14430|14436|14441|14459|14477|14482|14494|14505|14522|14533|14545|14546|14555|14556|14560|14564|14569|14580|14584|14596|14607|14621|14628|14640|14647|14665|14672|14680|14681|14700|14702|14706|14707|14713|14715|14729|14734|14762|14767|14773|14812|14817|14821|14822|14824|14833|14835|14845|14852|14872|14873|14874|14895|14912|14922|14936|14943|14944|14954|14955|14957|14968|14983|14988|15008|15013|15027|15029|15030|15031|15050|15055|15059|15064|15070|15079|15081|15093|15097|15109|15115|15125|15133|15150|15154|15191|15197|15201|15209|15215|15216|15217|15227|15228|15249|15252|15260|15264|15265|15268|15273|15282|15293|15309|15310|15311|15317|15322|15329|15340|15361|15362|15363|15366|15393|15405|15416|15418|15424|15425|15431|15443|15445|15451|15461|15484|15486|15504|15513|15514|15530|15538|15548|15551|15558|15559|15562|15569|15570|15614|15617|15628|15641|15650|15672|15698|15716|15717|15719|15732|15742|15747|15750|15755|15769|15784|15794|15807|15818|15852|15863|15867|15869|15872|15886|15890|15892|15893|15908|15910|15912|15928|15953|15979|15982|16013|16017|16019|16028|16033|16035|16047|16051|16060|16062|16064|16085|16087|16092|16109|16115|16118|16121|16125|16129|16136|16138|16159|16161|16182|16195|16199|16200|16208|16231|16233|16246|16253|16275|16282|16288|16301|16329|16335|16340|16341|16369|16374|16384|16393|16397|16410|16444|16447|16450|16455|16456|16459|16461|16470|16481|16496|16499|16518|16537|16544|16549|16550|16551|16562|16565|16578|16601|16604|16611|16614|16615|16628|16649|16650|16652|16655|16656|16660|16661|16680|16681|16701|16707|16710|16713|16719|16720|16731|16741|16743|16748|16755|16767|16770|16774|16777|16788|16798|16822|16823|16836|16838|16843|16854|16859|16861|16873|16884|16888|16901|16906|16912|16915|16928|16961|16974|16985|16987|16993|17002|17021|17023|17034|17046|17051|17076|17085|17115|17126|17138|17143|17146|17158|17159|17180|17187|17189|17200|17205|17211|17212|17218|17221|17235|17239|17241|17243|17244|17258|17261|17278|17281|17282|17293|17299|17304|17318|17320|17324|17329|17330|17332|17341|17343|17345|17352|17356|17361|17365|17368|17371|17380|17409|17413|17416|17430|17437|17460|17464|17478|17496|17508|17511|17513|17518|17540|17542|17552|17557|17559|17561|17563|17575|17577|17579|17581|17582|17583|17584|17588|17591|17597|17603|17604|17608|17638|17646|17649|17667|17673|17678|17692|17696|17699|17706|17707|17713|17731|17732|17741|17757|17763|17783|17794|17808|17849|17860|17861|17862|17863|17865|17867|17869|17883|17884|17888|17907|17908|17910|17915|17920|17927|17935|17958|17962|17965|17978|17996|18041|18046|18048|18058|18060|18064|18092|18094|18097|18102|18106|18111|18112|18132|18135|18141|18145|18148|18149|18153|18154|18171|18173|18188|18206|18217|18219|18220|18226|18227|18252|18253|18271|18276|18283
Online Retail II,2010-09-10,0,M3,12369|12377|12378|12389|12396|12403|12404|12409|12414|12426|12429|12451|12466|12469|12471|12476|12477|12481|12482|12523|12531|12549|12555|12576|12586|12589|12595|12598|12600|12613|12638|12644|12648|12662|12670|12681|12693|12695|12721|12727|12730|12761|12773|12776|12782|12792|12800|12805|12806|12809|12841|12846|12869|12870|12877|12889|12905|12913|12934|12935|12941|12970|12972|12974|12979|12980|12983|13025|13029|13039|13046|13050|13074|13078|13082|13091|13097|13112|13114|13140|13143|13148|13155|13162|13169|13192|13202|13203|13206|13207|13217|13219|13230|13239|13246|13259|13292|13295|13302|13304|13308|13319|13330|13360|13373|13381|13382|13383|13392|13394|13402|13414|13421|13427|13428|13435|13438|13451|13454|13459|13477|13480|13488|13490|13498|13501|13510|13514|13520|13526|13538|13555|13564|13567|13589|13601|13605|13643|13648|13662|13666|13668|13683|13696|13707|13723|13728|13729|13756|13765|13766|13770|13778|13796|13802|13803|13819|13824|13831|13848|13852|13856|13877|13880|13883|13890|13891|13897|13919|13929|13942|13946|13957|13965|13979|13989|14017|14060|14078|14087|14099|14113|14119|14133|14137|14173|14177|14187|14190|14191|14198|14201|14204|14205|14207|14221|14225|14244|14255|14257|14264|14276|14283|14285|14295|14298|14299|14302|14307|14326|14327|14341|14361|14374|14394|14398|14401|14430|14436|14441|14459|14477|14482|14494|14505|14522|14533|14545|14546|14555|14556|14560|14564|14569|14580|14584|14596|14607|14621|14628|14640|14647|14665|14672|14680|14681|14700|14702|14706|14707|14713|14715|14729|14734|14762|14767|14773|14812|14817|14821|14822|14824|14833|14835|14845|14852|14872|14873|14874|14895|14912|14922|14936|14943|14944|14954|14955|14957|14968|14983|14988|15008|15013|15027|15029|15030|15031|15050|15055|15059|15064|15070|15079|15081|15093|15097|15109|15115|15125|15133|15150|15154|15191|15197|15201|15209|15215|15216|15217|15227|15228|15249|15252|15260|15264|15265|15268|15273|15282|15293|15309|15310|15311|15317|15322|15329|15340|15361|15362|15363|15366|15393|15405|15416|15418|15424|15425|15431|15443|15445|15451|15461|15484|15486|15504|15513|15514|15530|15538|15548|15551|15558|15559|15562|15569|15570|15614|15617|15628|15641|15650|15672|15698|15716|15717|15719|15732|15742|15747|15750|15755|15769|15784|15794|15807|15818|15852|15863|15867|15869|15872|15886|15890|15892|15893|15908|15910|15912|15928|15953|15979|15982|16013|16017|16019|16028|16033|16035|16047|16051|16060|16062|16064|16085|16087|16092|16109|16115|16118|16121|16125|16129|16136|16138|16159|16161|16182|16195|16199|16200|16208|16231|16233|16246|16253|16275|16282|16288|16301|16329|16335|16340|16341|16369|16374|16384|16393|16397|16410|16444|16447|16450|16455|16456|16459|16461|16470|16481|16496|16499|16518|16537|16544|16549|16550|16551|16562|16565|16578|16601|16604|16611|16614|16615|16628|16649|16650|16652|16655|16656|16660|16661|16680|16681|16701|16707|16710|16713|16719|16720|16731|16741|16743|16748|16755|16767|16770|16774|16777|16788|16798|16822|16823|16836|16838|16843|16854|16859|16861|16873|16884|16888|16901|16906|16912|16915|16928|16961|16974|16985|16987|16993|17002|17021|17023|17034|17046|17051|17076|17085|17115|17126|17138|17143|17146|17158|17159|17180|17187|17189|17200|17205|17211|17212|17218|17221|17235|17239|17241|17243|17244|17258|17261|17278|17281|17282|17293|17299|17304|17318|17320|17324|17329|17330|17332|17341|17343|17345|17352|17356|17361|17365|17368|17371|17380|17409|17413|17416|17430|17437|17460|17464|17478|17496|17508|17511|17513|17518|17540|17542|17552|17557|17559|17561|17563|17575|17577|17579|17581|17582|17583|17584|17588|17591|17597|17603|17604|17608|17638|17646|17649|17667|17673|17678|17692|17696|17699|17706|17707|17713|17731|17732|17741|17757|17763|17783|17794|17808|17849|17860|17861|17862|17863|17865|17867|17869|17883|17884|17888|17907|17908|17910|17915|17920|17927|17935|17958|17962|17965|17978|17996|18041|18046|18048|18058|18060|18064|18092|18094|18097|18102|18106|18111|18112|18132|18135|18141|18145|18148|18149|18153|18154|18171|18173|18188|18206|18217|18219|18220|18226|18227|18252|18253|18271|18276|18283
Online Retail II,2010-09-10,1,M0,12346|12361|12366|12368|12373|12388|12402|12408|12410|12415|12416|12423|12424|12433|12460|12472|12485|12495|12503|12504|12524|12557|12567|12570|12573|12588|12594|12599|12605|12609|12621|12623|12632|12633|12643|12647|12649|12675|12676|12682|12705|12709|12712|12724|12725|12755|12758|12759|12765|12770|12778|12779|12796|12804|12810|12819|12820|12835|12851|12853|12860|12866|12873|12874|12891|12898|12918|12920|12932|12948|12954|12957|12959|12960|12969|12975|12976|12982|12986|12989|13000|13007|13013|13018|13019|13027|13032|13041|13044|13047|13052|13059|13064|13077|13087|13090|13101|13102|13104|13109|13110|13126|13129|13164|13178|13187|13208|13209|13211|13234|13243|13249|13269|13276|13288|13289|13291|13296|13313|13320|13333|13371|13377|13403|13406|13413|13425|13431|13443|13445|13446|13462|13464|13466|13468|13476|13479|13482|13503|13511|13540|13545|13559|13573|13583|13586|13593|13594|13595|13600|13609|13620|13622|13625|13629|13641|13653|13661|13676|13677|13688|13693|13695|13699|13709|13710|13713|13739|13745|13752|13753|13760|13767|13777|13793|13795|13797|13807|13815|13835|13838|13839|13859|13863|13870|13871|13873|13874|13875|13895|13896|13902|13913|13916|13959|13975|13980|13982|13984|13992|14007|14020|14026|14032|14033|14037|14040|14044|14049|14053|14063|14072|14079|14083|14086|14097|14104|14108|14112|14136|14142|14145|14154|14157|14168|14171|14181|14183|14194|14195|14209|14210|14215|14219|14224|14233|14237|14239|14243|14272|14279|14292|14304|14308|14311|14322|14324|14325|14330|14344|14347|14355|14366|14375|14378|14400|14422|14431|14437|14451|14455|14478|14483|14484|14496|14497|14506|14507|14515|14521|14525|14527|14531|14541|14550|14551|14552|14573|14588|14598|14605|14616|14623|14634|14645|14656|14670|14671|14687|14693|14695|14699|14714|14727|14735|14736|14744|14748|14750|14753|14754|14769|14788|14790|14791|14798|14819|14832|14837|14841|14847|14870|14878|14885|14892|14908|14917|14938|14940|14942|14949|14952|14958|14966|14970|14977|14982|14998|15023|15034|15043|15044|15057|15068|15072|15074|15080|15094|15095|15102|15112|15117|15126|15129|15142|15167|15181|15194|15198|15199|15207|15224|15245|15247|15248|15253|15256|15280|15288|15299|15302|15312|15338|15339|15373|15381|15389|15396|15402|15403|15410|15413|15420|15423|15428|15432|15439|15441|15446|15448|15455|15456|15474|15478|15487|15493|15494|15503|15512|15527|15534|15546|15547|15552|15555|15586|15595|15601|15607|15629|15631|15642|15659|15660|15662|15670|15680|15689|15691|15697|15702|15709|15711|15720|15731|15734|15752|15766|15770|15779|15786|15795|15805|15808|15812|15819|15824|15826|15833|15838|15841|15842|15845|15848|15850|15854|15858|15862|15879|15885|15898|15901|15903|15916|15917|15938|15955|15978|15989|16012|16027|16053|16057|16086|16094|16100|16132|16143|16150|16165|16168|16174|16185|16197|16204|16218|16227|16235|16277|16280|16285|16286|16299|16303|16315|16317|16326|16331|16334|16336|16345|16372|16375|16377|16385|16396|16400|16416|16434|16435|16454|16469|16486|16492|16493|16497|16502|16524|16525|16526|16538|16548|16553|16560|16571|16574|16577|16592|16608|16623|16625|16648|16670|16677|16684|16694|16695|16715|16732|16733|16739|16768|16781|16832|16833|16835|16840|16860|16867|16880|16886|16890|16917|16921|16922|16925|16933|16934|16937|16944|16946|16950|16978|16986|17001|17003|17006|17011|17017|17029|17032|17043|17048|17050|17067|17071|17077|17082|17091|17095|17098|17107|17112|17123|17132|17135|17139|17141|17156|17160|17179|17182|17199|17201|17207|17216|17220|17231|17238|17248|17266|17270|17271|17296|17300|17342|17351|17353|17366|17402|17408|17411|17422|17428|17439|17457|17463|17472|17515|17530|17534|17547|17576|17592|17593|17599|17602|17609|17612|17642|17676|17682|17694|17709|17716|17721|17726|17735|17746|17748|17749|17764|17776|17789|17790|17809|17829|17847|17857|17858|17886|17894|17898|17909|17918|17922|17923|17933|17940|17945|17950|17952|17966|17969|17987|17990|18006|18016|18036|18042|18049|18056|18065|18071|18075|18079|18085|18096|18103|18128|18131|18163|18172|18175|18177|18178|18189|18208|18225|18236|18238|18244|18254|18258|18285|18287
Online Retail II,2010-09-10,1,M1,12346|12361|12366|12368|12373|12388|12402|12408|12410|12415|12416|12423|12424|12433|12460|12472|12485|12495|12503|12504|12524|12557|12567|12570|12573|12588|12594|12599|12605|12609|12621|12623|12632|12633|12643|12647|12649|12675|12676|12682|12705|12709|12712|12724|12725|12755|12758|12759|12765|12770|12778|12779|12796|12804|12810|12819|12820|12835|12851|12853|12860|12866|12873|12874|12891|12898|12918|12920|12932|12948|12954|12957|12959|12960|12969|12975|12976|12982|12986|12989|13000|13007|13013|13018|13019|13027|13032|13041|13044|13047|13052|13059|13064|13077|13087|13090|13101|13102|13104|13109|13110|13126|13129|13164|13178|13187|13208|13209|13211|13234|13243|13249|13269|13276|13288|13289|13291|13296|13313|13320|13333|13371|13377|13403|13406|13413|13425|13431|13443|13445|13446|13462|13464|13466|13468|13476|13479|13482|13503|13511|13540|13545|13559|13573|13583|13586|13593|13594|13595|13600|13609|13620|13622|13625|13629|13641|13653|13661|13676|13677|13688|13693|13695|13699|13709|13710|13713|13739|13745|13752|13753|13760|13767|13777|13793|13795|13797|13807|13815|13835|13838|13839|13859|13863|13870|13871|13873|13874|13875|13895|13896|13902|13913|13916|13959|13975|13980|13982|13984|13992|14007|14020|14026|14032|14033|14037|14040|14044|14049|14053|14063|14072|14079|14083|14086|14097|14104|14108|14112|14136|14142|14145|14154|14157|14168|14171|14181|14183|14194|14195|14209|14210|14215|14219|14224|14233|14237|14239|14243|14272|14279|14292|14304|14308|14311|14322|14324|14325|14330|14344|14347|14355|14366|14375|14378|14400|14422|14431|14437|14451|14455|14478|14483|14484|14496|14497|14506|14507|14515|14521|14525|14527|14531|14541|14550|14551|14552|14573|14588|14598|14605|14616|14623|14634|14645|14656|14670|14671|14687|14693|14695|14699|14714|14727|14735|14736|14744|14748|14750|14753|14754|14769|14788|14790|14791|14798|14819|14832|14837|14841|14847|14870|14878|14885|14892|14908|14917|14938|14940|14942|14949|14952|14958|14966|14970|14977|14982|14998|15023|15034|15043|15044|15057|15068|15072|15074|15080|15094|15095|15102|15112|15117|15126|15129|15142|15167|15181|15194|15198|15199|15207|15224|15245|15247|15248|15253|15256|15280|15288|15299|15302|15312|15338|15339|15373|15381|15389|15396|15402|15403|15410|15413|15420|15423|15428|15432|15439|15441|15446|15448|15455|15456|15474|15478|15487|15493|15494|15503|15512|15527|15534|15546|15547|15552|15555|15586|15595|15601|15607|15629|15631|15642|15659|15660|15662|15670|15680|15689|15691|15697|15702|15709|15711|15720|15731|15734|15752|15766|15770|15779|15786|15795|15805|15808|15812|15819|15824|15826|15833|15838|15841|15842|15845|15848|15850|15854|15858|15862|15879|15885|15898|15901|15903|15916|15917|15938|15955|15978|15989|16012|16027|16053|16057|16086|16094|16100|16132|16143|16150|16165|16168|16174|16185|16197|16204|16218|16227|16235|16277|16280|16285|16286|16299|16303|16315|16317|16326|16331|16334|16336|16345|16372|16375|16377|16385|16396|16400|16416|16434|16435|16454|16469|16486|16492|16493|16497|16502|16524|16525|16526|16538|16548|16553|16560|16571|16574|16577|16592|16608|16623|16625|16648|16670|16677|16684|16694|16695|16715|16732|16733|16739|16768|16781|16832|16833|16835|16840|16860|16867|16880|16886|16890|16917|16921|16922|16925|16933|16934|16937|16944|16946|16950|16978|16986|17001|17003|17006|17011|17017|17029|17032|17043|17048|17050|17067|17071|17077|17082|17091|17095|17098|17107|17112|17123|17132|17135|17139|17141|17156|17160|17179|17182|17199|17201|17207|17216|17220|17231|17238|17248|17266|17270|17271|17296|17300|17342|17351|17353|17366|17402|17408|17411|17422|17428|17439|17457|17463|17472|17515|17530|17534|17547|17576|17592|17593|17599|17602|17609|17612|17642|17676|17682|17694|17709|17716|17721|17726|17735|17746|17748|17749|17764|17776|17789|17790|17809|17829|17847|17857|17858|17886|17894|17898|17909|17918|17922|17923|17933|17940|17945|17950|17952|17966|17969|17987|17990|18006|18016|18036|18042|18049|18056|18065|18071|18075|18079|18085|18096|18103|18128|18131|18163|18172|18175|18177|18178|18189|18208|18225|18236|18238|18244|18254|18258|18285|18287
Online Retail II,2010-09-10,1,M2,12346|12361|12366|12368|12373|12388|12402|12408|12410|12415|12416|12423|12424|12433|12460|12472|12485|12495|12503|12504|12524|12557|12567|12570|12573|12588|12594|12599|12605|12609|12621|12623|12632|12633|12643|12647|12649|12675|12676|12682|12705|12709|12712|12724|12725|12755|12758|12759|12765|12770|12778|12779|12796|12804|12810|12819|12820|12835|12851|12853|12860|12866|12873|12874|12891|12898|12918|12920|12932|12948|12954|12957|12959|12960|12969|12975|12976|12982|12986|12989|13000|13007|13013|13018|13019|13027|13032|13041|13044|13047|13052|13059|13064|13077|13087|13090|13101|13102|13104|13109|13110|13126|13129|13164|13178|13187|13208|13209|13211|13234|13243|13249|13269|13276|13288|13289|13291|13296|13313|13320|13333|13371|13377|13403|13406|13413|13425|13431|13443|13445|13446|13462|13464|13466|13468|13476|13479|13482|13503|13511|13540|13545|13559|13573|13583|13586|13593|13594|13595|13600|13609|13620|13622|13625|13629|13641|13653|13661|13676|13677|13688|13693|13695|13699|13709|13710|13713|13739|13745|13752|13753|13760|13767|13777|13793|13795|13797|13807|13815|13835|13838|13839|13859|13863|13870|13871|13873|13874|13875|13895|13896|13902|13913|13916|13959|13975|13980|13982|13984|13992|14007|14020|14026|14032|14033|14037|14040|14044|14049|14053|14063|14072|14079|14083|14086|14097|14104|14108|14112|14136|14142|14145|14154|14157|14168|14171|14181|14183|14194|14195|14209|14210|14215|14219|14224|14233|14237|14239|14243|14272|14279|14292|14304|14308|14311|14322|14324|14325|14330|14344|14347|14355|14366|14375|14378|14400|14422|14431|14437|14451|14455|14478|14483|14484|14496|14497|14506|14507|14515|14521|14525|14527|14531|14541|14550|14551|14552|14573|14588|14598|14605|14616|14623|14634|14645|14656|14670|14671|14687|14693|14695|14699|14714|14727|14735|14736|14744|14748|14750|14753|14754|14769|14788|14790|14791|14798|14819|14832|14837|14841|14847|14870|14878|14885|14892|14908|14917|14938|14940|14942|14949|14952|14958|14966|14970|14977|14982|14998|15023|15034|15043|15044|15057|15068|15072|15074|15080|15094|15095|15102|15112|15117|15126|15129|15142|15167|15181|15194|15198|15199|15207|15224|15245|15247|15248|15253|15256|15280|15288|15299|15302|15312|15338|15339|15373|15381|15389|15396|15402|15403|15410|15413|15420|15423|15428|15432|15439|15441|15446|15448|15455|15456|15474|15478|15487|15493|15494|15503|15512|15527|15534|15546|15547|15552|15555|15586|15595|15601|15607|15629|15631|15642|15659|15660|15662|15670|15680|15689|15691|15697|15702|15709|15711|15720|15731|15734|15752|15766|15770|15779|15786|15795|15805|15808|15812|15819|15824|15826|15833|15838|15841|15842|15845|15848|15850|15854|15858|15862|15879|15885|15898|15901|15903|15916|15917|15938|15955|15978|15989|16012|16027|16053|16057|16086|16094|16100|16132|16143|16150|16165|16168|16174|16185|16197|16204|16218|16227|16235|16277|16280|16285|16286|16299|16303|16315|16317|16326|16331|16334|16336|16345|16372|16375|16377|16385|16396|16400|16416|16434|16435|16454|16469|16486|16492|16493|16497|16502|16524|16525|16526|16538|16548|16553|16560|16571|16574|16577|16592|16608|16623|16625|16648|16670|16677|16684|16694|16695|16715|16732|16733|16739|16768|16781|16832|16833|16835|16840|16860|16867|16880|16886|16890|16917|16921|16922|16925|16933|16934|16937|16944|16946|16950|16978|16986|17001|17003|17006|17011|17017|17029|17032|17043|17048|17050|17067|17071|17077|17082|17091|17095|17098|17107|17112|17123|17132|17135|17139|17141|17156|17160|17179|17182|17199|17201|17207|17216|17220|17231|17238|17248|17266|17270|17271|17296|17300|17342|17351|17353|17366|17402|17408|17411|17422|17428|17439|17457|17463|17472|17515|17530|17534|17547|17576|17592|17593|17599|17602|17609|17612|17642|17676|17682|17694|17709|17716|17721|17726|17735|17746|17748|17749|17764|17776|17789|17790|17809|17829|17847|17857|17858|17886|17894|17898|17909|17918|17922|17923|17933|17940|17945|17950|17952|17966|17969|17987|17990|18006|18016|18036|18042|18049|18056|18065|18071|18075|18079|18085|18096|18103|18128|18131|18163|18172|18175|18177|18178|18189|18208|18225|18236|18238|18244|18254|18258|18285|18287
Online Retail II,2010-09-10,1,M3,12346|12361|12366|12368|12373|12388|12402|12408|12410|12415|12416|12423|12424|12433|12460|12472|12485|12495|12503|12504|12524|12557|12567|12570|12573|12588|12594|12599|12605|12609|12621|12623|12632|12633|12643|12647|12649|12675|12676|12682|12705|12709|12712|12724|12725|12755|12758|12759|12765|12770|12778|12779|12796|12804|12810|12819|12820|12835|12851|12853|12860|12866|12873|12874|12891|12898|12918|12920|12932|12948|12954|12957|12959|12960|12969|12975|12976|12982|12986|12989|13000|13007|13013|13018|13019|13027|13032|13041|13044|13047|13052|13059|13064|13077|13087|13090|13101|13102|13104|13109|13110|13126|13129|13164|13178|13187|13208|13209|13211|13234|13243|13249|13269|13276|13288|13289|13291|13296|13313|13320|13333|13371|13377|13403|13406|13413|13425|13431|13443|13445|13446|13462|13464|13466|13468|13476|13479|13482|13503|13511|13540|13545|13559|13573|13583|13586|13593|13594|13595|13600|13609|13620|13622|13625|13629|13641|13653|13661|13676|13677|13688|13693|13695|13699|13709|13710|13713|13739|13745|13752|13753|13760|13767|13777|13793|13795|13797|13807|13815|13835|13838|13839|13859|13863|13870|13871|13873|13874|13875|13895|13896|13902|13913|13916|13959|13975|13980|13982|13984|13992|14007|14020|14026|14032|14033|14037|14040|14044|14049|14053|14063|14072|14079|14083|14086|14097|14104|14108|14112|14136|14142|14145|14154|14157|14168|14171|14181|14183|14194|14195|14209|14210|14215|14219|14224|14233|14237|14239|14243|14272|14279|14292|14304|14308|14311|14322|14324|14325|14330|14344|14347|14355|14366|14375|14378|14400|14422|14431|14437|14451|14455|14478|14483|14484|14496|14497|14506|14507|14515|14521|14525|14527|14531|14541|14550|14551|14552|14573|14588|14598|14605|14616|14623|14634|14645|14656|14670|14671|14687|14693|14695|14699|14714|14727|14735|14736|14744|14748|14750|14753|14754|14769|14788|14790|14791|14798|14819|14832|14837|14841|14847|14870|14878|14885|14892|14908|14917|14938|14940|14942|14949|14952|14958|14966|14970|14977|14982|14998|15023|15034|15043|15044|15057|15068|15072|15074|15080|15094|15095|15102|15112|15117|15126|15129|15142|15167|15181|15194|15198|15199|15207|15224|15245|15247|15248|15253|15256|15280|15288|15299|15302|15312|15338|15339|15373|15381|15389|15396|15402|15403|15410|15413|15420|15423|15428|15432|15439|15441|15446|15448|15455|15456|15474|15478|15487|15493|15494|15503|15512|15527|15534|15546|15547|15552|15555|15586|15595|15601|15607|15629|15631|15642|15659|15660|15662|15670|15680|15689|15691|15697|15702|15709|15711|15720|15731|15734|15752|15766|15770|15779|15786|15795|15805|15808|15812|15819|15824|15826|15833|15838|15841|15842|15845|15848|15850|15854|15858|15862|15879|15885|15898|15901|15903|15916|15917|15938|15955|15978|15989|16012|16027|16053|16057|16086|16094|16100|16132|16143|16150|16165|16168|16174|16185|16197|16204|16218|16227|16235|16277|16280|16285|16286|16299|16303|16315|16317|16326|16331|16334|16336|16345|16372|16375|16377|16385|16396|16400|16416|16434|16435|16454|16469|16486|16492|16493|16497|16502|16524|16525|16526|16538|16548|16553|16560|16571|16574|16577|16592|16608|16623|16625|16648|16670|16677|16684|16694|16695|16715|16732|16733|16739|16768|16781|16832|16833|16835|16840|16860|16867|16880|16886|16890|16917|16921|16922|16925|16933|16934|16937|16944|16946|16950|16978|16986|17001|17003|17006|17011|17017|17029|17032|17043|17048|17050|17067|17071|17077|17082|17091|17095|17098|17107|17112|17123|17132|17135|17139|17141|17156|17160|17179|17182|17199|17201|17207|17216|17220|17231|17238|17248|17266|17270|17271|17296|17300|17342|17351|17353|17366|17402|17408|17411|17422|17428|17439|17457|17463|17472|17515|17530|17534|17547|17576|17592|17593|17599|17602|17609|17612|17642|17676|17682|17694|17709|17716|17721|17726|17735|17746|17748|17749|17764|17776|17789|17790|17809|17829|17847|17857|17858|17886|17894|17898|17909|17918|17922|17923|17933|17940|17945|17950|17952|17966|17969|17987|17990|18006|18016|18036|18042|18049|18056|18065|18071|18075|18079|18085|18096|18103|18128|18131|18163|18172|18175|18177|18178|18189|18208|18225|18236|18238|18244|18254|18258|18285|18287
Online Retail II,2010-09-10,2,M0,12355|12417|12435|12439|12450|12468|12470|12483|12487|12490|12494|12497|12499|12500|12507|12510|12527|12547|12592|12637|12645|12651|12664|12687|12696|12711|12714|12726|12731|12741|12748|12749|12788|12789|12791|12801|12802|12808|12836|12837|12848|12849|12854|12857|12862|12864|12867|12872|12880|12894|12897|12907|12910|12915|12916|12917|12921|12923|12945|12951|12953|12958|12992|12993|13004|13005|13008|13010|13015|13023|13026|13037|13053|13070|13071|13076|13085|13089|13093|13115|13135|13141|13151|13154|13156|13168|13175|13196|13204|13220|13225|13252|13277|13278|13285|13286|13293|13294|13297|13299|13307|13315|13327|13329|13340|13399|13400|13433|13434|13439|13442|13444|13452|13455|13461|13465|13469|13473|13474|13478|13481|13484|13495|13515|13542|13544|13553|13576|13579|13598|13599|13608|13617|13627|13632|13649|13663|13672|13679|13684|13711|13717|13722|13727|13734|13748|13758|13762|13769|13773|13779|13782|13783|13785|13786|13787|13788|13800|13814|13823|13857|13861|13872|13881|13888|13901|13907|13909|13911|13920|13921|13941|13943|13945|13963|13971|13976|13988|13995|14009|14018|14022|14028|14030|14035|14047|14062|14064|14068|14069|14070|14095|14128|14129|14135|14160|14180|14200|14202|14217|14227|14235|14238|14253|14256|14282|14293|14296|14315|14320|14321|14329|14338|14343|14365|14404|14415|14421|14427|14469|14472|14486|14492|14498|14499|14508|14512|14513|14519|14532|14534|14543|14548|14565|14575|14577|14590|14606|14608|14610|14611|14613|14615|14631|14646|14651|14662|14678|14688|14701|14723|14725|14732|14739|14740|14766|14787|14793|14813|14814|14826|14838|14839|14844|14850|14853|14854|14855|14857|14859|14861|14867|14871|14890|14894|14900|14909|14915|14918|14924|14926|14941|14961|14963|14969|14986|14993|14996|14997|15002|15005|15016|15039|15056|15058|15061|15067|15077|15086|15091|15092|15101|15105|15123|15124|15135|15149|15162|15164|15173|15176|15183|15188|15189|15229|15231|15244|15246|15251|15255|15259|15262|15271|15283|15284|15287|15289|15296|15298|15305|15321|15326|15353|15354|15358|15372|15375|15384|15391|15401|15421|15422|15430|15452|15465|15466|15471|15480|15482|15496|15521|15523|15544|15550|15564|15571|15573|15587|15588|15591|15611|15613|15623|15625|15633|15638|15639|15651|15658|15681|15682|15684|15712|15713|15715|15718|15771|15788|15789|15796|15797|15803|15810|15814|15816|15860|15865|15875|15888|15889|15911|15913|15936|15941|15943|15944|15950|15954|15956|15959|15964|15969|15972|15980|15981|15984|15988|15994|15999|16002|16003|16007|16008|16014|16029|16046|16048|16067|16072|16075|16078|16082|16096|16104|16108|16126|16127|16131|16137|16139|16156|16158|16163|16176|16186|16191|16196|16229|16234|16251|16255|16271|16273|16276|16289|16293|16300|16316|16320|16321|16327|16328|16330|16347|16356|16359|16366|16382|16387|16408|16415|16417|16419|16422|16441|16443|16452|16453|16468|16471|16477|16485|16487|16500|16503|16510|16523|16539|16568|16569|16570|16576|16585|16593|16595|16605|16651|16663|16666|16668|16675|16679|16683|16686|16691|16693|16704|16711|16717|16722|16723|16737|16746|16749|16771|16782|16787|16792|16797|16807|16809|16814|16819|16827|16844|16846|16872|16875|16883|16889|16894|16898|16919|16926|16975|17012|17018|17025|17027|17035|17044|17047|17056|17059|17065|17069|17075|17093|17099|17103|17108|17113|17127|17129|17133|17136|17137|17157|17163|17165|17169|17184|17185|17194|17215|17227|17228|17230|17236|17245|17251|17294|17305|17309|17326|17339|17348|17349|17359|17369|17376|17381|17388|17389|17406|17432|17436|17438|17448|17469|17471|17473|17484|17487|17491|17492|17504|17529|17531|17536|17545|17565|17568|17572|17586|17589|17596|17611|17617|17643|17644|17662|17664|17666|17679|17685|17686|17700|17715|17720|17738|17745|17760|17771|17773|17774|17792|17802|17804|17810|17819|17841|17845|17850|17851|17852|17866|17873|17875|17880|17901|17931|17949|17953|17982|17984|17988|17994|17998|18008|18011|18038|18039|18051|18053|18061|18063|18091|18134|18144|18152|18166|18174|18179|18182|18196|18197|18203|18207|18212|18215|18218|18223|18229|18234|18241|18246|18247|18255|18259|18264|18268|18275|18279|18286
Online Retail II,2010-09-10,2,M1,12355|12417|12435|12439|12450|12468|12470|12483|12487|12490|12494|12497|12499|12500|12507|12510|12527|12547|12592|12637|12645|12651|12664|12687|12696|12711|12714|12726|12731|12741|12748|12749|12788|12789|12791|12801|12802|12808|12836|12837|12848|12849|12854|12857|12862|12864|12867|12872|12880|12894|12897|12907|12910|12915|12916|12917|12921|12923|12945|12951|12953|12958|12992|12993|13004|13005|13008|13010|13015|13023|13026|13037|13053|13070|13071|13076|13085|13089|13093|13115|13135|13141|13151|13154|13156|13168|13175|13196|13204|13220|13225|13252|13277|13278|13285|13286|13293|13294|13297|13299|13307|13315|13327|13329|13340|13399|13400|13433|13434|13439|13442|13444|13452|13455|13461|13465|13469|13473|13474|13478|13481|13484|13495|13515|13542|13544|13553|13576|13579|13598|13599|13608|13617|13627|13632|13649|13663|13672|13679|13684|13711|13717|13722|13727|13734|13748|13758|13762|13769|13773|13779|13782|13783|13785|13786|13787|13788|13800|13814|13823|13857|13861|13872|13881|13888|13901|13907|13909|13911|13920|13921|13941|13943|13945|13963|13971|13976|13988|13995|14009|14018|14022|14028|14030|14035|14047|14062|14064|14068|14069|14070|14095|14128|14129|14135|14160|14180|14200|14202|14217|14227|14235|14238|14253|14256|14282|14293|14296|14315|14320|14321|14329|14338|14343|14365|14404|14415|14421|14427|14469|14472|14486|14492|14498|14499|14508|14512|14513|14519|14532|14534|14543|14548|14565|14575|14577|14590|14606|14608|14610|14611|14613|14615|14631|14646|14651|14662|14678|14688|14701|14723|14725|14732|14739|14740|14766|14787|14793|14813|14814|14826|14838|14839|14844|14850|14853|14854|14855|14857|14859|14861|14867|14871|14890|14894|14900|14909|14915|14918|14924|14926|14941|14961|14963|14969|14986|14993|14996|14997|15002|15005|15016|15039|15056|15058|15061|15067|15077|15086|15091|15092|15101|15105|15123|15124|15135|15149|15162|15164|15173|15176|15183|15188|15189|15229|15231|15244|15246|15251|15255|15259|15262|15271|15283|15284|15287|15289|15296|15298|15305|15321|15326|15353|15354|15358|15372|15375|15384|15391|15401|15421|15422|15430|15452|15465|15466|15471|15480|15482|15496|15521|15523|15544|15550|15564|15571|15573|15587|15588|15591|15611|15613|15623|15625|15633|15638|15639|15651|15658|15681|15682|15684|15712|15713|15715|15718|15771|15788|15789|15796|15797|15803|15810|15814|15816|15860|15865|15875|15888|15889|15911|15913|15936|15941|15943|15944|15950|15954|15956|15959|15964|15969|15972|15980|15981|15984|15988|15994|15999|16002|16003|16007|16008|16014|16029|16046|16048|16067|16072|16075|16078|16082|16096|16104|16108|16126|16127|16131|16137|16139|16156|16158|16163|16176|16186|16191|16196|16229|16234|16251|16255|16271|16273|16276|16289|16293|16300|16316|16320|16321|16327|16328|16330|16347|16356|16359|16366|16382|16387|16408|16415|16417|16419|16422|16441|16443|16452|16453|16468|16471|16477|16485|16487|16500|16503|16510|16523|16539|16568|16569|16570|16576|16585|16593|16595|16605|16651|16663|16666|16668|16675|16679|16683|16686|16691|16693|16704|16711|16717|16722|16723|16737|16746|16749|16771|16782|16787|16792|16797|16807|16809|16814|16819|16827|16844|16846|16872|16875|16883|16889|16894|16898|16919|16926|16975|17012|17018|17025|17027|17035|17044|17047|17056|17059|17065|17069|17075|17093|17099|17103|17108|17113|17127|17129|17133|17136|17137|17157|17163|17165|17169|17184|17185|17194|17215|17227|17228|17230|17236|17245|17251|17294|17305|17309|17326|17339|17348|17349|17359|17369|17376|17381|17388|17389|17406|17432|17436|17438|17448|17469|17471|17473|17484|17487|17491|17492|17504|17529|17531|17536|17545|17565|17568|17572|17586|17589|17596|17611|17617|17643|17644|17662|17664|17666|17679|17685|17686|17700|17715|17720|17738|17745|17760|17771|17773|17774|17792|17802|17804|17810|17819|17841|17845|17850|17851|17852|17866|17873|17875|17880|17901|17931|17949|17953|17982|17984|17988|17994|17998|18008|18011|18038|18039|18051|18053|18061|18063|18091|18134|18144|18152|18166|18174|18179|18182|18196|18197|18203|18207|18212|18215|18218|18223|18229|18234|18241|18246|18247|18255|18259|18264|18268|18275|18279|18286
Online Retail II,2010-09-10,2,M2,12355|12417|12435|12439|12450|12468|12470|12483|12487|12490|12494|12497|12499|12500|12507|12510|12527|12547|12592|12637|12645|12651|12664|12687|12696|12711|12714|12726|12731|12741|12748|12749|12788|12789|12791|12801|12802|12808|12836|12837|12848|12849|12854|12857|12862|12864|12867|12872|12880|12894|12897|12907|12910|12915|12916|12917|12921|12923|12945|12951|12953|12958|12992|12993|13004|13005|13008|13010|13015|13023|13026|13037|13053|13070|13071|13076|13085|13089|13093|13115|13135|13141|13151|13154|13156|13168|13175|13196|13204|13220|13225|13252|13277|13278|13285|13286|13293|13294|13297|13299|13307|13315|13327|13329|13340|13399|13400|13433|13434|13439|13442|13444|13452|13455|13461|13465|13469|13473|13474|13478|13481|13484|13495|13515|13542|13544|13553|13576|13579|13598|13599|13608|13617|13627|13632|13649|13663|13672|13679|13684|13711|13717|13722|13727|13734|13748|13758|13762|13769|13773|13779|13782|13783|13785|13786|13787|13788|13800|13814|13823|13857|13861|13872|13881|13888|13901|13907|13909|13911|13920|13921|13941|13943|13945|13963|13971|13976|13988|13995|14009|14018|14022|14028|14030|14035|14047|14062|14064|14068|14069|14070|14095|14128|14129|14135|14160|14180|14200|14202|14217|14227|14235|14238|14253|14256|14282|14293|14296|14315|14320|14321|14329|14338|14343|14365|14404|14415|14421|14427|14469|14472|14486|14492|14498|14499|14508|14512|14513|14519|14532|14534|14543|14548|14565|14575|14577|14590|14606|14608|14610|14611|14613|14615|14631|14646|14651|14662|14678|14688|14701|14723|14725|14732|14739|14740|14766|14787|14793|14813|14814|14826|14838|14839|14844|14850|14853|14854|14855|14857|14859|14861|14867|14871|14890|14894|14900|14909|14915|14918|14924|14926|14941|14961|14963|14969|14986|14993|14996|14997|15002|15005|15016|15039|15056|15058|15061|15067|15077|15086|15091|15092|15101|15105|15123|15124|15135|15149|15162|15164|15173|15176|15183|15188|15189|15229|15231|15244|15246|15251|15255|15259|15262|15271|15283|15284|15287|15289|15296|15298|15305|15321|15326|15353|15354|15358|15372|15375|15384|15391|15401|15421|15422|15430|15452|15465|15466|15471|15480|15482|15496|15521|15523|15544|15550|15564|15571|15573|15587|15588|15591|15611|15613|15623|15625|15633|15638|15639|15651|15658|15681|15682|15684|15712|15713|15715|15718|15771|15788|15789|15796|15797|15803|15810|15814|15816|15860|15865|15875|15888|15889|15911|15913|15936|15941|15943|15944|15950|15954|15956|15959|15964|15969|15972|15980|15981|15984|15988|15994|15999|16002|16003|16007|16008|16014|16029|16046|16048|16067|16072|16075|16078|16082|16096|16104|16108|16126|16127|16131|16137|16139|16156|16158|16163|16176|16186|16191|16196|16229|16234|16251|16255|16271|16273|16276|16289|16293|16300|16316|16320|16321|16327|16328|16330|16347|16356|16359|16366|16382|16387|16408|16415|16417|16419|16422|16441|16443|16452|16453|16468|16471|16477|16485|16487|16500|16503|16510|16523|16539|16568|16569|16570|16576|16585|16593|16595|16605|16651|16663|16666|16668|16675|16679|16683|16686|16691|16693|16704|16711|16717|16722|16723|16737|16746|16749|16771|16782|16787|16792|16797|16807|16809|16814|16819|16827|16844|16846|16872|16875|16883|16889|16894|16898|16919|16926|16975|17012|17018|17025|17027|17035|17044|17047|17056|17059|17065|17069|17075|17093|17099|17103|17108|17113|17127|17129|17133|17136|17137|17157|17163|17165|17169|17184|17185|17194|17215|17227|17228|17230|17236|17245|17251|17294|17305|17309|17326|17339|17348|17349|17359|17369|17376|17381|17388|17389|17406|17432|17436|17438|17448|17469|17471|17473|17484|17487|17491|17492|17504|17529|17531|17536|17545|17565|17568|17572|17586|17589|17596|17611|17617|17643|17644|17662|17664|17666|17679|17685|17686|17700|17715|17720|17738|17745|17760|17771|17773|17774|17792|17802|17804|17810|17819|17841|17845|17850|17851|17852|17866|17873|17875|17880|17901|17931|17949|17953|17982|17984|17988|17994|17998|18008|18011|18038|18039|18051|18053|18061|18063|18091|18134|18144|18152|18166|18174|18179|18182|18196|18197|18203|18207|18212|18215|18218|18223|18229|18234|18241|18246|18247|18255|18259|18264|18268|18275|18279|18286
Online Retail II,2010-09-10,2,M3,12355|12417|12435|12439|12450|12468|12470|12483|12487|12490|12494|12497|12499|12500|12507|12510|12527|12547|12592|12637|12645|12651|12664|12687|12696|12711|12714|12726|12731|12741|12748|12749|12788|12789|12791|12801|12802|12808|12836|12837|12848|12849|12854|12857|12862|12864|12867|12872|12880|12894|12897|12907|12910|12915|12916|12917|12921|12923|12945|12951|12953|12958|12992|12993|13004|13005|13008|13010|13015|13023|13026|13037|13053|13070|13071|13076|13085|13089|13093|13115|13135|13141|13151|13154|13156|13168|13175|13196|13204|13220|13225|13252|13277|13278|13285|13286|13293|13294|13297|13299|13307|13315|13327|13329|13340|13399|13400|13433|13434|13439|13442|13444|13452|13455|13461|13465|13469|13473|13474|13478|13481|13484|13495|13515|13542|13544|13553|13576|13579|13598|13599|13608|13617|13627|13632|13649|13663|13672|13679|13684|13711|13717|13722|13727|13734|13748|13758|13762|13769|13773|13779|13782|13783|13785|13786|13787|13788|13800|13814|13823|13857|13861|13872|13881|13888|13901|13907|13909|13911|13920|13921|13941|13943|13945|13963|13971|13976|13988|13995|14009|14018|14022|14028|14030|14035|14047|14062|14064|14068|14069|14070|14095|14128|14129|14135|14160|14180|14200|14202|14217|14227|14235|14238|14253|14256|14282|14293|14296|14315|14320|14321|14329|14338|14343|14365|14404|14415|14421|14427|14469|14472|14486|14492|14498|14499|14508|14512|14513|14519|14532|14534|14543|14548|14565|14575|14577|14590|14606|14608|14610|14611|14613|14615|14631|14646|14651|14662|14678|14688|14701|14723|14725|14732|14739|14740|14766|14787|14793|14813|14814|14826|14838|14839|14844|14850|14853|14854|14855|14857|14859|14861|14867|14871|14890|14894|14900|14909|14915|14918|14924|14926|14941|14961|14963|14969|14986|14993|14996|14997|15002|15005|15016|15039|15056|15058|15061|15067|15077|15086|15091|15092|15101|15105|15123|15124|15135|15149|15162|15164|15173|15176|15183|15188|15189|15229|15231|15244|15246|15251|15255|15259|15262|15271|15283|15284|15287|15289|15296|15298|15305|15321|15326|15353|15354|15358|15372|15375|15384|15391|15401|15421|15422|15430|15452|15465|15466|15471|15480|15482|15496|15521|15523|15544|15550|15564|15571|15573|15587|15588|15591|15611|15613|15623|15625|15633|15638|15639|15651|15658|15681|15682|15684|15712|15713|15715|15718|15771|15788|15789|15796|15797|15803|15810|15814|15816|15860|15865|15875|15888|15889|15911|15913|15936|15941|15943|15944|15950|15954|15956|15959|15964|15969|15972|15980|15981|15984|15988|15994|15999|16002|16003|16007|16008|16014|16029|16046|16048|16067|16072|16075|16078|16082|16096|16104|16108|16126|16127|16131|16137|16139|16156|16158|16163|16176|16186|16191|16196|16229|16234|16251|16255|16271|16273|16276|16289|16293|16300|16316|16320|16321|16327|16328|16330|16347|16356|16359|16366|16382|16387|16408|16415|16417|16419|16422|16441|16443|16452|16453|16468|16471|16477|16485|16487|16500|16503|16510|16523|16539|16568|16569|16570|16576|16585|16593|16595|16605|16651|16663|16666|16668|16675|16679|16683|16686|16691|16693|16704|16711|16717|16722|16723|16737|16746|16749|16771|16782|16787|16792|16797|16807|16809|16814|16819|16827|16844|16846|16872|16875|16883|16889|16894|16898|16919|16926|16975|17012|17018|17025|17027|17035|17044|17047|17056|17059|17065|17069|17075|17093|17099|17103|17108|17113|17127|17129|17133|17136|17137|17157|17163|17165|17169|17184|17185|17194|17215|17227|17228|17230|17236|17245|17251|17294|17305|17309|17326|17339|17348|17349|17359|17369|17376|17381|17388|17389|17406|17432|17436|17438|17448|17469|17471|17473|17484|17487|17491|17492|17504|17529|17531|17536|17545|17565|17568|17572|17586|17589|17596|17611|17617|17643|17644|17662|17664|17666|17679|17685|17686|17700|17715|17720|17738|17745|17760|17771|17773|17774|17792|17802|17804|17810|17819|17841|17845|17850|17851|17852|17866|17873|17875|17880|17901|17931|17949|17953|17982|17984|17988|17994|17998|18008|18011|18038|18039|18051|18053|18061|18063|18091|18134|18144|18152|18166|18174|18179|18182|18196|18197|18203|18207|18212|18215|18218|18223|18229|18234|18241|18246|18247|18255|18259|18264|18268|18275|18279|18286
Online Retail II,2010-09-10,3,M0,12358|12360|12362|12374|12379|12380|12391|12392|12399|12406|12412|12418|12421|12431|12437|12455|12459|12484|12496|12516|12533|12539|12540|12542|12580|12606|12625|12631|12634|12635|12636|12639|12663|12665|12671|12672|12701|12708|12717|12720|12733|12742|12744|12746|12760|12771|12780|12784|12785|12786|12821|12823|12825|12826|12829|12839|12843|12844|12859|12861|12865|12909|12911|12928|12937|12943|12963|12971|12978|12990|12998|13012|13021|13024|13031|13045|13048|13051|13056|13063|13065|13069|13081|13107|13111|13117|13119|13123|13125|13128|13136|13145|13152|13180|13183|13190|13191|13201|13250|13255|13262|13266|13275|13280|13283|13287|13300|13305|13316|13317|13324|13337|13338|13357|13361|13384|13388|13397|13408|13410|13415|13416|13417|13426|13432|13448|13457|13487|13509|13512|13530|13543|13548|13551|13552|13557|13562|13571|13582|13584|13591|13602|13611|13614|13619|13634|13650|13652|13654|13655|13658|13694|13706|13714|13715|13719|13735|13740|13750|13757|13761|13771|13772|13794|13798|13799|13809|13813|13821|13830|13834|13851|13854|13892|13900|13905|13931|13939|13944|13948|13952|13958|13974|13983|13997|13999|14000|14006|14016|14021|14031|14038|14042|14043|14057|14080|14084|14085|14091|14092|14101|14105|14106|14107|14110|14114|14146|14151|14152|14161|14163|14166|14182|14199|14220|14228|14229|14230|14241|14248|14249|14258|14260|14265|14268|14275|14277|14290|14309|14316|14342|14372|14379|14380|14389|14391|14395|14399|14402|14408|14409|14413|14423|14425|14439|14440|14442|14445|14452|14460|14461|14463|14466|14468|14471|14480|14481|14493|14514|14530|14537|14538|14553|14562|14566|14581|14583|14599|14630|14637|14649|14650|14653|14667|14676|14677|14679|14682|14683|14704|14726|14738|14743|14749|14755|14758|14770|14783|14786|14796|14797|14805|14818|14820|14825|14828|14840|14849|14851|14858|14865|14866|14876|14893|14896|14901|14907|14911|14913|14916|14920|14928|14987|14989|14990|15015|15040|15062|15071|15073|15076|15082|15085|15100|15122|15127|15137|15141|15144|15151|15152|15169|15179|15182|15184|15186|15203|15240|15241|15266|15291|15306|15324|15325|15331|15332|15352|15369|15382|15387|15400|15454|15470|15488|15497|15499|15542|15549|15563|15572|15574|15577|15580|15590|15597|15600|15603|15605|15630|15636|15665|15673|15674|15677|15693|15694|15695|15722|15723|15727|15738|15741|15754|15757|15759|15768|15774|15775|15777|15792|15793|15800|15817|15822|15851|15855|15861|15873|15878|15882|15884|15905|15924|15926|15946|15958|15965|15970|15971|15976|15983|15990|16021|16054|16059|16068|16071|16098|16099|16103|16110|16117|16124|16134|16155|16166|16170|16177|16190|16192|16202|16205|16210|16212|16219|16221|16239|16259|16266|16267|16281|16290|16291|16294|16296|16314|16323|16332|16354|16391|16392|16395|16401|16409|16412|16414|16421|16430|16439|16448|16451|16458|16466|16467|16507|16515|16521|16529|16530|16532|16534|16543|16547|16554|16555|16556|16583|16588|16600|16612|16634|16641|16654|16673|16699|16705|16718|16727|16735|16742|16754|16772|16773|16784|16795|16802|16805|16825|16831|16839|16845|16847|16868|16887|16905|16907|16913|16918|16923|16932|16939|16940|16941|16943|16952|16954|16955|16970|16972|16984|17016|17019|17020|17039|17057|17063|17066|17074|17090|17092|17110|17116|17122|17145|17150|17151|17168|17171|17172|17176|17177|17181|17190|17192|17193|17204|17213|17217|17222|17225|17226|17246|17268|17285|17287|17290|17292|17298|17307|17310|17314|17321|17322|17323|17325|17338|17344|17358|17362|17364|17373|17382|17384|17393|17400|17401|17412|17414|17417|17421|17426|17441|17454|17456|17474|17497|17499|17519|17526|17539|17543|17550|17553|17555|17560|17585|17610|17615|17622|17625|17626|17627|17631|17635|17640|17647|17651|17665|17669|17672|17677|17681|17683|17690|17691|17695|17718|17742|17784|17785|17797|17798|17801|17805|17807|17812|17816|17818|17822|17827|17833|17842|17848|17853|17902|17921|17926|17928|17929|17930|17941|17960|17971|17991|18001|18002|18012|18020|18022|18025|18028|18029|18052|18070|18074|18077|18078|18087|18093|18095|18109|18115|18124|18137|18151|18162|18170|18181|18190|18214|18242|18245|18257|18267|18272
Online Retail II,2010-09-10,3,M1,12358|12360|12362|12374|12379|12380|12391|12392|12399|12406|12412|12418|12421|12431|12437|12455|12459|12484|12496|12516|12533|12539|12540|12542|12580|12606|12625|12631|12634|12635|12636|12639|12663|12665|12671|12672|12701|12708|12717|12720|12733|12742|12744|12746|12760|12771|12780|12784|12785|12786|12821|12823|12825|12826|12829|12839|12843|12844|12859|12861|12865|12909|12911|12928|12937|12943|12963|12971|12978|12990|12998|13012|13021|13024|13031|13045|13048|13051|13056|13063|13065|13069|13081|13107|13111|13117|13119|13123|13125|13128|13136|13145|13152|13180|13183|13190|13191|13201|13250|13255|13262|13266|13275|13280|13283|13287|13300|13305|13316|13317|13324|13337|13338|13357|13361|13384|13388|13397|13408|13410|13415|13416|13417|13426|13432|13448|13457|13487|13509|13512|13530|13543|13548|13551|13552|13557|13562|13571|13582|13584|13591|13602|13611|13614|13619|13634|13650|13652|13654|13655|13658|13694|13706|13714|13715|13719|13735|13740|13750|13757|13761|13771|13772|13794|13798|13799|13809|13813|13821|13830|13834|13851|13854|13892|13900|13905|13931|13939|13944|13948|13952|13958|13974|13983|13997|13999|14000|14006|14016|14021|14031|14038|14042|14043|14057|14080|14084|14085|14091|14092|14101|14105|14106|14107|14110|14114|14146|14151|14152|14161|14163|14166|14182|14199|14220|14228|14229|14230|14241|14248|14249|14258|14260|14265|14268|14275|14277|14290|14309|14316|14342|14372|14379|14380|14389|14391|14395|14399|14402|14408|14409|14413|14423|14425|14439|14440|14442|14445|14452|14460|14461|14463|14466|14468|14471|14480|14481|14493|14514|14530|14537|14538|14553|14562|14566|14581|14583|14599|14630|14637|14649|14650|14653|14667|14676|14677|14679|14682|14683|14704|14726|14738|14743|14749|14755|14758|14770|14783|14786|14796|14797|14805|14818|14820|14825|14828|14840|14849|14851|14858|14865|14866|14876|14893|14896|14901|14907|14911|14913|14916|14920|14928|14987|14989|14990|15015|15040|15062|15071|15073|15076|15082|15085|15100|15122|15127|15137|15141|15144|15151|15152|15169|15179|15182|15184|15186|15203|15240|15241|15266|15291|15306|15324|15325|15331|15332|15352|15369|15382|15387|15400|15454|15470|15488|15497|15499|15542|15549|15563|15572|15574|15577|15580|15590|15597|15600|15603|15605|15630|15636|15665|15673|15674|15677|15693|15694|15695|15722|15723|15727|15738|15741|15754|15757|15759|15768|15774|15775|15777|15792|15793|15800|15817|15822|15851|15855|15861|15873|15878|15882|15884|15905|15924|15926|15946|15958|15965|15970|15971|15976|15983|15990|16021|16054|16059|16068|16071|16098|16099|16103|16110|16117|16124|16134|16155|16166|16170|16177|16190|16192|16202|16205|16210|16212|16219|16221|16239|16259|16266|16267|16281|16290|16291|16294|16296|16314|16323|16332|16354|16391|16392|16395|16401|16409|16412|16414|16421|16430|16439|16448|16451|16458|16466|16467|16507|16515|16521|16529|16530|16532|16534|16543|16547|16554|16555|16556|16583|16588|16600|16612|16634|16641|16654|16673|16699|16705|16718|16727|16735|16742|16754|16772|16773|16784|16795|16802|16805|16825|16831|16839|16845|16847|16868|16887|16905|16907|16913|16918|16923|16932|16939|16940|16941|16943|16952|16954|16955|16970|16972|16984|17016|17019|17020|17039|17057|17063|17066|17074|17090|17092|17110|17116|17122|17145|17150|17151|17168|17171|17172|17176|17177|17181|17190|17192|17193|17204|17213|17217|17222|17225|17226|17246|17268|17285|17287|17290|17292|17298|17307|17310|17314|17321|17322|17323|17325|17338|17344|17358|17362|17364|17373|17382|17384|17393|17400|17401|17412|17414|17417|17421|17426|17441|17454|17456|17474|17497|17499|17519|17526|17539|17543|17550|17553|17555|17560|17585|17610|17615|17622|17625|17626|17627|17631|17635|17640|17647|17651|17665|17669|17672|17677|17681|17683|17690|17691|17695|17718|17742|17784|17785|17797|17798|17801|17805|17807|17812|17816|17818|17822|17827|17833|17842|17848|17853|17902|17921|17926|17928|17929|17930|17941|17960|17971|17991|18001|18002|18012|18020|18022|18025|18028|18029|18052|18070|18074|18077|18078|18087|18093|18095|18109|18115|18124|18137|18151|18162|18170|18181|18190|18214|18242|18245|18257|18267|18272
Online Retail II,2010-09-10,3,M2,12358|12360|12362|12374|12379|12380|12391|12392|12399|12406|12412|12418|12421|12431|12437|12455|12459|12484|12496|12516|12533|12539|12540|12542|12580|12606|12625|12631|12634|12635|12636|12639|12663|12665|12671|12672|12701|12708|12717|12720|12733|12742|12744|12746|12760|12771|12780|12784|12785|12786|12821|12823|12825|12826|12829|12839|12843|12844|12859|12861|12865|12909|12911|12928|12937|12943|12963|12971|12978|12990|12998|13012|13021|13024|13031|13045|13048|13051|13056|13063|13065|13069|13081|13107|13111|13117|13119|13123|13125|13128|13136|13145|13152|13180|13183|13190|13191|13201|13250|13255|13262|13266|13275|13280|13283|13287|13300|13305|13316|13317|13324|13337|13338|13357|13361|13384|13388|13397|13408|13410|13415|13416|13417|13426|13432|13448|13457|13487|13509|13512|13530|13543|13548|13551|13552|13557|13562|13571|13582|13584|13591|13602|13611|13614|13619|13634|13650|13652|13654|13655|13658|13694|13706|13714|13715|13719|13735|13740|13750|13757|13761|13771|13772|13794|13798|13799|13809|13813|13821|13830|13834|13851|13854|13892|13900|13905|13931|13939|13944|13948|13952|13958|13974|13983|13997|13999|14000|14006|14016|14021|14031|14038|14042|14043|14057|14080|14084|14085|14091|14092|14101|14105|14106|14107|14110|14114|14146|14151|14152|14161|14163|14166|14182|14199|14220|14228|14229|14230|14241|14248|14249|14258|14260|14265|14268|14275|14277|14290|14309|14316|14342|14372|14379|14380|14389|14391|14395|14399|14402|14408|14409|14413|14423|14425|14439|14440|14442|14445|14452|14460|14461|14463|14466|14468|14471|14480|14481|14493|14514|14530|14537|14538|14553|14562|14566|14581|14583|14599|14630|14637|14649|14650|14653|14667|14676|14677|14679|14682|14683|14704|14726|14738|14743|14749|14755|14758|14770|14783|14786|14796|14797|14805|14818|14820|14825|14828|14840|14849|14851|14858|14865|14866|14876|14893|14896|14901|14907|14911|14913|14916|14920|14928|14987|14989|14990|15015|15040|15062|15071|15073|15076|15082|15085|15100|15122|15127|15137|15141|15144|15151|15152|15169|15179|15182|15184|15186|15203|15240|15241|15266|15291|15306|15324|15325|15331|15332|15352|15369|15382|15387|15400|15454|15470|15488|15497|15499|15542|15549|15563|15572|15574|15577|15580|15590|15597|15600|15603|15605|15630|15636|15665|15673|15674|15677|15693|15694|15695|15722|15723|15727|15738|15741|15754|15757|15759|15768|15774|15775|15777|15792|15793|15800|15817|15822|15851|15855|15861|15873|15878|15882|15884|15905|15924|15926|15946|15958|15965|15970|15971|15976|15983|15990|16021|16054|16059|16068|16071|16098|16099|16103|16110|16117|16124|16134|16155|16166|16170|16177|16190|16192|16202|16205|16210|16212|16219|16221|16239|16259|16266|16267|16281|16290|16291|16294|16296|16314|16323|16332|16354|16391|16392|16395|16401|16409|16412|16414|16421|16430|16439|16448|16451|16458|16466|16467|16507|16515|16521|16529|16530|16532|16534|16543|16547|16554|16555|16556|16583|16588|16600|16612|16634|16641|16654|16673|16699|16705|16718|16727|16735|16742|16754|16772|16773|16784|16795|16802|16805|16825|16831|16839|16845|16847|16868|16887|16905|16907|16913|16918|16923|16932|16939|16940|16941|16943|16952|16954|16955|16970|16972|16984|17016|17019|17020|17039|17057|17063|17066|17074|17090|17092|17110|17116|17122|17145|17150|17151|17168|17171|17172|17176|17177|17181|17190|17192|17193|17204|17213|17217|17222|17225|17226|17246|17268|17285|17287|17290|17292|17298|17307|17310|17314|17321|17322|17323|17325|17338|17344|17358|17362|17364|17373|17382|17384|17393|17400|17401|17412|17414|17417|17421|17426|17441|17454|17456|17474|17497|17499|17519|17526|17539|17543|17550|17553|17555|17560|17585|17610|17615|17622|17625|17626|17627|17631|17635|17640|17647|17651|17665|17669|17672|17677|17681|17683|17690|17691|17695|17718|17742|17784|17785|17797|17798|17801|17805|17807|17812|17816|17818|17822|17827|17833|17842|17848|17853|17902|17921|17926|17928|17929|17930|17941|17960|17971|17991|18001|18002|18012|18020|18022|18025|18028|18029|18052|18070|18074|18077|18078|18087|18093|18095|18109|18115|18124|18137|18151|18162|18170|18181|18190|18214|18242|18245|18257|18267|18272
Online Retail II,2010-09-10,3,M3,12358|12360|12362|12374|12379|12380|12391|12392|12399|12406|12412|12418|12421|12431|12437|12455|12459|12484|12496|12516|12533|12539|12540|12542|12580|12606|12625|12631|12634|12635|12636|12639|12663|12665|12671|12672|12701|12708|12717|12720|12733|12742|12744|12746|12760|12771|12780|12784|12785|12786|12821|12823|12825|12826|12829|12839|12843|12844|12859|12861|12865|12909|12911|12928|12937|12943|12963|12971|12978|12990|12998|13012|13021|13024|13031|13045|13048|13051|13056|13063|13065|13069|13081|13107|13111|13117|13119|13123|13125|13128|13136|13145|13152|13180|13183|13190|13191|13201|13250|13255|13262|13266|13275|13280|13283|13287|13300|13305|13316|13317|13324|13337|13338|13357|13361|13384|13388|13397|13408|13410|13415|13416|13417|13426|13432|13448|13457|13487|13509|13512|13530|13543|13548|13551|13552|13557|13562|13571|13582|13584|13591|13602|13611|13614|13619|13634|13650|13652|13654|13655|13658|13694|13706|13714|13715|13719|13735|13740|13750|13757|13761|13771|13772|13794|13798|13799|13809|13813|13821|13830|13834|13851|13854|13892|13900|13905|13931|13939|13944|13948|13952|13958|13974|13983|13997|13999|14000|14006|14016|14021|14031|14038|14042|14043|14057|14080|14084|14085|14091|14092|14101|14105|14106|14107|14110|14114|14146|14151|14152|14161|14163|14166|14182|14199|14220|14228|14229|14230|14241|14248|14249|14258|14260|14265|14268|14275|14277|14290|14309|14316|14342|14372|14379|14380|14389|14391|14395|14399|14402|14408|14409|14413|14423|14425|14439|14440|14442|14445|14452|14460|14461|14463|14466|14468|14471|14480|14481|14493|14514|14530|14537|14538|14553|14562|14566|14581|14583|14599|14630|14637|14649|14650|14653|14667|14676|14677|14679|14682|14683|14704|14726|14738|14743|14749|14755|14758|14770|14783|14786|14796|14797|14805|14818|14820|14825|14828|14840|14849|14851|14858|14865|14866|14876|14893|14896|14901|14907|14911|14913|14916|14920|14928|14987|14989|14990|15015|15040|15062|15071|15073|15076|15082|15085|15100|15122|15127|15137|15141|15144|15151|15152|15169|15179|15182|15184|15186|15203|15240|15241|15266|15291|15306|15324|15325|15331|15332|15352|15369|15382|15387|15400|15454|15470|15488|15497|15499|15542|15549|15563|15572|15574|15577|15580|15590|15597|15600|15603|15605|15630|15636|15665|15673|15674|15677|15693|15694|15695|15722|15723|15727|15738|15741|15754|15757|15759|15768|15774|15775|15777|15792|15793|15800|15817|15822|15851|15855|15861|15873|15878|15882|15884|15905|15924|15926|15946|15958|15965|15970|15971|15976|15983|15990|16021|16054|16059|16068|16071|16098|16099|16103|16110|16117|16124|16134|16155|16166|16170|16177|16190|16192|16202|16205|16210|16212|16219|16221|16239|16259|16266|16267|16281|16290|16291|16294|16296|16314|16323|16332|16354|16391|16392|16395|16401|16409|16412|16414|16421|16430|16439|16448|16451|16458|16466|16467|16507|16515|16521|16529|16530|16532|16534|16543|16547|16554|16555|16556|16583|16588|16600|16612|16634|16641|16654|16673|16699|16705|16718|16727|16735|16742|16754|16772|16773|16784|16795|16802|16805|16825|16831|16839|16845|16847|16868|16887|16905|16907|16913|16918|16923|16932|16939|16940|16941|16943|16952|16954|16955|16970|16972|16984|17016|17019|17020|17039|17057|17063|17066|17074|17090|17092|17110|17116|17122|17145|17150|17151|17168|17171|17172|17176|17177|17181|17190|17192|17193|17204|17213|17217|17222|17225|17226|17246|17268|17285|17287|17290|17292|17298|17307|17310|17314|17321|17322|17323|17325|17338|17344|17358|17362|17364|17373|17382|17384|17393|17400|17401|17412|17414|17417|17421|17426|17441|17454|17456|17474|17497|17499|17519|17526|17539|17543|17550|17553|17555|17560|17585|17610|17615|17622|17625|17626|17627|17631|17635|17640|17647|17651|17665|17669|17672|17677|17681|17683|17690|17691|17695|17718|17742|17784|17785|17797|17798|17801|17805|17807|17812|17816|17818|17822|17827|17833|17842|17848|17853|17902|17921|17926|17928|17929|17930|17941|17960|17971|17991|18001|18002|18012|18020|18022|18025|18028|18029|18052|18070|18074|18077|18078|18087|18093|18095|18109|18115|18124|18137|18151|18162|18170|18181|18190|18214|18242|18245|18257|18267|18272
Online Retail II,2010-09-10,4,M0,12349|12359|12370|12371|12395|12422|12440|12443|12458|12474|12480|12514|12519|12525|12529|12530|12568|12575|12577|12582|12583|12615|12619|12653|12656|12668|12677|12678|12683|12692|12698|12703|12737|12745|12747|12774|12777|12799|12813|12831|12838|12840|12842|12863|12875|12876|12908|12924|12925|12926|12931|12933|12939|12949|12956|12977|12987|12997|13001|13009|13020|13036|13042|13057|13080|13084|13092|13103|13113|13131|13133|13137|13150|13157|13161|13163|13173|13174|13179|13197|13199|13213|13214|13222|13223|13233|13238|13240|13242|13253|13267|13334|13346|13393|13405|13407|13412|13418|13450|13472|13485|13491|13497|13502|13506|13508|13513|13527|13531|13534|13539|13541|13561|13566|13577|13585|13587|13590|13604|13610|13612|13613|13615|13616|13623|13628|13635|13640|13647|13656|13659|13665|13680|13698|13700|13705|13712|13724|13733|13736|13764|13768|13775|13781|13820|13825|13842|13847|13849|13855|13869|13878|13879|13884|13889|13922|13935|13953|13969|13985|13993|13998|14001|14003|14010|14011|14013|14014|14025|14039|14045|14051|14055|14058|14061|14074|14075|14081|14115|14122|14123|14130|14131|14134|14139|14144|14147|14153|14156|14159|14167|14172|14175|14186|14208|14211|14236|14247|14274|14284|14286|14291|14301|14306|14312|14318|14334|14346|14369|14370|14376|14384|14388|14396|14403|14420|14426|14433|14435|14444|14450|14454|14464|14465|14467|14474|14479|14489|14495|14509|14516|14535|14540|14544|14549|14558|14563|14572|14574|14593|14595|14602|14604|14609|14618|14619|14624|14625|14626|14639|14643|14644|14648|14654|14655|14669|14674|14685|14686|14692|14694|14708|14709|14710|14717|14722|14724|14745|14751|14771|14774|14794|14799|14807|14809|14831|14869|14877|14879|14882|14884|14897|14898|14902|14905|14919|14930|14935|14947|14962|14967|14978|14979|14980|14984|14994|14999|15003|15012|15021|15022|15025|15032|15042|15046|15051|15078|15084|15110|15111|15157|15166|15180|15192|15196|15200|15210|15218|15219|15221|15222|15223|15250|15254|15270|15272|15278|15279|15290|15295|15303|15323|15359|15365|15367|15371|15374|15378|15380|15385|15394|15409|15426|15434|15437|15447|15459|15477|15479|15483|15485|15489|15498|15502|15506|15518|15524|15532|15543|15561|15566|15575|15581|15584|15596|15602|15606|15615|15622|15627|15637|15640|15652|15661|15664|15666|15678|15683|15696|15704|15714|15751|15760|15764|15765|15785|15791|15798|15809|15823|15827|15837|15847|15856|15868|15874|15887|15900|15918|15920|15921|15927|15929|15945|15967|15985|15991|15998|16004|16011|16018|16032|16036|16037|16039|16040|16043|16045|16049|16065|16077|16081|16088|16089|16090|16095|16101|16105|16119|16128|16130|16133|16135|16145|16147|16153|16167|16172|16175|16180|16203|16206|16209|16222|16225|16232|16242|16254|16256|16258|16278|16279|16283|16287|16292|16304|16307|16308|16310|16325|16344|16351|16353|16365|16383|16388|16390|16406|16428|16436|16440|16442|16472|16508|16511|16519|16520|16535|16541|16558|16563|16564|16584|16586|16596|16607|16619|16620|16622|16631|16632|16636|16638|16645|16647|16658|16664|16700|16702|16709|16714|16716|16725|16736|16756|16763|16769|16779|16791|16794|16815|16830|16834|16841|16858|16862|16864|16870|16891|16892|16895|16896|16908|16911|16938|16945|16947|16948|16960|16964|16977|16992|17005|17009|17028|17031|17040|17041|17049|17068|17072|17080|17081|17083|17087|17096|17101|17109|17142|17147|17155|17178|17188|17191|17195|17209|17224|17233|17240|17242|17256|17259|17262|17289|17301|17311|17319|17327|17328|17335|17336|17340|17346|17350|17372|17377|17395|17404|17419|17440|17442|17449|17465|17470|17476|17477|17479|17482|17488|17490|17494|17505|17512|17514|17541|17571|17578|17587|17594|17605|17606|17618|17623|17624|17639|17660|17663|17675|17680|17689|17705|17714|17729|17730|17734|17739|17740|17753|17754|17758|17759|17762|17768|17769|17778|17780|17799|17825|17838|17854|17871|17876|17889|17897|17905|17913|17916|17954|17955|17959|17961|17963|17968|17975|17993|18000|18009|18021|18026|18037|18044|18057|18062|18069|18100|18101|18108|18123|18140|18157|18168|18186|18187|18191|18194|18199|18201|18230|18231|18251|18260|18262|18273|18277|18281
Online Retail II,2010-09-10,4,M1,12349|12359|12370|12371|12395|12422|12440|12443|12458|12474|12480|12514|12519|12525|12529|12530|12568|12575|12577|12582|12583|12615|12619|12653|12656|12668|12677|12678|12683|12692|12698|12703|12737|12745|12747|12774|12777|12799|12813|12831|12838|12840|12842|12863|12875|12876|12908|12924|12925|12926|12931|12933|12939|12949|12956|12977|12987|12997|13001|13009|13020|13036|13042|13057|13080|13084|13092|13103|13113|13131|13133|13137|13150|13157|13161|13163|13173|13174|13179|13197|13199|13213|13214|13222|13223|13233|13238|13240|13242|13253|13267|13334|13346|13393|13405|13407|13412|13418|13450|13472|13485|13491|13497|13502|13506|13508|13513|13527|13531|13534|13539|13541|13561|13566|13577|13585|13587|13590|13604|13610|13612|13613|13615|13616|13623|13628|13635|13640|13647|13656|13659|13665|13680|13698|13700|13705|13712|13724|13733|13736|13764|13768|13775|13781|13820|13825|13842|13847|13849|13855|13869|13878|13879|13884|13889|13922|13935|13953|13969|13985|13993|13998|14001|14003|14010|14011|14013|14014|14025|14039|14045|14051|14055|14058|14061|14074|14075|14081|14115|14122|14123|14130|14131|14134|14139|14144|14147|14153|14156|14159|14167|14172|14175|14186|14208|14211|14236|14247|14274|14284|14286|14291|14301|14306|14312|14318|14334|14346|14369|14370|14376|14384|14388|14396|14403|14420|14426|14433|14435|14444|14450|14454|14464|14465|14467|14474|14479|14489|14495|14509|14516|14535|14540|14544|14549|14558|14563|14572|14574|14593|14595|14602|14604|14609|14618|14619|14624|14625|14626|14639|14643|14644|14648|14654|14655|14669|14674|14685|14686|14692|14694|14708|14709|14710|14717|14722|14724|14745|14751|14771|14774|14794|14799|14807|14809|14831|14869|14877|14879|14882|14884|14897|14898|14902|14905|14919|14930|14935|14947|14962|14967|14978|14979|14980|14984|14994|14999|15003|15012|15021|15022|15025|15032|15042|15046|15051|15078|15084|15110|15111|15157|15166|15180|15192|15196|15200|15210|15218|15219|15221|15222|15223|15250|15254|15270|15272|15278|15279|15290|15295|15303|15323|15359|15365|15367|15371|15374|15378|15380|15385|15394|15409|15426|15434|15437|15447|15459|15477|15479|15483|15485|15489|15498|15502|15506|15518|15524|15532|15543|15561|15566|15575|15581|15584|15596|15602|15606|15615|15622|15627|15637|15640|15652|15661|15664|15666|15678|15683|15696|15704|15714|15751|15760|15764|15765|15785|15791|15798|15809|15823|15827|15837|15847|15856|15868|15874|15887|15900|15918|15920|15921|15927|15929|15945|15967|15985|15991|15998|16004|16011|16018|16032|16036|16037|16039|16040|16043|16045|16049|16065|16077|16081|16088|16089|16090|16095|16101|16105|16119|16128|16130|16133|16135|16145|16147|16153|16167|16172|16175|16180|16203|16206|16209|16222|16225|16232|16242|16254|16256|16258|16278|16279|16283|16287|16292|16304|16307|16308|16310|16325|16344|16351|16353|16365|16383|16388|16390|16406|16428|16436|16440|16442|16472|16508|16511|16519|16520|16535|16541|16558|16563|16564|16584|16586|16596|16607|16619|16620|16622|16631|16632|16636|16638|16645|16647|16658|16664|16700|16702|16709|16714|16716|16725|16736|16756|16763|16769|16779|16791|16794|16815|16830|16834|16841|16858|16862|16864|16870|16891|16892|16895|16896|16908|16911|16938|16945|16947|16948|16960|16964|16977|16992|17005|17009|17028|17031|17040|17041|17049|17068|17072|17080|17081|17083|17087|17096|17101|17109|17142|17147|17155|17178|17188|17191|17195|17209|17224|17233|17240|17242|17256|17259|17262|17289|17301|17311|17319|17327|17328|17335|17336|17340|17346|17350|17372|17377|17395|17404|17419|17440|17442|17449|17465|17470|17476|17477|17479|17482|17488|17490|17494|17505|17512|17514|17541|17571|17578|17587|17594|17605|17606|17618|17623|17624|17639|17660|17663|17675|17680|17689|17705|17714|17729|17730|17734|17739|17740|17753|17754|17758|17759|17762|17768|17769|17778|17780|17799|17825|17838|17854|17871|17876|17889|17897|17905|17913|17916|17954|17955|17959|17961|17963|17968|17975|17993|18000|18009|18021|18026|18037|18044|18057|18062|18069|18100|18101|18108|18123|18140|18157|18168|18186|18187|18191|18194|18199|18201|18230|18231|18251|18260|18262|18273|18277|18281
Online Retail II,2010-09-10,4,M2,12349|12359|12370|12371|12395|12422|12440|12443|12458|12474|12480|12514|12519|12525|12529|12530|12568|12575|12577|12582|12583|12615|12619|12653|12656|12668|12677|12678|12683|12692|12698|12703|12737|12745|12747|12774|12777|12799|12813|12831|12838|12840|12842|12863|12875|12876|12908|12924|12925|12926|12931|12933|12939|12949|12956|12977|12987|12997|13001|13009|13020|13036|13042|13057|13080|13084|13092|13103|13113|13131|13133|13137|13150|13157|13161|13163|13173|13174|13179|13197|13199|13213|13214|13222|13223|13233|13238|13240|13242|13253|13267|13334|13346|13393|13405|13407|13412|13418|13450|13472|13485|13491|13497|13502|13506|13508|13513|13527|13531|13534|13539|13541|13561|13566|13577|13585|13587|13590|13604|13610|13612|13613|13615|13616|13623|13628|13635|13640|13647|13656|13659|13665|13680|13698|13700|13705|13712|13724|13733|13736|13764|13768|13775|13781|13820|13825|13842|13847|13849|13855|13869|13878|13879|13884|13889|13922|13935|13953|13969|13985|13993|13998|14001|14003|14010|14011|14013|14014|14025|14039|14045|14051|14055|14058|14061|14074|14075|14081|14115|14122|14123|14130|14131|14134|14139|14144|14147|14153|14156|14159|14167|14172|14175|14186|14208|14211|14236|14247|14274|14284|14286|14291|14301|14306|14312|14318|14334|14346|14369|14370|14376|14384|14388|14396|14403|14420|14426|14433|14435|14444|14450|14454|14464|14465|14467|14474|14479|14489|14495|14509|14516|14535|14540|14544|14549|14558|14563|14572|14574|14593|14595|14602|14604|14609|14618|14619|14624|14625|14626|14639|14643|14644|14648|14654|14655|14669|14674|14685|14686|14692|14694|14708|14709|14710|14717|14722|14724|14745|14751|14771|14774|14794|14799|14807|14809|14831|14869|14877|14879|14882|14884|14897|14898|14902|14905|14919|14930|14935|14947|14962|14967|14978|14979|14980|14984|14994|14999|15003|15012|15021|15022|15025|15032|15042|15046|15051|15078|15084|15110|15111|15157|15166|15180|15192|15196|15200|15210|15218|15219|15221|15222|15223|15250|15254|15270|15272|15278|15279|15290|15295|15303|15323|15359|15365|15367|15371|15374|15378|15380|15385|15394|15409|15426|15434|15437|15447|15459|15477|15479|15483|15485|15489|15498|15502|15506|15518|15524|15532|15543|15561|15566|15575|15581|15584|15596|15602|15606|15615|15622|15627|15637|15640|15652|15661|15664|15666|15678|15683|15696|15704|15714|15751|15760|15764|15765|15785|15791|15798|15809|15823|15827|15837|15847|15856|15868|15874|15887|15900|15918|15920|15921|15927|15929|15945|15967|15985|15991|15998|16004|16011|16018|16032|16036|16037|16039|16040|16043|16045|16049|16065|16077|16081|16088|16089|16090|16095|16101|16105|16119|16128|16130|16133|16135|16145|16147|16153|16167|16172|16175|16180|16203|16206|16209|16222|16225|16232|16242|16254|16256|16258|16278|16279|16283|16287|16292|16304|16307|16308|16310|16325|16344|16351|16353|16365|16383|16388|16390|16406|16428|16436|16440|16442|16472|16508|16511|16519|16520|16535|16541|16558|16563|16564|16584|16586|16596|16607|16619|16620|16622|16631|16632|16636|16638|16645|16647|16658|16664|16700|16702|16709|16714|16716|16725|16736|16756|16763|16769|16779|16791|16794|16815|16830|16834|16841|16858|16862|16864|16870|16891|16892|16895|16896|16908|16911|16938|16945|16947|16948|16960|16964|16977|16992|17005|17009|17028|17031|17040|17041|17049|17068|17072|17080|17081|17083|17087|17096|17101|17109|17142|17147|17155|17178|17188|17191|17195|17209|17224|17233|17240|17242|17256|17259|17262|17289|17301|17311|17319|17327|17328|17335|17336|17340|17346|17350|17372|17377|17395|17404|17419|17440|17442|17449|17465|17470|17476|17477|17479|17482|17488|17490|17494|17505|17512|17514|17541|17571|17578|17587|17594|17605|17606|17618|17623|17624|17639|17660|17663|17675|17680|17689|17705|17714|17729|17730|17734|17739|17740|17753|17754|17758|17759|17762|17768|17769|17778|17780|17799|17825|17838|17854|17871|17876|17889|17897|17905|17913|17916|17954|17955|17959|17961|17963|17968|17975|17993|18000|18009|18021|18026|18037|18044|18057|18062|18069|18100|18101|18108|18123|18140|18157|18168|18186|18187|18191|18194|18199|18201|18230|18231|18251|18260|18262|18273|18277|18281
Online Retail II,2010-09-10,4,M3,12349|12359|12370|12371|12395|12422|12440|12443|12458|12474|12480|12514|12519|12525|12529|12530|12568|12575|12577|12582|12583|12615|12619|12653|12656|12668|12677|12678|12683|12692|12698|12703|12737|12745|12747|12774|12777|12799|12813|12831|12838|12840|12842|12863|12875|12876|12908|12924|12925|12926|12931|12933|12939|12949|12956|12977|12987|12997|13001|13009|13020|13036|13042|13057|13080|13084|13092|13103|13113|13131|13133|13137|13150|13157|13161|13163|13173|13174|13179|13197|13199|13213|13214|13222|13223|13233|13238|13240|13242|13253|13267|13334|13346|13393|13405|13407|13412|13418|13450|13472|13485|13491|13497|13502|13506|13508|13513|13527|13531|13534|13539|13541|13561|13566|13577|13585|13587|13590|13604|13610|13612|13613|13615|13616|13623|13628|13635|13640|13647|13656|13659|13665|13680|13698|13700|13705|13712|13724|13733|13736|13764|13768|13775|13781|13820|13825|13842|13847|13849|13855|13869|13878|13879|13884|13889|13922|13935|13953|13969|13985|13993|13998|14001|14003|14010|14011|14013|14014|14025|14039|14045|14051|14055|14058|14061|14074|14075|14081|14115|14122|14123|14130|14131|14134|14139|14144|14147|14153|14156|14159|14167|14172|14175|14186|14208|14211|14236|14247|14274|14284|14286|14291|14301|14306|14312|14318|14334|14346|14369|14370|14376|14384|14388|14396|14403|14420|14426|14433|14435|14444|14450|14454|14464|14465|14467|14474|14479|14489|14495|14509|14516|14535|14540|14544|14549|14558|14563|14572|14574|14593|14595|14602|14604|14609|14618|14619|14624|14625|14626|14639|14643|14644|14648|14654|14655|14669|14674|14685|14686|14692|14694|14708|14709|14710|14717|14722|14724|14745|14751|14771|14774|14794|14799|14807|14809|14831|14869|14877|14879|14882|14884|14897|14898|14902|14905|14919|14930|14935|14947|14962|14967|14978|14979|14980|14984|14994|14999|15003|15012|15021|15022|15025|15032|15042|15046|15051|15078|15084|15110|15111|15157|15166|15180|15192|15196|15200|15210|15218|15219|15221|15222|15223|15250|15254|15270|15272|15278|15279|15290|15295|15303|15323|15359|15365|15367|15371|15374|15378|15380|15385|15394|15409|15426|15434|15437|15447|15459|15477|15479|15483|15485|15489|15498|15502|15506|15518|15524|15532|15543|15561|15566|15575|15581|15584|15596|15602|15606|15615|15622|15627|15637|15640|15652|15661|15664|15666|15678|15683|15696|15704|15714|15751|15760|15764|15765|15785|15791|15798|15809|15823|15827|15837|15847|15856|15868|15874|15887|15900|15918|15920|15921|15927|15929|15945|15967|15985|15991|15998|16004|16011|16018|16032|16036|16037|16039|16040|16043|16045|16049|16065|16077|16081|16088|16089|16090|16095|16101|16105|16119|16128|16130|16133|16135|16145|16147|16153|16167|16172|16175|16180|16203|16206|16209|16222|16225|16232|16242|16254|16256|16258|16278|16279|16283|16287|16292|16304|16307|16308|16310|16325|16344|16351|16353|16365|16383|16388|16390|16406|16428|16436|16440|16442|16472|16508|16511|16519|16520|16535|16541|16558|16563|16564|16584|16586|16596|16607|16619|16620|16622|16631|16632|16636|16638|16645|16647|16658|16664|16700|16702|16709|16714|16716|16725|16736|16756|16763|16769|16779|16791|16794|16815|16830|16834|16841|16858|16862|16864|16870|16891|16892|16895|16896|16908|16911|16938|16945|16947|16948|16960|16964|16977|16992|17005|17009|17028|17031|17040|17041|17049|17068|17072|17080|17081|17083|17087|17096|17101|17109|17142|17147|17155|17178|17188|17191|17195|17209|17224|17233|17240|17242|17256|17259|17262|17289|17301|17311|17319|17327|17328|17335|17336|17340|17346|17350|17372|17377|17395|17404|17419|17440|17442|17449|17465|17470|17476|17477|17479|17482|17488|17490|17494|17505|17512|17514|17541|17571|17578|17587|17594|17605|17606|17618|17623|17624|17639|17660|17663|17675|17680|17689|17705|17714|17729|17730|17734|17739|17740|17753|17754|17758|17759|17762|17768|17769|17778|17780|17799|17825|17838|17854|17871|17876|17889|17897|17905|17913|17916|17954|17955|17959|17961|17963|17968|17975|17993|18000|18009|18021|18026|18037|18044|18057|18062|18069|18100|18101|18108|18123|18140|18157|18168|18186|18187|18191|18194|18199|18201|18230|18231|18251|18260|18262|18273|18277|18281
Online Retail II,2010-12-10,0,M0,12352|12359|12361|12379|12386|12393|12399|12400|12402|12403|12416|12421|12424|12439|12440|12445|12469|12471|12472|12474|12476|12485|12487|12514|12524|12531|12539|12594|12613|12619|12632|12639|12645|12649|12663|12675|12678|12683|12692|12696|12717|12720|12733|12746|12749|12763|12767|12773|12775|12777|12779|12782|12787|12791|12792|12819|12829|12838|12842|12861|12865|12867|12889|12905|12908|12911|12916|12925|12928|12939|12941|12942|12945|12947|12951|12964|12967|12975|12982|12990|12991|12996|13007|13012|13018|13023|13029|13031|13044|13051|13063|13070|13078|13081|13085|13097|13115|13125|13129|13131|13136|13161|13174|13177|13183|13192|13203|13206|13207|13223|13239|13242|13249|13253|13262|13264|13277|13283|13286|13296|13303|13308|13316|13334|13359|13363|13375|13377|13380|13384|13386|13388|13402|13403|13407|13418|13421|13433|13434|13441|13444|13448|13453|13461|13462|13465|13479|13490|13497|13500|13503|13513|13531|13535|13542|13543|13573|13579|13580|13581|13593|13594|13595|13600|13612|13626|13629|13635|13640|13642|13648|13649|13651|13655|13671|13689|13693|13701|13713|13714|13723|13734|13756|13757|13758|13760|13763|13766|13771|13772|13778|13781|13784|13792|13793|13795|13797|13798|13800|13814|13848|13849|13855|13870|13875|13881|13891|13895|13896|13898|13902|13906|13909|13941|13952|13959|13966|13977|13995|14016|14022|14026|14033|14035|14037|14038|14043|14044|14052|14061|14062|14065|14068|14070|14075|14080|14081|14115|14119|14127|14148|14157|14168|14175|14177|14181|14189|14191|14192|14204|14215|14240|14247|14256|14258|14260|14268|14269|14272|14284|14296|14301|14303|14315|14319|14325|14328|14339|14344|14347|14350|14361|14370|14375|14376|14380|14394|14399|14410|14417|14419|14421|14422|14423|14436|14444|14445|14446|14447|14450|14451|14454|14470|14495|14496|14497|14498|14499|14508|14513|14516|14527|14540|14541|14546|14571|14579|14594|14599|14605|14608|14609|14614|14616|14617|14625|14635|14644|14650|14651|14662|14665|14672|14674|14679|14681|14682|14684|14686|14699|14704|14725|14727|14732|14735|14738|14743|14749|14750|14751|14753|14754|14755|14756|14758|14773|14777|14794|14796|14797|14798|14799|14800|14802|14820|14832|14833|14835|14843|14846|14852|14854|14861|14867|14870|14873|14878|14884|14898|14906|14907|14908|14912|14916|14922|14926|14929|14930|14934|14935|14940|14947|14949|14956|14968|14970|14975|14980|14987|14992|15012|15031|15032|15041|15043|15044|15059|15067|15077|15079|15092|15107|15111|15127|15128|15141|15152|15157|15159|15176|15182|15183|15191|15199|15208|15212|15217|15227|15235|15240|15244|15249|15280|15282|15284|15287|15312|15314|15323|15324|15325|15332|15341|15346|15351|15353|15359|15363|15367|15369|15371|15375|15385|15389|15390|15400|15401|15403|15425|15428|15432|15434|15439|15452|15465|15470|15493|15497|15503|15519|15535|15536|15542|15547|15550|15563|15564|15569|15572|15586|15590|15601|15603|15626|15627|15629|15640|15647|15651|15652|15664|15665|15673|15681|15683|15688|15696|15697|15704|15708|15710|15712|15729|15751|15755|15757|15769|15771|15773|15785|15788|15793|15797|15798|15803|15805|15817|15823|15827|15851|15852|15856|15857|15859|15862|15868|15869|15878|15880|15882|15892|15900|15908|15910|15928|15929|15939|15968|15970|15972|15976|15988|15998|16001|16005|16006|16029|16034|16039|16048|16065|16083|16087|16096|16110|16111|16115|16128|16129|16131|16135|16140|16149|16153|16165|16168|16178|16183|16188|16194|16203|16206|16209|16221|16223|16225|16226|16227|16235|16238|16239|16251|16279|16286|16287|16288|16290|16315|16317|16323|16330|16331|16341|16356|16359|16371|16375|16377|16382|16386|16391|16406|16411|16412|16418|16421|16422|16442|16444|16453|16454|16455|16469|16492|16511|16515|16521|16529|16530|16531|16537|16539|16556|16558|16563|16569|16570|16588|16595|16596|16601|16614|16615|16625|16640|16642|16643|16645|16652|16654|16683|16686|16707|16711|16717|16718|16722|16723|16724|16737|16739|16741|16746|16749|16768|16769|16777|16781|16787|16794|16797|16798|16799|16824|16827|16829|16830|16833|16834|16857|16890|16891|16894|16895|16913|16919|16925|16931|16935|16937|16958|16978|16990|16993|17000|17020|17021|17028|17036|17040|17045|17051|17057|17074|17083|17085|17107|17122|17126|17129|17145|17152|17171|17182|17188|17196|17204|17210|17215|17219|17221|17230|17235|17239|17243|17244|17246|17254|17258|17259|17260|17266|17268|17274|17276|17284|17290|17293|17305|17309|17314|17315|17318|17319|17322|17323|17329|17338|17341|17343|17348|17355|17365|17366|17376|17380|17383|17384|17403|17406|17413|17417|17433|17442|17454|17457|17460|17465|17473|17491|17495|17496|17504|17511|17513|17519|17525|17532|17544|17553|17561|17570|17571|17580|17584|17587|17597|17599|17608|17609|17621|17625|17635|17638|17642|17648|17657|17659|17671|17676|17690|17700|17702|17707|17720|17721|17741|17742|17749|17753|17760|17771|17778|17785|17789|17796|17797|17799|17803|17805|17810|17829|17847|17854|17857|17860|17862|17875|17883|17925|17940|17949|17953|17955|17969|17976|17978|17982|17995|17999|18008|18022|18039|18042|18046|18052|18058|18062|18063|18069|18090|18092|18093|18110|18132|18134|18137|18141|18151|18152|18153|18162|18163|18173|18179|18191|18199|18201|18212|18218|18220|18227|18243|18247|18252|18253|18262|18268|18273|18275|18276|18281|18287
Online Retail II,2010-12-10,0,M1,12352|12359|12361|12379|12386|12393|12399|12400|12402|12403|12416|12421|12424|12439|12440|12445|12469|12471|12472|12474|12476|12485|12487|12514|12524|12531|12539|12594|12613|12619|12632|12639|12645|12649|12663|12675|12678|12683|12692|12696|12717|12720|12733|12746|12749|12763|12767|12773|12775|12777|12779|12782|12787|12791|12792|12819|12829|12838|12842|12861|12865|12867|12889|12905|12908|12911|12916|12925|12928|12939|12941|12942|12945|12947|12951|12964|12967|12975|12982|12990|12991|12996|13007|13012|13018|13023|13029|13031|13044|13051|13063|13070|13078|13081|13085|13097|13115|13125|13129|13131|13136|13161|13174|13177|13183|13192|13203|13206|13207|13223|13239|13242|13249|13253|13262|13264|13277|13283|13286|13296|13303|13308|13316|13334|13359|13363|13375|13377|13380|13384|13386|13388|13402|13403|13407|13418|13421|13433|13434|13441|13444|13448|13453|13461|13462|13465|13479|13490|13497|13500|13503|13513|13531|13535|13542|13543|13573|13579|13580|13581|13593|13594|13595|13600|13612|13626|13629|13635|13640|13642|13648|13649|13651|13655|13671|13689|13693|13701|13713|13714|13723|13734|13756|13757|13758|13760|13763|13766|13771|13772|13778|13781|13784|13792|13793|13795|13797|13798|13800|13814|13848|13849|13855|13870|13875|13881|13891|13895|13896|13898|13902|13906|13909|13941|13952|13959|13966|13977|13995|14016|14022|14026|14033|14035|14037|14038|14043|14044|14052|14061|14062|14065|14068|14070|14075|14080|14081|14115|14119|14127|14148|14157|14168|14175|14177|14181|14189|14191|14192|14204|14215|14240|14247|14256|14258|14260|14268|14269|14272|14284|14296|14301|14303|14315|14319|14325|14328|14339|14344|14347|14350|14361|14370|14375|14376|14380|14394|14399|14410|14417|14419|14421|14422|14423|14436|14444|14445|14446|14447|14450|14451|14454|14470|14495|14496|14497|14498|14499|14508|14513|14516|14527|14540|14541|14546|14571|14579|14594|14599|14605|14608|14609|14614|14616|14617|14625|14635|14644|14650|14651|14662|14665|14672|14674|14679|14681|14682|14684|14686|14699|14704|14725|14727|14732|14735|14738|14743|14749|14750|14751|14753|14754|14755|14756|14758|14773|14777|14794|14796|14797|14798|14799|14800|14802|14820|14832|14833|14835|14843|14846|14852|14854|14861|14867|14870|14873|14878|14884|14898|14906|14907|14908|14912|14916|14922|14926|14929|14930|14934|14935|14940|14947|14949|14956|14968|14970|14975|14980|14987|14992|15012|15031|15032|15041|15043|15044|15059|15067|15077|15079|15092|15107|15111|15127|15128|15141|15152|15157|15159|15176|15182|15183|15191|15199|15208|15212|15217|15227|15235|15240|15244|15249|15280|15282|15284|15287|15312|15314|15323|15324|15325|15332|15341|15346|15351|15353|15359|15363|15367|15369|15371|15375|15385|15389|15390|15400|15401|15403|15425|15428|15432|15434|15439|15452|15465|15470|15493|15497|15503|15519|15535|15536|15542|15547|15550|15563|15564|15569|15572|15586|15590|15601|15603|15626|15627|15629|15640|15647|15651|15652|15664|15665|15673|15681|15683|15688|15696|15697|15704|15708|15710|15712|15729|15751|15755|15757|15769|15771|15773|15785|15788|15793|15797|15798|15803|15805|15817|15823|15827|15851|15852|15856|15857|15859|15862|15868|15869|15878|15880|15882|15892|15900|15908|15910|15928|15929|15939|15968|15970|15972|15976|15988|15998|16001|16005|16006|16029|16034|16039|16048|16065|16083|16087|16096|16110|16111|16115|16128|16129|16131|16135|16140|16149|16153|16165|16168|16178|16183|16188|16194|16203|16206|16209|16221|16223|16225|16226|16227|16235|16238|16239|16251|16279|16286|16287|16288|16290|16315|16317|16323|16330|16331|16341|16356|16359|16371|16375|16377|16382|16386|16391|16406|16411|16412|16418|16421|16422|16442|16444|16453|16454|16455|16469|16492|16511|16515|16521|16529|16530|16531|16537|16539|16556|16558|16563|16569|16570|16588|16595|16596|16601|16614|16615|16625|16640|16642|16643|16645|16652|16654|16683|16686|16707|16711|16717|16718|16722|16723|16724|16737|16739|16741|16746|16749|16768|16769|16777|16781|16787|16794|16797|16798|16799|16824|16827|16829|16830|16833|16834|16857|16890|16891|16894|16895|16913|16919|16925|16931|16935|16937|16958|16978|16990|16993|17000|17020|17021|17028|17036|17040|17045|17051|17057|17074|17083|17085|17107|17122|17126|17129|17145|17152|17171|17182|17188|17196|17204|17210|17215|17219|17221|17230|17235|17239|17243|17244|17246|17254|17258|17259|17260|17266|17268|17274|17276|17284|17290|17293|17305|17309|17314|17315|17318|17319|17322|17323|17329|17338|17341|17343|17348|17355|17365|17366|17376|17380|17383|17384|17403|17406|17413|17417|17433|17442|17454|17457|17460|17465|17473|17491|17495|17496|17504|17511|17513|17519|17525|17532|17544|17553|17561|17570|17571|17580|17584|17587|17597|17599|17608|17609|17621|17625|17635|17638|17642|17648|17657|17659|17671|17676|17690|17700|17702|17707|17720|17721|17741|17742|17749|17753|17760|17771|17778|17785|17789|17796|17797|17799|17803|17805|17810|17829|17847|17854|17857|17860|17862|17875|17883|17925|17940|17949|17953|17955|17969|17976|17978|17982|17995|17999|18008|18022|18039|18042|18046|18052|18058|18062|18063|18069|18090|18092|18093|18110|18132|18134|18137|18141|18151|18152|18153|18162|18163|18173|18179|18191|18199|18201|18212|18218|18220|18227|18243|18247|18252|18253|18262|18268|18273|18275|18276|18281|18287
Online Retail II,2010-12-10,0,M2,12352|12359|12361|12379|12386|12393|12399|12400|12402|12403|12416|12421|12424|12439|12440|12445|12469|12471|12472|12474|12476|12485|12487|12514|12524|12531|12539|12594|12613|12619|12632|12639|12645|12649|12663|12675|12678|12683|12692|12696|12717|12720|12733|12746|12749|12763|12767|12773|12775|12777|12779|12782|12787|12791|12792|12819|12829|12838|12842|12861|12865|12867|12889|12905|12908|12911|12916|12925|12928|12939|12941|12942|12945|12947|12951|12964|12967|12975|12982|12990|12991|12996|13007|13012|13018|13023|13029|13031|13044|13051|13063|13070|13078|13081|13085|13097|13115|13125|13129|13131|13136|13161|13174|13177|13183|13192|13203|13206|13207|13223|13239|13242|13249|13253|13262|13264|13277|13283|13286|13296|13303|13308|13316|13334|13359|13363|13375|13377|13380|13384|13386|13388|13402|13403|13407|13418|13421|13433|13434|13441|13444|13448|13453|13461|13462|13465|13479|13490|13497|13500|13503|13513|13531|13535|13542|13543|13573|13579|13580|13581|13593|13594|13595|13600|13612|13626|13629|13635|13640|13642|13648|13649|13651|13655|13671|13689|13693|13701|13713|13714|13723|13734|13756|13757|13758|13760|13763|13766|13771|13772|13778|13781|13784|13792|13793|13795|13797|13798|13800|13814|13848|13849|13855|13870|13875|13881|13891|13895|13896|13898|13902|13906|13909|13941|13952|13959|13966|13977|13995|14016|14022|14026|14033|14035|14037|14038|14043|14044|14052|14061|14062|14065|14068|14070|14075|14080|14081|14115|14119|14127|14148|14157|14168|14175|14177|14181|14189|14191|14192|14204|14215|14240|14247|14256|14258|14260|14268|14269|14272|14284|14296|14301|14303|14315|14319|14325|14328|14339|14344|14347|14350|14361|14370|14375|14376|14380|14394|14399|14410|14417|14419|14421|14422|14423|14436|14444|14445|14446|14447|14450|14451|14454|14470|14495|14496|14497|14498|14499|14508|14513|14516|14527|14540|14541|14546|14571|14579|14594|14599|14605|14608|14609|14614|14616|14617|14625|14635|14644|14650|14651|14662|14665|14672|14674|14679|14681|14682|14684|14686|14699|14704|14725|14727|14732|14735|14738|14743|14749|14750|14751|14753|14754|14755|14756|14758|14773|14777|14794|14796|14797|14798|14799|14800|14802|14820|14832|14833|14835|14843|14846|14852|14854|14861|14867|14870|14873|14878|14884|14898|14906|14907|14908|14912|14916|14922|14926|14929|14930|14934|14935|14940|14947|14949|14956|14968|14970|14975|14980|14987|14992|15012|15031|15032|15041|15043|15044|15059|15067|15077|15079|15092|15107|15111|15127|15128|15141|15152|15157|15159|15176|15182|15183|15191|15199|15208|15212|15217|15227|15235|15240|15244|15249|15280|15282|15284|15287|15312|15314|15323|15324|15325|15332|15341|15346|15351|15353|15359|15363|15367|15369|15371|15375|15385|15389|15390|15400|15401|15403|15425|15428|15432|15434|15439|15452|15465|15470|15493|15497|15503|15519|15535|15536|15542|15547|15550|15563|15564|15569|15572|15586|15590|15601|15603|15626|15627|15629|15640|15647|15651|15652|15664|15665|15673|15681|15683|15688|15696|15697|15704|15708|15710|15712|15729|15751|15755|15757|15769|15771|15773|15785|15788|15793|15797|15798|15803|15805|15817|15823|15827|15851|15852|15856|15857|15859|15862|15868|15869|15878|15880|15882|15892|15900|15908|15910|15928|15929|15939|15968|15970|15972|15976|15988|15998|16001|16005|16006|16029|16034|16039|16048|16065|16083|16087|16096|16110|16111|16115|16128|16129|16131|16135|16140|16149|16153|16165|16168|16178|16183|16188|16194|16203|16206|16209|16221|16223|16225|16226|16227|16235|16238|16239|16251|16279|16286|16287|16288|16290|16315|16317|16323|16330|16331|16341|16356|16359|16371|16375|16377|16382|16386|16391|16406|16411|16412|16418|16421|16422|16442|16444|16453|16454|16455|16469|16492|16511|16515|16521|16529|16530|16531|16537|16539|16556|16558|16563|16569|16570|16588|16595|16596|16601|16614|16615|16625|16640|16642|16643|16645|16652|16654|16683|16686|16707|16711|16717|16718|16722|16723|16724|16737|16739|16741|16746|16749|16768|16769|16777|16781|16787|16794|16797|16798|16799|16824|16827|16829|16830|16833|16834|16857|16890|16891|16894|16895|16913|16919|16925|16931|16935|16937|16958|16978|16990|16993|17000|17020|17021|17028|17036|17040|17045|17051|17057|17074|17083|17085|17107|17122|17126|17129|17145|17152|17171|17182|17188|17196|17204|17210|17215|17219|17221|17230|17235|17239|17243|17244|17246|17254|17258|17259|17260|17266|17268|17274|17276|17284|17290|17293|17305|17309|17314|17315|17318|17319|17322|17323|17329|17338|17341|17343|17348|17355|17365|17366|17376|17380|17383|17384|17403|17406|17413|17417|17433|17442|17454|17457|17460|17465|17473|17491|17495|17496|17504|17511|17513|17519|17525|17532|17544|17553|17561|17570|17571|17580|17584|17587|17597|17599|17608|17609|17621|17625|17635|17638|17642|17648|17657|17659|17671|17676|17690|17700|17702|17707|17720|17721|17741|17742|17749|17753|17760|17771|17778|17785|17789|17796|17797|17799|17803|17805|17810|17829|17847|17854|17857|17860|17862|17875|17883|17925|17940|17949|17953|17955|17969|17976|17978|17982|17995|17999|18008|18022|18039|18042|18046|18052|18058|18062|18063|18069|18090|18092|18093|18110|18132|18134|18137|18141|18151|18152|18153|18162|18163|18173|18179|18191|18199|18201|18212|18218|18220|18227|18243|18247|18252|18253|18262|18268|18273|18275|18276|18281|18287
Online Retail II,2010-12-10,0,M3,12352|12359|12361|12379|12386|12393|12399|12400|12402|12403|12416|12421|12424|12439|12440|12445|12469|12471|12472|12474|12476|12485|12487|12514|12524|12531|12539|12594|12613|12619|12632|12639|12645|12649|12663|12675|12678|12683|12692|12696|12717|12720|12733|12746|12749|12763|12767|12773|12775|12777|12779|12782|12787|12791|12792|12819|12829|12838|12842|12861|12865|12867|12889|12905|12908|12911|12916|12925|12928|12939|12941|12942|12945|12947|12951|12964|12967|12975|12982|12990|12991|12996|13007|13012|13018|13023|13029|13031|13044|13051|13063|13070|13078|13081|13085|13097|13115|13125|13129|13131|13136|13161|13174|13177|13183|13192|13203|13206|13207|13223|13239|13242|13249|13253|13262|13264|13277|13283|13286|13296|13303|13308|13316|13334|13359|13363|13375|13377|13380|13384|13386|13388|13402|13403|13407|13418|13421|13433|13434|13441|13444|13448|13453|13461|13462|13465|13479|13490|13497|13500|13503|13513|13531|13535|13542|13543|13573|13579|13580|13581|13593|13594|13595|13600|13612|13626|13629|13635|13640|13642|13648|13649|13651|13655|13671|13689|13693|13701|13713|13714|13723|13734|13756|13757|13758|13760|13763|13766|13771|13772|13778|13781|13784|13792|13793|13795|13797|13798|13800|13814|13848|13849|13855|13870|13875|13881|13891|13895|13896|13898|13902|13906|13909|13941|13952|13959|13966|13977|13995|14016|14022|14026|14033|14035|14037|14038|14043|14044|14052|14061|14062|14065|14068|14070|14075|14080|14081|14115|14119|14127|14148|14157|14168|14175|14177|14181|14189|14191|14192|14204|14215|14240|14247|14256|14258|14260|14268|14269|14272|14284|14296|14301|14303|14315|14319|14325|14328|14339|14344|14347|14350|14361|14370|14375|14376|14380|14394|14399|14410|14417|14419|14421|14422|14423|14436|14444|14445|14446|14447|14450|14451|14454|14470|14495|14496|14497|14498|14499|14508|14513|14516|14527|14540|14541|14546|14571|14579|14594|14599|14605|14608|14609|14614|14616|14617|14625|14635|14644|14650|14651|14662|14665|14672|14674|14679|14681|14682|14684|14686|14699|14704|14725|14727|14732|14735|14738|14743|14749|14750|14751|14753|14754|14755|14756|14758|14773|14777|14794|14796|14797|14798|14799|14800|14802|14820|14832|14833|14835|14843|14846|14852|14854|14861|14867|14870|14873|14878|14884|14898|14906|14907|14908|14912|14916|14922|14926|14929|14930|14934|14935|14940|14947|14949|14956|14968|14970|14975|14980|14987|14992|15012|15031|15032|15041|15043|15044|15059|15067|15077|15079|15092|15107|15111|15127|15128|15141|15152|15157|15159|15176|15182|15183|15191|15199|15208|15212|15217|15227|15235|15240|15244|15249|15280|15282|15284|15287|15312|15314|15323|15324|15325|15332|15341|15346|15351|15353|15359|15363|15367|15369|15371|15375|15385|15389|15390|15400|15401|15403|15425|15428|15432|15434|15439|15452|15465|15470|15493|15497|15503|15519|15535|15536|15542|15547|15550|15563|15564|15569|15572|15586|15590|15601|15603|15626|15627|15629|15640|15647|15651|15652|15664|15665|15673|15681|15683|15688|15696|15697|15704|15708|15710|15712|15729|15751|15755|15757|15769|15771|15773|15785|15788|15793|15797|15798|15803|15805|15817|15823|15827|15851|15852|15856|15857|15859|15862|15868|15869|15878|15880|15882|15892|15900|15908|15910|15928|15929|15939|15968|15970|15972|15976|15988|15998|16001|16005|16006|16029|16034|16039|16048|16065|16083|16087|16096|16110|16111|16115|16128|16129|16131|16135|16140|16149|16153|16165|16168|16178|16183|16188|16194|16203|16206|16209|16221|16223|16225|16226|16227|16235|16238|16239|16251|16279|16286|16287|16288|16290|16315|16317|16323|16330|16331|16341|16356|16359|16371|16375|16377|16382|16386|16391|16406|16411|16412|16418|16421|16422|16442|16444|16453|16454|16455|16469|16492|16511|16515|16521|16529|16530|16531|16537|16539|16556|16558|16563|16569|16570|16588|16595|16596|16601|16614|16615|16625|16640|16642|16643|16645|16652|16654|16683|16686|16707|16711|16717|16718|16722|16723|16724|16737|16739|16741|16746|16749|16768|16769|16777|16781|16787|16794|16797|16798|16799|16824|16827|16829|16830|16833|16834|16857|16890|16891|16894|16895|16913|16919|16925|16931|16935|16937|16958|16978|16990|16993|17000|17020|17021|17028|17036|17040|17045|17051|17057|17074|17083|17085|17107|17122|17126|17129|17145|17152|17171|17182|17188|17196|17204|17210|17215|17219|17221|17230|17235|17239|17243|17244|17246|17254|17258|17259|17260|17266|17268|17274|17276|17284|17290|17293|17305|17309|17314|17315|17318|17319|17322|17323|17329|17338|17341|17343|17348|17355|17365|17366|17376|17380|17383|17384|17403|17406|17413|17417|17433|17442|17454|17457|17460|17465|17473|17491|17495|17496|17504|17511|17513|17519|17525|17532|17544|17553|17561|17570|17571|17580|17584|17587|17597|17599|17608|17609|17621|17625|17635|17638|17642|17648|17657|17659|17671|17676|17690|17700|17702|17707|17720|17721|17741|17742|17749|17753|17760|17771|17778|17785|17789|17796|17797|17799|17803|17805|17810|17829|17847|17854|17857|17860|17862|17875|17883|17925|17940|17949|17953|17955|17969|17976|17978|17982|17995|17999|18008|18022|18039|18042|18046|18052|18058|18062|18063|18069|18090|18092|18093|18110|18132|18134|18137|18141|18151|18152|18153|18162|18163|18173|18179|18191|18199|18201|18212|18218|18220|18227|18243|18247|18252|18253|18262|18268|18273|18275|18276|18281|18287
Online Retail II,2010-12-10,1,M0,12347|12357|12362|12369|12378|12380|12389|12395|12406|12414|12423|12427|12431|12435|12450|12457|12460|12468|12481|12484|12486|12490|12494|12497|12507|12510|12519|12525|12540|12547|12568|12570|12577|12586|12600|12608|12629|12631|12638|12643|12644|12647|12687|12694|12695|12698|12699|12705|12721|12728|12734|12744|12747|12768|12770|12776|12778|12785|12788|12796|12803|12806|12807|12853|12859|12862|12863|12868|12870|12871|12872|12874|12875|12877|12894|12914|12915|12917|12924|12926|12935|12943|12949|12953|12958|12974|12976|12977|12983|12986|12992|12997|13002|13008|13009|13027|13034|13042|13049|13055|13056|13057|13059|13067|13074|13079|13084|13092|13105|13106|13110|13113|13118|13124|13137|13141|13152|13157|13166|13173|13175|13187|13191|13198|13204|13214|13219|13240|13243|13246|13250|13251|13258|13263|13267|13289|13300|13304|13312|13326|13338|13346|13357|13370|13382|13387|13399|13405|13427|13431|13443|13457|13459|13464|13481|13491|13520|13527|13530|13534|13538|13539|13541|13549|13552|13553|13555|13561|13564|13565|13566|13577|13582|13583|13585|13587|13590|13597|13598|13611|13617|13620|13628|13632|13639|13666|13668|13680|13686|13705|13707|13712|13729|13736|13739|13748|13750|13765|13768|13775|13780|13799|13802|13804|13820|13829|13835|13839|13843|13852|13857|13862|13873|13877|13884|13890|13901|13912|13915|13919|13920|13929|13935|13942|13946|13961|13969|13979|13984|14004|14006|14008|14009|14018|14020|14053|14063|14077|14078|14088|14092|14097|14108|14110|14135|14136|14145|14156|14159|14161|14167|14170|14172|14186|14193|14194|14201|14203|14207|14209|14210|14212|14217|14219|14230|14236|14238|14243|14254|14266|14274|14304|14308|14311|14321|14341|14342|14346|14358|14372|14374|14378|14382|14389|14398|14401|14429|14431|14441|14449|14455|14461|14464|14467|14471|14481|14482|14486|14494|14512|14514|14526|14545|14562|14563|14575|14577|14581|14583|14585|14589|14593|14602|14604|14611|14618|14626|14630|14631|14643|14647|14649|14654|14668|14678|14680|14687|14692|14723|14724|14726|14733|14734|14736|14742|14748|14762|14771|14774|14775|14790|14810|14813|14819|14826|14829|14831|14834|14838|14840|14850|14853|14859|14871|14877|14885|14896|14905|14913|14919|14928|14933|14942|14958|14961|14963|14967|14977|14979|14981|14993|14996|14999|15001|15003|15018|15020|15021|15025|15028|15034|15039|15040|15050|15055|15056|15057|15058|15061|15064|15071|15072|15073|15076|15080|15091|15097|15100|15101|15114|15117|15123|15129|15135|15137|15138|15140|15151|15158|15165|15166|15169|15173|15181|15189|15192|15194|15196|15202|15207|15216|15224|15228|15245|15248|15255|15256|15261|15262|15265|15268|15269|15285|15290|15293|15295|15302|15303|15305|15309|15310|15311|15321|15322|15328|15339|15347|15358|15366|15368|15379|15382|15393|15394|15405|15423|15424|15437|15443|15445|15448|15456|15476|15478|15479|15481|15483|15484|15504|15506|15513|15514|15525|15527|15529|15530|15558|15561|15575|15579|15580|15584|15597|15598|15605|15623|15630|15659|15670|15674|15702|15709|15716|15717|15730|15760|15764|15775|15791|15795|15796|15808|15810|15814|15816|15819|15828|15833|15838|15842|15846|15847|15848|15850|15865|15870|15871|15873|15881|15893|15894|15901|15903|15913|15914|15916|15919|15920|15941|15948|15955|15962|15967|15981|15983|15991|15995|15996|16002|16003|16007|16013|16016|16024|16027|16044|16045|16046|16054|16058|16064|16074|16080|16082|16100|16103|16105|16109|16118|16127|16136|16138|16143|16148|16156|16166|16175|16176|16180|16185|16191|16192|16198|16200|16201|16212|16219|16229|16231|16234|16246|16258|16261|16267|16275|16280|16293|16306|16307|16308|16312|16314|16326|16327|16335|16347|16358|16366|16367|16385|16387|16388|16396|16410|16417|16424|16436|16440|16447|16458|16459|16471|16473|16481|16497|16499|16507|16510|16520|16522|16525|16527|16534|16543|16548|16552|16559|16564|16574|16577|16593|16602|16604|16606|16623|16631|16635|16641|16649|16650|16655|16658|16676|16679|16691|16692|16693|16700|16705|16709|16714|16716|16725|16731|16742|16748|16760|16763|16765|16767|16772|16774|16783|16795|16802|16805|16807|16815|16845|16846|16848|16856|16862|16863|16867|16870|16874|16876|16884|16889|16901|16918|16938|16939|16940|16943|16944|16947|16961|16975|16979|16984|16986|16991|17002|17004|17006|17009|17011|17018|17043|17048|17050|17066|17072|17076|17106|17110|17127|17133|17146|17147|17156|17158|17161|17167|17180|17187|17193|17195|17202|17203|17205|17209|17227|17231|17233|17236|17238|17241|17242|17256|17264|17275|17278|17283|17286|17287|17310|17332|17334|17350|17352|17353|17359|17360|17362|17368|17375|17390|17401|17408|17423|17440|17441|17479|17490|17492|17493|17505|17508|17515|17516|17524|17536|17542|17556|17572|17579|17594|17603|17618|17624|17626|17629|17643|17655|17672|17673|17675|17677|17680|17681|17692|17713|17715|17718|17734|17745|17746|17754|17756|17765|17767|17780|17783|17784|17790|17802|17814|17816|17817|17819|17841|17848|17852|17864|17866|17870|17880|17901|17902|17908|17921|17927|17929|17930|17933|17938|17941|17944|17965|17980|17991|17994|18000|18001|18002|18006|18012|18021|18025|18038|18041|18044|18050|18051|18057|18085|18103|18109|18111|18113|18154|18156|18166|18168|18186|18195|18203|18206|18217|18225|18231|18234|18236|18242|18251|18255|18258|18266|18272|18286
Online Retail II,2010-12-10,1,M1,12347|12357|12362|12369|12378|12380|12389|12395|12406|12414|12423|12427|12431|12435|12450|12457|12460|12468|12481|12484|12486|12490|12494|12497|12507|12510|12519|12525|12540|12547|12568|12570|12577|12586|12600|12608|12629|12631|12638|12643|12644|12647|12687|12694|12695|12698|12699|12705|12721|12728|12734|12744|12747|12768|12770|12776|12778|12785|12788|12796|12803|12806|12807|12853|12859|12862|12863|12868|12870|12871|12872|12874|12875|12877|12894|12914|12915|12917|12924|12926|12935|12943|12949|12953|12958|12974|12976|12977|12983|12986|12992|12997|13002|13008|13009|13027|13034|13042|13049|13055|13056|13057|13059|13067|13074|13079|13084|13092|13105|13106|13110|13113|13118|13124|13137|13141|13152|13157|13166|13173|13175|13187|13191|13198|13204|13214|13219|13240|13243|13246|13250|13251|13258|13263|13267|13289|13300|13304|13312|13326|13338|13346|13357|13370|13382|13387|13399|13405|13427|13431|13443|13457|13459|13464|13481|13491|13520|13527|13530|13534|13538|13539|13541|13549|13552|13553|13555|13561|13564|13565|13566|13577|13582|13583|13585|13587|13590|13597|13598|13611|13617|13620|13628|13632|13639|13666|13668|13680|13686|13705|13707|13712|13729|13736|13739|13748|13750|13765|13768|13775|13780|13799|13802|13804|13820|13829|13835|13839|13843|13852|13857|13862|13873|13877|13884|13890|13901|13912|13915|13919|13920|13929|13935|13942|13946|13961|13969|13979|13984|14004|14006|14008|14009|14018|14020|14053|14063|14077|14078|14088|14092|14097|14108|14110|14135|14136|14145|14156|14159|14161|14167|14170|14172|14186|14193|14194|14201|14203|14207|14209|14210|14212|14217|14219|14230|14236|14238|14243|14254|14266|14274|14304|14308|14311|14321|14341|14342|14346|14358|14372|14374|14378|14382|14389|14398|14401|14429|14431|14441|14449|14455|14461|14464|14467|14471|14481|14482|14486|14494|14512|14514|14526|14545|14562|14563|14575|14577|14581|14583|14585|14589|14593|14602|14604|14611|14618|14626|14630|14631|14643|14647|14649|14654|14668|14678|14680|14687|14692|14723|14724|14726|14733|14734|14736|14742|14748|14762|14771|14774|14775|14790|14810|14813|14819|14826|14829|14831|14834|14838|14840|14850|14853|14859|14871|14877|14885|14896|14905|14913|14919|14928|14933|14942|14958|14961|14963|14967|14977|14979|14981|14993|14996|14999|15001|15003|15018|15020|15021|15025|15028|15034|15039|15040|15050|15055|15056|15057|15058|15061|15064|15071|15072|15073|15076|15080|15091|15097|15100|15101|15114|15117|15123|15129|15135|15137|15138|15140|15151|15158|15165|15166|15169|15173|15181|15189|15192|15194|15196|15202|15207|15216|15224|15228|15245|15248|15255|15256|15261|15262|15265|15268|15269|15285|15290|15293|15295|15302|15303|15305|15309|15310|15311|15321|15322|15328|15339|15347|15358|15366|15368|15379|15382|15393|15394|15405|15423|15424|15437|15443|15445|15448|15456|15476|15478|15479|15481|15483|15484|15504|15506|15513|15514|15525|15527|15529|15530|15558|15561|15575|15579|15580|15584|15597|15598|15605|15623|15630|15659|15670|15674|15702|15709|15716|15717|15730|15760|15764|15775|15791|15795|15796|15808|15810|15814|15816|15819|15828|15833|15838|15842|15846|15847|15848|15850|15865|15870|15871|15873|15881|15893|15894|15901|15903|15913|15914|15916|15919|15920|15941|15948|15955|15962|15967|15981|15983|15991|15995|15996|16002|16003|16007|16013|16016|16024|16027|16044|16045|16046|16054|16058|16064|16074|16080|16082|16100|16103|16105|16109|16118|16127|16136|16138|16143|16148|16156|16166|16175|16176|16180|16185|16191|16192|16198|16200|16201|16212|16219|16229|16231|16234|16246|16258|16261|16267|16275|16280|16293|16306|16307|16308|16312|16314|16326|16327|16335|16347|16358|16366|16367|16385|16387|16388|16396|16410|16417|16424|16436|16440|16447|16458|16459|16471|16473|16481|16497|16499|16507|16510|16520|16522|16525|16527|16534|16543|16548|16552|16559|16564|16574|16577|16593|16602|16604|16606|16623|16631|16635|16641|16649|16650|16655|16658|16676|16679|16691|16692|16693|16700|16705|16709|16714|16716|16725|16731|16742|16748|16760|16763|16765|16767|16772|16774|16783|16795|16802|16805|16807|16815|16845|16846|16848|16856|16862|16863|16867|16870|16874|16876|16884|16889|16901|16918|16938|16939|16940|16943|16944|16947|16961|16975|16979|16984|16986|16991|17002|17004|17006|17009|17011|17018|17043|17048|17050|17066|17072|17076|17106|17110|17127|17133|17146|17147|17156|17158|17161|17167|17180|17187|17193|17195|17202|17203|17205|17209|17227|17231|17233|17236|17238|17241|17242|17256|17264|17275|17278|17283|17286|17287|17310|17332|17334|17350|17352|17353|17359|17360|17362|17368|17375|17390|17401|17408|17423|17440|17441|17479|17490|17492|17493|17505|17508|17515|17516|17524|17536|17542|17556|17572|17579|17594|17603|17618|17624|17626|17629|17643|17655|17672|17673|17675|17677|17680|17681|17692|17713|17715|17718|17734|17745|17746|17754|17756|17765|17767|17780|17783|17784|17790|17802|17814|17816|17817|17819|17841|17848|17852|17864|17866|17870|17880|17901|17902|17908|17921|17927|17929|17930|17933|17938|17941|17944|17965|17980|17991|17994|18000|18001|18002|18006|18012|18021|18025|18038|18041|18044|18050|18051|18057|18085|18103|18109|18111|18113|18154|18156|18166|18168|18186|18195|18203|18206|18217|18225|18231|18234|18236|18242|18251|18255|18258|18266|18272|18286
Online Retail II,2010-12-10,1,M2,12347|12357|12362|12369|12378|12380|12389|12395|12406|12414|12423|12427|12431|12435|12450|12457|12460|12468|12481|12484|12486|12490|12494|12497|12507|12510|12519|12525|12540|12547|12568|12570|12577|12586|12600|12608|12629|12631|12638|12643|12644|12647|12687|12694|12695|12698|12699|12705|12721|12728|12734|12744|12747|12768|12770|12776|12778|12785|12788|12796|12803|12806|12807|12853|12859|12862|12863|12868|12870|12871|12872|12874|12875|12877|12894|12914|12915|12917|12924|12926|12935|12943|12949|12953|12958|12974|12976|12977|12983|12986|12992|12997|13002|13008|13009|13027|13034|13042|13049|13055|13056|13057|13059|13067|13074|13079|13084|13092|13105|13106|13110|13113|13118|13124|13137|13141|13152|13157|13166|13173|13175|13187|13191|13198|13204|13214|13219|13240|13243|13246|13250|13251|13258|13263|13267|13289|13300|13304|13312|13326|13338|13346|13357|13370|13382|13387|13399|13405|13427|13431|13443|13457|13459|13464|13481|13491|13520|13527|13530|13534|13538|13539|13541|13549|13552|13553|13555|13561|13564|13565|13566|13577|13582|13583|13585|13587|13590|13597|13598|13611|13617|13620|13628|13632|13639|13666|13668|13680|13686|13705|13707|13712|13729|13736|13739|13748|13750|13765|13768|13775|13780|13799|13802|13804|13820|13829|13835|13839|13843|13852|13857|13862|13873|13877|13884|13890|13901|13912|13915|13919|13920|13929|13935|13942|13946|13961|13969|13979|13984|14004|14006|14008|14009|14018|14020|14053|14063|14077|14078|14088|14092|14097|14108|14110|14135|14136|14145|14156|14159|14161|14167|14170|14172|14186|14193|14194|14201|14203|14207|14209|14210|14212|14217|14219|14230|14236|14238|14243|14254|14266|14274|14304|14308|14311|14321|14341|14342|14346|14358|14372|14374|14378|14382|14389|14398|14401|14429|14431|14441|14449|14455|14461|14464|14467|14471|14481|14482|14486|14494|14512|14514|14526|14545|14562|14563|14575|14577|14581|14583|14585|14589|14593|14602|14604|14611|14618|14626|14630|14631|14643|14647|14649|14654|14668|14678|14680|14687|14692|14723|14724|14726|14733|14734|14736|14742|14748|14762|14771|14774|14775|14790|14810|14813|14819|14826|14829|14831|14834|14838|14840|14850|14853|14859|14871|14877|14885|14896|14905|14913|14919|14928|14933|14942|14958|14961|14963|14967|14977|14979|14981|14993|14996|14999|15001|15003|15018|15020|15021|15025|15028|15034|15039|15040|15050|15055|15056|15057|15058|15061|15064|15071|15072|15073|15076|15080|15091|15097|15100|15101|15114|15117|15123|15129|15135|15137|15138|15140|15151|15158|15165|15166|15169|15173|15181|15189|15192|15194|15196|15202|15207|15216|15224|15228|15245|15248|15255|15256|15261|15262|15265|15268|15269|15285|15290|15293|15295|15302|15303|15305|15309|15310|15311|15321|15322|15328|15339|15347|15358|15366|15368|15379|15382|15393|15394|15405|15423|15424|15437|15443|15445|15448|15456|15476|15478|15479|15481|15483|15484|15504|15506|15513|15514|15525|15527|15529|15530|15558|15561|15575|15579|15580|15584|15597|15598|15605|15623|15630|15659|15670|15674|15702|15709|15716|15717|15730|15760|15764|15775|15791|15795|15796|15808|15810|15814|15816|15819|15828|15833|15838|15842|15846|15847|15848|15850|15865|15870|15871|15873|15881|15893|15894|15901|15903|15913|15914|15916|15919|15920|15941|15948|15955|15962|15967|15981|15983|15991|15995|15996|16002|16003|16007|16013|16016|16024|16027|16044|16045|16046|16054|16058|16064|16074|16080|16082|16100|16103|16105|16109|16118|16127|16136|16138|16143|16148|16156|16166|16175|16176|16180|16185|16191|16192|16198|16200|16201|16212|16219|16229|16231|16234|16246|16258|16261|16267|16275|16280|16293|16306|16307|16308|16312|16314|16326|16327|16335|16347|16358|16366|16367|16385|16387|16388|16396|16410|16417|16424|16436|16440|16447|16458|16459|16471|16473|16481|16497|16499|16507|16510|16520|16522|16525|16527|16534|16543|16548|16552|16559|16564|16574|16577|16593|16602|16604|16606|16623|16631|16635|16641|16649|16650|16655|16658|16676|16679|16691|16692|16693|16700|16705|16709|16714|16716|16725|16731|16742|16748|16760|16763|16765|16767|16772|16774|16783|16795|16802|16805|16807|16815|16845|16846|16848|16856|16862|16863|16867|16870|16874|16876|16884|16889|16901|16918|16938|16939|16940|16943|16944|16947|16961|16975|16979|16984|16986|16991|17002|17004|17006|17009|17011|17018|17043|17048|17050|17066|17072|17076|17106|17110|17127|17133|17146|17147|17156|17158|17161|17167|17180|17187|17193|17195|17202|17203|17205|17209|17227|17231|17233|17236|17238|17241|17242|17256|17264|17275|17278|17283|17286|17287|17310|17332|17334|17350|17352|17353|17359|17360|17362|17368|17375|17390|17401|17408|17423|17440|17441|17479|17490|17492|17493|17505|17508|17515|17516|17524|17536|17542|17556|17572|17579|17594|17603|17618|17624|17626|17629|17643|17655|17672|17673|17675|17677|17680|17681|17692|17713|17715|17718|17734|17745|17746|17754|17756|17765|17767|17780|17783|17784|17790|17802|17814|17816|17817|17819|17841|17848|17852|17864|17866|17870|17880|17901|17902|17908|17921|17927|17929|17930|17933|17938|17941|17944|17965|17980|17991|17994|18000|18001|18002|18006|18012|18021|18025|18038|18041|18044|18050|18051|18057|18085|18103|18109|18111|18113|18154|18156|18166|18168|18186|18195|18203|18206|18217|18225|18231|18234|18236|18242|18251|18255|18258|18266|18272|18286
Online Retail II,2010-12-10,1,M3,12347|12357|12362|12369|12378|12380|12389|12395|12406|12414|12423|12427|12431|12435|12450|12457|12460|12468|12481|12484|12486|12490|12494|12497|12507|12510|12519|12525|12540|12547|12568|12570|12577|12586|12600|12608|12629|12631|12638|12643|12644|12647|12687|12694|12695|12698|12699|12705|12721|12728|12734|12744|12747|12768|12770|12776|12778|12785|12788|12796|12803|12806|12807|12853|12859|12862|12863|12868|12870|12871|12872|12874|12875|12877|12894|12914|12915|12917|12924|12926|12935|12943|12949|12953|12958|12974|12976|12977|12983|12986|12992|12997|13002|13008|13009|13027|13034|13042|13049|13055|13056|13057|13059|13067|13074|13079|13084|13092|13105|13106|13110|13113|13118|13124|13137|13141|13152|13157|13166|13173|13175|13187|13191|13198|13204|13214|13219|13240|13243|13246|13250|13251|13258|13263|13267|13289|13300|13304|13312|13326|13338|13346|13357|13370|13382|13387|13399|13405|13427|13431|13443|13457|13459|13464|13481|13491|13520|13527|13530|13534|13538|13539|13541|13549|13552|13553|13555|13561|13564|13565|13566|13577|13582|13583|13585|13587|13590|13597|13598|13611|13617|13620|13628|13632|13639|13666|13668|13680|13686|13705|13707|13712|13729|13736|13739|13748|13750|13765|13768|13775|13780|13799|13802|13804|13820|13829|13835|13839|13843|13852|13857|13862|13873|13877|13884|13890|13901|13912|13915|13919|13920|13929|13935|13942|13946|13961|13969|13979|13984|14004|14006|14008|14009|14018|14020|14053|14063|14077|14078|14088|14092|14097|14108|14110|14135|14136|14145|14156|14159|14161|14167|14170|14172|14186|14193|14194|14201|14203|14207|14209|14210|14212|14217|14219|14230|14236|14238|14243|14254|14266|14274|14304|14308|14311|14321|14341|14342|14346|14358|14372|14374|14378|14382|14389|14398|14401|14429|14431|14441|14449|14455|14461|14464|14467|14471|14481|14482|14486|14494|14512|14514|14526|14545|14562|14563|14575|14577|14581|14583|14585|14589|14593|14602|14604|14611|14618|14626|14630|14631|14643|14647|14649|14654|14668|14678|14680|14687|14692|14723|14724|14726|14733|14734|14736|14742|14748|14762|14771|14774|14775|14790|14810|14813|14819|14826|14829|14831|14834|14838|14840|14850|14853|14859|14871|14877|14885|14896|14905|14913|14919|14928|14933|14942|14958|14961|14963|14967|14977|14979|14981|14993|14996|14999|15001|15003|15018|15020|15021|15025|15028|15034|15039|15040|15050|15055|15056|15057|15058|15061|15064|15071|15072|15073|15076|15080|15091|15097|15100|15101|15114|15117|15123|15129|15135|15137|15138|15140|15151|15158|15165|15166|15169|15173|15181|15189|15192|15194|15196|15202|15207|15216|15224|15228|15245|15248|15255|15256|15261|15262|15265|15268|15269|15285|15290|15293|15295|15302|15303|15305|15309|15310|15311|15321|15322|15328|15339|15347|15358|15366|15368|15379|15382|15393|15394|15405|15423|15424|15437|15443|15445|15448|15456|15476|15478|15479|15481|15483|15484|15504|15506|15513|15514|15525|15527|15529|15530|15558|15561|15575|15579|15580|15584|15597|15598|15605|15623|15630|15659|15670|15674|15702|15709|15716|15717|15730|15760|15764|15775|15791|15795|15796|15808|15810|15814|15816|15819|15828|15833|15838|15842|15846|15847|15848|15850|15865|15870|15871|15873|15881|15893|15894|15901|15903|15913|15914|15916|15919|15920|15941|15948|15955|15962|15967|15981|15983|15991|15995|15996|16002|16003|16007|16013|16016|16024|16027|16044|16045|16046|16054|16058|16064|16074|16080|16082|16100|16103|16105|16109|16118|16127|16136|16138|16143|16148|16156|16166|16175|16176|16180|16185|16191|16192|16198|16200|16201|16212|16219|16229|16231|16234|16246|16258|16261|16267|16275|16280|16293|16306|16307|16308|16312|16314|16326|16327|16335|16347|16358|16366|16367|16385|16387|16388|16396|16410|16417|16424|16436|16440|16447|16458|16459|16471|16473|16481|16497|16499|16507|16510|16520|16522|16525|16527|16534|16543|16548|16552|16559|16564|16574|16577|16593|16602|16604|16606|16623|16631|16635|16641|16649|16650|16655|16658|16676|16679|16691|16692|16693|16700|16705|16709|16714|16716|16725|16731|16742|16748|16760|16763|16765|16767|16772|16774|16783|16795|16802|16805|16807|16815|16845|16846|16848|16856|16862|16863|16867|16870|16874|16876|16884|16889|16901|16918|16938|16939|16940|16943|16944|16947|16961|16975|16979|16984|16986|16991|17002|17004|17006|17009|17011|17018|17043|17048|17050|17066|17072|17076|17106|17110|17127|17133|17146|17147|17156|17158|17161|17167|17180|17187|17193|17195|17202|17203|17205|17209|17227|17231|17233|17236|17238|17241|17242|17256|17264|17275|17278|17283|17286|17287|17310|17332|17334|17350|17352|17353|17359|17360|17362|17368|17375|17390|17401|17408|17423|17440|17441|17479|17490|17492|17493|17505|17508|17515|17516|17524|17536|17542|17556|17572|17579|17594|17603|17618|17624|17626|17629|17643|17655|17672|17673|17675|17677|17680|17681|17692|17713|17715|17718|17734|17745|17746|17754|17756|17765|17767|17780|17783|17784|17790|17802|17814|17816|17817|17819|17841|17848|17852|17864|17866|17870|17880|17901|17902|17908|17921|17927|17929|17930|17933|17938|17941|17944|17965|17980|17991|17994|18000|18001|18002|18006|18012|18021|18025|18038|18041|18044|18050|18051|18057|18085|18103|18109|18111|18113|18154|18156|18166|18168|18186|18195|18203|18206|18217|18225|18231|18234|18236|18242|18251|18255|18258|18266|18272|18286
Online Retail II,2010-12-10,2,M0,12346|12349|12351|12360|12366|12373|12385|12392|12408|12410|12411|12413|12417|12429|12433|12434|12449|12470|12482|12483|12496|12503|12504|12516|12542|12543|12557|12563|12580|12582|12591|12606|12634|12635|12636|12651|12653|12662|12665|12672|12676|12677|12693|12701|12745|12758|12761|12786|12789|12793|12797|12800|12802|12804|12808|12809|12810|12811|12817|12823|12831|12835|12846|12849|12851|12854|12873|12876|12892|12932|12946|12948|12956|12957|12963|12969|12972|12973|12978|12989|13000|13004|13005|13021|13024|13039|13052|13065|13076|13083|13086|13087|13089|13091|13093|13103|13109|13112|13114|13119|13134|13138|13148|13154|13162|13172|13178|13190|13194|13195|13201|13202|13208|13209|13215|13220|13230|13234|13254|13270|13275|13280|13287|13291|13292|13293|13294|13295|13297|13306|13313|13315|13319|13331|13361|13362|13374|13397|13400|13408|13414|13416|13417|13423|13424|13438|13458|13469|13472|13473|13480|13482|13484|13487|13495|13512|13537|13545|13546|13547|13551|13576|13578|13591|13599|13601|13602|13607|13614|13615|13625|13641|13643|13647|13650|13652|13654|13662|13663|13676|13688|13692|13694|13695|13698|13703|13717|13719|13722|13740|13745|13746|13747|13753|13761|13762|13767|13770|13785|13788|13789|13819|13824|13833|13836|13842|13846|13847|13851|13863|13872|13879|13880|13897|13900|13905|13911|13921|13922|13927|13931|13939|13957|13964|13965|13968|13971|13976|13982|13983|13985|13996|14001|14003|14021|14024|14025|14028|14030|14049|14057|14064|14069|14074|14083|14095|14129|14131|14142|14146|14166|14169|14197|14198|14199|14200|14221|14227|14231|14235|14237|14244|14248|14249|14252|14253|14255|14263|14264|14275|14283|14285|14286|14293|14294|14295|14302|14306|14307|14310|14312|14314|14318|14320|14322|14326|14330|14343|14369|14391|14396|14400|14402|14409|14413|14420|14425|14430|14435|14442|14452|14466|14472|14474|14477|14480|14489|14490|14493|14519|14524|14530|14531|14532|14537|14552|14555|14560|14565|14566|14568|14597|14598|14607|14619|14621|14624|14628|14639|14646|14653|14655|14675|14676|14688|14693|14695|14696|14702|14706|14709|14715|14737|14739|14769|14770|14776|14783|14784|14786|14787|14788|14791|14805|14806|14809|14814|14817|14822|14824|14825|14828|14837|14848|14857|14865|14866|14874|14876|14882|14890|14891|14892|14894|14897|14901|14904|14918|14924|14927|14932|14938|14944|14945|14954|14955|14962|14969|14972|14983|15022|15023|15048|15065|15068|15081|15082|15085|15094|15095|15125|15126|15150|15155|15170|15174|15198|15203|15209|15218|15223|15231|15241|15250|15251|15253|15259|15260|15266|15270|15271|15273|15276|15299|15301|15304|15329|15336|15338|15361|15374|15381|15387|15392|15420|15446|15454|15455|15461|15462|15468|15469|15477|15482|15490|15521|15551|15559|15560|15571|15574|15577|15583|15587|15595|15602|15606|15607|15611|15615|15617|15620|15622|15628|15634|15636|15639|15641|15660|15672|15680|15682|15684|15685|15693|15694|15698|15715|15720|15723|15727|15728|15734|15738|15747|15754|15765|15779|15786|15789|15799|15800|15807|15818|15834|15837|15854|15863|15874|15879|15887|15889|15906|15911|15915|15923|15924|15938|15943|15944|15954|15957|15959|15984|15990|15994|16010|16021|16032|16033|16037|16047|16049|16068|16077|16078|16081|16086|16089|16092|16098|16099|16117|16120|16124|16125|16133|16134|16139|16158|16163|16170|16172|16174|16186|16190|16193|16197|16205|16210|16222|16237|16244|16250|16253|16254|16269|16281|16289|16292|16298|16299|16301|16316|16325|16328|16329|16344|16346|16350|16362|16373|16374|16390|16392|16393|16408|16415|16420|16430|16441|16451|16465|16472|16476|16487|16493|16501|16502|16532|16541|16547|16550|16551|16553|16571|16576|16583|16585|16590|16605|16612|16619|16620|16630|16632|16634|16636|16646|16647|16651|16668|16687|16690|16694|16695|16704|16710|16712|16713|16715|16719|16732|16755|16756|16773|16780|16782|16786|16788|16812|16814|16821|16825|16838|16839|16840|16841|16844|16847|16854|16860|16865|16873|16880|16885|16887|16896|16903|16905|16911|16912|16915|16917|16922|16926|16941|16952|16960|16962|16964|16970|16973|16980|16998|17003|17016|17027|17031|17033|17034|17035|17038|17046|17047|17063|17068|17082|17084|17087|17090|17095|17096|17097|17099|17101|17108|17109|17112|17115|17123|17132|17136|17138|17141|17149|17151|17157|17163|17169|17177|17178|17185|17211|17220|17226|17237|17240|17257|17262|17269|17285|17320|17321|17336|17340|17342|17344|17346|17349|17354|17373|17378|17381|17382|17400|17404|17411|17414|17419|17421|17422|17435|17437|17456|17464|17470|17472|17476|17484|17488|17494|17497|17512|17540|17543|17547|17568|17577|17578|17583|17585|17586|17588|17589|17598|17602|17607|17611|17622|17631|17639|17647|17651|17662|17665|17666|17667|17679|17682|17687|17688|17689|17696|17699|17703|17708|17716|17728|17738|17739|17748|17757|17759|17766|17769|17774|17794|17808|17811|17826|17833|17842|17845|17850|17863|17867|17868|17871|17872|17873|17876|17897|17910|17916|17924|17926|17928|17931|17935|17945|17951|17961|17981|17983|17984|17988|17993|18007|18018|18020|18048|18049|18054|18055|18060|18064|18079|18084|18087|18094|18095|18096|18097|18102|18106|18112|18115|18127|18136|18157|18160|18171|18174|18175|18178|18181|18182|18190|18193|18197|18210|18219|18223|18226|18230|18245|18267|18277|18279|18280|18283|18284
Online Retail II,2010-12-10,2,M1,12346|12349|12351|12360|12366|12373|12385|12392|12408|12410|12411|12413|12417|12429|12433|12434|12449|12470|12482|12483|12496|12503|12504|12516|12542|12543|12557|12563|12580|12582|12591|12606|12634|12635|12636|12651|12653|12662|12665|12672|12676|12677|12693|12701|12745|12758|12761|12786|12789|12793|12797|12800|12802|12804|12808|12809|12810|12811|12817|12823|12831|12835|12846|12849|12851|12854|12873|12876|12892|12932|12946|12948|12956|12957|12963|12969|12972|12973|12978|12989|13000|13004|13005|13021|13024|13039|13052|13065|13076|13083|13086|13087|13089|13091|13093|13103|13109|13112|13114|13119|13134|13138|13148|13154|13162|13172|13178|13190|13194|13195|13201|13202|13208|13209|13215|13220|13230|13234|13254|13270|13275|13280|13287|13291|13292|13293|13294|13295|13297|13306|13313|13315|13319|13331|13361|13362|13374|13397|13400|13408|13414|13416|13417|13423|13424|13438|13458|13469|13472|13473|13480|13482|13484|13487|13495|13512|13537|13545|13546|13547|13551|13576|13578|13591|13599|13601|13602|13607|13614|13615|13625|13641|13643|13647|13650|13652|13654|13662|13663|13676|13688|13692|13694|13695|13698|13703|13717|13719|13722|13740|13745|13746|13747|13753|13761|13762|13767|13770|13785|13788|13789|13819|13824|13833|13836|13842|13846|13847|13851|13863|13872|13879|13880|13897|13900|13905|13911|13921|13922|13927|13931|13939|13957|13964|13965|13968|13971|13976|13982|13983|13985|13996|14001|14003|14021|14024|14025|14028|14030|14049|14057|14064|14069|14074|14083|14095|14129|14131|14142|14146|14166|14169|14197|14198|14199|14200|14221|14227|14231|14235|14237|14244|14248|14249|14252|14253|14255|14263|14264|14275|14283|14285|14286|14293|14294|14295|14302|14306|14307|14310|14312|14314|14318|14320|14322|14326|14330|14343|14369|14391|14396|14400|14402|14409|14413|14420|14425|14430|14435|14442|14452|14466|14472|14474|14477|14480|14489|14490|14493|14519|14524|14530|14531|14532|14537|14552|14555|14560|14565|14566|14568|14597|14598|14607|14619|14621|14624|14628|14639|14646|14653|14655|14675|14676|14688|14693|14695|14696|14702|14706|14709|14715|14737|14739|14769|14770|14776|14783|14784|14786|14787|14788|14791|14805|14806|14809|14814|14817|14822|14824|14825|14828|14837|14848|14857|14865|14866|14874|14876|14882|14890|14891|14892|14894|14897|14901|14904|14918|14924|14927|14932|14938|14944|14945|14954|14955|14962|14969|14972|14983|15022|15023|15048|15065|15068|15081|15082|15085|15094|15095|15125|15126|15150|15155|15170|15174|15198|15203|15209|15218|15223|15231|15241|15250|15251|15253|15259|15260|15266|15270|15271|15273|15276|15299|15301|15304|15329|15336|15338|15361|15374|15381|15387|15392|15420|15446|15454|15455|15461|15462|15468|15469|15477|15482|15490|15521|15551|15559|15560|15571|15574|15577|15583|15587|15595|15602|15606|15607|15611|15615|15617|15620|15622|15628|15634|15636|15639|15641|15660|15672|15680|15682|15684|15685|15693|15694|15698|15715|15720|15723|15727|15728|15734|15738|15747|15754|15765|15779|15786|15789|15799|15800|15807|15818|15834|15837|15854|15863|15874|15879|15887|15889|15906|15911|15915|15923|15924|15938|15943|15944|15954|15957|15959|15984|15990|15994|16010|16021|16032|16033|16037|16047|16049|16068|16077|16078|16081|16086|16089|16092|16098|16099|16117|16120|16124|16125|16133|16134|16139|16158|16163|16170|16172|16174|16186|16190|16193|16197|16205|16210|16222|16237|16244|16250|16253|16254|16269|16281|16289|16292|16298|16299|16301|16316|16325|16328|16329|16344|16346|16350|16362|16373|16374|16390|16392|16393|16408|16415|16420|16430|16441|16451|16465|16472|16476|16487|16493|16501|16502|16532|16541|16547|16550|16551|16553|16571|16576|16583|16585|16590|16605|16612|16619|16620|16630|16632|16634|16636|16646|16647|16651|16668|16687|16690|16694|16695|16704|16710|16712|16713|16715|16719|16732|16755|16756|16773|16780|16782|16786|16788|16812|16814|16821|16825|16838|16839|16840|16841|16844|16847|16854|16860|16865|16873|16880|16885|16887|16896|16903|16905|16911|16912|16915|16917|16922|16926|16941|16952|16960|16962|16964|16970|16973|16980|16998|17003|17016|17027|17031|17033|17034|17035|17038|17046|17047|17063|17068|17082|17084|17087|17090|17095|17096|17097|17099|17101|17108|17109|17112|17115|17123|17132|17136|17138|17141|17149|17151|17157|17163|17169|17177|17178|17185|17211|17220|17226|17237|17240|17257|17262|17269|17285|17320|17321|17336|17340|17342|17344|17346|17349|17354|17373|17378|17381|17382|17400|17404|17411|17414|17419|17421|17422|17435|17437|17456|17464|17470|17472|17476|17484|17488|17494|17497|17512|17540|17543|17547|17568|17577|17578|17583|17585|17586|17588|17589|17598|17602|17607|17611|17622|17631|17639|17647|17651|17662|17665|17666|17667|17679|17682|17687|17688|17689|17696|17699|17703|17708|17716|17728|17738|17739|17748|17757|17759|17766|17769|17774|17794|17808|17811|17826|17833|17842|17845|17850|17863|17867|17868|17871|17872|17873|17876|17897|17910|17916|17924|17926|17928|17931|17935|17945|17951|17961|17981|17983|17984|17988|17993|18007|18018|18020|18048|18049|18054|18055|18060|18064|18079|18084|18087|18094|18095|18096|18097|18102|18106|18112|18115|18127|18136|18157|18160|18171|18174|18175|18178|18181|18182|18190|18193|18197|18210|18219|18223|18226|18230|18245|18267|18277|18279|18280|18283|18284
Online Retail II,2010-12-10,2,M2,12346|12349|12351|12360|12366|12373|12385|12392|12408|12410|12411|12413|12417|12429|12433|12434|12449|12470|12482|12483|12496|12503|12504|12516|12542|12543|12557|12563|12580|12582|12591|12606|12634|12635|12636|12651|12653|12662|12665|12672|12676|12677|12693|12701|12745|12758|12761|12786|12789|12793|12797|12800|12802|12804|12808|12809|12810|12811|12817|12823|12831|12835|12846|12849|12851|12854|12873|12876|12892|12932|12946|12948|12956|12957|12963|12969|12972|12973|12978|12989|13000|13004|13005|13021|13024|13039|13052|13065|13076|13083|13086|13087|13089|13091|13093|13103|13109|13112|13114|13119|13134|13138|13148|13154|13162|13172|13178|13190|13194|13195|13201|13202|13208|13209|13215|13220|13230|13234|13254|13270|13275|13280|13287|13291|13292|13293|13294|13295|13297|13306|13313|13315|13319|13331|13361|13362|13374|13397|13400|13408|13414|13416|13417|13423|13424|13438|13458|13469|13472|13473|13480|13482|13484|13487|13495|13512|13537|13545|13546|13547|13551|13576|13578|13591|13599|13601|13602|13607|13614|13615|13625|13641|13643|13647|13650|13652|13654|13662|13663|13676|13688|13692|13694|13695|13698|13703|13717|13719|13722|13740|13745|13746|13747|13753|13761|13762|13767|13770|13785|13788|13789|13819|13824|13833|13836|13842|13846|13847|13851|13863|13872|13879|13880|13897|13900|13905|13911|13921|13922|13927|13931|13939|13957|13964|13965|13968|13971|13976|13982|13983|13985|13996|14001|14003|14021|14024|14025|14028|14030|14049|14057|14064|14069|14074|14083|14095|14129|14131|14142|14146|14166|14169|14197|14198|14199|14200|14221|14227|14231|14235|14237|14244|14248|14249|14252|14253|14255|14263|14264|14275|14283|14285|14286|14293|14294|14295|14302|14306|14307|14310|14312|14314|14318|14320|14322|14326|14330|14343|14369|14391|14396|14400|14402|14409|14413|14420|14425|14430|14435|14442|14452|14466|14472|14474|14477|14480|14489|14490|14493|14519|14524|14530|14531|14532|14537|14552|14555|14560|14565|14566|14568|14597|14598|14607|14619|14621|14624|14628|14639|14646|14653|14655|14675|14676|14688|14693|14695|14696|14702|14706|14709|14715|14737|14739|14769|14770|14776|14783|14784|14786|14787|14788|14791|14805|14806|14809|14814|14817|14822|14824|14825|14828|14837|14848|14857|14865|14866|14874|14876|14882|14890|14891|14892|14894|14897|14901|14904|14918|14924|14927|14932|14938|14944|14945|14954|14955|14962|14969|14972|14983|15022|15023|15048|15065|15068|15081|15082|15085|15094|15095|15125|15126|15150|15155|15170|15174|15198|15203|15209|15218|15223|15231|15241|15250|15251|15253|15259|15260|15266|15270|15271|15273|15276|15299|15301|15304|15329|15336|15338|15361|15374|15381|15387|15392|15420|15446|15454|15455|15461|15462|15468|15469|15477|15482|15490|15521|15551|15559|15560|15571|15574|15577|15583|15587|15595|15602|15606|15607|15611|15615|15617|15620|15622|15628|15634|15636|15639|15641|15660|15672|15680|15682|15684|15685|15693|15694|15698|15715|15720|15723|15727|15728|15734|15738|15747|15754|15765|15779|15786|15789|15799|15800|15807|15818|15834|15837|15854|15863|15874|15879|15887|15889|15906|15911|15915|15923|15924|15938|15943|15944|15954|15957|15959|15984|15990|15994|16010|16021|16032|16033|16037|16047|16049|16068|16077|16078|16081|16086|16089|16092|16098|16099|16117|16120|16124|16125|16133|16134|16139|16158|16163|16170|16172|16174|16186|16190|16193|16197|16205|16210|16222|16237|16244|16250|16253|16254|16269|16281|16289|16292|16298|16299|16301|16316|16325|16328|16329|16344|16346|16350|16362|16373|16374|16390|16392|16393|16408|16415|16420|16430|16441|16451|16465|16472|16476|16487|16493|16501|16502|16532|16541|16547|16550|16551|16553|16571|16576|16583|16585|16590|16605|16612|16619|16620|16630|16632|16634|16636|16646|16647|16651|16668|16687|16690|16694|16695|16704|16710|16712|16713|16715|16719|16732|16755|16756|16773|16780|16782|16786|16788|16812|16814|16821|16825|16838|16839|16840|16841|16844|16847|16854|16860|16865|16873|16880|16885|16887|16896|16903|16905|16911|16912|16915|16917|16922|16926|16941|16952|16960|16962|16964|16970|16973|16980|16998|17003|17016|17027|17031|17033|17034|17035|17038|17046|17047|17063|17068|17082|17084|17087|17090|17095|17096|17097|17099|17101|17108|17109|17112|17115|17123|17132|17136|17138|17141|17149|17151|17157|17163|17169|17177|17178|17185|17211|17220|17226|17237|17240|17257|17262|17269|17285|17320|17321|17336|17340|17342|17344|17346|17349|17354|17373|17378|17381|17382|17400|17404|17411|17414|17419|17421|17422|17435|17437|17456|17464|17470|17472|17476|17484|17488|17494|17497|17512|17540|17543|17547|17568|17577|17578|17583|17585|17586|17588|17589|17598|17602|17607|17611|17622|17631|17639|17647|17651|17662|17665|17666|17667|17679|17682|17687|17688|17689|17696|17699|17703|17708|17716|17728|17738|17739|17748|17757|17759|17766|17769|17774|17794|17808|17811|17826|17833|17842|17845|17850|17863|17867|17868|17871|17872|17873|17876|17897|17910|17916|17924|17926|17928|17931|17935|17945|17951|17961|17981|17983|17984|17988|17993|18007|18018|18020|18048|18049|18054|18055|18060|18064|18079|18084|18087|18094|18095|18096|18097|18102|18106|18112|18115|18127|18136|18157|18160|18171|18174|18175|18178|18181|18182|18190|18193|18197|18210|18219|18223|18226|18230|18245|18267|18277|18279|18280|18283|18284
Online Retail II,2010-12-10,2,M3,12346|12349|12351|12360|12366|12373|12385|12392|12408|12410|12411|12413|12417|12429|12433|12434|12449|12470|12482|12483|12496|12503|12504|12516|12542|12543|12557|12563|12580|12582|12591|12606|12634|12635|12636|12651|12653|12662|12665|12672|12676|12677|12693|12701|12745|12758|12761|12786|12789|12793|12797|12800|12802|12804|12808|12809|12810|12811|12817|12823|12831|12835|12846|12849|12851|12854|12873|12876|12892|12932|12946|12948|12956|12957|12963|12969|12972|12973|12978|12989|13000|13004|13005|13021|13024|13039|13052|13065|13076|13083|13086|13087|13089|13091|13093|13103|13109|13112|13114|13119|13134|13138|13148|13154|13162|13172|13178|13190|13194|13195|13201|13202|13208|13209|13215|13220|13230|13234|13254|13270|13275|13280|13287|13291|13292|13293|13294|13295|13297|13306|13313|13315|13319|13331|13361|13362|13374|13397|13400|13408|13414|13416|13417|13423|13424|13438|13458|13469|13472|13473|13480|13482|13484|13487|13495|13512|13537|13545|13546|13547|13551|13576|13578|13591|13599|13601|13602|13607|13614|13615|13625|13641|13643|13647|13650|13652|13654|13662|13663|13676|13688|13692|13694|13695|13698|13703|13717|13719|13722|13740|13745|13746|13747|13753|13761|13762|13767|13770|13785|13788|13789|13819|13824|13833|13836|13842|13846|13847|13851|13863|13872|13879|13880|13897|13900|13905|13911|13921|13922|13927|13931|13939|13957|13964|13965|13968|13971|13976|13982|13983|13985|13996|14001|14003|14021|14024|14025|14028|14030|14049|14057|14064|14069|14074|14083|14095|14129|14131|14142|14146|14166|14169|14197|14198|14199|14200|14221|14227|14231|14235|14237|14244|14248|14249|14252|14253|14255|14263|14264|14275|14283|14285|14286|14293|14294|14295|14302|14306|14307|14310|14312|14314|14318|14320|14322|14326|14330|14343|14369|14391|14396|14400|14402|14409|14413|14420|14425|14430|14435|14442|14452|14466|14472|14474|14477|14480|14489|14490|14493|14519|14524|14530|14531|14532|14537|14552|14555|14560|14565|14566|14568|14597|14598|14607|14619|14621|14624|14628|14639|14646|14653|14655|14675|14676|14688|14693|14695|14696|14702|14706|14709|14715|14737|14739|14769|14770|14776|14783|14784|14786|14787|14788|14791|14805|14806|14809|14814|14817|14822|14824|14825|14828|14837|14848|14857|14865|14866|14874|14876|14882|14890|14891|14892|14894|14897|14901|14904|14918|14924|14927|14932|14938|14944|14945|14954|14955|14962|14969|14972|14983|15022|15023|15048|15065|15068|15081|15082|15085|15094|15095|15125|15126|15150|15155|15170|15174|15198|15203|15209|15218|15223|15231|15241|15250|15251|15253|15259|15260|15266|15270|15271|15273|15276|15299|15301|15304|15329|15336|15338|15361|15374|15381|15387|15392|15420|15446|15454|15455|15461|15462|15468|15469|15477|15482|15490|15521|15551|15559|15560|15571|15574|15577|15583|15587|15595|15602|15606|15607|15611|15615|15617|15620|15622|15628|15634|15636|15639|15641|15660|15672|15680|15682|15684|15685|15693|15694|15698|15715|15720|15723|15727|15728|15734|15738|15747|15754|15765|15779|15786|15789|15799|15800|15807|15818|15834|15837|15854|15863|15874|15879|15887|15889|15906|15911|15915|15923|15924|15938|15943|15944|15954|15957|15959|15984|15990|15994|16010|16021|16032|16033|16037|16047|16049|16068|16077|16078|16081|16086|16089|16092|16098|16099|16117|16120|16124|16125|16133|16134|16139|16158|16163|16170|16172|16174|16186|16190|16193|16197|16205|16210|16222|16237|16244|16250|16253|16254|16269|16281|16289|16292|16298|16299|16301|16316|16325|16328|16329|16344|16346|16350|16362|16373|16374|16390|16392|16393|16408|16415|16420|16430|16441|16451|16465|16472|16476|16487|16493|16501|16502|16532|16541|16547|16550|16551|16553|16571|16576|16583|16585|16590|16605|16612|16619|16620|16630|16632|16634|16636|16646|16647|16651|16668|16687|16690|16694|16695|16704|16710|16712|16713|16715|16719|16732|16755|16756|16773|16780|16782|16786|16788|16812|16814|16821|16825|16838|16839|16840|16841|16844|16847|16854|16860|16865|16873|16880|16885|16887|16896|16903|16905|16911|16912|16915|16917|16922|16926|16941|16952|16960|16962|16964|16970|16973|16980|16998|17003|17016|17027|17031|17033|17034|17035|17038|17046|17047|17063|17068|17082|17084|17087|17090|17095|17096|17097|17099|17101|17108|17109|17112|17115|17123|17132|17136|17138|17141|17149|17151|17157|17163|17169|17177|17178|17185|17211|17220|17226|17237|17240|17257|17262|17269|17285|17320|17321|17336|17340|17342|17344|17346|17349|17354|17373|17378|17381|17382|17400|17404|17411|17414|17419|17421|17422|17435|17437|17456|17464|17470|17472|17476|17484|17488|17494|17497|17512|17540|17543|17547|17568|17577|17578|17583|17585|17586|17588|17589|17598|17602|17607|17611|17622|17631|17639|17647|17651|17662|17665|17666|17667|17679|17682|17687|17688|17689|17696|17699|17703|17708|17716|17728|17738|17739|17748|17757|17759|17766|17769|17774|17794|17808|17811|17826|17833|17842|17845|17850|17863|17867|17868|17871|17872|17873|17876|17897|17910|17916|17924|17926|17928|17931|17935|17945|17951|17961|17981|17983|17984|17988|17993|18007|18018|18020|18048|18049|18054|18055|18060|18064|18079|18084|18087|18094|18095|18096|18097|18102|18106|18112|18115|18127|18136|18157|18160|18171|18174|18175|18178|18181|18182|18190|18193|18197|18210|18219|18223|18226|18230|18245|18267|18277|18279|18280|18283|18284
Online Retail II,2010-12-10,3,M0,12353|12355|12368|12371|12374|12376|12377|12409|12412|12415|12443|12458|12466|12467|12480|12492|12499|12505|12511|12523|12529|12530|12533|12538|12554|12555|12562|12573|12575|12576|12578|12595|12599|12601|12609|12615|12625|12633|12655|12656|12666|12671|12673|12681|12708|12724|12726|12727|12730|12739|12741|12742|12748|12751|12765|12774|12790|12799|12813|12820|12825|12826|12836|12850|12858|12866|12869|12887|12890|12891|12898|12899|12903|12907|12909|12910|12918|12921|12923|12927|12933|12934|12954|12960|12961|12970|12980|12987|12998|13010|13011|13013|13014|13019|13020|13025|13030|13032|13033|13035|13046|13047|13048|13053|13064|13069|13082|13101|13102|13107|13108|13111|13117|13126|13128|13135|13139|13140|13143|13150|13151|13155|13156|13158|13163|13164|13167|13168|13179|13181|13196|13197|13199|13211|13213|13217|13225|13233|13237|13238|13245|13252|13255|13259|13266|13269|13274|13276|13278|13281|13290|13320|13324|13327|13329|13333|13337|13360|13368|13369|13393|13394|13398|13410|13415|13428|13432|13435|13439|13446|13450|13454|13474|13478|13485|13488|13498|13502|13506|13508|13509|13515|13523|13540|13554|13557|13559|13562|13567|13569|13571|13574|13584|13586|13589|13605|13610|13627|13634|13653|13659|13660|13665|13669|13687|13696|13706|13721|13724|13733|13754|13769|13777|13783|13786|13787|13803|13809|13813|13815|13818|13825|13831|13854|13856|13859|13864|13869|13874|13878|13888|13889|13913|13937|13943|13945|13953|13955|13974|13975|13981|13987|13992|13998|14010|14013|14031|14047|14072|14084|14085|14086|14091|14099|14101|14104|14105|14118|14122|14123|14126|14128|14130|14133|14139|14152|14153|14154|14171|14173|14182|14195|14202|14206|14208|14216|14220|14225|14257|14265|14278|14281|14291|14298|14299|14309|14329|14338|14353|14363|14365|14366|14381|14388|14390|14395|14414|14415|14433|14437|14439|14443|14460|14462|14465|14478|14483|14491|14505|14507|14509|14510|14522|14525|14533|14534|14538|14543|14544|14549|14558|14559|14569|14576|14590|14595|14596|14600|14606|14610|14613|14615|14634|14640|14648|14656|14657|14663|14667|14669|14670|14677|14690|14694|14707|14708|14713|14714|14716|14718|14721|14729|14740|14741|14744|14766|14767|14807|14818|14821|14839|14844|14847|14851|14868|14869|14875|14899|14909|14911|14917|14936|14941|14953|14957|14988|14989|14990|14991|14994|14998|15011|15013|15015|15016|15024|15029|15037|15038|15051|15070|15074|15078|15102|15105|15110|15144|15149|15154|15160|15161|15162|15167|15180|15184|15188|15190|15201|15211|15221|15229|15242|15243|15247|15257|15264|15272|15277|15279|15288|15291|15298|15317|15350|15356|15370|15377|15378|15384|15402|15406|15409|15410|15413|15418|15426|15447|15451|15459|15466|15488|15489|15495|15499|15501|15502|15509|15512|15524|15534|15543|15544|15545|15552|15555|15562|15570|15573|15581|15588|15614|15625|15631|15637|15638|15642|15645|15646|15649|15677|15678|15695|15711|15718|15719|15722|15731|15735|15741|15748|15766|15772|15774|15777|15784|15794|15822|15826|15841|15845|15858|15860|15867|15872|15875|15886|15890|15898|15899|15902|15905|15918|15922|15931|15945|15950|15951|15953|15956|15960|15973|15978|15982|15986|15987|15999|16004|16011|16018|16028|16035|16042|16043|16050|16053|16057|16061|16062|16069|16075|16085|16090|16094|16095|16104|16121|16122|16126|16130|16137|16146|16155|16161|16167|16177|16182|16195|16199|16202|16211|16214|16218|16224|16233|16256|16259|16262|16263|16265|16273|16282|16284|16291|16304|16310|16320|16321|16334|16336|16340|16343|16345|16353|16365|16368|16397|16399|16409|16414|16419|16433|16435|16437|16439|16443|16448|16452|16456|16467|16470|16491|16500|16503|16535|16554|16555|16565|16578|16579|16586|16589|16592|16599|16600|16607|16622|16639|16648|16656|16660|16662|16663|16664|16675|16684|16727|16733|16736|16740|16757|16776|16779|16784|16785|16791|16792|16809|16817|16819|16822|16831|16835|16843|16858|16859|16868|16888|16892|16907|16908|16921|16932|16933|16934|16936|16945|16950|16954|16972|16974|16983|16987|16992|16996|17001|17005|17017|17022|17025|17026|17029|17041|17044|17049|17062|17065|17067|17069|17070|17071|17075|17080|17089|17091|17092|17093|17113|17116|17121|17134|17135|17142|17143|17150|17170|17172|17176|17179|17184|17189|17190|17192|17194|17199|17207|17212|17223|17225|17248|17251|17255|17261|17270|17271|17273|17280|17281|17288|17292|17294|17301|17304|17325|17326|17330|17361|17372|17374|17377|17386|17388|17392|17393|17396|17412|17420|17426|17438|17448|17449|17450|17458|17463|17467|17468|17469|17471|17474|17477|17483|17487|17530|17531|17545|17548|17557|17560|17565|17567|17575|17581|17582|17591|17592|17593|17596|17604|17612|17615|17616|17617|17623|17627|17633|17646|17649|17660|17669|17674|17685|17694|17705|17709|17710|17723|17726|17729|17732|17743|17751|17762|17764|17768|17772|17773|17787|17798|17801|17804|17807|17812|17818|17820|17821|17823|17834|17838|17843|17849|17853|17865|17878|17882|17884|17886|17894|17903|17905|17915|17923|17950|17954|17958|17960|17962|17963|17964|17966|17968|17996|18003|18011|18016|18026|18031|18034|18065|18066|18070|18071|18074|18077|18083|18091|18098|18100|18101|18107|18108|18116|18119|18124|18128|18131|18135|18144|18148|18161|18170|18172|18187|18188|18194|18196|18207|18215|18238|18239|18241|18254|18257|18259|18270
Online Retail II,2010-12-10,3,M1,12353|12355|12368|12371|12374|12376|12377|12409|12412|12415|12443|12458|12466|12467|12480|12492|12499|12505|12511|12523|12529|12530|12533|12538|12554|12555|12562|12573|12575|12576|12578|12595|12599|12601|12609|12615|12625|12633|12655|12656|12666|12671|12673|12681|12708|12724|12726|12727|12730|12739|12741|12742|12748|12751|12765|12774|12790|12799|12813|12820|12825|12826|12836|12850|12858|12866|12869|12887|12890|12891|12898|12899|12903|12907|12909|12910|12918|12921|12923|12927|12933|12934|12954|12960|12961|12970|12980|12987|12998|13010|13011|13013|13014|13019|13020|13025|13030|13032|13033|13035|13046|13047|13048|13053|13064|13069|13082|13101|13102|13107|13108|13111|13117|13126|13128|13135|13139|13140|13143|13150|13151|13155|13156|13158|13163|13164|13167|13168|13179|13181|13196|13197|13199|13211|13213|13217|13225|13233|13237|13238|13245|13252|13255|13259|13266|13269|13274|13276|13278|13281|13290|13320|13324|13327|13329|13333|13337|13360|13368|13369|13393|13394|13398|13410|13415|13428|13432|13435|13439|13446|13450|13454|13474|13478|13485|13488|13498|13502|13506|13508|13509|13515|13523|13540|13554|13557|13559|13562|13567|13569|13571|13574|13584|13586|13589|13605|13610|13627|13634|13653|13659|13660|13665|13669|13687|13696|13706|13721|13724|13733|13754|13769|13777|13783|13786|13787|13803|13809|13813|13815|13818|13825|13831|13854|13856|13859|13864|13869|13874|13878|13888|13889|13913|13937|13943|13945|13953|13955|13974|13975|13981|13987|13992|13998|14010|14013|14031|14047|14072|14084|14085|14086|14091|14099|14101|14104|14105|14118|14122|14123|14126|14128|14130|14133|14139|14152|14153|14154|14171|14173|14182|14195|14202|14206|14208|14216|14220|14225|14257|14265|14278|14281|14291|14298|14299|14309|14329|14338|14353|14363|14365|14366|14381|14388|14390|14395|14414|14415|14433|14437|14439|14443|14460|14462|14465|14478|14483|14491|14505|14507|14509|14510|14522|14525|14533|14534|14538|14543|14544|14549|14558|14559|14569|14576|14590|14595|14596|14600|14606|14610|14613|14615|14634|14640|14648|14656|14657|14663|14667|14669|14670|14677|14690|14694|14707|14708|14713|14714|14716|14718|14721|14729|14740|14741|14744|14766|14767|14807|14818|14821|14839|14844|14847|14851|14868|14869|14875|14899|14909|14911|14917|14936|14941|14953|14957|14988|14989|14990|14991|14994|14998|15011|15013|15015|15016|15024|15029|15037|15038|15051|15070|15074|15078|15102|15105|15110|15144|15149|15154|15160|15161|15162|15167|15180|15184|15188|15190|15201|15211|15221|15229|15242|15243|15247|15257|15264|15272|15277|15279|15288|15291|15298|15317|15350|15356|15370|15377|15378|15384|15402|15406|15409|15410|15413|15418|15426|15447|15451|15459|15466|15488|15489|15495|15499|15501|15502|15509|15512|15524|15534|15543|15544|15545|15552|15555|15562|15570|15573|15581|15588|15614|15625|15631|15637|15638|15642|15645|15646|15649|15677|15678|15695|15711|15718|15719|15722|15731|15735|15741|15748|15766|15772|15774|15777|15784|15794|15822|15826|15841|15845|15858|15860|15867|15872|15875|15886|15890|15898|15899|15902|15905|15918|15922|15931|15945|15950|15951|15953|15956|15960|15973|15978|15982|15986|15987|15999|16004|16011|16018|16028|16035|16042|16043|16050|16053|16057|16061|16062|16069|16075|16085|16090|16094|16095|16104|16121|16122|16126|16130|16137|16146|16155|16161|16167|16177|16182|16195|16199|16202|16211|16214|16218|16224|16233|16256|16259|16262|16263|16265|16273|16282|16284|16291|16304|16310|16320|16321|16334|16336|16340|16343|16345|16353|16365|16368|16397|16399|16409|16414|16419|16433|16435|16437|16439|16443|16448|16452|16456|16467|16470|16491|16500|16503|16535|16554|16555|16565|16578|16579|16586|16589|16592|16599|16600|16607|16622|16639|16648|16656|16660|16662|16663|16664|16675|16684|16727|16733|16736|16740|16757|16776|16779|16784|16785|16791|16792|16809|16817|16819|16822|16831|16835|16843|16858|16859|16868|16888|16892|16907|16908|16921|16932|16933|16934|16936|16945|16950|16954|16972|16974|16983|16987|16992|16996|17001|17005|17017|17022|17025|17026|17029|17041|17044|17049|17062|17065|17067|17069|17070|17071|17075|17080|17089|17091|17092|17093|17113|17116|17121|17134|17135|17142|17143|17150|17170|17172|17176|17179|17184|17189|17190|17192|17194|17199|17207|17212|17223|17225|17248|17251|17255|17261|17270|17271|17273|17280|17281|17288|17292|17294|17301|17304|17325|17326|17330|17361|17372|17374|17377|17386|17388|17392|17393|17396|17412|17420|17426|17438|17448|17449|17450|17458|17463|17467|17468|17469|17471|17474|17477|17483|17487|17530|17531|17545|17548|17557|17560|17565|17567|17575|17581|17582|17591|17592|17593|17596|17604|17612|17615|17616|17617|17623|17627|17633|17646|17649|17660|17669|17674|17685|17694|17705|17709|17710|17723|17726|17729|17732|17743|17751|17762|17764|17768|17772|17773|17787|17798|17801|17804|17807|17812|17818|17820|17821|17823|17834|17838|17843|17849|17853|17865|17878|17882|17884|17886|17894|17903|17905|17915|17923|17950|17954|17958|17960|17962|17963|17964|17966|17968|17996|18003|18011|18016|18026|18031|18034|18065|18066|18070|18071|18074|18077|18083|18091|18098|18100|18101|18107|18108|18116|18119|18124|18128|18131|18135|18144|18148|18161|18170|18172|18187|18188|18194|18196|18207|18215|18238|18239|18241|18254|18257|18259|18270
Online Retail II,2010-12-10,3,M2,12353|12355|12368|12371|12374|12376|12377|12409|12412|12415|12443|12458|12466|12467|12480|12492|12499|12505|12511|12523|12529|12530|12533|12538|12554|12555|12562|12573|12575|12576|12578|12595|12599|12601|12609|12615|12625|12633|12655|12656|12666|12671|12673|12681|12708|12724|12726|12727|12730|12739|12741|12742|12748|12751|12765|12774|12790|12799|12813|12820|12825|12826|12836|12850|12858|12866|12869|12887|12890|12891|12898|12899|12903|12907|12909|12910|12918|12921|12923|12927|12933|12934|12954|12960|12961|12970|12980|12987|12998|13010|13011|13013|13014|13019|13020|13025|13030|13032|13033|13035|13046|13047|13048|13053|13064|13069|13082|13101|13102|13107|13108|13111|13117|13126|13128|13135|13139|13140|13143|13150|13151|13155|13156|13158|13163|13164|13167|13168|13179|13181|13196|13197|13199|13211|13213|13217|13225|13233|13237|13238|13245|13252|13255|13259|13266|13269|13274|13276|13278|13281|13290|13320|13324|13327|13329|13333|13337|13360|13368|13369|13393|13394|13398|13410|13415|13428|13432|13435|13439|13446|13450|13454|13474|13478|13485|13488|13498|13502|13506|13508|13509|13515|13523|13540|13554|13557|13559|13562|13567|13569|13571|13574|13584|13586|13589|13605|13610|13627|13634|13653|13659|13660|13665|13669|13687|13696|13706|13721|13724|13733|13754|13769|13777|13783|13786|13787|13803|13809|13813|13815|13818|13825|13831|13854|13856|13859|13864|13869|13874|13878|13888|13889|13913|13937|13943|13945|13953|13955|13974|13975|13981|13987|13992|13998|14010|14013|14031|14047|14072|14084|14085|14086|14091|14099|14101|14104|14105|14118|14122|14123|14126|14128|14130|14133|14139|14152|14153|14154|14171|14173|14182|14195|14202|14206|14208|14216|14220|14225|14257|14265|14278|14281|14291|14298|14299|14309|14329|14338|14353|14363|14365|14366|14381|14388|14390|14395|14414|14415|14433|14437|14439|14443|14460|14462|14465|14478|14483|14491|14505|14507|14509|14510|14522|14525|14533|14534|14538|14543|14544|14549|14558|14559|14569|14576|14590|14595|14596|14600|14606|14610|14613|14615|14634|14640|14648|14656|14657|14663|14667|14669|14670|14677|14690|14694|14707|14708|14713|14714|14716|14718|14721|14729|14740|14741|14744|14766|14767|14807|14818|14821|14839|14844|14847|14851|14868|14869|14875|14899|14909|14911|14917|14936|14941|14953|14957|14988|14989|14990|14991|14994|14998|15011|15013|15015|15016|15024|15029|15037|15038|15051|15070|15074|15078|15102|15105|15110|15144|15149|15154|15160|15161|15162|15167|15180|15184|15188|15190|15201|15211|15221|15229|15242|15243|15247|15257|15264|15272|15277|15279|15288|15291|15298|15317|15350|15356|15370|15377|15378|15384|15402|15406|15409|15410|15413|15418|15426|15447|15451|15459|15466|15488|15489|15495|15499|15501|15502|15509|15512|15524|15534|15543|15544|15545|15552|15555|15562|15570|15573|15581|15588|15614|15625|15631|15637|15638|15642|15645|15646|15649|15677|15678|15695|15711|15718|15719|15722|15731|15735|15741|15748|15766|15772|15774|15777|15784|15794|15822|15826|15841|15845|15858|15860|15867|15872|15875|15886|15890|15898|15899|15902|15905|15918|15922|15931|15945|15950|15951|15953|15956|15960|15973|15978|15982|15986|15987|15999|16004|16011|16018|16028|16035|16042|16043|16050|16053|16057|16061|16062|16069|16075|16085|16090|16094|16095|16104|16121|16122|16126|16130|16137|16146|16155|16161|16167|16177|16182|16195|16199|16202|16211|16214|16218|16224|16233|16256|16259|16262|16263|16265|16273|16282|16284|16291|16304|16310|16320|16321|16334|16336|16340|16343|16345|16353|16365|16368|16397|16399|16409|16414|16419|16433|16435|16437|16439|16443|16448|16452|16456|16467|16470|16491|16500|16503|16535|16554|16555|16565|16578|16579|16586|16589|16592|16599|16600|16607|16622|16639|16648|16656|16660|16662|16663|16664|16675|16684|16727|16733|16736|16740|16757|16776|16779|16784|16785|16791|16792|16809|16817|16819|16822|16831|16835|16843|16858|16859|16868|16888|16892|16907|16908|16921|16932|16933|16934|16936|16945|16950|16954|16972|16974|16983|16987|16992|16996|17001|17005|17017|17022|17025|17026|17029|17041|17044|17049|17062|17065|17067|17069|17070|17071|17075|17080|17089|17091|17092|17093|17113|17116|17121|17134|17135|17142|17143|17150|17170|17172|17176|17179|17184|17189|17190|17192|17194|17199|17207|17212|17223|17225|17248|17251|17255|17261|17270|17271|17273|17280|17281|17288|17292|17294|17301|17304|17325|17326|17330|17361|17372|17374|17377|17386|17388|17392|17393|17396|17412|17420|17426|17438|17448|17449|17450|17458|17463|17467|17468|17469|17471|17474|17477|17483|17487|17530|17531|17545|17548|17557|17560|17565|17567|17575|17581|17582|17591|17592|17593|17596|17604|17612|17615|17616|17617|17623|17627|17633|17646|17649|17660|17669|17674|17685|17694|17705|17709|17710|17723|17726|17729|17732|17743|17751|17762|17764|17768|17772|17773|17787|17798|17801|17804|17807|17812|17818|17820|17821|17823|17834|17838|17843|17849|17853|17865|17878|17882|17884|17886|17894|17903|17905|17915|17923|17950|17954|17958|17960|17962|17963|17964|17966|17968|17996|18003|18011|18016|18026|18031|18034|18065|18066|18070|18071|18074|18077|18083|18091|18098|18100|18101|18107|18108|18116|18119|18124|18128|18131|18135|18144|18148|18161|18170|18172|18187|18188|18194|18196|18207|18215|18238|18239|18241|18254|18257|18259|18270
Online Retail II,2010-12-10,3,M3,12353|12355|12368|12371|12374|12376|12377|12409|12412|12415|12443|12458|12466|12467|12480|12492|12499|12505|12511|12523|12529|12530|12533|12538|12554|12555|12562|12573|12575|12576|12578|12595|12599|12601|12609|12615|12625|12633|12655|12656|12666|12671|12673|12681|12708|12724|12726|12727|12730|12739|12741|12742|12748|12751|12765|12774|12790|12799|12813|12820|12825|12826|12836|12850|12858|12866|12869|12887|12890|12891|12898|12899|12903|12907|12909|12910|12918|12921|12923|12927|12933|12934|12954|12960|12961|12970|12980|12987|12998|13010|13011|13013|13014|13019|13020|13025|13030|13032|13033|13035|13046|13047|13048|13053|13064|13069|13082|13101|13102|13107|13108|13111|13117|13126|13128|13135|13139|13140|13143|13150|13151|13155|13156|13158|13163|13164|13167|13168|13179|13181|13196|13197|13199|13211|13213|13217|13225|13233|13237|13238|13245|13252|13255|13259|13266|13269|13274|13276|13278|13281|13290|13320|13324|13327|13329|13333|13337|13360|13368|13369|13393|13394|13398|13410|13415|13428|13432|13435|13439|13446|13450|13454|13474|13478|13485|13488|13498|13502|13506|13508|13509|13515|13523|13540|13554|13557|13559|13562|13567|13569|13571|13574|13584|13586|13589|13605|13610|13627|13634|13653|13659|13660|13665|13669|13687|13696|13706|13721|13724|13733|13754|13769|13777|13783|13786|13787|13803|13809|13813|13815|13818|13825|13831|13854|13856|13859|13864|13869|13874|13878|13888|13889|13913|13937|13943|13945|13953|13955|13974|13975|13981|13987|13992|13998|14010|14013|14031|14047|14072|14084|14085|14086|14091|14099|14101|14104|14105|14118|14122|14123|14126|14128|14130|14133|14139|14152|14153|14154|14171|14173|14182|14195|14202|14206|14208|14216|14220|14225|14257|14265|14278|14281|14291|14298|14299|14309|14329|14338|14353|14363|14365|14366|14381|14388|14390|14395|14414|14415|14433|14437|14439|14443|14460|14462|14465|14478|14483|14491|14505|14507|14509|14510|14522|14525|14533|14534|14538|14543|14544|14549|14558|14559|14569|14576|14590|14595|14596|14600|14606|14610|14613|14615|14634|14640|14648|14656|14657|14663|14667|14669|14670|14677|14690|14694|14707|14708|14713|14714|14716|14718|14721|14729|14740|14741|14744|14766|14767|14807|14818|14821|14839|14844|14847|14851|14868|14869|14875|14899|14909|14911|14917|14936|14941|14953|14957|14988|14989|14990|14991|14994|14998|15011|15013|15015|15016|15024|15029|15037|15038|15051|15070|15074|15078|15102|15105|15110|15144|15149|15154|15160|15161|15162|15167|15180|15184|15188|15190|15201|15211|15221|15229|15242|15243|15247|15257|15264|15272|15277|15279|15288|15291|15298|15317|15350|15356|15370|15377|15378|15384|15402|15406|15409|15410|15413|15418|15426|15447|15451|15459|15466|15488|15489|15495|15499|15501|15502|15509|15512|15524|15534|15543|15544|15545|15552|15555|15562|15570|15573|15581|15588|15614|15625|15631|15637|15638|15642|15645|15646|15649|15677|15678|15695|15711|15718|15719|15722|15731|15735|15741|15748|15766|15772|15774|15777|15784|15794|15822|15826|15841|15845|15858|15860|15867|15872|15875|15886|15890|15898|15899|15902|15905|15918|15922|15931|15945|15950|15951|15953|15956|15960|15973|15978|15982|15986|15987|15999|16004|16011|16018|16028|16035|16042|16043|16050|16053|16057|16061|16062|16069|16075|16085|16090|16094|16095|16104|16121|16122|16126|16130|16137|16146|16155|16161|16167|16177|16182|16195|16199|16202|16211|16214|16218|16224|16233|16256|16259|16262|16263|16265|16273|16282|16284|16291|16304|16310|16320|16321|16334|16336|16340|16343|16345|16353|16365|16368|16397|16399|16409|16414|16419|16433|16435|16437|16439|16443|16448|16452|16456|16467|16470|16491|16500|16503|16535|16554|16555|16565|16578|16579|16586|16589|16592|16599|16600|16607|16622|16639|16648|16656|16660|16662|16663|16664|16675|16684|16727|16733|16736|16740|16757|16776|16779|16784|16785|16791|16792|16809|16817|16819|16822|16831|16835|16843|16858|16859|16868|16888|16892|16907|16908|16921|16932|16933|16934|16936|16945|16950|16954|16972|16974|16983|16987|16992|16996|17001|17005|17017|17022|17025|17026|17029|17041|17044|17049|17062|17065|17067|17069|17070|17071|17075|17080|17089|17091|17092|17093|17113|17116|17121|17134|17135|17142|17143|17150|17170|17172|17176|17179|17184|17189|17190|17192|17194|17199|17207|17212|17223|17225|17248|17251|17255|17261|17270|17271|17273|17280|17281|17288|17292|17294|17301|17304|17325|17326|17330|17361|17372|17374|17377|17386|17388|17392|17393|17396|17412|17420|17426|17438|17448|17449|17450|17458|17463|17467|17468|17469|17471|17474|17477|17483|17487|17530|17531|17545|17548|17557|17560|17565|17567|17575|17581|17582|17591|17592|17593|17596|17604|17612|17615|17616|17617|17623|17627|17633|17646|17649|17660|17669|17674|17685|17694|17705|17709|17710|17723|17726|17729|17732|17743|17751|17762|17764|17768|17772|17773|17787|17798|17801|17804|17807|17812|17818|17820|17821|17823|17834|17838|17843|17849|17853|17865|17878|17882|17884|17886|17894|17903|17905|17915|17923|17950|17954|17958|17960|17962|17963|17964|17966|17968|17996|18003|18011|18016|18026|18031|18034|18065|18066|18070|18071|18074|18077|18083|18091|18098|18100|18101|18107|18108|18116|18119|18124|18128|18131|18135|18144|18148|18161|18170|18172|18187|18188|18194|18196|18207|18215|18238|18239|18241|18254|18257|18259|18270
Online Retail II,2010-12-10,4,M0,12348|12356|12358|12370|12387|12388|12391|12396|12404|12418|12419|12422|12425|12426|12437|12441|12451|12454|12455|12459|12475|12477|12495|12500|12527|12537|12549|12553|12567|12583|12588|12589|12592|12598|12605|12616|12621|12623|12637|12648|12652|12661|12664|12668|12670|12682|12686|12691|12703|12709|12711|12712|12714|12725|12731|12737|12738|12755|12759|12760|12766|12771|12780|12784|12798|12801|12805|12821|12837|12839|12840|12841|12843|12844|12847|12848|12855|12857|12860|12864|12880|12897|12900|12913|12920|12931|12937|12959|12971|12979|12993|13001|13015|13022|13026|13036|13037|13041|13045|13050|13071|13073|13077|13080|13088|13090|13094|13096|13104|13123|13133|13144|13145|13165|13169|13180|13205|13222|13226|13241|13257|13282|13285|13288|13299|13302|13305|13307|13309|13310|13317|13330|13340|13367|13371|13373|13381|13383|13392|13395|13406|13412|13413|13425|13426|13440|13442|13445|13451|13452|13455|13466|13468|13476|13477|13501|13510|13511|13514|13516|13519|13526|13544|13548|13550|13556|13604|13608|13609|13613|13616|13619|13622|13623|13624|13646|13656|13658|13661|13672|13674|13677|13679|13683|13684|13691|13699|13700|13702|13709|13710|13711|13715|13727|13728|13735|13738|13752|13764|13773|13776|13779|13782|13794|13796|13807|13821|13823|13830|13832|13834|13838|13840|13861|13871|13883|13892|13903|13907|13916|13936|13944|13948|13958|13962|13963|13967|13970|13980|13988|13989|13993|13997|13999|14000|14007|14011|14014|14017|14032|14039|14040|14042|14045|14048|14051|14055|14058|14060|14079|14082|14087|14094|14106|14107|14112|14113|14114|14134|14137|14144|14147|14151|14160|14163|14176|14180|14183|14187|14190|14205|14211|14213|14224|14226|14228|14229|14233|14239|14241|14271|14276|14277|14279|14282|14290|14292|14316|14324|14327|14332|14334|14355|14379|14384|14392|14403|14404|14405|14408|14412|14426|14427|14440|14448|14458|14459|14463|14468|14469|14475|14479|14484|14487|14492|14506|14515|14521|14535|14548|14550|14551|14553|14556|14564|14570|14572|14573|14574|14580|14584|14588|14612|14623|14627|14637|14645|14671|14673|14683|14685|14700|14701|14710|14712|14717|14722|14728|14745|14746|14761|14793|14811|14812|14841|14845|14849|14855|14858|14872|14879|14893|14895|14900|14902|14915|14920|14943|14952|14966|14978|14982|14984|14986|14997|15002|15005|15006|15008|15026|15027|15030|15042|15046|15062|15084|15086|15093|15109|15112|15115|15122|15124|15131|15133|15134|15142|15143|15164|15177|15179|15186|15197|15200|15210|15215|15219|15222|15233|15246|15252|15254|15278|15281|15283|15289|15294|15296|15306|15326|15331|15337|15340|15352|15354|15362|15365|15372|15373|15380|15391|15396|15404|15416|15421|15422|15430|15431|15441|15458|15471|15473|15474|15480|15485|15486|15487|15494|15496|15498|15515|15518|15523|15532|15538|15540|15546|15548|15549|15566|15591|15596|15599|15600|15608|15613|15616|15633|15635|15650|15658|15661|15662|15666|15675|15686|15689|15691|15713|15714|15724|15726|15732|15736|15742|15750|15752|15759|15761|15768|15770|15778|15782|15792|15809|15811|15812|15824|15855|15861|15864|15876|15884|15885|15888|15912|15917|15921|15926|15927|15934|15936|15946|15958|15961|15964|15965|15966|15969|15971|15979|15980|15985|15989|15992|16008|16012|16014|16017|16019|16036|16040|16051|16059|16060|16067|16071|16072|16088|16101|16108|16119|16132|16141|16145|16147|16150|16159|16196|16204|16208|16228|16232|16241|16242|16252|16255|16264|16266|16271|16274|16276|16277|16278|16283|16285|16294|16296|16300|16303|16332|16348|16351|16354|16355|16357|16369|16372|16381|16383|16384|16395|16400|16401|16402|16407|16413|16416|16428|16434|16445|16450|16461|16466|16468|16477|16485|16486|16489|16490|16496|16508|16518|16519|16523|16524|16526|16538|16540|16542|16544|16545|16546|16549|16560|16562|16568|16584|16608|16611|16628|16638|16661|16666|16670|16673|16677|16680|16681|16699|16701|16702|16720|16726|16735|16743|16752|16754|16770|16771|16775|16810|16823|16832|16836|16861|16864|16872|16875|16883|16886|16893|16898|16899|16904|16906|16916|16920|16923|16928|16946|16948|16955|16977|16985|16988|17007|17008|17012|17019|17023|17032|17039|17055|17056|17059|17077|17081|17094|17098|17103|17104|17111|17137|17139|17155|17159|17160|17165|17168|17181|17191|17198|17200|17201|17208|17213|17216|17217|17218|17222|17224|17228|17245|17249|17282|17289|17296|17298|17299|17300|17306|17307|17308|17311|17316|17324|17327|17328|17335|17339|17345|17351|17356|17358|17363|17364|17369|17371|17389|17395|17397|17402|17407|17409|17416|17418|17428|17429|17430|17432|17436|17439|17478|17480|17482|17499|17510|17514|17518|17521|17526|17529|17533|17534|17539|17541|17550|17552|17555|17558|17559|17563|17576|17601|17605|17606|17610|17640|17644|17663|17664|17678|17683|17686|17691|17695|17706|17714|17717|17722|17730|17731|17735|17740|17744|17758|17763|17776|17782|17792|17809|17815|17822|17825|17827|17840|17851|17855|17858|17861|17869|17888|17889|17898|17907|17909|17912|17913|17918|17919|17920|17922|17934|17952|17959|17967|17971|17974|17975|17977|17987|17989|17990|17992|17998|18009|18017|18028|18029|18035|18036|18037|18043|18047|18053|18056|18061|18075|18076|18078|18089|18118|18123|18140|18145|18149|18177|18189|18208|18214|18221|18229|18244|18246|18256|18260|18264|18269|18271|18278|18285
Online Retail II,2010-12-10,4,M1,12348|12356|12358|12370|12387|12388|12391|12396|12404|12418|12419|12422|12425|12426|12437|12441|12451|12454|12455|12459|12475|12477|12495|12500|12527|12537|12549|12553|12567|12583|12588|12589|12592|12598|12605|12616|12621|12623|12637|12648|12652|12661|12664|12668|12670|12682|12686|12691|12703|12709|12711|12712|12714|12725|12731|12737|12738|12755|12759|12760|12766|12771|12780|12784|12798|12801|12805|12821|12837|12839|12840|12841|12843|12844|12847|12848|12855|12857|12860|12864|12880|12897|12900|12913|12920|12931|12937|12959|12971|12979|12993|13001|13015|13022|13026|13036|13037|13041|13045|13050|13071|13073|13077|13080|13088|13090|13094|13096|13104|13123|13133|13144|13145|13165|13169|13180|13205|13222|13226|13241|13257|13282|13285|13288|13299|13302|13305|13307|13309|13310|13317|13330|13340|13367|13371|13373|13381|13383|13392|13395|13406|13412|13413|13425|13426|13440|13442|13445|13451|13452|13455|13466|13468|13476|13477|13501|13510|13511|13514|13516|13519|13526|13544|13548|13550|13556|13604|13608|13609|13613|13616|13619|13622|13623|13624|13646|13656|13658|13661|13672|13674|13677|13679|13683|13684|13691|13699|13700|13702|13709|13710|13711|13715|13727|13728|13735|13738|13752|13764|13773|13776|13779|13782|13794|13796|13807|13821|13823|13830|13832|13834|13838|13840|13861|13871|13883|13892|13903|13907|13916|13936|13944|13948|13958|13962|13963|13967|13970|13980|13988|13989|13993|13997|13999|14000|14007|14011|14014|14017|14032|14039|14040|14042|14045|14048|14051|14055|14058|14060|14079|14082|14087|14094|14106|14107|14112|14113|14114|14134|14137|14144|14147|14151|14160|14163|14176|14180|14183|14187|14190|14205|14211|14213|14224|14226|14228|14229|14233|14239|14241|14271|14276|14277|14279|14282|14290|14292|14316|14324|14327|14332|14334|14355|14379|14384|14392|14403|14404|14405|14408|14412|14426|14427|14440|14448|14458|14459|14463|14468|14469|14475|14479|14484|14487|14492|14506|14515|14521|14535|14548|14550|14551|14553|14556|14564|14570|14572|14573|14574|14580|14584|14588|14612|14623|14627|14637|14645|14671|14673|14683|14685|14700|14701|14710|14712|14717|14722|14728|14745|14746|14761|14793|14811|14812|14841|14845|14849|14855|14858|14872|14879|14893|14895|14900|14902|14915|14920|14943|14952|14966|14978|14982|14984|14986|14997|15002|15005|15006|15008|15026|15027|15030|15042|15046|15062|15084|15086|15093|15109|15112|15115|15122|15124|15131|15133|15134|15142|15143|15164|15177|15179|15186|15197|15200|15210|15215|15219|15222|15233|15246|15252|15254|15278|15281|15283|15289|15294|15296|15306|15326|15331|15337|15340|15352|15354|15362|15365|15372|15373|15380|15391|15396|15404|15416|15421|15422|15430|15431|15441|15458|15471|15473|15474|15480|15485|15486|15487|15494|15496|15498|15515|15518|15523|15532|15538|15540|15546|15548|15549|15566|15591|15596|15599|15600|15608|15613|15616|15633|15635|15650|15658|15661|15662|15666|15675|15686|15689|15691|15713|15714|15724|15726|15732|15736|15742|15750|15752|15759|15761|15768|15770|15778|15782|15792|15809|15811|15812|15824|15855|15861|15864|15876|15884|15885|15888|15912|15917|15921|15926|15927|15934|15936|15946|15958|15961|15964|15965|15966|15969|15971|15979|15980|15985|15989|15992|16008|16012|16014|16017|16019|16036|16040|16051|16059|16060|16067|16071|16072|16088|16101|16108|16119|16132|16141|16145|16147|16150|16159|16196|16204|16208|16228|16232|16241|16242|16252|16255|16264|16266|16271|16274|16276|16277|16278|16283|16285|16294|16296|16300|16303|16332|16348|16351|16354|16355|16357|16369|16372|16381|16383|16384|16395|16400|16401|16402|16407|16413|16416|16428|16434|16445|16450|16461|16466|16468|16477|16485|16486|16489|16490|16496|16508|16518|16519|16523|16524|16526|16538|16540|16542|16544|16545|16546|16549|16560|16562|16568|16584|16608|16611|16628|16638|16661|16666|16670|16673|16677|16680|16681|16699|16701|16702|16720|16726|16735|16743|16752|16754|16770|16771|16775|16810|16823|16832|16836|16861|16864|16872|16875|16883|16886|16893|16898|16899|16904|16906|16916|16920|16923|16928|16946|16948|16955|16977|16985|16988|17007|17008|17012|17019|17023|17032|17039|17055|17056|17059|17077|17081|17094|17098|17103|17104|17111|17137|17139|17155|17159|17160|17165|17168|17181|17191|17198|17200|17201|17208|17213|17216|17217|17218|17222|17224|17228|17245|17249|17282|17289|17296|17298|17299|17300|17306|17307|17308|17311|17316|17324|17327|17328|17335|17339|17345|17351|17356|17358|17363|17364|17369|17371|17389|17395|17397|17402|17407|17409|17416|17418|17428|17429|17430|17432|17436|17439|17478|17480|17482|17499|17510|17514|17518|17521|17526|17529|17533|17534|17539|17541|17550|17552|17555|17558|17559|17563|17576|17601|17605|17606|17610|17640|17644|17663|17664|17678|17683|17686|17691|17695|17706|17714|17717|17722|17730|17731|17735|17740|17744|17758|17763|17776|17782|17792|17809|17815|17822|17825|17827|17840|17851|17855|17858|17861|17869|17888|17889|17898|17907|17909|17912|17913|17918|17919|17920|17922|17934|17952|17959|17967|17971|17974|17975|17977|17987|17989|17990|17992|17998|18009|18017|18028|18029|18035|18036|18037|18043|18047|18053|18056|18061|18075|18076|18078|18089|18118|18123|18140|18145|18149|18177|18189|18208|18214|18221|18229|18244|18246|18256|18260|18264|18269|18271|18278|18285
Online Retail II,2010-12-10,4,M2,12348|12356|12358|12370|12387|12388|12391|12396|12404|12418|12419|12422|12425|12426|12437|12441|12451|12454|12455|12459|12475|12477|12495|12500|12527|12537|12549|12553|12567|12583|12588|12589|12592|12598|12605|12616|12621|12623|12637|12648|12652|12661|12664|12668|12670|12682|12686|12691|12703|12709|12711|12712|12714|12725|12731|12737|12738|12755|12759|12760|12766|12771|12780|12784|12798|12801|12805|12821|12837|12839|12840|12841|12843|12844|12847|12848|12855|12857|12860|12864|12880|12897|12900|12913|12920|12931|12937|12959|12971|12979|12993|13001|13015|13022|13026|13036|13037|13041|13045|13050|13071|13073|13077|13080|13088|13090|13094|13096|13104|13123|13133|13144|13145|13165|13169|13180|13205|13222|13226|13241|13257|13282|13285|13288|13299|13302|13305|13307|13309|13310|13317|13330|13340|13367|13371|13373|13381|13383|13392|13395|13406|13412|13413|13425|13426|13440|13442|13445|13451|13452|13455|13466|13468|13476|13477|13501|13510|13511|13514|13516|13519|13526|13544|13548|13550|13556|13604|13608|13609|13613|13616|13619|13622|13623|13624|13646|13656|13658|13661|13672|13674|13677|13679|13683|13684|13691|13699|13700|13702|13709|13710|13711|13715|13727|13728|13735|13738|13752|13764|13773|13776|13779|13782|13794|13796|13807|13821|13823|13830|13832|13834|13838|13840|13861|13871|13883|13892|13903|13907|13916|13936|13944|13948|13958|13962|13963|13967|13970|13980|13988|13989|13993|13997|13999|14000|14007|14011|14014|14017|14032|14039|14040|14042|14045|14048|14051|14055|14058|14060|14079|14082|14087|14094|14106|14107|14112|14113|14114|14134|14137|14144|14147|14151|14160|14163|14176|14180|14183|14187|14190|14205|14211|14213|14224|14226|14228|14229|14233|14239|14241|14271|14276|14277|14279|14282|14290|14292|14316|14324|14327|14332|14334|14355|14379|14384|14392|14403|14404|14405|14408|14412|14426|14427|14440|14448|14458|14459|14463|14468|14469|14475|14479|14484|14487|14492|14506|14515|14521|14535|14548|14550|14551|14553|14556|14564|14570|14572|14573|14574|14580|14584|14588|14612|14623|14627|14637|14645|14671|14673|14683|14685|14700|14701|14710|14712|14717|14722|14728|14745|14746|14761|14793|14811|14812|14841|14845|14849|14855|14858|14872|14879|14893|14895|14900|14902|14915|14920|14943|14952|14966|14978|14982|14984|14986|14997|15002|15005|15006|15008|15026|15027|15030|15042|15046|15062|15084|15086|15093|15109|15112|15115|15122|15124|15131|15133|15134|15142|15143|15164|15177|15179|15186|15197|15200|15210|15215|15219|15222|15233|15246|15252|15254|15278|15281|15283|15289|15294|15296|15306|15326|15331|15337|15340|15352|15354|15362|15365|15372|15373|15380|15391|15396|15404|15416|15421|15422|15430|15431|15441|15458|15471|15473|15474|15480|15485|15486|15487|15494|15496|15498|15515|15518|15523|15532|15538|15540|15546|15548|15549|15566|15591|15596|15599|15600|15608|15613|15616|15633|15635|15650|15658|15661|15662|15666|15675|15686|15689|15691|15713|15714|15724|15726|15732|15736|15742|15750|15752|15759|15761|15768|15770|15778|15782|15792|15809|15811|15812|15824|15855|15861|15864|15876|15884|15885|15888|15912|15917|15921|15926|15927|15934|15936|15946|15958|15961|15964|15965|15966|15969|15971|15979|15980|15985|15989|15992|16008|16012|16014|16017|16019|16036|16040|16051|16059|16060|16067|16071|16072|16088|16101|16108|16119|16132|16141|16145|16147|16150|16159|16196|16204|16208|16228|16232|16241|16242|16252|16255|16264|16266|16271|16274|16276|16277|16278|16283|16285|16294|16296|16300|16303|16332|16348|16351|16354|16355|16357|16369|16372|16381|16383|16384|16395|16400|16401|16402|16407|16413|16416|16428|16434|16445|16450|16461|16466|16468|16477|16485|16486|16489|16490|16496|16508|16518|16519|16523|16524|16526|16538|16540|16542|16544|16545|16546|16549|16560|16562|16568|16584|16608|16611|16628|16638|16661|16666|16670|16673|16677|16680|16681|16699|16701|16702|16720|16726|16735|16743|16752|16754|16770|16771|16775|16810|16823|16832|16836|16861|16864|16872|16875|16883|16886|16893|16898|16899|16904|16906|16916|16920|16923|16928|16946|16948|16955|16977|16985|16988|17007|17008|17012|17019|17023|17032|17039|17055|17056|17059|17077|17081|17094|17098|17103|17104|17111|17137|17139|17155|17159|17160|17165|17168|17181|17191|17198|17200|17201|17208|17213|17216|17217|17218|17222|17224|17228|17245|17249|17282|17289|17296|17298|17299|17300|17306|17307|17308|17311|17316|17324|17327|17328|17335|17339|17345|17351|17356|17358|17363|17364|17369|17371|17389|17395|17397|17402|17407|17409|17416|17418|17428|17429|17430|17432|17436|17439|17478|17480|17482|17499|17510|17514|17518|17521|17526|17529|17533|17534|17539|17541|17550|17552|17555|17558|17559|17563|17576|17601|17605|17606|17610|17640|17644|17663|17664|17678|17683|17686|17691|17695|17706|17714|17717|17722|17730|17731|17735|17740|17744|17758|17763|17776|17782|17792|17809|17815|17822|17825|17827|17840|17851|17855|17858|17861|17869|17888|17889|17898|17907|17909|17912|17913|17918|17919|17920|17922|17934|17952|17959|17967|17971|17974|17975|17977|17987|17989|17990|17992|17998|18009|18017|18028|18029|18035|18036|18037|18043|18047|18053|18056|18061|18075|18076|18078|18089|18118|18123|18140|18145|18149|18177|18189|18208|18214|18221|18229|18244|18246|18256|18260|18264|18269|18271|18278|18285
Online Retail II,2010-12-10,4,M3,12348|12356|12358|12370|12387|12388|12391|12396|12404|12418|12419|12422|12425|12426|12437|12441|12451|12454|12455|12459|12475|12477|12495|12500|12527|12537|12549|12553|12567|12583|12588|12589|12592|12598|12605|12616|12621|12623|12637|12648|12652|12661|12664|12668|12670|12682|12686|12691|12703|12709|12711|12712|12714|12725|12731|12737|12738|12755|12759|12760|12766|12771|12780|12784|12798|12801|12805|12821|12837|12839|12840|12841|12843|12844|12847|12848|12855|12857|12860|12864|12880|12897|12900|12913|12920|12931|12937|12959|12971|12979|12993|13001|13015|13022|13026|13036|13037|13041|13045|13050|13071|13073|13077|13080|13088|13090|13094|13096|13104|13123|13133|13144|13145|13165|13169|13180|13205|13222|13226|13241|13257|13282|13285|13288|13299|13302|13305|13307|13309|13310|13317|13330|13340|13367|13371|13373|13381|13383|13392|13395|13406|13412|13413|13425|13426|13440|13442|13445|13451|13452|13455|13466|13468|13476|13477|13501|13510|13511|13514|13516|13519|13526|13544|13548|13550|13556|13604|13608|13609|13613|13616|13619|13622|13623|13624|13646|13656|13658|13661|13672|13674|13677|13679|13683|13684|13691|13699|13700|13702|13709|13710|13711|13715|13727|13728|13735|13738|13752|13764|13773|13776|13779|13782|13794|13796|13807|13821|13823|13830|13832|13834|13838|13840|13861|13871|13883|13892|13903|13907|13916|13936|13944|13948|13958|13962|13963|13967|13970|13980|13988|13989|13993|13997|13999|14000|14007|14011|14014|14017|14032|14039|14040|14042|14045|14048|14051|14055|14058|14060|14079|14082|14087|14094|14106|14107|14112|14113|14114|14134|14137|14144|14147|14151|14160|14163|14176|14180|14183|14187|14190|14205|14211|14213|14224|14226|14228|14229|14233|14239|14241|14271|14276|14277|14279|14282|14290|14292|14316|14324|14327|14332|14334|14355|14379|14384|14392|14403|14404|14405|14408|14412|14426|14427|14440|14448|14458|14459|14463|14468|14469|14475|14479|14484|14487|14492|14506|14515|14521|14535|14548|14550|14551|14553|14556|14564|14570|14572|14573|14574|14580|14584|14588|14612|14623|14627|14637|14645|14671|14673|14683|14685|14700|14701|14710|14712|14717|14722|14728|14745|14746|14761|14793|14811|14812|14841|14845|14849|14855|14858|14872|14879|14893|14895|14900|14902|14915|14920|14943|14952|14966|14978|14982|14984|14986|14997|15002|15005|15006|15008|15026|15027|15030|15042|15046|15062|15084|15086|15093|15109|15112|15115|15122|15124|15131|15133|15134|15142|15143|15164|15177|15179|15186|15197|15200|15210|15215|15219|15222|15233|15246|15252|15254|15278|15281|15283|15289|15294|15296|15306|15326|15331|15337|15340|15352|15354|15362|15365|15372|15373|15380|15391|15396|15404|15416|15421|15422|15430|15431|15441|15458|15471|15473|15474|15480|15485|15486|15487|15494|15496|15498|15515|15518|15523|15532|15538|15540|15546|15548|15549|15566|15591|15596|15599|15600|15608|15613|15616|15633|15635|15650|15658|15661|15662|15666|15675|15686|15689|15691|15713|15714|15724|15726|15732|15736|15742|15750|15752|15759|15761|15768|15770|15778|15782|15792|15809|15811|15812|15824|15855|15861|15864|15876|15884|15885|15888|15912|15917|15921|15926|15927|15934|15936|15946|15958|15961|15964|15965|15966|15969|15971|15979|15980|15985|15989|15992|16008|16012|16014|16017|16019|16036|16040|16051|16059|16060|16067|16071|16072|16088|16101|16108|16119|16132|16141|16145|16147|16150|16159|16196|16204|16208|16228|16232|16241|16242|16252|16255|16264|16266|16271|16274|16276|16277|16278|16283|16285|16294|16296|16300|16303|16332|16348|16351|16354|16355|16357|16369|16372|16381|16383|16384|16395|16400|16401|16402|16407|16413|16416|16428|16434|16445|16450|16461|16466|16468|16477|16485|16486|16489|16490|16496|16508|16518|16519|16523|16524|16526|16538|16540|16542|16544|16545|16546|16549|16560|16562|16568|16584|16608|16611|16628|16638|16661|16666|16670|16673|16677|16680|16681|16699|16701|16702|16720|16726|16735|16743|16752|16754|16770|16771|16775|16810|16823|16832|16836|16861|16864|16872|16875|16883|16886|16893|16898|16899|16904|16906|16916|16920|16923|16928|16946|16948|16955|16977|16985|16988|17007|17008|17012|17019|17023|17032|17039|17055|17056|17059|17077|17081|17094|17098|17103|17104|17111|17137|17139|17155|17159|17160|17165|17168|17181|17191|17198|17200|17201|17208|17213|17216|17217|17218|17222|17224|17228|17245|17249|17282|17289|17296|17298|17299|17300|17306|17307|17308|17311|17316|17324|17327|17328|17335|17339|17345|17351|17356|17358|17363|17364|17369|17371|17389|17395|17397|17402|17407|17409|17416|17418|17428|17429|17430|17432|17436|17439|17478|17480|17482|17499|17510|17514|17518|17521|17526|17529|17533|17534|17539|17541|17550|17552|17555|17558|17559|17563|17576|17601|17605|17606|17610|17640|17644|17663|17664|17678|17683|17686|17691|17695|17706|17714|17717|17722|17730|17731|17735|17740|17744|17758|17763|17776|17782|17792|17809|17815|17822|17825|17827|17840|17851|17855|17858|17861|17869|17888|17889|17898|17907|17909|17912|17913|17918|17919|17920|17922|17934|17952|17959|17967|17971|17974|17975|17977|17987|17989|17990|17992|17998|18009|18017|18028|18029|18035|18036|18037|18043|18047|18053|18056|18061|18075|18076|18078|18089|18118|18123|18140|18145|18149|18177|18189|18208|18214|18221|18229|18244|18246|18256|18260|18264|18269|18271|18278|18285
Online Retail II,2011-03-11,0,M0,12350|12360|12362|12368|12371|12376|12378|12408|12409|12410|12411|12413|12421|12422|12441|12449|12451|12466|12470|12472|12475|12476|12477|12480|12483|12484|12485|12489|12500|12514|12519|12533|12547|12555|12567|12570|12574|12583|12589|12599|12601|12608|12619|12621|12632|12633|12645|12647|12652|12653|12675|12679|12692|12696|12712|12721|12735|12749|12754|12764|12773|12774|12776|12779|12786|12788|12792|12793|12809|12829|12835|12838|12845|12847|12851|12853|12868|12871|12873|12875|12876|12909|12913|12917|12918|12923|12926|12951|12956|12974|12976|12982|12986|12988|12989|12990|13001|13015|13019|13020|13023|13027|13029|13030|13032|13036|13037|13043|13047|13051|13063|13068|13074|13081|13086|13087|13091|13105|13106|13107|13111|13124|13125|13126|13137|13139|13143|13154|13155|13161|13171|13172|13174|13181|13184|13196|13197|13204|13211|13225|13239|13241|13245|13253|13262|13265|13266|13277|13282|13284|13286|13289|13292|13293|13303|13308|13309|13310|13316|13327|13331|13344|13345|13346|13367|13393|13412|13423|13426|13428|13432|13448|13451|13453|13459|13464|13465|13472|13474|13480|13489|13491|13495|13496|13502|13503|13527|13534|13541|13543|13544|13550|13553|13555|13561|13566|13579|13580|13584|13585|13586|13590|13593|13601|13605|13607|13615|13622|13625|13630|13647|13649|13651|13658|13668|13671|13686|13689|13696|13698|13702|13711|13719|13744|13750|13752|13769|13775|13776|13779|13780|13781|13792|13793|13796|13798|13802|13813|13821|13824|13829|13834|13835|13840|13843|13846|13852|13863|13864|13865|13872|13879|13893|13902|13909|13915|13936|13942|13946|13951|13952|13953|13957|13963|13964|13966|13967|13973|13979|13985|13987|13992|13995|14008|14009|14024|14032|14033|14037|14046|14048|14056|14062|14064|14085|14101|14119|14122|14127|14129|14145|14151|14154|14156|14161|14165|14167|14175|14177|14187|14191|14203|14205|14211|14229|14238|14268|14270|14291|14294|14298|14302|14304|14315|14318|14321|14325|14327|14328|14339|14341|14347|14352|14358|14366|14369|14370|14376|14378|14379|14380|14384|14437|14442|14443|14449|14452|14454|14458|14462|14464|14472|14474|14483|14490|14502|14505|14509|14516|14524|14530|14533|14541|14548|14568|14571|14572|14573|14575|14579|14583|14584|14585|14588|14595|14597|14617|14624|14635|14637|14653|14665|14669|14676|14678|14681|14690|14701|14710|14712|14715|14722|14741|14742|14743|14745|14751|14760|14771|14776|14777|14782|14784|14788|14791|14799|14802|14807|14813|14825|14831|14833|14842|14845|14851|14853|14873|14875|14876|14882|14890|14895|14898|14909|14916|14917|14918|14922|14935|14945|14947|14954|14962|14970|14983|14989|14991|14995|14996|14999|15001|15005|15023|15028|15033|15034|15044|15061|15065|15072|15081|15082|15087|15090|15092|15093|15107|15112|15133|15135|15139|15140|15142|15157|15160|15164|15169|15189|15198|15201|15207|15209|15211|15218|15219|15228|15240|15248|15249|15254|15255|15257|15261|15269|15279|15287|15303|15306|15312|15314|15322|15324|15326|15350|15351|15353|15367|15375|15395|15397|15403|15413|15437|15441|15446|15476|15477|15479|15480|15484|15485|15495|15496|15497|15501|15512|15521|15524|15534|15543|15555|15566|15573|15579|15580|15584|15597|15605|15606|15608|15620|15622|15623|15628|15629|15632|15634|15650|15656|15661|15684|15685|15686|15689|15695|15697|15724|15726|15750|15753|15772|15773|15793|15794|15805|15816|15820|15828|15845|15846|15856|15857|15858|15864|15868|15879|15881|15887|15892|15893|15899|15914|15915|15916|15917|15918|15920|15927|15928|15934|15938|15945|15955|15956|15961|15962|15965|15967|15974|15981|15990|15999|16003|16006|16008|16010|16011|16017|16018|16021|16030|16035|16043|16048|16065|16078|16080|16082|16083|16120|16134|16136|16138|16145|16146|16147|16153|16159|16176|16177|16194|16197|16201|16209|16211|16212|16217|16221|16227|16229|16234|16238|16252|16258|16262|16263|16278|16279|16286|16287|16290|16299|16304|16321|16335|16344|16355|16371|16372|16381|16383|16385|16387|16388|16412|16413|16415|16419|16420|16424|16430|16439|16441|16449|16454|16469|16490|16491|16493|16503|16508|16517|16522|16526|16542|16543|16556|16578|16583|16585|16595|16602|16604|16615|16618|16636|16666|16681|16683|16687|16709|16710|16715|16726|16731|16740|16742|16746|16748|16755|16760|16768|16785|16805|16819|16823|16832|16834|16844|16857|16859|16870|16883|16884|16897|16905|16912|16913|16917|16918|16919|16923|16925|16927|16931|16933|16939|16940|16943|16946|16951|16958|16961|16975|16979|16983|16987|16990|16991|16993|17002|17017|17025|17043|17045|17046|17047|17051|17056|17059|17065|17084|17093|17094|17104|17109|17113|17115|17117|17118|17123|17126|17132|17141|17142|17143|17149|17150|17158|17160|17161|17170|17190|17198|17211|17226|17254|17258|17261|17266|17277|17278|17280|17290|17296|17303|17304|17309|17316|17320|17324|17328|17329|17335|17358|17360|17365|17368|17375|17378|17383|17384|17388|17389|17395|17403|17404|17409|17439|17458|17460|17465|17473|17476|17482|17483|17493|17495|17505|17513|17514|17516|17521|17532|17539|17542|17547|17559|17569|17582|17584|17587|17605|17607|17613|17617|17621|17624|17625|17629|17639|17642|17644|17646|17669|17672|17675|17683|17685|17696|17702|17709|17714|17715|17732|17734|17735|17743|17748|17749|17752|17754|17757|17760|17762|17764|17767|17769|17782|17789|17811|17815|17817|17823|17848|17856|17875|17882|17883|17884|17890|17903|17905|17909|17915|17917|17918|17931|17937|17945|17949|17969|17988|17994|18003|18012|18022|18032|18051|18056|18064|18065|18066|18069|18070|18078|18089|18092|18098|18101|18127|18131|18136|18141|18148|18155|18163|18174|18191|18197|18202|18206|18211|18218|18220|18225|18230|18233|18256|18260|18277|18287
Online Retail II,2011-03-11,0,M1,12350|12360|12362|12368|12371|12376|12378|12408|12409|12410|12411|12413|12421|12422|12441|12449|12451|12466|12470|12472|12475|12476|12477|12480|12483|12484|12485|12489|12500|12514|12519|12533|12547|12555|12567|12570|12574|12583|12589|12599|12601|12608|12619|12621|12632|12633|12645|12647|12652|12653|12675|12679|12692|12696|12712|12721|12735|12749|12754|12764|12773|12774|12776|12779|12786|12788|12792|12793|12809|12829|12835|12838|12845|12847|12851|12853|12868|12871|12873|12875|12876|12909|12913|12917|12918|12923|12926|12951|12956|12974|12976|12982|12986|12988|12989|12990|13001|13015|13019|13020|13023|13027|13029|13030|13032|13036|13037|13043|13047|13051|13063|13068|13074|13081|13086|13087|13091|13105|13106|13107|13111|13124|13125|13126|13137|13139|13143|13154|13155|13161|13171|13172|13174|13181|13184|13196|13197|13204|13211|13225|13239|13241|13245|13253|13262|13265|13266|13277|13282|13284|13286|13289|13292|13293|13303|13308|13309|13310|13316|13327|13331|13344|13345|13346|13367|13393|13412|13423|13426|13428|13432|13448|13451|13453|13459|13464|13465|13472|13474|13480|13489|13491|13495|13496|13502|13503|13527|13534|13541|13543|13544|13550|13553|13555|13561|13566|13579|13580|13584|13585|13586|13590|13593|13601|13605|13607|13615|13622|13625|13630|13647|13649|13651|13658|13668|13671|13686|13689|13696|13698|13702|13711|13719|13744|13750|13752|13769|13775|13776|13779|13780|13781|13792|13793|13796|13798|13802|13813|13821|13824|13829|13834|13835|13840|13843|13846|13852|13863|13864|13865|13872|13879|13893|13902|13909|13915|13936|13942|13946|13951|13952|13953|13957|13963|13964|13966|13967|13973|13979|13985|13987|13992|13995|14008|14009|14024|14032|14033|14037|14046|14048|14056|14062|14064|14085|14101|14119|14122|14127|14129|14145|14151|14154|14156|14161|14165|14167|14175|14177|14187|14191|14203|14205|14211|14229|14238|14268|14270|14291|14294|14298|14302|14304|14315|14318|14321|14325|14327|14328|14339|14341|14347|14352|14358|14366|14369|14370|14376|14378|14379|14380|14384|14437|14442|14443|14449|14452|14454|14458|14462|14464|14472|14474|14483|14490|14502|14505|14509|14516|14524|14530|14533|14541|14548|14568|14571|14572|14573|14575|14579|14583|14584|14585|14588|14595|14597|14617|14624|14635|14637|14653|14665|14669|14676|14678|14681|14690|14701|14710|14712|14715|14722|14741|14742|14743|14745|14751|14760|14771|14776|14777|14782|14784|14788|14791|14799|14802|14807|14813|14825|14831|14833|14842|14845|14851|14853|14873|14875|14876|14882|14890|14895|14898|14909|14916|14917|14918|14922|14935|14945|14947|14954|14962|14970|14983|14989|14991|14995|14996|14999|15001|15005|15023|15028|15033|15034|15044|15061|15065|15072|15081|15082|15087|15090|15092|15093|15107|15112|15133|15135|15139|15140|15142|15157|15160|15164|15169|15189|15198|15201|15207|15209|15211|15218|15219|15228|15240|15248|15249|15254|15255|15257|15261|15269|15279|15287|15303|15306|15312|15314|15322|15324|15326|15350|15351|15353|15367|15375|15395|15397|15403|15413|15437|15441|15446|15476|15477|15479|15480|15484|15485|15495|15496|15497|15501|15512|15521|15524|15534|15543|15555|15566|15573|15579|15580|15584|15597|15605|15606|15608|15620|15622|15623|15628|15629|15632|15634|15650|15656|15661|15684|15685|15686|15689|15695|15697|15724|15726|15750|15753|15772|15773|15793|15794|15805|15816|15820|15828|15845|15846|15856|15857|15858|15864|15868|15879|15881|15887|15892|15893|15899|15914|15915|15916|15917|15918|15920|15927|15928|15934|15938|15945|15955|15956|15961|15962|15965|15967|15974|15981|15990|15999|16003|16006|16008|16010|16011|16017|16018|16021|16030|16035|16043|16048|16065|16078|16080|16082|16083|16120|16134|16136|16138|16145|16146|16147|16153|16159|16176|16177|16194|16197|16201|16209|16211|16212|16217|16221|16227|16229|16234|16238|16252|16258|16262|16263|16278|16279|16286|16287|16290|16299|16304|16321|16335|16344|16355|16371|16372|16381|16383|16385|16387|16388|16412|16413|16415|16419|16420|16424|16430|16439|16441|16449|16454|16469|16490|16491|16493|16503|16508|16517|16522|16526|16542|16543|16556|16578|16583|16585|16595|16602|16604|16615|16618|16636|16666|16681|16683|16687|16709|16710|16715|16726|16731|16740|16742|16746|16748|16755|16760|16768|16785|16805|16819|16823|16832|16834|16844|16857|16859|16870|16883|16884|16897|16905|16912|16913|16917|16918|16919|16923|16925|16927|16931|16933|16939|16940|16943|16946|16951|16958|16961|16975|16979|16983|16987|16990|16991|16993|17002|17017|17025|17043|17045|17046|17047|17051|17056|17059|17065|17084|17093|17094|17104|17109|17113|17115|17117|17118|17123|17126|17132|17141|17142|17143|17149|17150|17158|17160|17161|17170|17190|17198|17211|17226|17254|17258|17261|17266|17277|17278|17280|17290|17296|17303|17304|17309|17316|17320|17324|17328|17329|17335|17358|17360|17365|17368|17375|17378|17383|17384|17388|17389|17395|17403|17404|17409|17439|17458|17460|17465|17473|17476|17482|17483|17493|17495|17505|17513|17514|17516|17521|17532|17539|17542|17547|17559|17569|17582|17584|17587|17605|17607|17613|17617|17621|17624|17625|17629|17639|17642|17644|17646|17669|17672|17675|17683|17685|17696|17702|17709|17714|17715|17732|17734|17735|17743|17748|17749|17752|17754|17757|17760|17762|17764|17767|17769|17782|17789|17811|17815|17817|17823|17848|17856|17875|17882|17883|17884|17890|17903|17905|17909|17915|17917|17918|17931|17937|17945|17949|17969|17988|17994|18003|18012|18022|18032|18051|18056|18064|18065|18066|18069|18070|18078|18089|18092|18098|18101|18127|18131|18136|18141|18148|18155|18163|18174|18191|18197|18202|18206|18211|18218|18220|18225|18230|18233|18256|18260|18277|18287
Online Retail II,2011-03-11,0,M2,12350|12360|12362|12368|12371|12376|12378|12408|12409|12410|12411|12413|12421|12422|12441|12449|12451|12466|12470|12472|12475|12476|12477|12480|12483|12484|12485|12489|12500|12514|12519|12533|12547|12555|12567|12570|12574|12583|12589|12599|12601|12608|12619|12621|12632|12633|12645|12647|12652|12653|12675|12679|12692|12696|12712|12721|12735|12749|12754|12764|12773|12774|12776|12779|12786|12788|12792|12793|12809|12829|12835|12838|12845|12847|12851|12853|12868|12871|12873|12875|12876|12909|12913|12917|12918|12923|12926|12951|12956|12974|12976|12982|12986|12988|12989|12990|13001|13015|13019|13020|13023|13027|13029|13030|13032|13036|13037|13043|13047|13051|13063|13068|13074|13081|13086|13087|13091|13105|13106|13107|13111|13124|13125|13126|13137|13139|13143|13154|13155|13161|13171|13172|13174|13181|13184|13196|13197|13204|13211|13225|13239|13241|13245|13253|13262|13265|13266|13277|13282|13284|13286|13289|13292|13293|13303|13308|13309|13310|13316|13327|13331|13344|13345|13346|13367|13393|13412|13423|13426|13428|13432|13448|13451|13453|13459|13464|13465|13472|13474|13480|13489|13491|13495|13496|13502|13503|13527|13534|13541|13543|13544|13550|13553|13555|13561|13566|13579|13580|13584|13585|13586|13590|13593|13601|13605|13607|13615|13622|13625|13630|13647|13649|13651|13658|13668|13671|13686|13689|13696|13698|13702|13711|13719|13744|13750|13752|13769|13775|13776|13779|13780|13781|13792|13793|13796|13798|13802|13813|13821|13824|13829|13834|13835|13840|13843|13846|13852|13863|13864|13865|13872|13879|13893|13902|13909|13915|13936|13942|13946|13951|13952|13953|13957|13963|13964|13966|13967|13973|13979|13985|13987|13992|13995|14008|14009|14024|14032|14033|14037|14046|14048|14056|14062|14064|14085|14101|14119|14122|14127|14129|14145|14151|14154|14156|14161|14165|14167|14175|14177|14187|14191|14203|14205|14211|14229|14238|14268|14270|14291|14294|14298|14302|14304|14315|14318|14321|14325|14327|14328|14339|14341|14347|14352|14358|14366|14369|14370|14376|14378|14379|14380|14384|14437|14442|14443|14449|14452|14454|14458|14462|14464|14472|14474|14483|14490|14502|14505|14509|14516|14524|14530|14533|14541|14548|14568|14571|14572|14573|14575|14579|14583|14584|14585|14588|14595|14597|14617|14624|14635|14637|14653|14665|14669|14676|14678|14681|14690|14701|14710|14712|14715|14722|14741|14742|14743|14745|14751|14760|14771|14776|14777|14782|14784|14788|14791|14799|14802|14807|14813|14825|14831|14833|14842|14845|14851|14853|14873|14875|14876|14882|14890|14895|14898|14909|14916|14917|14918|14922|14935|14945|14947|14954|14962|14970|14983|14989|14991|14995|14996|14999|15001|15005|15023|15028|15033|15034|15044|15061|15065|15072|15081|15082|15087|15090|15092|15093|15107|15112|15133|15135|15139|15140|15142|15157|15160|15164|15169|15189|15198|15201|15207|15209|15211|15218|15219|15228|15240|15248|15249|15254|15255|15257|15261|15269|15279|15287|15303|15306|15312|15314|15322|15324|15326|15350|15351|15353|15367|15375|15395|15397|15403|15413|15437|15441|15446|15476|15477|15479|15480|15484|15485|15495|15496|15497|15501|15512|15521|15524|15534|15543|15555|15566|15573|15579|15580|15584|15597|15605|15606|15608|15620|15622|15623|15628|15629|15632|15634|15650|15656|15661|15684|15685|15686|15689|15695|15697|15724|15726|15750|15753|15772|15773|15793|15794|15805|15816|15820|15828|15845|15846|15856|15857|15858|15864|15868|15879|15881|15887|15892|15893|15899|15914|15915|15916|15917|15918|15920|15927|15928|15934|15938|15945|15955|15956|15961|15962|15965|15967|15974|15981|15990|15999|16003|16006|16008|16010|16011|16017|16018|16021|16030|16035|16043|16048|16065|16078|16080|16082|16083|16120|16134|16136|16138|16145|16146|16147|16153|16159|16176|16177|16194|16197|16201|16209|16211|16212|16217|16221|16227|16229|16234|16238|16252|16258|16262|16263|16278|16279|16286|16287|16290|16299|16304|16321|16335|16344|16355|16371|16372|16381|16383|16385|16387|16388|16412|16413|16415|16419|16420|16424|16430|16439|16441|16449|16454|16469|16490|16491|16493|16503|16508|16517|16522|16526|16542|16543|16556|16578|16583|16585|16595|16602|16604|16615|16618|16636|16666|16681|16683|16687|16709|16710|16715|16726|16731|16740|16742|16746|16748|16755|16760|16768|16785|16805|16819|16823|16832|16834|16844|16857|16859|16870|16883|16884|16897|16905|16912|16913|16917|16918|16919|16923|16925|16927|16931|16933|16939|16940|16943|16946|16951|16958|16961|16975|16979|16983|16987|16990|16991|16993|17002|17017|17025|17043|17045|17046|17047|17051|17056|17059|17065|17084|17093|17094|17104|17109|17113|17115|17117|17118|17123|17126|17132|17141|17142|17143|17149|17150|17158|17160|17161|17170|17190|17198|17211|17226|17254|17258|17261|17266|17277|17278|17280|17290|17296|17303|17304|17309|17316|17320|17324|17328|17329|17335|17358|17360|17365|17368|17375|17378|17383|17384|17388|17389|17395|17403|17404|17409|17439|17458|17460|17465|17473|17476|17482|17483|17493|17495|17505|17513|17514|17516|17521|17532|17539|17542|17547|17559|17569|17582|17584|17587|17605|17607|17613|17617|17621|17624|17625|17629|17639|17642|17644|17646|17669|17672|17675|17683|17685|17696|17702|17709|17714|17715|17732|17734|17735|17743|17748|17749|17752|17754|17757|17760|17762|17764|17767|17769|17782|17789|17811|17815|17817|17823|17848|17856|17875|17882|17883|17884|17890|17903|17905|17909|17915|17917|17918|17931|17937|17945|17949|17969|17988|17994|18003|18012|18022|18032|18051|18056|18064|18065|18066|18069|18070|18078|18089|18092|18098|18101|18127|18131|18136|18141|18148|18155|18163|18174|18191|18197|18202|18206|18211|18218|18220|18225|18230|18233|18256|18260|18277|18287
Online Retail II,2011-03-11,0,M3,12350|12360|12362|12368|12371|12376|12378|12408|12409|12410|12411|12413|12421|12422|12441|12449|12451|12466|12470|12472|12475|12476|12477|12480|12483|12484|12485|12489|12500|12514|12519|12533|12547|12555|12567|12570|12574|12583|12589|12599|12601|12608|12619|12621|12632|12633|12645|12647|12652|12653|12675|12679|12692|12696|12712|12721|12735|12749|12754|12764|12773|12774|12776|12779|12786|12788|12792|12793|12809|12829|12835|12838|12845|12847|12851|12853|12868|12871|12873|12875|12876|12909|12913|12917|12918|12923|12926|12951|12956|12974|12976|12982|12986|12988|12989|12990|13001|13015|13019|13020|13023|13027|13029|13030|13032|13036|13037|13043|13047|13051|13063|13068|13074|13081|13086|13087|13091|13105|13106|13107|13111|13124|13125|13126|13137|13139|13143|13154|13155|13161|13171|13172|13174|13181|13184|13196|13197|13204|13211|13225|13239|13241|13245|13253|13262|13265|13266|13277|13282|13284|13286|13289|13292|13293|13303|13308|13309|13310|13316|13327|13331|13344|13345|13346|13367|13393|13412|13423|13426|13428|13432|13448|13451|13453|13459|13464|13465|13472|13474|13480|13489|13491|13495|13496|13502|13503|13527|13534|13541|13543|13544|13550|13553|13555|13561|13566|13579|13580|13584|13585|13586|13590|13593|13601|13605|13607|13615|13622|13625|13630|13647|13649|13651|13658|13668|13671|13686|13689|13696|13698|13702|13711|13719|13744|13750|13752|13769|13775|13776|13779|13780|13781|13792|13793|13796|13798|13802|13813|13821|13824|13829|13834|13835|13840|13843|13846|13852|13863|13864|13865|13872|13879|13893|13902|13909|13915|13936|13942|13946|13951|13952|13953|13957|13963|13964|13966|13967|13973|13979|13985|13987|13992|13995|14008|14009|14024|14032|14033|14037|14046|14048|14056|14062|14064|14085|14101|14119|14122|14127|14129|14145|14151|14154|14156|14161|14165|14167|14175|14177|14187|14191|14203|14205|14211|14229|14238|14268|14270|14291|14294|14298|14302|14304|14315|14318|14321|14325|14327|14328|14339|14341|14347|14352|14358|14366|14369|14370|14376|14378|14379|14380|14384|14437|14442|14443|14449|14452|14454|14458|14462|14464|14472|14474|14483|14490|14502|14505|14509|14516|14524|14530|14533|14541|14548|14568|14571|14572|14573|14575|14579|14583|14584|14585|14588|14595|14597|14617|14624|14635|14637|14653|14665|14669|14676|14678|14681|14690|14701|14710|14712|14715|14722|14741|14742|14743|14745|14751|14760|14771|14776|14777|14782|14784|14788|14791|14799|14802|14807|14813|14825|14831|14833|14842|14845|14851|14853|14873|14875|14876|14882|14890|14895|14898|14909|14916|14917|14918|14922|14935|14945|14947|14954|14962|14970|14983|14989|14991|14995|14996|14999|15001|15005|15023|15028|15033|15034|15044|15061|15065|15072|15081|15082|15087|15090|15092|15093|15107|15112|15133|15135|15139|15140|15142|15157|15160|15164|15169|15189|15198|15201|15207|15209|15211|15218|15219|15228|15240|15248|15249|15254|15255|15257|15261|15269|15279|15287|15303|15306|15312|15314|15322|15324|15326|15350|15351|15353|15367|15375|15395|15397|15403|15413|15437|15441|15446|15476|15477|15479|15480|15484|15485|15495|15496|15497|15501|15512|15521|15524|15534|15543|15555|15566|15573|15579|15580|15584|15597|15605|15606|15608|15620|15622|15623|15628|15629|15632|15634|15650|15656|15661|15684|15685|15686|15689|15695|15697|15724|15726|15750|15753|15772|15773|15793|15794|15805|15816|15820|15828|15845|15846|15856|15857|15858|15864|15868|15879|15881|15887|15892|15893|15899|15914|15915|15916|15917|15918|15920|15927|15928|15934|15938|15945|15955|15956|15961|15962|15965|15967|15974|15981|15990|15999|16003|16006|16008|16010|16011|16017|16018|16021|16030|16035|16043|16048|16065|16078|16080|16082|16083|16120|16134|16136|16138|16145|16146|16147|16153|16159|16176|16177|16194|16197|16201|16209|16211|16212|16217|16221|16227|16229|16234|16238|16252|16258|16262|16263|16278|16279|16286|16287|16290|16299|16304|16321|16335|16344|16355|16371|16372|16381|16383|16385|16387|16388|16412|16413|16415|16419|16420|16424|16430|16439|16441|16449|16454|16469|16490|16491|16493|16503|16508|16517|16522|16526|16542|16543|16556|16578|16583|16585|16595|16602|16604|16615|16618|16636|16666|16681|16683|16687|16709|16710|16715|16726|16731|16740|16742|16746|16748|16755|16760|16768|16785|16805|16819|16823|16832|16834|16844|16857|16859|16870|16883|16884|16897|16905|16912|16913|16917|16918|16919|16923|16925|16927|16931|16933|16939|16940|16943|16946|16951|16958|16961|16975|16979|16983|16987|16990|16991|16993|17002|17017|17025|17043|17045|17046|17047|17051|17056|17059|17065|17084|17093|17094|17104|17109|17113|17115|17117|17118|17123|17126|17132|17141|17142|17143|17149|17150|17158|17160|17161|17170|17190|17198|17211|17226|17254|17258|17261|17266|17277|17278|17280|17290|17296|17303|17304|17309|17316|17320|17324|17328|17329|17335|17358|17360|17365|17368|17375|17378|17383|17384|17388|17389|17395|17403|17404|17409|17439|17458|17460|17465|17473|17476|17482|17483|17493|17495|17505|17513|17514|17516|17521|17532|17539|17542|17547|17559|17569|17582|17584|17587|17605|17607|17613|17617|17621|17624|17625|17629|17639|17642|17644|17646|17669|17672|17675|17683|17685|17696|17702|17709|17714|17715|17732|17734|17735|17743|17748|17749|17752|17754|17757|17760|17762|17764|17767|17769|17782|17789|17811|17815|17817|17823|17848|17856|17875|17882|17883|17884|17890|17903|17905|17909|17915|17917|17918|17931|17937|17945|17949|17969|17988|17994|18003|18012|18022|18032|18051|18056|18064|18065|18066|18069|18070|18078|18089|18092|18098|18101|18127|18131|18136|18141|18148|18155|18163|18174|18191|18197|18202|18206|18211|18218|18220|18225|18230|18233|18256|18260|18277|18287
Online Retail II,2011-03-11,1,M0,12346|12348|12349|12366|12369|12377|12380|12383|12391|12392|12399|12400|12401|12415|12416|12417|12419|12423|12429|12433|12437|12443|12445|12454|12457|12459|12467|12487|12495|12497|12499|12527|12543|12549|12554|12563|12568|12578|12592|12595|12605|12615|12626|12635|12636|12648|12651|12655|12656|12664|12665|12672|12676|12682|12698|12699|12701|12703|12705|12707|12711|12717|12720|12726|12728|12739|12761|12765|12782|12801|12804|12805|12806|12821|12823|12825|12837|12849|12854|12857|12867|12869|12874|12877|12892|12898|12899|12900|12908|12911|12915|12925|12928|12931|12942|12943|12945|12960|12971|12973|12983|12993|12998|13000|13035|13039|13045|13059|13064|13065|13069|13070|13073|13078|13079|13089|13090|13093|13097|13098|13101|13103|13112|13113|13114|13117|13129|13133|13135|13140|13148|13151|13157|13158|13167|13169|13173|13180|13190|13209|13214|13219|13220|13221|13226|13233|13242|13243|13252|13255|13264|13269|13276|13280|13281|13290|13301|13304|13306|13317|13319|13324|13337|13362|13363|13374|13380|13388|13392|13396|13397|13402|13403|13408|13410|13414|13417|13418|13425|13434|13442|13445|13454|13455|13461|13466|13477|13479|13481|13484|13487|13493|13497|13506|13512|13535|13538|13539|13542|13546|13548|13549|13564|13565|13567|13569|13576|13583|13595|13598|13609|13610|13611|13612|13620|13628|13639|13640|13641|13646|13653|13655|13665|13672|13676|13687|13691|13693|13703|13710|13713|13714|13717|13721|13728|13734|13746|13754|13757|13758|13760|13761|13767|13768|13778|13785|13787|13788|13800|13804|13818|13820|13842|13847|13859|13861|13870|13875|13877|13894|13897|13898|13916|13920|13932|13937|13948|13958|13965|13969|13975|13980|13982|14003|14017|14018|14030|14042|14043|14045|14052|14063|14065|14070|14078|14079|14080|14081|14087|14088|14090|14104|14112|14114|14118|14142|14148|14171|14173|14176|14180|14193|14202|14207|14217|14221|14227|14237|14241|14244|14271|14278|14279|14282|14283|14297|14299|14307|14310|14312|14326|14343|14350|14375|14386|14389|14395|14396|14399|14402|14410|14412|14415|14421|14425|14426|14430|14431|14447|14460|14484|14489|14495|14499|14504|14506|14521|14525|14534|14545|14551|14552|14553|14559|14560|14563|14564|14574|14589|14593|14607|14608|14609|14610|14614|14623|14634|14639|14648|14654|14657|14659|14679|14680|14684|14686|14692|14704|14708|14717|14726|14728|14735|14739|14753|14754|14755|14758|14761|14762|14774|14790|14809|14811|14814|14822|14824|14828|14840|14843|14844|14847|14849|14854|14858|14870|14871|14884|14899|14900|14906|14920|14926|14929|14932|14941|14953|14955|14956|14959|14961|14975|14979|14990|14997|15002|15003|15020|15027|15029|15037|15062|15076|15080|15084|15095|15100|15114|15115|15124|15125|15138|15180|15191|15192|15206|15215|15216|15223|15231|15234|15241|15243|15245|15253|15264|15265|15272|15273|15276|15285|15288|15310|15319|15323|15331|15339|15341|15347|15356|15371|15372|15374|15389|15390|15404|15405|15407|15415|15418|15424|15432|15434|15451|15456|15462|15471|15483|15487|15488|15493|15519|15523|15527|15535|15538|15540|15542|15545|15551|15552|15564|15581|15596|15601|15607|15611|15615|15627|15636|15643|15645|15646|15652|15660|15662|15666|15672|15678|15708|15711|15719|15722|15723|15727|15733|15734|15748|15749|15769|15780|15786|15791|15792|15795|15800|15803|15807|15812|15819|15822|15831|15834|15835|15841|15842|15848|15851|15859|15867|15870|15871|15874|15882|15894|15910|15919|15924|15931|15932|15939|15944|15951|15960|15964|15969|15970|15972|15994|15996|16001|16002|16005|16007|16024|16032|16034|16036|16037|16042|16045|16047|16057|16061|16062|16068|16073|16086|16087|16089|16092|16098|16099|16112|16119|16141|16148|16167|16172|16185|16188|16190|16191|16199|16208|16210|16219|16225|16232|16233|16237|16244|16250|16253|16259|16281|16282|16291|16301|16315|16325|16339|16341|16350|16354|16368|16373|16396|16406|16409|16435|16444|16465|16466|16470|16519|16521|16524|16529|16541|16544|16547|16553|16559|16562|16566|16567|16568|16570|16574|16576|16584|16590|16605|16612|16614|16620|16621|16625|16640|16641|16645|16646|16651|16664|16673|16677|16678|16684|16691|16700|16705|16707|16741|16743|16772|16775|16776|16788|16798|16801|16807|16808|16810|16821|16824|16835|16839|16841|16843|16848|16856|16864|16872|16874|16880|16886|16888|16896|16932|16945|16947|16962|16972|16977|16996|16998|17003|17005|17009|17018|17028|17036|17040|17062|17063|17066|17071|17072|17076|17089|17091|17106|17107|17112|17114|17122|17127|17129|17133|17136|17139|17145|17146|17151|17159|17162|17167|17169|17171|17172|17176|17178|17179|17181|17193|17202|17207|17208|17213|17215|17216|17219|17222|17223|17233|17235|17236|17237|17238|17241|17244|17246|17249|17251|17260|17282|17284|17291|17298|17305|17322|17330|17334|17340|17348|17356|17361|17369|17382|17392|17397|17402|17406|17407|17416|17423|17433|17438|17448|17449|17462|17463|17468|17469|17472|17479|17487|17491|17507|17508|17512|17535|17544|17545|17550|17561|17571|17575|17576|17577|17579|17585|17588|17589|17593|17598|17601|17606|17619|17622|17623|17627|17643|17649|17651|17652|17664|17666|17673|17676|17677|17692|17703|17705|17710|17713|17717|17729|17738|17744|17746|17756|17787|17797|17801|17805|17808|17812|17822|17826|17834|17842|17851|17855|17857|17858|17861|17870|17871|17881|17889|17901|17910|17920|17924|17926|17935|17941|17950|17952|17955|17959|17961|17963|17967|17974|17978|17980|17987|17989|17990|17992|18004|18011|18016|18021|18036|18047|18054|18061|18062|18071|18074|18079|18084|18094|18110|18113|18114|18118|18123|18124|18144|18156|18175|18177|18187|18198|18201|18207|18212|18214|18231|18239|18247|18250|18267|18278|18280|18281
Online Retail II,2011-03-11,1,M1,12346|12348|12349|12366|12369|12377|12380|12383|12391|12392|12399|12400|12401|12415|12416|12417|12419|12423|12429|12433|12437|12443|12445|12454|12457|12459|12467|12487|12495|12497|12499|12527|12543|12549|12554|12563|12568|12578|12592|12595|12605|12615|12626|12635|12636|12648|12651|12655|12656|12664|12665|12672|12676|12682|12698|12699|12701|12703|12705|12707|12711|12717|12720|12726|12728|12739|12761|12765|12782|12801|12804|12805|12806|12821|12823|12825|12837|12849|12854|12857|12867|12869|12874|12877|12892|12898|12899|12900|12908|12911|12915|12925|12928|12931|12942|12943|12945|12960|12971|12973|12983|12993|12998|13000|13035|13039|13045|13059|13064|13065|13069|13070|13073|13078|13079|13089|13090|13093|13097|13098|13101|13103|13112|13113|13114|13117|13129|13133|13135|13140|13148|13151|13157|13158|13167|13169|13173|13180|13190|13209|13214|13219|13220|13221|13226|13233|13242|13243|13252|13255|13264|13269|13276|13280|13281|13290|13301|13304|13306|13317|13319|13324|13337|13362|13363|13374|13380|13388|13392|13396|13397|13402|13403|13408|13410|13414|13417|13418|13425|13434|13442|13445|13454|13455|13461|13466|13477|13479|13481|13484|13487|13493|13497|13506|13512|13535|13538|13539|13542|13546|13548|13549|13564|13565|13567|13569|13576|13583|13595|13598|13609|13610|13611|13612|13620|13628|13639|13640|13641|13646|13653|13655|13665|13672|13676|13687|13691|13693|13703|13710|13713|13714|13717|13721|13728|13734|13746|13754|13757|13758|13760|13761|13767|13768|13778|13785|13787|13788|13800|13804|13818|13820|13842|13847|13859|13861|13870|13875|13877|13894|13897|13898|13916|13920|13932|13937|13948|13958|13965|13969|13975|13980|13982|14003|14017|14018|14030|14042|14043|14045|14052|14063|14065|14070|14078|14079|14080|14081|14087|14088|14090|14104|14112|14114|14118|14142|14148|14171|14173|14176|14180|14193|14202|14207|14217|14221|14227|14237|14241|14244|14271|14278|14279|14282|14283|14297|14299|14307|14310|14312|14326|14343|14350|14375|14386|14389|14395|14396|14399|14402|14410|14412|14415|14421|14425|14426|14430|14431|14447|14460|14484|14489|14495|14499|14504|14506|14521|14525|14534|14545|14551|14552|14553|14559|14560|14563|14564|14574|14589|14593|14607|14608|14609|14610|14614|14623|14634|14639|14648|14654|14657|14659|14679|14680|14684|14686|14692|14704|14708|14717|14726|14728|14735|14739|14753|14754|14755|14758|14761|14762|14774|14790|14809|14811|14814|14822|14824|14828|14840|14843|14844|14847|14849|14854|14858|14870|14871|14884|14899|14900|14906|14920|14926|14929|14932|14941|14953|14955|14956|14959|14961|14975|14979|14990|14997|15002|15003|15020|15027|15029|15037|15062|15076|15080|15084|15095|15100|15114|15115|15124|15125|15138|15180|15191|15192|15206|15215|15216|15223|15231|15234|15241|15243|15245|15253|15264|15265|15272|15273|15276|15285|15288|15310|15319|15323|15331|15339|15341|15347|15356|15371|15372|15374|15389|15390|15404|15405|15407|15415|15418|15424|15432|15434|15451|15456|15462|15471|15483|15487|15488|15493|15519|15523|15527|15535|15538|15540|15542|15545|15551|15552|15564|15581|15596|15601|15607|15611|15615|15627|15636|15643|15645|15646|15652|15660|15662|15666|15672|15678|15708|15711|15719|15722|15723|15727|15733|15734|15748|15749|15769|15780|15786|15791|15792|15795|15800|15803|15807|15812|15819|15822|15831|15834|15835|15841|15842|15848|15851|15859|15867|15870|15871|15874|15882|15894|15910|15919|15924|15931|15932|15939|15944|15951|15960|15964|15969|15970|15972|15994|15996|16001|16002|16005|16007|16024|16032|16034|16036|16037|16042|16045|16047|16057|16061|16062|16068|16073|16086|16087|16089|16092|16098|16099|16112|16119|16141|16148|16167|16172|16185|16188|16190|16191|16199|16208|16210|16219|16225|16232|16233|16237|16244|16250|16253|16259|16281|16282|16291|16301|16315|16325|16339|16341|16350|16354|16368|16373|16396|16406|16409|16435|16444|16465|16466|16470|16519|16521|16524|16529|16541|16544|16547|16553|16559|16562|16566|16567|16568|16570|16574|16576|16584|16590|16605|16612|16614|16620|16621|16625|16640|16641|16645|16646|16651|16664|16673|16677|16678|16684|16691|16700|16705|16707|16741|16743|16772|16775|16776|16788|16798|16801|16807|16808|16810|16821|16824|16835|16839|16841|16843|16848|16856|16864|16872|16874|16880|16886|16888|16896|16932|16945|16947|16962|16972|16977|16996|16998|17003|17005|17009|17018|17028|17036|17040|17062|17063|17066|17071|17072|17076|17089|17091|17106|17107|17112|17114|17122|17127|17129|17133|17136|17139|17145|17146|17151|17159|17162|17167|17169|17171|17172|17176|17178|17179|17181|17193|17202|17207|17208|17213|17215|17216|17219|17222|17223|17233|17235|17236|17237|17238|17241|17244|17246|17249|17251|17260|17282|17284|17291|17298|17305|17322|17330|17334|17340|17348|17356|17361|17369|17382|17392|17397|17402|17406|17407|17416|17423|17433|17438|17448|17449|17462|17463|17468|17469|17472|17479|17487|17491|17507|17508|17512|17535|17544|17545|17550|17561|17571|17575|17576|17577|17579|17585|17588|17589|17593|17598|17601|17606|17619|17622|17623|17627|17643|17649|17651|17652|17664|17666|17673|17676|17677|17692|17703|17705|17710|17713|17717|17729|17738|17744|17746|17756|17787|17797|17801|17805|17808|17812|17822|17826|17834|17842|17851|17855|17857|17858|17861|17870|17871|17881|17889|17901|17910|17920|17924|17926|17935|17941|17950|17952|17955|17959|17961|17963|17967|17974|17978|17980|17987|17989|17990|17992|18004|18011|18016|18021|18036|18047|18054|18061|18062|18071|18074|18079|18084|18094|18110|18113|18114|18118|18123|18124|18144|18156|18175|18177|18187|18198|18201|18207|18212|18214|18231|18239|18247|18250|18267|18278|18280|18281
Online Retail II,2011-03-11,1,M2,12346|12348|12349|12366|12369|12377|12380|12383|12391|12392|12399|12400|12401|12415|12416|12417|12419|12423|12429|12433|12437|12443|12445|12454|12457|12459|12467|12487|12495|12497|12499|12527|12543|12549|12554|12563|12568|12578|12592|12595|12605|12615|12626|12635|12636|12648|12651|12655|12656|12664|12665|12672|12676|12682|12698|12699|12701|12703|12705|12707|12711|12717|12720|12726|12728|12739|12761|12765|12782|12801|12804|12805|12806|12821|12823|12825|12837|12849|12854|12857|12867|12869|12874|12877|12892|12898|12899|12900|12908|12911|12915|12925|12928|12931|12942|12943|12945|12960|12971|12973|12983|12993|12998|13000|13035|13039|13045|13059|13064|13065|13069|13070|13073|13078|13079|13089|13090|13093|13097|13098|13101|13103|13112|13113|13114|13117|13129|13133|13135|13140|13148|13151|13157|13158|13167|13169|13173|13180|13190|13209|13214|13219|13220|13221|13226|13233|13242|13243|13252|13255|13264|13269|13276|13280|13281|13290|13301|13304|13306|13317|13319|13324|13337|13362|13363|13374|13380|13388|13392|13396|13397|13402|13403|13408|13410|13414|13417|13418|13425|13434|13442|13445|13454|13455|13461|13466|13477|13479|13481|13484|13487|13493|13497|13506|13512|13535|13538|13539|13542|13546|13548|13549|13564|13565|13567|13569|13576|13583|13595|13598|13609|13610|13611|13612|13620|13628|13639|13640|13641|13646|13653|13655|13665|13672|13676|13687|13691|13693|13703|13710|13713|13714|13717|13721|13728|13734|13746|13754|13757|13758|13760|13761|13767|13768|13778|13785|13787|13788|13800|13804|13818|13820|13842|13847|13859|13861|13870|13875|13877|13894|13897|13898|13916|13920|13932|13937|13948|13958|13965|13969|13975|13980|13982|14003|14017|14018|14030|14042|14043|14045|14052|14063|14065|14070|14078|14079|14080|14081|14087|14088|14090|14104|14112|14114|14118|14142|14148|14171|14173|14176|14180|14193|14202|14207|14217|14221|14227|14237|14241|14244|14271|14278|14279|14282|14283|14297|14299|14307|14310|14312|14326|14343|14350|14375|14386|14389|14395|14396|14399|14402|14410|14412|14415|14421|14425|14426|14430|14431|14447|14460|14484|14489|14495|14499|14504|14506|14521|14525|14534|14545|14551|14552|14553|14559|14560|14563|14564|14574|14589|14593|14607|14608|14609|14610|14614|14623|14634|14639|14648|14654|14657|14659|14679|14680|14684|14686|14692|14704|14708|14717|14726|14728|14735|14739|14753|14754|14755|14758|14761|14762|14774|14790|14809|14811|14814|14822|14824|14828|14840|14843|14844|14847|14849|14854|14858|14870|14871|14884|14899|14900|14906|14920|14926|14929|14932|14941|14953|14955|14956|14959|14961|14975|14979|14990|14997|15002|15003|15020|15027|15029|15037|15062|15076|15080|15084|15095|15100|15114|15115|15124|15125|15138|15180|15191|15192|15206|15215|15216|15223|15231|15234|15241|15243|15245|15253|15264|15265|15272|15273|15276|15285|15288|15310|15319|15323|15331|15339|15341|15347|15356|15371|15372|15374|15389|15390|15404|15405|15407|15415|15418|15424|15432|15434|15451|15456|15462|15471|15483|15487|15488|15493|15519|15523|15527|15535|15538|15540|15542|15545|15551|15552|15564|15581|15596|15601|15607|15611|15615|15627|15636|15643|15645|15646|15652|15660|15662|15666|15672|15678|15708|15711|15719|15722|15723|15727|15733|15734|15748|15749|15769|15780|15786|15791|15792|15795|15800|15803|15807|15812|15819|15822|15831|15834|15835|15841|15842|15848|15851|15859|15867|15870|15871|15874|15882|15894|15910|15919|15924|15931|15932|15939|15944|15951|15960|15964|15969|15970|15972|15994|15996|16001|16002|16005|16007|16024|16032|16034|16036|16037|16042|16045|16047|16057|16061|16062|16068|16073|16086|16087|16089|16092|16098|16099|16112|16119|16141|16148|16167|16172|16185|16188|16190|16191|16199|16208|16210|16219|16225|16232|16233|16237|16244|16250|16253|16259|16281|16282|16291|16301|16315|16325|16339|16341|16350|16354|16368|16373|16396|16406|16409|16435|16444|16465|16466|16470|16519|16521|16524|16529|16541|16544|16547|16553|16559|16562|16566|16567|16568|16570|16574|16576|16584|16590|16605|16612|16614|16620|16621|16625|16640|16641|16645|16646|16651|16664|16673|16677|16678|16684|16691|16700|16705|16707|16741|16743|16772|16775|16776|16788|16798|16801|16807|16808|16810|16821|16824|16835|16839|16841|16843|16848|16856|16864|16872|16874|16880|16886|16888|16896|16932|16945|16947|16962|16972|16977|16996|16998|17003|17005|17009|17018|17028|17036|17040|17062|17063|17066|17071|17072|17076|17089|17091|17106|17107|17112|17114|17122|17127|17129|17133|17136|17139|17145|17146|17151|17159|17162|17167|17169|17171|17172|17176|17178|17179|17181|17193|17202|17207|17208|17213|17215|17216|17219|17222|17223|17233|17235|17236|17237|17238|17241|17244|17246|17249|17251|17260|17282|17284|17291|17298|17305|17322|17330|17334|17340|17348|17356|17361|17369|17382|17392|17397|17402|17406|17407|17416|17423|17433|17438|17448|17449|17462|17463|17468|17469|17472|17479|17487|17491|17507|17508|17512|17535|17544|17545|17550|17561|17571|17575|17576|17577|17579|17585|17588|17589|17593|17598|17601|17606|17619|17622|17623|17627|17643|17649|17651|17652|17664|17666|17673|17676|17677|17692|17703|17705|17710|17713|17717|17729|17738|17744|17746|17756|17787|17797|17801|17805|17808|17812|17822|17826|17834|17842|17851|17855|17857|17858|17861|17870|17871|17881|17889|17901|17910|17920|17924|17926|17935|17941|17950|17952|17955|17959|17961|17963|17967|17974|17978|17980|17987|17989|17990|17992|18004|18011|18016|18021|18036|18047|18054|18061|18062|18071|18074|18079|18084|18094|18110|18113|18114|18118|18123|18124|18144|18156|18175|18177|18187|18198|18201|18207|18212|18214|18231|18239|18247|18250|18267|18278|18280|18281
Online Retail II,2011-03-11,1,M3,12346|12348|12349|12366|12369|12377|12380|12383|12391|12392|12399|12400|12401|12415|12416|12417|12419|12423|12429|12433|12437|12443|12445|12454|12457|12459|12467|12487|12495|12497|12499|12527|12543|12549|12554|12563|12568|12578|12592|12595|12605|12615|12626|12635|12636|12648|12651|12655|12656|12664|12665|12672|12676|12682|12698|12699|12701|12703|12705|12707|12711|12717|12720|12726|12728|12739|12761|12765|12782|12801|12804|12805|12806|12821|12823|12825|12837|12849|12854|12857|12867|12869|12874|12877|12892|12898|12899|12900|12908|12911|12915|12925|12928|12931|12942|12943|12945|12960|12971|12973|12983|12993|12998|13000|13035|13039|13045|13059|13064|13065|13069|13070|13073|13078|13079|13089|13090|13093|13097|13098|13101|13103|13112|13113|13114|13117|13129|13133|13135|13140|13148|13151|13157|13158|13167|13169|13173|13180|13190|13209|13214|13219|13220|13221|13226|13233|13242|13243|13252|13255|13264|13269|13276|13280|13281|13290|13301|13304|13306|13317|13319|13324|13337|13362|13363|13374|13380|13388|13392|13396|13397|13402|13403|13408|13410|13414|13417|13418|13425|13434|13442|13445|13454|13455|13461|13466|13477|13479|13481|13484|13487|13493|13497|13506|13512|13535|13538|13539|13542|13546|13548|13549|13564|13565|13567|13569|13576|13583|13595|13598|13609|13610|13611|13612|13620|13628|13639|13640|13641|13646|13653|13655|13665|13672|13676|13687|13691|13693|13703|13710|13713|13714|13717|13721|13728|13734|13746|13754|13757|13758|13760|13761|13767|13768|13778|13785|13787|13788|13800|13804|13818|13820|13842|13847|13859|13861|13870|13875|13877|13894|13897|13898|13916|13920|13932|13937|13948|13958|13965|13969|13975|13980|13982|14003|14017|14018|14030|14042|14043|14045|14052|14063|14065|14070|14078|14079|14080|14081|14087|14088|14090|14104|14112|14114|14118|14142|14148|14171|14173|14176|14180|14193|14202|14207|14217|14221|14227|14237|14241|14244|14271|14278|14279|14282|14283|14297|14299|14307|14310|14312|14326|14343|14350|14375|14386|14389|14395|14396|14399|14402|14410|14412|14415|14421|14425|14426|14430|14431|14447|14460|14484|14489|14495|14499|14504|14506|14521|14525|14534|14545|14551|14552|14553|14559|14560|14563|14564|14574|14589|14593|14607|14608|14609|14610|14614|14623|14634|14639|14648|14654|14657|14659|14679|14680|14684|14686|14692|14704|14708|14717|14726|14728|14735|14739|14753|14754|14755|14758|14761|14762|14774|14790|14809|14811|14814|14822|14824|14828|14840|14843|14844|14847|14849|14854|14858|14870|14871|14884|14899|14900|14906|14920|14926|14929|14932|14941|14953|14955|14956|14959|14961|14975|14979|14990|14997|15002|15003|15020|15027|15029|15037|15062|15076|15080|15084|15095|15100|15114|15115|15124|15125|15138|15180|15191|15192|15206|15215|15216|15223|15231|15234|15241|15243|15245|15253|15264|15265|15272|15273|15276|15285|15288|15310|15319|15323|15331|15339|15341|15347|15356|15371|15372|15374|15389|15390|15404|15405|15407|15415|15418|15424|15432|15434|15451|15456|15462|15471|15483|15487|15488|15493|15519|15523|15527|15535|15538|15540|15542|15545|15551|15552|15564|15581|15596|15601|15607|15611|15615|15627|15636|15643|15645|15646|15652|15660|15662|15666|15672|15678|15708|15711|15719|15722|15723|15727|15733|15734|15748|15749|15769|15780|15786|15791|15792|15795|15800|15803|15807|15812|15819|15822|15831|15834|15835|15841|15842|15848|15851|15859|15867|15870|15871|15874|15882|15894|15910|15919|15924|15931|15932|15939|15944|15951|15960|15964|15969|15970|15972|15994|15996|16001|16002|16005|16007|16024|16032|16034|16036|16037|16042|16045|16047|16057|16061|16062|16068|16073|16086|16087|16089|16092|16098|16099|16112|16119|16141|16148|16167|16172|16185|16188|16190|16191|16199|16208|16210|16219|16225|16232|16233|16237|16244|16250|16253|16259|16281|16282|16291|16301|16315|16325|16339|16341|16350|16354|16368|16373|16396|16406|16409|16435|16444|16465|16466|16470|16519|16521|16524|16529|16541|16544|16547|16553|16559|16562|16566|16567|16568|16570|16574|16576|16584|16590|16605|16612|16614|16620|16621|16625|16640|16641|16645|16646|16651|16664|16673|16677|16678|16684|16691|16700|16705|16707|16741|16743|16772|16775|16776|16788|16798|16801|16807|16808|16810|16821|16824|16835|16839|16841|16843|16848|16856|16864|16872|16874|16880|16886|16888|16896|16932|16945|16947|16962|16972|16977|16996|16998|17003|17005|17009|17018|17028|17036|17040|17062|17063|17066|17071|17072|17076|17089|17091|17106|17107|17112|17114|17122|17127|17129|17133|17136|17139|17145|17146|17151|17159|17162|17167|17169|17171|17172|17176|17178|17179|17181|17193|17202|17207|17208|17213|17215|17216|17219|17222|17223|17233|17235|17236|17237|17238|17241|17244|17246|17249|17251|17260|17282|17284|17291|17298|17305|17322|17330|17334|17340|17348|17356|17361|17369|17382|17392|17397|17402|17406|17407|17416|17423|17433|17438|17448|17449|17462|17463|17468|17469|17472|17479|17487|17491|17507|17508|17512|17535|17544|17545|17550|17561|17571|17575|17576|17577|17579|17585|17588|17589|17593|17598|17601|17606|17619|17622|17623|17627|17643|17649|17651|17652|17664|17666|17673|17676|17677|17692|17703|17705|17710|17713|17717|17729|17738|17744|17746|17756|17787|17797|17801|17805|17808|17812|17822|17826|17834|17842|17851|17855|17857|17858|17861|17870|17871|17881|17889|17901|17910|17920|17924|17926|17935|17941|17950|17952|17955|17959|17961|17963|17967|17974|17978|17980|17987|17989|17990|17992|18004|18011|18016|18021|18036|18047|18054|18061|18062|18071|18074|18079|18084|18094|18110|18113|18114|18118|18123|18124|18144|18156|18175|18177|18187|18198|18201|18207|18212|18214|18231|18239|18247|18250|18267|18278|18280|18281
Online Retail II,2011-03-11,2,M0,12352|12358|12370|12372|12374|12379|12393|12396|12402|12404|12406|12414|12431|12434|12439|12440|12450|12468|12481|12494|12496|12503|12516|12524|12529|12537|12577|12580|12585|12588|12634|12666|12670|12683|12687|12691|12693|12709|12714|12724|12725|12727|12737|12745|12746|12751|12753|12760|12763|12766|12777|12778|12780|12781|12787|12791|12796|12798|12807|12810|12819|12831|12834|12839|12844|12848|12858|12862|12864|12866|12880|12897|12905|12907|12914|12916|12934|12944|12949|12959|12977|12978|12979|12996|13004|13018|13026|13034|13050|13055|13085|13096|13115|13119|13131|13144|13152|13165|13166|13178|13183|13187|13191|13202|13203|13207|13208|13217|13234|13237|13249|13254|13257|13261|13263|13291|13295|13299|13300|13305|13307|13315|13328|13333|13334|13338|13359|13361|13368|13370|13371|13375|13384|13406|13413|13416|13427|13431|13435|13444|13452|13462|13468|13475|13494|13501|13508|13511|13513|13519|13520|13523|13530|13540|13547|13551|13557|13562|13574|13578|13581|13582|13589|13594|13597|13599|13602|13616|13619|13623|13629|13643|13659|13660|13662|13680|13683|13715|13729|13738|13739|13740|13747|13751|13756|13762|13770|13772|13777|13782|13786|13799|13803|13814|13832|13836|13839|13851|13857|13873|13888|13899|13907|13912|13921|13927|13929|13931|13943|13955|13970|13974|13976|13977|13983|13993|13997|13998|14000|14001|14006|14007|14020|14022|14031|14039|14040|14049|14061|14072|14077|14084|14091|14092|14094|14106|14107|14108|14113|14115|14123|14128|14136|14144|14157|14159|14160|14168|14170|14185|14186|14190|14195|14197|14199|14200|14201|14209|14212|14213|14216|14220|14224|14228|14233|14239|14240|14242|14248|14253|14254|14255|14274|14292|14306|14314|14316|14324|14329|14334|14338|14368|14371|14372|14373|14374|14382|14388|14390|14391|14394|14403|14405|14409|14420|14429|14433|14438|14444|14445|14446|14450|14455|14457|14463|14467|14469|14470|14473|14475|14480|14482|14501|14508|14514|14522|14526|14532|14546|14550|14555|14556|14562|14581|14594|14599|14600|14602|14604|14626|14628|14643|14644|14646|14647|14663|14674|14675|14682|14702|14709|14721|14723|14724|14725|14732|14749|14750|14769|14778|14786|14787|14796|14797|14798|14806|14810|14820|14826|14829|14832|14835|14850|14852|14857|14865|14866|14874|14877|14878|14885|14889|14893|14902|14903|14905|14908|14912|14919|14927|14928|14930|14934|14938|14942|14944|14949|14963|14968|14969|14972|14976|14978|14981|14982|14985|14987|15008|15012|15015|15021|15024|15031|15039|15048|15049|15057|15059|15067|15068|15073|15078|15086|15097|15109|15110|15111|15123|15137|15150|15166|15183|15186|15194|15196|15197|15213|15217|15222|15227|15229|15235|15236|15244|15251|15252|15256|15260|15262|15277|15278|15281|15284|15289|15311|15316|15328|15346|15363|15368|15369|15379|15384|15387|15394|15421|15422|15426|15455|15458|15460|15461|15465|15474|15481|15486|15489|15490|15499|15503|15506|15509|15529|15532|15546|15548|15558|15561|15569|15570|15575|15583|15586|15587|15588|15589|15633|15635|15640|15670|15673|15674|15675|15682|15688|15694|15704|15714|15718|15728|15730|15731|15735|15747|15768|15771|15781|15798|15809|15810|15814|15817|15838|15850|15852|15855|15863|15869|15872|15878|15886|15889|15900|15903|15908|15922|15923|15941|15948|15950|15953|15957|15959|15968|15971|15973|15976|15978|15984|15985|15992|15998|16004|16019|16027|16029|16040|16044|16049|16050|16051|16077|16096|16108|16110|16118|16121|16127|16128|16129|16130|16132|16135|16143|16158|16163|16166|16178|16183|16186|16195|16205|16214|16223|16224|16228|16231|16239|16254|16266|16267|16269|16270|16271|16275|16284|16292|16298|16303|16310|16312|16316|16320|16323|16328|16329|16331|16343|16346|16348|16353|16356|16357|16362|16365|16367|16369|16374|16377|16378|16382|16384|16393|16399|16400|16414|16417|16426|16428|16433|16440|16442|16445|16448|16452|16455|16458|16459|16462|16467|16481|16485|16486|16489|16492|16494|16497|16501|16502|16518|16523|16531|16532|16539|16540|16545|16548|16550|16552|16554|16560|16564|16577|16586|16589|16601|16608|16635|16648|16650|16656|16667|16668|16670|16676|16690|16695|16699|16704|16713|16714|16717|16718|16722|16723|16730|16737|16770|16771|16773|16778|16783|16786|16792|16795|16802|16817|16831|16860|16861|16876|16882|16887|16889|16892|16893|16899|16904|16921|16922|16928|16936|16948|16950|16954|16970|16973|16974|16978|16997|17007|17012|17023|17027|17031|17035|17041|17057|17064|17069|17070|17077|17087|17090|17095|17096|17101|17103|17111|17116|17137|17147|17156|17157|17163|17165|17177|17180|17184|17185|17188|17196|17199|17210|17212|17214|17217|17218|17220|17224|17228|17230|17242|17255|17259|17262|17264|17268|17269|17273|17275|17286|17287|17292|17293|17300|17301|17307|17311|17314|17315|17318|17332|17336|17338|17339|17341|17350|17364|17366|17372|17373|17386|17393|17412|17417|17419|17420|17426|17432|17435|17441|17442|17450|17454|17456|17467|17471|17492|17496|17517|17518|17525|17534|17537|17551|17552|17558|17560|17565|17570|17578|17586|17603|17604|17608|17609|17610|17615|17616|17631|17633|17648|17657|17660|17662|17682|17694|17700|17707|17718|17728|17730|17731|17739|17740|17751|17753|17765|17766|17771|17773|17783|17784|17785|17794|17796|17800|17809|17814|17833|17841|17845|17847|17852|17853|17860|17872|17878|17886|17898|17912|17919|17923|17928|17933|17934|17940|17944|17953|17954|17960|17971|17977|17981|17991|17993|17999|18000|18001|18002|18006|18018|18029|18043|18044|18048|18052|18060|18076|18077|18086|18090|18091|18095|18096|18107|18109|18112|18134|18145|18149|18154|18159|18160|18161|18162|18171|18173|18183|18190|18193|18219|18221|18242|18245|18257|18258|18276|18279|18284
Online Retail II,2011-03-11,2,M1,12352|12358|12370|12372|12374|12379|12393|12396|12402|12404|12406|12414|12431|12434|12439|12440|12450|12468|12481|12494|12496|12503|12516|12524|12529|12537|12577|12580|12585|12588|12634|12666|12670|12683|12687|12691|12693|12709|12714|12724|12725|12727|12737|12745|12746|12751|12753|12760|12763|12766|12777|12778|12780|12781|12787|12791|12796|12798|12807|12810|12819|12831|12834|12839|12844|12848|12858|12862|12864|12866|12880|12897|12905|12907|12914|12916|12934|12944|12949|12959|12977|12978|12979|12996|13004|13018|13026|13034|13050|13055|13085|13096|13115|13119|13131|13144|13152|13165|13166|13178|13183|13187|13191|13202|13203|13207|13208|13217|13234|13237|13249|13254|13257|13261|13263|13291|13295|13299|13300|13305|13307|13315|13328|13333|13334|13338|13359|13361|13368|13370|13371|13375|13384|13406|13413|13416|13427|13431|13435|13444|13452|13462|13468|13475|13494|13501|13508|13511|13513|13519|13520|13523|13530|13540|13547|13551|13557|13562|13574|13578|13581|13582|13589|13594|13597|13599|13602|13616|13619|13623|13629|13643|13659|13660|13662|13680|13683|13715|13729|13738|13739|13740|13747|13751|13756|13762|13770|13772|13777|13782|13786|13799|13803|13814|13832|13836|13839|13851|13857|13873|13888|13899|13907|13912|13921|13927|13929|13931|13943|13955|13970|13974|13976|13977|13983|13993|13997|13998|14000|14001|14006|14007|14020|14022|14031|14039|14040|14049|14061|14072|14077|14084|14091|14092|14094|14106|14107|14108|14113|14115|14123|14128|14136|14144|14157|14159|14160|14168|14170|14185|14186|14190|14195|14197|14199|14200|14201|14209|14212|14213|14216|14220|14224|14228|14233|14239|14240|14242|14248|14253|14254|14255|14274|14292|14306|14314|14316|14324|14329|14334|14338|14368|14371|14372|14373|14374|14382|14388|14390|14391|14394|14403|14405|14409|14420|14429|14433|14438|14444|14445|14446|14450|14455|14457|14463|14467|14469|14470|14473|14475|14480|14482|14501|14508|14514|14522|14526|14532|14546|14550|14555|14556|14562|14581|14594|14599|14600|14602|14604|14626|14628|14643|14644|14646|14647|14663|14674|14675|14682|14702|14709|14721|14723|14724|14725|14732|14749|14750|14769|14778|14786|14787|14796|14797|14798|14806|14810|14820|14826|14829|14832|14835|14850|14852|14857|14865|14866|14874|14877|14878|14885|14889|14893|14902|14903|14905|14908|14912|14919|14927|14928|14930|14934|14938|14942|14944|14949|14963|14968|14969|14972|14976|14978|14981|14982|14985|14987|15008|15012|15015|15021|15024|15031|15039|15048|15049|15057|15059|15067|15068|15073|15078|15086|15097|15109|15110|15111|15123|15137|15150|15166|15183|15186|15194|15196|15197|15213|15217|15222|15227|15229|15235|15236|15244|15251|15252|15256|15260|15262|15277|15278|15281|15284|15289|15311|15316|15328|15346|15363|15368|15369|15379|15384|15387|15394|15421|15422|15426|15455|15458|15460|15461|15465|15474|15481|15486|15489|15490|15499|15503|15506|15509|15529|15532|15546|15548|15558|15561|15569|15570|15575|15583|15586|15587|15588|15589|15633|15635|15640|15670|15673|15674|15675|15682|15688|15694|15704|15714|15718|15728|15730|15731|15735|15747|15768|15771|15781|15798|15809|15810|15814|15817|15838|15850|15852|15855|15863|15869|15872|15878|15886|15889|15900|15903|15908|15922|15923|15941|15948|15950|15953|15957|15959|15968|15971|15973|15976|15978|15984|15985|15992|15998|16004|16019|16027|16029|16040|16044|16049|16050|16051|16077|16096|16108|16110|16118|16121|16127|16128|16129|16130|16132|16135|16143|16158|16163|16166|16178|16183|16186|16195|16205|16214|16223|16224|16228|16231|16239|16254|16266|16267|16269|16270|16271|16275|16284|16292|16298|16303|16310|16312|16316|16320|16323|16328|16329|16331|16343|16346|16348|16353|16356|16357|16362|16365|16367|16369|16374|16377|16378|16382|16384|16393|16399|16400|16414|16417|16426|16428|16433|16440|16442|16445|16448|16452|16455|16458|16459|16462|16467|16481|16485|16486|16489|16492|16494|16497|16501|16502|16518|16523|16531|16532|16539|16540|16545|16548|16550|16552|16554|16560|16564|16577|16586|16589|16601|16608|16635|16648|16650|16656|16667|16668|16670|16676|16690|16695|16699|16704|16713|16714|16717|16718|16722|16723|16730|16737|16770|16771|16773|16778|16783|16786|16792|16795|16802|16817|16831|16860|16861|16876|16882|16887|16889|16892|16893|16899|16904|16921|16922|16928|16936|16948|16950|16954|16970|16973|16974|16978|16997|17007|17012|17023|17027|17031|17035|17041|17057|17064|17069|17070|17077|17087|17090|17095|17096|17101|17103|17111|17116|17137|17147|17156|17157|17163|17165|17177|17180|17184|17185|17188|17196|17199|17210|17212|17214|17217|17218|17220|17224|17228|17230|17242|17255|17259|17262|17264|17268|17269|17273|17275|17286|17287|17292|17293|17300|17301|17307|17311|17314|17315|17318|17332|17336|17338|17339|17341|17350|17364|17366|17372|17373|17386|17393|17412|17417|17419|17420|17426|17432|17435|17441|17442|17450|17454|17456|17467|17471|17492|17496|17517|17518|17525|17534|17537|17551|17552|17558|17560|17565|17570|17578|17586|17603|17604|17608|17609|17610|17615|17616|17631|17633|17648|17657|17660|17662|17682|17694|17700|17707|17718|17728|17730|17731|17739|17740|17751|17753|17765|17766|17771|17773|17783|17784|17785|17794|17796|17800|17809|17814|17833|17841|17845|17847|17852|17853|17860|17872|17878|17886|17898|17912|17919|17923|17928|17933|17934|17940|17944|17953|17954|17960|17971|17977|17981|17991|17993|17999|18000|18001|18002|18006|18018|18029|18043|18044|18048|18052|18060|18076|18077|18086|18090|18091|18095|18096|18107|18109|18112|18134|18145|18149|18154|18159|18160|18161|18162|18171|18173|18183|18190|18193|18219|18221|18242|18245|18257|18258|18276|18279|18284
Online Retail II,2011-03-11,2,M2,12352|12358|12370|12372|12374|12379|12393|12396|12402|12404|12406|12414|12431|12434|12439|12440|12450|12468|12481|12494|12496|12503|12516|12524|12529|12537|12577|12580|12585|12588|12634|12666|12670|12683|12687|12691|12693|12709|12714|12724|12725|12727|12737|12745|12746|12751|12753|12760|12763|12766|12777|12778|12780|12781|12787|12791|12796|12798|12807|12810|12819|12831|12834|12839|12844|12848|12858|12862|12864|12866|12880|12897|12905|12907|12914|12916|12934|12944|12949|12959|12977|12978|12979|12996|13004|13018|13026|13034|13050|13055|13085|13096|13115|13119|13131|13144|13152|13165|13166|13178|13183|13187|13191|13202|13203|13207|13208|13217|13234|13237|13249|13254|13257|13261|13263|13291|13295|13299|13300|13305|13307|13315|13328|13333|13334|13338|13359|13361|13368|13370|13371|13375|13384|13406|13413|13416|13427|13431|13435|13444|13452|13462|13468|13475|13494|13501|13508|13511|13513|13519|13520|13523|13530|13540|13547|13551|13557|13562|13574|13578|13581|13582|13589|13594|13597|13599|13602|13616|13619|13623|13629|13643|13659|13660|13662|13680|13683|13715|13729|13738|13739|13740|13747|13751|13756|13762|13770|13772|13777|13782|13786|13799|13803|13814|13832|13836|13839|13851|13857|13873|13888|13899|13907|13912|13921|13927|13929|13931|13943|13955|13970|13974|13976|13977|13983|13993|13997|13998|14000|14001|14006|14007|14020|14022|14031|14039|14040|14049|14061|14072|14077|14084|14091|14092|14094|14106|14107|14108|14113|14115|14123|14128|14136|14144|14157|14159|14160|14168|14170|14185|14186|14190|14195|14197|14199|14200|14201|14209|14212|14213|14216|14220|14224|14228|14233|14239|14240|14242|14248|14253|14254|14255|14274|14292|14306|14314|14316|14324|14329|14334|14338|14368|14371|14372|14373|14374|14382|14388|14390|14391|14394|14403|14405|14409|14420|14429|14433|14438|14444|14445|14446|14450|14455|14457|14463|14467|14469|14470|14473|14475|14480|14482|14501|14508|14514|14522|14526|14532|14546|14550|14555|14556|14562|14581|14594|14599|14600|14602|14604|14626|14628|14643|14644|14646|14647|14663|14674|14675|14682|14702|14709|14721|14723|14724|14725|14732|14749|14750|14769|14778|14786|14787|14796|14797|14798|14806|14810|14820|14826|14829|14832|14835|14850|14852|14857|14865|14866|14874|14877|14878|14885|14889|14893|14902|14903|14905|14908|14912|14919|14927|14928|14930|14934|14938|14942|14944|14949|14963|14968|14969|14972|14976|14978|14981|14982|14985|14987|15008|15012|15015|15021|15024|15031|15039|15048|15049|15057|15059|15067|15068|15073|15078|15086|15097|15109|15110|15111|15123|15137|15150|15166|15183|15186|15194|15196|15197|15213|15217|15222|15227|15229|15235|15236|15244|15251|15252|15256|15260|15262|15277|15278|15281|15284|15289|15311|15316|15328|15346|15363|15368|15369|15379|15384|15387|15394|15421|15422|15426|15455|15458|15460|15461|15465|15474|15481|15486|15489|15490|15499|15503|15506|15509|15529|15532|15546|15548|15558|15561|15569|15570|15575|15583|15586|15587|15588|15589|15633|15635|15640|15670|15673|15674|15675|15682|15688|15694|15704|15714|15718|15728|15730|15731|15735|15747|15768|15771|15781|15798|15809|15810|15814|15817|15838|15850|15852|15855|15863|15869|15872|15878|15886|15889|15900|15903|15908|15922|15923|15941|15948|15950|15953|15957|15959|15968|15971|15973|15976|15978|15984|15985|15992|15998|16004|16019|16027|16029|16040|16044|16049|16050|16051|16077|16096|16108|16110|16118|16121|16127|16128|16129|16130|16132|16135|16143|16158|16163|16166|16178|16183|16186|16195|16205|16214|16223|16224|16228|16231|16239|16254|16266|16267|16269|16270|16271|16275|16284|16292|16298|16303|16310|16312|16316|16320|16323|16328|16329|16331|16343|16346|16348|16353|16356|16357|16362|16365|16367|16369|16374|16377|16378|16382|16384|16393|16399|16400|16414|16417|16426|16428|16433|16440|16442|16445|16448|16452|16455|16458|16459|16462|16467|16481|16485|16486|16489|16492|16494|16497|16501|16502|16518|16523|16531|16532|16539|16540|16545|16548|16550|16552|16554|16560|16564|16577|16586|16589|16601|16608|16635|16648|16650|16656|16667|16668|16670|16676|16690|16695|16699|16704|16713|16714|16717|16718|16722|16723|16730|16737|16770|16771|16773|16778|16783|16786|16792|16795|16802|16817|16831|16860|16861|16876|16882|16887|16889|16892|16893|16899|16904|16921|16922|16928|16936|16948|16950|16954|16970|16973|16974|16978|16997|17007|17012|17023|17027|17031|17035|17041|17057|17064|17069|17070|17077|17087|17090|17095|17096|17101|17103|17111|17116|17137|17147|17156|17157|17163|17165|17177|17180|17184|17185|17188|17196|17199|17210|17212|17214|17217|17218|17220|17224|17228|17230|17242|17255|17259|17262|17264|17268|17269|17273|17275|17286|17287|17292|17293|17300|17301|17307|17311|17314|17315|17318|17332|17336|17338|17339|17341|17350|17364|17366|17372|17373|17386|17393|17412|17417|17419|17420|17426|17432|17435|17441|17442|17450|17454|17456|17467|17471|17492|17496|17517|17518|17525|17534|17537|17551|17552|17558|17560|17565|17570|17578|17586|17603|17604|17608|17609|17610|17615|17616|17631|17633|17648|17657|17660|17662|17682|17694|17700|17707|17718|17728|17730|17731|17739|17740|17751|17753|17765|17766|17771|17773|17783|17784|17785|17794|17796|17800|17809|17814|17833|17841|17845|17847|17852|17853|17860|17872|17878|17886|17898|17912|17919|17923|17928|17933|17934|17940|17944|17953|17954|17960|17971|17977|17981|17991|17993|17999|18000|18001|18002|18006|18018|18029|18043|18044|18048|18052|18060|18076|18077|18086|18090|18091|18095|18096|18107|18109|18112|18134|18145|18149|18154|18159|18160|18161|18162|18171|18173|18183|18190|18193|18219|18221|18242|18245|18257|18258|18276|18279|18284
Online Retail II,2011-03-11,2,M3,12352|12358|12370|12372|12374|12379|12393|12396|12402|12404|12406|12414|12431|12434|12439|12440|12450|12468|12481|12494|12496|12503|12516|12524|12529|12537|12577|12580|12585|12588|12634|12666|12670|12683|12687|12691|12693|12709|12714|12724|12725|12727|12737|12745|12746|12751|12753|12760|12763|12766|12777|12778|12780|12781|12787|12791|12796|12798|12807|12810|12819|12831|12834|12839|12844|12848|12858|12862|12864|12866|12880|12897|12905|12907|12914|12916|12934|12944|12949|12959|12977|12978|12979|12996|13004|13018|13026|13034|13050|13055|13085|13096|13115|13119|13131|13144|13152|13165|13166|13178|13183|13187|13191|13202|13203|13207|13208|13217|13234|13237|13249|13254|13257|13261|13263|13291|13295|13299|13300|13305|13307|13315|13328|13333|13334|13338|13359|13361|13368|13370|13371|13375|13384|13406|13413|13416|13427|13431|13435|13444|13452|13462|13468|13475|13494|13501|13508|13511|13513|13519|13520|13523|13530|13540|13547|13551|13557|13562|13574|13578|13581|13582|13589|13594|13597|13599|13602|13616|13619|13623|13629|13643|13659|13660|13662|13680|13683|13715|13729|13738|13739|13740|13747|13751|13756|13762|13770|13772|13777|13782|13786|13799|13803|13814|13832|13836|13839|13851|13857|13873|13888|13899|13907|13912|13921|13927|13929|13931|13943|13955|13970|13974|13976|13977|13983|13993|13997|13998|14000|14001|14006|14007|14020|14022|14031|14039|14040|14049|14061|14072|14077|14084|14091|14092|14094|14106|14107|14108|14113|14115|14123|14128|14136|14144|14157|14159|14160|14168|14170|14185|14186|14190|14195|14197|14199|14200|14201|14209|14212|14213|14216|14220|14224|14228|14233|14239|14240|14242|14248|14253|14254|14255|14274|14292|14306|14314|14316|14324|14329|14334|14338|14368|14371|14372|14373|14374|14382|14388|14390|14391|14394|14403|14405|14409|14420|14429|14433|14438|14444|14445|14446|14450|14455|14457|14463|14467|14469|14470|14473|14475|14480|14482|14501|14508|14514|14522|14526|14532|14546|14550|14555|14556|14562|14581|14594|14599|14600|14602|14604|14626|14628|14643|14644|14646|14647|14663|14674|14675|14682|14702|14709|14721|14723|14724|14725|14732|14749|14750|14769|14778|14786|14787|14796|14797|14798|14806|14810|14820|14826|14829|14832|14835|14850|14852|14857|14865|14866|14874|14877|14878|14885|14889|14893|14902|14903|14905|14908|14912|14919|14927|14928|14930|14934|14938|14942|14944|14949|14963|14968|14969|14972|14976|14978|14981|14982|14985|14987|15008|15012|15015|15021|15024|15031|15039|15048|15049|15057|15059|15067|15068|15073|15078|15086|15097|15109|15110|15111|15123|15137|15150|15166|15183|15186|15194|15196|15197|15213|15217|15222|15227|15229|15235|15236|15244|15251|15252|15256|15260|15262|15277|15278|15281|15284|15289|15311|15316|15328|15346|15363|15368|15369|15379|15384|15387|15394|15421|15422|15426|15455|15458|15460|15461|15465|15474|15481|15486|15489|15490|15499|15503|15506|15509|15529|15532|15546|15548|15558|15561|15569|15570|15575|15583|15586|15587|15588|15589|15633|15635|15640|15670|15673|15674|15675|15682|15688|15694|15704|15714|15718|15728|15730|15731|15735|15747|15768|15771|15781|15798|15809|15810|15814|15817|15838|15850|15852|15855|15863|15869|15872|15878|15886|15889|15900|15903|15908|15922|15923|15941|15948|15950|15953|15957|15959|15968|15971|15973|15976|15978|15984|15985|15992|15998|16004|16019|16027|16029|16040|16044|16049|16050|16051|16077|16096|16108|16110|16118|16121|16127|16128|16129|16130|16132|16135|16143|16158|16163|16166|16178|16183|16186|16195|16205|16214|16223|16224|16228|16231|16239|16254|16266|16267|16269|16270|16271|16275|16284|16292|16298|16303|16310|16312|16316|16320|16323|16328|16329|16331|16343|16346|16348|16353|16356|16357|16362|16365|16367|16369|16374|16377|16378|16382|16384|16393|16399|16400|16414|16417|16426|16428|16433|16440|16442|16445|16448|16452|16455|16458|16459|16462|16467|16481|16485|16486|16489|16492|16494|16497|16501|16502|16518|16523|16531|16532|16539|16540|16545|16548|16550|16552|16554|16560|16564|16577|16586|16589|16601|16608|16635|16648|16650|16656|16667|16668|16670|16676|16690|16695|16699|16704|16713|16714|16717|16718|16722|16723|16730|16737|16770|16771|16773|16778|16783|16786|16792|16795|16802|16817|16831|16860|16861|16876|16882|16887|16889|16892|16893|16899|16904|16921|16922|16928|16936|16948|16950|16954|16970|16973|16974|16978|16997|17007|17012|17023|17027|17031|17035|17041|17057|17064|17069|17070|17077|17087|17090|17095|17096|17101|17103|17111|17116|17137|17147|17156|17157|17163|17165|17177|17180|17184|17185|17188|17196|17199|17210|17212|17214|17217|17218|17220|17224|17228|17230|17242|17255|17259|17262|17264|17268|17269|17273|17275|17286|17287|17292|17293|17300|17301|17307|17311|17314|17315|17318|17332|17336|17338|17339|17341|17350|17364|17366|17372|17373|17386|17393|17412|17417|17419|17420|17426|17432|17435|17441|17442|17450|17454|17456|17467|17471|17492|17496|17517|17518|17525|17534|17537|17551|17552|17558|17560|17565|17570|17578|17586|17603|17604|17608|17609|17610|17615|17616|17631|17633|17648|17657|17660|17662|17682|17694|17700|17707|17718|17728|17730|17731|17739|17740|17751|17753|17765|17766|17771|17773|17783|17784|17785|17794|17796|17800|17809|17814|17833|17841|17845|17847|17852|17853|17860|17872|17878|17886|17898|17912|17919|17923|17928|17933|17934|17940|17944|17953|17954|17960|17971|17977|17981|17991|17993|17999|18000|18001|18002|18006|18018|18029|18043|18044|18048|18052|18060|18076|18077|18086|18090|18091|18095|18096|18107|18109|18112|18134|18145|18149|18154|18159|18160|18161|18162|18171|18173|18183|18190|18193|18219|18221|18242|18245|18257|18258|18276|18279|18284
Online Retail II,2011-03-11,3,M0,12347|12351|12353|12355|12359|12365|12386|12412|12418|12424|12426|12427|12428|12435|12455|12460|12462|12474|12486|12492|12501|12507|12509|12510|12511|12515|12523|12525|12530|12538|12551|12559|12561|12565|12586|12594|12598|12606|12609|12614|12631|12637|12638|12639|12643|12649|12661|12663|12668|12671|12681|12708|12731|12738|12741|12747|12768|12770|12771|12775|12784|12785|12789|12790|12803|12820|12836|12843|12850|12852|12855|12859|12861|12865|12870|12890|12891|12903|12910|12921|12924|12927|12932|12933|12939|12958|12963|12969|12970|12972|12980|12987|12991|12997|13008|13009|13014|13021|13025|13031|13038|13042|13067|13076|13077|13084|13088|13102|13104|13118|13128|13134|13136|13145|13150|13156|13168|13175|13177|13194|13195|13201|13206|13215|13222|13223|13250|13251|13258|13270|13278|13312|13313|13320|13330|13369|13381|13382|13383|13386|13394|13398|13405|13415|13424|13433|13438|13439|13440|13441|13443|13473|13476|13478|13482|13485|13500|13510|13514|13515|13526|13531|13545|13556|13571|13573|13591|13600|13606|13614|13617|13626|13634|13635|13652|13654|13666|13679|13695|13700|13707|13709|13722|13723|13724|13733|13736|13745|13748|13753|13763|13764|13765|13771|13773|13817|13823|13830|13831|13837|13848|13862|13869|13871|13874|13881|13884|13890|13891|13895|13896|13903|13904|13913|13919|13939|13941|13945|13959|13961|13962|13981|13988|14012|14013|14021|14025|14028|14035|14036|14038|14044|14057|14060|14069|14074|14082|14086|14110|14130|14133|14134|14135|14137|14146|14147|14150|14152|14162|14163|14166|14169|14172|14182|14198|14206|14210|14214|14215|14225|14231|14235|14243|14252|14256|14257|14265|14272|14281|14284|14289|14290|14296|14303|14311|14342|14346|14367|14381|14392|14400|14401|14407|14419|14423|14435|14439|14448|14461|14466|14468|14471|14477|14479|14481|14486|14487|14491|14492|14497|14498|14507|14510|14512|14513|14515|14519|14527|14531|14549|14566|14569|14576|14577|14580|14587|14596|14598|14611|14616|14618|14619|14621|14630|14640|14645|14649|14650|14651|14656|14662|14667|14668|14670|14677|14683|14688|14695|14696|14699|14700|14706|14713|14714|14718|14729|14730|14733|14734|14738|14748|14770|14773|14775|14794|14803|14805|14817|14818|14821|14839|14841|14855|14859|14861|14868|14872|14879|14891|14897|14904|14907|14911|14924|14933|14940|14952|14958|14967|14980|14984|14986|14988|14992|14993|15006|15011|15016|15022|15025|15032|15038|15040|15041|15042|15043|15050|15053|15058|15071|15077|15104|15105|15117|15122|15126|15129|15134|15141|15143|15144|15149|15151|15154|15155|15161|15162|15165|15167|15170|15171|15173|15176|15179|15181|15182|15184|15188|15199|15202|15203|15224|15226|15266|15270|15282|15283|15296|15301|15302|15304|15308|15309|15332|15336|15337|15338|15340|15354|15361|15365|15370|15373|15378|15381|15391|15393|15396|15400|15401|15402|15410|15420|15423|15425|15430|15431|15445|15447|15452|15459|15464|15470|15478|15515|15518|15525|15530|15544|15549|15554|15560|15562|15571|15590|15595|15603|15613|15614|15616|15617|15625|15631|15637|15639|15647|15649|15658|15659|15664|15681|15683|15691|15693|15696|15702|15710|15712|15713|15717|15732|15736|15751|15752|15757|15760|15761|15766|15774|15778|15779|15782|15784|15788|15796|15818|15823|15824|15826|15833|15847|15861|15862|15875|15876|15884|15888|15898|15906|15912|15926|15940|15943|15946|15954|15966|15980|15983|15987|15991|15995|16012|16013|16014|16016|16028|16054|16060|16064|16069|16081|16084|16094|16095|16100|16103|16104|16124|16125|16137|16140|16149|16150|16155|16161|16165|16170|16187|16202|16206|16218|16235|16255|16256|16264|16273|16274|16280|16283|16288|16289|16293|16300|16308|16326|16330|16332|16333|16334|16336|16340|16345|16347|16351|16358|16366|16386|16389|16392|16395|16403|16405|16410|16416|16418|16421|16434|16436|16437|16443|16447|16461|16471|16473|16475|16476|16477|16495|16496|16499|16500|16509|16510|16525|16527|16535|16551|16555|16563|16569|16571|16573|16592|16606|16607|16611|16619|16623|16631|16638|16639|16642|16652|16655|16661|16663|16679|16692|16694|16701|16711|16712|16724|16725|16727|16736|16739|16754|16756|16757|16766|16767|16777|16779|16780|16782|16797|16812|16814|16815|16822|16825|16836|16838|16842|16846|16847|16850|16854|16862|16863|16873|16875|16885|16891|16908|16911|16926|16934|16935|16937|16938|16944|16949|16952|16955|16960|16984|16986|16988|16992|17001|17004|17006|17008|17011|17016|17022|17029|17033|17038|17048|17068|17080|17081|17082|17085|17092|17097|17098|17099|17105|17108|17135|17155|17168|17175|17187|17191|17195|17200|17204|17205|17225|17227|17231|17240|17256|17270|17281|17283|17285|17288|17289|17294|17299|17319|17321|17325|17342|17343|17344|17345|17349|17352|17353|17354|17362|17374|17376|17380|17396|17418|17421|17422|17428|17430|17431|17436|17440|17446|17457|17464|17474|17480|17497|17499|17526|17529|17531|17536|17540|17541|17548|17553|17555|17567|17568|17572|17580|17581|17583|17591|17594|17596|17611|17612|17618|17640|17647|17663|17667|17674|17679|17686|17687|17699|17711|17720|17723|17726|17741|17745|17759|17763|17768|17770|17776|17778|17780|17786|17790|17792|17798|17799|17802|17804|17810|17816|17818|17820|17821|17825|17827|17849|17854|17859|17863|17867|17876|17880|17888|17894|17902|17907|17908|17913|17916|17921|17922|17925|17929|17938|17951|17964|17965|17968|17975|17982|17983|17984|17995|18007|18009|18020|18035|18039|18042|18049|18053|18055|18058|18068|18085|18087|18093|18097|18100|18102|18111|18115|18128|18135|18140|18152|18153|18166|18172|18176|18178|18181|18186|18188|18199|18217|18223|18227|18229|18236|18243|18244|18251|18252|18254|18262|18264|18268|18270|18273|18275|18283
Online Retail II,2011-03-11,3,M1,12347|12351|12353|12355|12359|12365|12386|12412|12418|12424|12426|12427|12428|12435|12455|12460|12462|12474|12486|12492|12501|12507|12509|12510|12511|12515|12523|12525|12530|12538|12551|12559|12561|12565|12586|12594|12598|12606|12609|12614|12631|12637|12638|12639|12643|12649|12661|12663|12668|12671|12681|12708|12731|12738|12741|12747|12768|12770|12771|12775|12784|12785|12789|12790|12803|12820|12836|12843|12850|12852|12855|12859|12861|12865|12870|12890|12891|12903|12910|12921|12924|12927|12932|12933|12939|12958|12963|12969|12970|12972|12980|12987|12991|12997|13008|13009|13014|13021|13025|13031|13038|13042|13067|13076|13077|13084|13088|13102|13104|13118|13128|13134|13136|13145|13150|13156|13168|13175|13177|13194|13195|13201|13206|13215|13222|13223|13250|13251|13258|13270|13278|13312|13313|13320|13330|13369|13381|13382|13383|13386|13394|13398|13405|13415|13424|13433|13438|13439|13440|13441|13443|13473|13476|13478|13482|13485|13500|13510|13514|13515|13526|13531|13545|13556|13571|13573|13591|13600|13606|13614|13617|13626|13634|13635|13652|13654|13666|13679|13695|13700|13707|13709|13722|13723|13724|13733|13736|13745|13748|13753|13763|13764|13765|13771|13773|13817|13823|13830|13831|13837|13848|13862|13869|13871|13874|13881|13884|13890|13891|13895|13896|13903|13904|13913|13919|13939|13941|13945|13959|13961|13962|13981|13988|14012|14013|14021|14025|14028|14035|14036|14038|14044|14057|14060|14069|14074|14082|14086|14110|14130|14133|14134|14135|14137|14146|14147|14150|14152|14162|14163|14166|14169|14172|14182|14198|14206|14210|14214|14215|14225|14231|14235|14243|14252|14256|14257|14265|14272|14281|14284|14289|14290|14296|14303|14311|14342|14346|14367|14381|14392|14400|14401|14407|14419|14423|14435|14439|14448|14461|14466|14468|14471|14477|14479|14481|14486|14487|14491|14492|14497|14498|14507|14510|14512|14513|14515|14519|14527|14531|14549|14566|14569|14576|14577|14580|14587|14596|14598|14611|14616|14618|14619|14621|14630|14640|14645|14649|14650|14651|14656|14662|14667|14668|14670|14677|14683|14688|14695|14696|14699|14700|14706|14713|14714|14718|14729|14730|14733|14734|14738|14748|14770|14773|14775|14794|14803|14805|14817|14818|14821|14839|14841|14855|14859|14861|14868|14872|14879|14891|14897|14904|14907|14911|14924|14933|14940|14952|14958|14967|14980|14984|14986|14988|14992|14993|15006|15011|15016|15022|15025|15032|15038|15040|15041|15042|15043|15050|15053|15058|15071|15077|15104|15105|15117|15122|15126|15129|15134|15141|15143|15144|15149|15151|15154|15155|15161|15162|15165|15167|15170|15171|15173|15176|15179|15181|15182|15184|15188|15199|15202|15203|15224|15226|15266|15270|15282|15283|15296|15301|15302|15304|15308|15309|15332|15336|15337|15338|15340|15354|15361|15365|15370|15373|15378|15381|15391|15393|15396|15400|15401|15402|15410|15420|15423|15425|15430|15431|15445|15447|15452|15459|15464|15470|15478|15515|15518|15525|15530|15544|15549|15554|15560|15562|15571|15590|15595|15603|15613|15614|15616|15617|15625|15631|15637|15639|15647|15649|15658|15659|15664|15681|15683|15691|15693|15696|15702|15710|15712|15713|15717|15732|15736|15751|15752|15757|15760|15761|15766|15774|15778|15779|15782|15784|15788|15796|15818|15823|15824|15826|15833|15847|15861|15862|15875|15876|15884|15888|15898|15906|15912|15926|15940|15943|15946|15954|15966|15980|15983|15987|15991|15995|16012|16013|16014|16016|16028|16054|16060|16064|16069|16081|16084|16094|16095|16100|16103|16104|16124|16125|16137|16140|16149|16150|16155|16161|16165|16170|16187|16202|16206|16218|16235|16255|16256|16264|16273|16274|16280|16283|16288|16289|16293|16300|16308|16326|16330|16332|16333|16334|16336|16340|16345|16347|16351|16358|16366|16386|16389|16392|16395|16403|16405|16410|16416|16418|16421|16434|16436|16437|16443|16447|16461|16471|16473|16475|16476|16477|16495|16496|16499|16500|16509|16510|16525|16527|16535|16551|16555|16563|16569|16571|16573|16592|16606|16607|16611|16619|16623|16631|16638|16639|16642|16652|16655|16661|16663|16679|16692|16694|16701|16711|16712|16724|16725|16727|16736|16739|16754|16756|16757|16766|16767|16777|16779|16780|16782|16797|16812|16814|16815|16822|16825|16836|16838|16842|16846|16847|16850|16854|16862|16863|16873|16875|16885|16891|16908|16911|16926|16934|16935|16937|16938|16944|16949|16952|16955|16960|16984|16986|16988|16992|17001|17004|17006|17008|17011|17016|17022|17029|17033|17038|17048|17068|17080|17081|17082|17085|17092|17097|17098|17099|17105|17108|17135|17155|17168|17175|17187|17191|17195|17200|17204|17205|17225|17227|17231|17240|17256|17270|17281|17283|17285|17288|17289|17294|17299|17319|17321|17325|17342|17343|17344|17345|17349|17352|17353|17354|17362|17374|17376|17380|17396|17418|17421|17422|17428|17430|17431|17436|17440|17446|17457|17464|17474|17480|17497|17499|17526|17529|17531|17536|17540|17541|17548|17553|17555|17567|17568|17572|17580|17581|17583|17591|17594|17596|17611|17612|17618|17640|17647|17663|17667|17674|17679|17686|17687|17699|17711|17720|17723|17726|17741|17745|17759|17763|17768|17770|17776|17778|17780|17786|17790|17792|17798|17799|17802|17804|17810|17816|17818|17820|17821|17825|17827|17849|17854|17859|17863|17867|17876|17880|17888|17894|17902|17907|17908|17913|17916|17921|17922|17925|17929|17938|17951|17964|17965|17968|17975|17982|17983|17984|17995|18007|18009|18020|18035|18039|18042|18049|18053|18055|18058|18068|18085|18087|18093|18097|18100|18102|18111|18115|18128|18135|18140|18152|18153|18166|18172|18176|18178|18181|18186|18188|18199|18217|18223|18227|18229|18236|18243|18244|18251|18252|18254|18262|18264|18268|18270|18273|18275|18283
Online Retail II,2011-03-11,3,M2,12347|12351|12353|12355|12359|12365|12386|12412|12418|12424|12426|12427|12428|12435|12455|12460|12462|12474|12486|12492|12501|12507|12509|12510|12511|12515|12523|12525|12530|12538|12551|12559|12561|12565|12586|12594|12598|12606|12609|12614|12631|12637|12638|12639|12643|12649|12661|12663|12668|12671|12681|12708|12731|12738|12741|12747|12768|12770|12771|12775|12784|12785|12789|12790|12803|12820|12836|12843|12850|12852|12855|12859|12861|12865|12870|12890|12891|12903|12910|12921|12924|12927|12932|12933|12939|12958|12963|12969|12970|12972|12980|12987|12991|12997|13008|13009|13014|13021|13025|13031|13038|13042|13067|13076|13077|13084|13088|13102|13104|13118|13128|13134|13136|13145|13150|13156|13168|13175|13177|13194|13195|13201|13206|13215|13222|13223|13250|13251|13258|13270|13278|13312|13313|13320|13330|13369|13381|13382|13383|13386|13394|13398|13405|13415|13424|13433|13438|13439|13440|13441|13443|13473|13476|13478|13482|13485|13500|13510|13514|13515|13526|13531|13545|13556|13571|13573|13591|13600|13606|13614|13617|13626|13634|13635|13652|13654|13666|13679|13695|13700|13707|13709|13722|13723|13724|13733|13736|13745|13748|13753|13763|13764|13765|13771|13773|13817|13823|13830|13831|13837|13848|13862|13869|13871|13874|13881|13884|13890|13891|13895|13896|13903|13904|13913|13919|13939|13941|13945|13959|13961|13962|13981|13988|14012|14013|14021|14025|14028|14035|14036|14038|14044|14057|14060|14069|14074|14082|14086|14110|14130|14133|14134|14135|14137|14146|14147|14150|14152|14162|14163|14166|14169|14172|14182|14198|14206|14210|14214|14215|14225|14231|14235|14243|14252|14256|14257|14265|14272|14281|14284|14289|14290|14296|14303|14311|14342|14346|14367|14381|14392|14400|14401|14407|14419|14423|14435|14439|14448|14461|14466|14468|14471|14477|14479|14481|14486|14487|14491|14492|14497|14498|14507|14510|14512|14513|14515|14519|14527|14531|14549|14566|14569|14576|14577|14580|14587|14596|14598|14611|14616|14618|14619|14621|14630|14640|14645|14649|14650|14651|14656|14662|14667|14668|14670|14677|14683|14688|14695|14696|14699|14700|14706|14713|14714|14718|14729|14730|14733|14734|14738|14748|14770|14773|14775|14794|14803|14805|14817|14818|14821|14839|14841|14855|14859|14861|14868|14872|14879|14891|14897|14904|14907|14911|14924|14933|14940|14952|14958|14967|14980|14984|14986|14988|14992|14993|15006|15011|15016|15022|15025|15032|15038|15040|15041|15042|15043|15050|15053|15058|15071|15077|15104|15105|15117|15122|15126|15129|15134|15141|15143|15144|15149|15151|15154|15155|15161|15162|15165|15167|15170|15171|15173|15176|15179|15181|15182|15184|15188|15199|15202|15203|15224|15226|15266|15270|15282|15283|15296|15301|15302|15304|15308|15309|15332|15336|15337|15338|15340|15354|15361|15365|15370|15373|15378|15381|15391|15393|15396|15400|15401|15402|15410|15420|15423|15425|15430|15431|15445|15447|15452|15459|15464|15470|15478|15515|15518|15525|15530|15544|15549|15554|15560|15562|15571|15590|15595|15603|15613|15614|15616|15617|15625|15631|15637|15639|15647|15649|15658|15659|15664|15681|15683|15691|15693|15696|15702|15710|15712|15713|15717|15732|15736|15751|15752|15757|15760|15761|15766|15774|15778|15779|15782|15784|15788|15796|15818|15823|15824|15826|15833|15847|15861|15862|15875|15876|15884|15888|15898|15906|15912|15926|15940|15943|15946|15954|15966|15980|15983|15987|15991|15995|16012|16013|16014|16016|16028|16054|16060|16064|16069|16081|16084|16094|16095|16100|16103|16104|16124|16125|16137|16140|16149|16150|16155|16161|16165|16170|16187|16202|16206|16218|16235|16255|16256|16264|16273|16274|16280|16283|16288|16289|16293|16300|16308|16326|16330|16332|16333|16334|16336|16340|16345|16347|16351|16358|16366|16386|16389|16392|16395|16403|16405|16410|16416|16418|16421|16434|16436|16437|16443|16447|16461|16471|16473|16475|16476|16477|16495|16496|16499|16500|16509|16510|16525|16527|16535|16551|16555|16563|16569|16571|16573|16592|16606|16607|16611|16619|16623|16631|16638|16639|16642|16652|16655|16661|16663|16679|16692|16694|16701|16711|16712|16724|16725|16727|16736|16739|16754|16756|16757|16766|16767|16777|16779|16780|16782|16797|16812|16814|16815|16822|16825|16836|16838|16842|16846|16847|16850|16854|16862|16863|16873|16875|16885|16891|16908|16911|16926|16934|16935|16937|16938|16944|16949|16952|16955|16960|16984|16986|16988|16992|17001|17004|17006|17008|17011|17016|17022|17029|17033|17038|17048|17068|17080|17081|17082|17085|17092|17097|17098|17099|17105|17108|17135|17155|17168|17175|17187|17191|17195|17200|17204|17205|17225|17227|17231|17240|17256|17270|17281|17283|17285|17288|17289|17294|17299|17319|17321|17325|17342|17343|17344|17345|17349|17352|17353|17354|17362|17374|17376|17380|17396|17418|17421|17422|17428|17430|17431|17436|17440|17446|17457|17464|17474|17480|17497|17499|17526|17529|17531|17536|17540|17541|17548|17553|17555|17567|17568|17572|17580|17581|17583|17591|17594|17596|17611|17612|17618|17640|17647|17663|17667|17674|17679|17686|17687|17699|17711|17720|17723|17726|17741|17745|17759|17763|17768|17770|17776|17778|17780|17786|17790|17792|17798|17799|17802|17804|17810|17816|17818|17820|17821|17825|17827|17849|17854|17859|17863|17867|17876|17880|17888|17894|17902|17907|17908|17913|17916|17921|17922|17925|17929|17938|17951|17964|17965|17968|17975|17982|17983|17984|17995|18007|18009|18020|18035|18039|18042|18049|18053|18055|18058|18068|18085|18087|18093|18097|18100|18102|18111|18115|18128|18135|18140|18152|18153|18166|18172|18176|18178|18181|18186|18188|18199|18217|18223|18227|18229|18236|18243|18244|18251|18252|18254|18262|18264|18268|18270|18273|18275|18283
Online Retail II,2011-03-11,3,M3,12347|12351|12353|12355|12359|12365|12386|12412|12418|12424|12426|12427|12428|12435|12455|12460|12462|12474|12486|12492|12501|12507|12509|12510|12511|12515|12523|12525|12530|12538|12551|12559|12561|12565|12586|12594|12598|12606|12609|12614|12631|12637|12638|12639|12643|12649|12661|12663|12668|12671|12681|12708|12731|12738|12741|12747|12768|12770|12771|12775|12784|12785|12789|12790|12803|12820|12836|12843|12850|12852|12855|12859|12861|12865|12870|12890|12891|12903|12910|12921|12924|12927|12932|12933|12939|12958|12963|12969|12970|12972|12980|12987|12991|12997|13008|13009|13014|13021|13025|13031|13038|13042|13067|13076|13077|13084|13088|13102|13104|13118|13128|13134|13136|13145|13150|13156|13168|13175|13177|13194|13195|13201|13206|13215|13222|13223|13250|13251|13258|13270|13278|13312|13313|13320|13330|13369|13381|13382|13383|13386|13394|13398|13405|13415|13424|13433|13438|13439|13440|13441|13443|13473|13476|13478|13482|13485|13500|13510|13514|13515|13526|13531|13545|13556|13571|13573|13591|13600|13606|13614|13617|13626|13634|13635|13652|13654|13666|13679|13695|13700|13707|13709|13722|13723|13724|13733|13736|13745|13748|13753|13763|13764|13765|13771|13773|13817|13823|13830|13831|13837|13848|13862|13869|13871|13874|13881|13884|13890|13891|13895|13896|13903|13904|13913|13919|13939|13941|13945|13959|13961|13962|13981|13988|14012|14013|14021|14025|14028|14035|14036|14038|14044|14057|14060|14069|14074|14082|14086|14110|14130|14133|14134|14135|14137|14146|14147|14150|14152|14162|14163|14166|14169|14172|14182|14198|14206|14210|14214|14215|14225|14231|14235|14243|14252|14256|14257|14265|14272|14281|14284|14289|14290|14296|14303|14311|14342|14346|14367|14381|14392|14400|14401|14407|14419|14423|14435|14439|14448|14461|14466|14468|14471|14477|14479|14481|14486|14487|14491|14492|14497|14498|14507|14510|14512|14513|14515|14519|14527|14531|14549|14566|14569|14576|14577|14580|14587|14596|14598|14611|14616|14618|14619|14621|14630|14640|14645|14649|14650|14651|14656|14662|14667|14668|14670|14677|14683|14688|14695|14696|14699|14700|14706|14713|14714|14718|14729|14730|14733|14734|14738|14748|14770|14773|14775|14794|14803|14805|14817|14818|14821|14839|14841|14855|14859|14861|14868|14872|14879|14891|14897|14904|14907|14911|14924|14933|14940|14952|14958|14967|14980|14984|14986|14988|14992|14993|15006|15011|15016|15022|15025|15032|15038|15040|15041|15042|15043|15050|15053|15058|15071|15077|15104|15105|15117|15122|15126|15129|15134|15141|15143|15144|15149|15151|15154|15155|15161|15162|15165|15167|15170|15171|15173|15176|15179|15181|15182|15184|15188|15199|15202|15203|15224|15226|15266|15270|15282|15283|15296|15301|15302|15304|15308|15309|15332|15336|15337|15338|15340|15354|15361|15365|15370|15373|15378|15381|15391|15393|15396|15400|15401|15402|15410|15420|15423|15425|15430|15431|15445|15447|15452|15459|15464|15470|15478|15515|15518|15525|15530|15544|15549|15554|15560|15562|15571|15590|15595|15603|15613|15614|15616|15617|15625|15631|15637|15639|15647|15649|15658|15659|15664|15681|15683|15691|15693|15696|15702|15710|15712|15713|15717|15732|15736|15751|15752|15757|15760|15761|15766|15774|15778|15779|15782|15784|15788|15796|15818|15823|15824|15826|15833|15847|15861|15862|15875|15876|15884|15888|15898|15906|15912|15926|15940|15943|15946|15954|15966|15980|15983|15987|15991|15995|16012|16013|16014|16016|16028|16054|16060|16064|16069|16081|16084|16094|16095|16100|16103|16104|16124|16125|16137|16140|16149|16150|16155|16161|16165|16170|16187|16202|16206|16218|16235|16255|16256|16264|16273|16274|16280|16283|16288|16289|16293|16300|16308|16326|16330|16332|16333|16334|16336|16340|16345|16347|16351|16358|16366|16386|16389|16392|16395|16403|16405|16410|16416|16418|16421|16434|16436|16437|16443|16447|16461|16471|16473|16475|16476|16477|16495|16496|16499|16500|16509|16510|16525|16527|16535|16551|16555|16563|16569|16571|16573|16592|16606|16607|16611|16619|16623|16631|16638|16639|16642|16652|16655|16661|16663|16679|16692|16694|16701|16711|16712|16724|16725|16727|16736|16739|16754|16756|16757|16766|16767|16777|16779|16780|16782|16797|16812|16814|16815|16822|16825|16836|16838|16842|16846|16847|16850|16854|16862|16863|16873|16875|16885|16891|16908|16911|16926|16934|16935|16937|16938|16944|16949|16952|16955|16960|16984|16986|16988|16992|17001|17004|17006|17008|17011|17016|17022|17029|17033|17038|17048|17068|17080|17081|17082|17085|17092|17097|17098|17099|17105|17108|17135|17155|17168|17175|17187|17191|17195|17200|17204|17205|17225|17227|17231|17240|17256|17270|17281|17283|17285|17288|17289|17294|17299|17319|17321|17325|17342|17343|17344|17345|17349|17352|17353|17354|17362|17374|17376|17380|17396|17418|17421|17422|17428|17430|17431|17436|17440|17446|17457|17464|17474|17480|17497|17499|17526|17529|17531|17536|17540|17541|17548|17553|17555|17567|17568|17572|17580|17581|17583|17591|17594|17596|17611|17612|17618|17640|17647|17663|17667|17674|17679|17686|17687|17699|17711|17720|17723|17726|17741|17745|17759|17763|17768|17770|17776|17778|17780|17786|17790|17792|17798|17799|17802|17804|17810|17816|17818|17820|17821|17825|17827|17849|17854|17859|17863|17867|17876|17880|17888|17894|17902|17907|17908|17913|17916|17921|17922|17925|17929|17938|17951|17964|17965|17968|17975|17982|17983|17984|17995|18007|18009|18020|18035|18039|18042|18049|18053|18055|18058|18068|18085|18087|18093|18097|18100|18102|18111|18115|18128|18135|18140|18152|18153|18166|18172|18176|18178|18181|18186|18188|18199|18217|18223|18227|18229|18236|18243|18244|18251|18252|18254|18262|18264|18268|18270|18273|18275|18283
Online Retail II,2011-03-11,4,M0,12356|12357|12361|12373|12385|12387|12388|12389|12395|12403|12425|12458|12464|12469|12471|12482|12490|12502|12504|12505|12520|12528|12531|12539|12540|12541|12542|12553|12557|12562|12573|12575|12576|12582|12584|12591|12600|12613|12616|12623|12625|12629|12644|12654|12662|12673|12677|12678|12686|12694|12695|12730|12733|12734|12736|12742|12744|12748|12755|12758|12759|12767|12797|12799|12800|12802|12808|12811|12813|12817|12826|12840|12841|12842|12846|12860|12863|12872|12881|12887|12889|12894|12920|12929|12935|12937|12941|12946|12947|12948|12953|12954|12957|12961|12964|12967|12975|12992|13002|13005|13007|13010|13011|13012|13013|13022|13024|13033|13041|13044|13046|13048|13049|13052|13053|13056|13057|13071|13080|13082|13083|13092|13094|13108|13109|13110|13123|13138|13141|13149|13162|13163|13164|13179|13192|13198|13199|13205|13213|13230|13238|13240|13246|13259|13267|13274|13275|13283|13285|13287|13288|13294|13296|13297|13302|13326|13329|13340|13357|13360|13373|13377|13385|13387|13395|13399|13400|13407|13421|13446|13450|13457|13458|13469|13488|13490|13498|13509|13516|13537|13552|13554|13559|13577|13587|13604|13608|13613|13624|13627|13632|13636|13642|13648|13650|13656|13661|13663|13669|13674|13675|13677|13684|13688|13692|13694|13699|13701|13705|13706|13712|13718|13725|13727|13735|13742|13766|13783|13784|13789|13794|13795|13797|13807|13809|13815|13819|13825|13833|13838|13849|13854|13855|13856|13878|13880|13883|13889|13892|13900|13901|13905|13906|13908|13911|13922|13935|13944|13968|13971|13984|13989|13996|13999|14004|14010|14011|14014|14016|14026|14047|14051|14053|14055|14058|14068|14075|14083|14095|14097|14099|14105|14126|14131|14139|14153|14181|14183|14188|14189|14192|14194|14204|14208|14219|14226|14230|14236|14247|14249|14258|14260|14263|14264|14266|14269|14275|14276|14277|14285|14286|14293|14295|14301|14308|14309|14319|14320|14322|14330|14332|14336|14344|14353|14355|14361|14363|14365|14398|14404|14408|14411|14413|14414|14417|14422|14427|14428|14436|14440|14441|14451|14459|14465|14478|14493|14494|14496|14520|14535|14537|14538|14540|14543|14544|14558|14565|14570|14586|14590|14603|14605|14606|14612|14613|14615|14620|14625|14627|14631|14655|14671|14672|14673|14685|14687|14693|14694|14707|14716|14727|14736|14737|14740|14744|14746|14756|14766|14767|14779|14783|14793|14800|14812|14819|14834|14837|14838|14846|14848|14867|14869|14880|14892|14894|14896|14901|14913|14915|14936|14943|14957|14966|14977|14994|14998|15013|15018|15026|15030|15046|15051|15052|15055|15056|15064|15070|15074|15079|15085|15091|15094|15101|15102|15121|15127|15128|15131|15146|15152|15158|15159|15174|15177|15190|15200|15204|15208|15210|15212|15220|15221|15233|15242|15246|15247|15250|15259|15268|15271|15280|15290|15291|15293|15294|15295|15298|15299|15305|15317|15321|15325|15329|15352|15358|15359|15362|15366|15377|15380|15382|15385|15392|15406|15409|15416|15428|15439|15443|15448|15454|15466|15468|15469|15473|15482|15494|15498|15502|15504|15510|15513|15514|15536|15547|15550|15559|15563|15572|15574|15577|15591|15598|15599|15600|15602|15626|15630|15638|15641|15642|15651|15665|15676|15677|15680|15687|15698|15709|15715|15716|15720|15729|15738|15741|15742|15754|15755|15759|15764|15765|15770|15775|15777|15785|15789|15797|15799|15806|15808|15811|15827|15837|15843|15854|15860|15865|15873|15880|15885|15890|15901|15902|15905|15911|15913|15921|15929|15936|15958|15979|15982|15986|15988|15989|16033|16039|16046|16053|16058|16059|16067|16071|16072|16074|16075|16085|16088|16090|16101|16105|16109|16111|16115|16117|16122|16126|16131|16133|16139|16156|16168|16174|16175|16180|16182|16192|16193|16196|16198|16200|16203|16204|16222|16226|16241|16242|16246|16251|16261|16265|16276|16277|16285|16294|16296|16306|16307|16314|16317|16327|16349|16359|16375|16390|16391|16394|16397|16401|16402|16407|16408|16411|16422|16425|16427|16431|16450|16451|16453|16456|16468|16472|16487|16507|16511|16515|16520|16530|16534|16537|16538|16546|16549|16558|16565|16572|16579|16588|16593|16596|16598|16599|16600|16622|16628|16630|16632|16634|16643|16647|16649|16654|16658|16660|16662|16665|16675|16680|16686|16693|16702|16716|16719|16720|16732|16733|16735|16738|16745|16749|16752|16763|16765|16769|16774|16781|16784|16787|16791|16794|16799|16809|16816|16827|16829|16830|16833|16840|16845|16858|16865|16867|16868|16890|16894|16895|16898|16901|16903|16906|16907|16915|16916|16920|16941|16957|16964|16980|16985|17000|17019|17020|17021|17026|17032|17034|17039|17044|17049|17050|17055|17067|17074|17075|17083|17110|17121|17128|17134|17138|17152|17164|17182|17189|17192|17194|17201|17203|17209|17221|17239|17243|17245|17248|17257|17271|17274|17276|17302|17306|17308|17310|17323|17326|17327|17337|17346|17351|17355|17359|17363|17371|17377|17381|17390|17400|17401|17408|17411|17413|17414|17429|17437|17470|17477|17478|17484|17488|17490|17494|17504|17510|17511|17515|17519|17524|17530|17533|17543|17556|17557|17563|17592|17597|17599|17602|17626|17634|17635|17638|17654|17655|17659|17665|17671|17678|17680|17681|17688|17689|17690|17691|17695|17706|17708|17716|17721|17722|17742|17758|17772|17774|17803|17807|17819|17829|17830|17838|17840|17843|17850|17862|17864|17865|17866|17868|17869|17873|17897|17927|17930|17958|17962|17966|17976|17996|17998|18008|18017|18025|18026|18028|18031|18034|18037|18038|18041|18046|18050|18057|18063|18075|18083|18103|18106|18108|18116|18119|18125|18132|18137|18138|18151|18157|18168|18170|18179|18182|18189|18194|18195|18196|18203|18208|18210|18215|18226|18234|18238|18241|18246|18253|18255|18259|18266|18269|18271|18272|18285|18286
Online Retail II,2011-03-11,4,M1,12356|12357|12361|12373|12385|12387|12388|12389|12395|12403|12425|12458|12464|12469|12471|12482|12490|12502|12504|12505|12520|12528|12531|12539|12540|12541|12542|12553|12557|12562|12573|12575|12576|12582|12584|12591|12600|12613|12616|12623|12625|12629|12644|12654|12662|12673|12677|12678|12686|12694|12695|12730|12733|12734|12736|12742|12744|12748|12755|12758|12759|12767|12797|12799|12800|12802|12808|12811|12813|12817|12826|12840|12841|12842|12846|12860|12863|12872|12881|12887|12889|12894|12920|12929|12935|12937|12941|12946|12947|12948|12953|12954|12957|12961|12964|12967|12975|12992|13002|13005|13007|13010|13011|13012|13013|13022|13024|13033|13041|13044|13046|13048|13049|13052|13053|13056|13057|13071|13080|13082|13083|13092|13094|13108|13109|13110|13123|13138|13141|13149|13162|13163|13164|13179|13192|13198|13199|13205|13213|13230|13238|13240|13246|13259|13267|13274|13275|13283|13285|13287|13288|13294|13296|13297|13302|13326|13329|13340|13357|13360|13373|13377|13385|13387|13395|13399|13400|13407|13421|13446|13450|13457|13458|13469|13488|13490|13498|13509|13516|13537|13552|13554|13559|13577|13587|13604|13608|13613|13624|13627|13632|13636|13642|13648|13650|13656|13661|13663|13669|13674|13675|13677|13684|13688|13692|13694|13699|13701|13705|13706|13712|13718|13725|13727|13735|13742|13766|13783|13784|13789|13794|13795|13797|13807|13809|13815|13819|13825|13833|13838|13849|13854|13855|13856|13878|13880|13883|13889|13892|13900|13901|13905|13906|13908|13911|13922|13935|13944|13968|13971|13984|13989|13996|13999|14004|14010|14011|14014|14016|14026|14047|14051|14053|14055|14058|14068|14075|14083|14095|14097|14099|14105|14126|14131|14139|14153|14181|14183|14188|14189|14192|14194|14204|14208|14219|14226|14230|14236|14247|14249|14258|14260|14263|14264|14266|14269|14275|14276|14277|14285|14286|14293|14295|14301|14308|14309|14319|14320|14322|14330|14332|14336|14344|14353|14355|14361|14363|14365|14398|14404|14408|14411|14413|14414|14417|14422|14427|14428|14436|14440|14441|14451|14459|14465|14478|14493|14494|14496|14520|14535|14537|14538|14540|14543|14544|14558|14565|14570|14586|14590|14603|14605|14606|14612|14613|14615|14620|14625|14627|14631|14655|14671|14672|14673|14685|14687|14693|14694|14707|14716|14727|14736|14737|14740|14744|14746|14756|14766|14767|14779|14783|14793|14800|14812|14819|14834|14837|14838|14846|14848|14867|14869|14880|14892|14894|14896|14901|14913|14915|14936|14943|14957|14966|14977|14994|14998|15013|15018|15026|15030|15046|15051|15052|15055|15056|15064|15070|15074|15079|15085|15091|15094|15101|15102|15121|15127|15128|15131|15146|15152|15158|15159|15174|15177|15190|15200|15204|15208|15210|15212|15220|15221|15233|15242|15246|15247|15250|15259|15268|15271|15280|15290|15291|15293|15294|15295|15298|15299|15305|15317|15321|15325|15329|15352|15358|15359|15362|15366|15377|15380|15382|15385|15392|15406|15409|15416|15428|15439|15443|15448|15454|15466|15468|15469|15473|15482|15494|15498|15502|15504|15510|15513|15514|15536|15547|15550|15559|15563|15572|15574|15577|15591|15598|15599|15600|15602|15626|15630|15638|15641|15642|15651|15665|15676|15677|15680|15687|15698|15709|15715|15716|15720|15729|15738|15741|15742|15754|15755|15759|15764|15765|15770|15775|15777|15785|15789|15797|15799|15806|15808|15811|15827|15837|15843|15854|15860|15865|15873|15880|15885|15890|15901|15902|15905|15911|15913|15921|15929|15936|15958|15979|15982|15986|15988|15989|16033|16039|16046|16053|16058|16059|16067|16071|16072|16074|16075|16085|16088|16090|16101|16105|16109|16111|16115|16117|16122|16126|16131|16133|16139|16156|16168|16174|16175|16180|16182|16192|16193|16196|16198|16200|16203|16204|16222|16226|16241|16242|16246|16251|16261|16265|16276|16277|16285|16294|16296|16306|16307|16314|16317|16327|16349|16359|16375|16390|16391|16394|16397|16401|16402|16407|16408|16411|16422|16425|16427|16431|16450|16451|16453|16456|16468|16472|16487|16507|16511|16515|16520|16530|16534|16537|16538|16546|16549|16558|16565|16572|16579|16588|16593|16596|16598|16599|16600|16622|16628|16630|16632|16634|16643|16647|16649|16654|16658|16660|16662|16665|16675|16680|16686|16693|16702|16716|16719|16720|16732|16733|16735|16738|16745|16749|16752|16763|16765|16769|16774|16781|16784|16787|16791|16794|16799|16809|16816|16827|16829|16830|16833|16840|16845|16858|16865|16867|16868|16890|16894|16895|16898|16901|16903|16906|16907|16915|16916|16920|16941|16957|16964|16980|16985|17000|17019|17020|17021|17026|17032|17034|17039|17044|17049|17050|17055|17067|17074|17075|17083|17110|17121|17128|17134|17138|17152|17164|17182|17189|17192|17194|17201|17203|17209|17221|17239|17243|17245|17248|17257|17271|17274|17276|17302|17306|17308|17310|17323|17326|17327|17337|17346|17351|17355|17359|17363|17371|17377|17381|17390|17400|17401|17408|17411|17413|17414|17429|17437|17470|17477|17478|17484|17488|17490|17494|17504|17510|17511|17515|17519|17524|17530|17533|17543|17556|17557|17563|17592|17597|17599|17602|17626|17634|17635|17638|17654|17655|17659|17665|17671|17678|17680|17681|17688|17689|17690|17691|17695|17706|17708|17716|17721|17722|17742|17758|17772|17774|17803|17807|17819|17829|17830|17838|17840|17843|17850|17862|17864|17865|17866|17868|17869|17873|17897|17927|17930|17958|17962|17966|17976|17996|17998|18008|18017|18025|18026|18028|18031|18034|18037|18038|18041|18046|18050|18057|18063|18075|18083|18103|18106|18108|18116|18119|18125|18132|18137|18138|18151|18157|18168|18170|18179|18182|18189|18194|18195|18196|18203|18208|18210|18215|18226|18234|18238|18241|18246|18253|18255|18259|18266|18269|18271|18272|18285|18286
Online Retail II,2011-03-11,4,M2,12356|12357|12361|12373|12385|12387|12388|12389|12395|12403|12425|12458|12464|12469|12471|12482|12490|12502|12504|12505|12520|12528|12531|12539|12540|12541|12542|12553|12557|12562|12573|12575|12576|12582|12584|12591|12600|12613|12616|12623|12625|12629|12644|12654|12662|12673|12677|12678|12686|12694|12695|12730|12733|12734|12736|12742|12744|12748|12755|12758|12759|12767|12797|12799|12800|12802|12808|12811|12813|12817|12826|12840|12841|12842|12846|12860|12863|12872|12881|12887|12889|12894|12920|12929|12935|12937|12941|12946|12947|12948|12953|12954|12957|12961|12964|12967|12975|12992|13002|13005|13007|13010|13011|13012|13013|13022|13024|13033|13041|13044|13046|13048|13049|13052|13053|13056|13057|13071|13080|13082|13083|13092|13094|13108|13109|13110|13123|13138|13141|13149|13162|13163|13164|13179|13192|13198|13199|13205|13213|13230|13238|13240|13246|13259|13267|13274|13275|13283|13285|13287|13288|13294|13296|13297|13302|13326|13329|13340|13357|13360|13373|13377|13385|13387|13395|13399|13400|13407|13421|13446|13450|13457|13458|13469|13488|13490|13498|13509|13516|13537|13552|13554|13559|13577|13587|13604|13608|13613|13624|13627|13632|13636|13642|13648|13650|13656|13661|13663|13669|13674|13675|13677|13684|13688|13692|13694|13699|13701|13705|13706|13712|13718|13725|13727|13735|13742|13766|13783|13784|13789|13794|13795|13797|13807|13809|13815|13819|13825|13833|13838|13849|13854|13855|13856|13878|13880|13883|13889|13892|13900|13901|13905|13906|13908|13911|13922|13935|13944|13968|13971|13984|13989|13996|13999|14004|14010|14011|14014|14016|14026|14047|14051|14053|14055|14058|14068|14075|14083|14095|14097|14099|14105|14126|14131|14139|14153|14181|14183|14188|14189|14192|14194|14204|14208|14219|14226|14230|14236|14247|14249|14258|14260|14263|14264|14266|14269|14275|14276|14277|14285|14286|14293|14295|14301|14308|14309|14319|14320|14322|14330|14332|14336|14344|14353|14355|14361|14363|14365|14398|14404|14408|14411|14413|14414|14417|14422|14427|14428|14436|14440|14441|14451|14459|14465|14478|14493|14494|14496|14520|14535|14537|14538|14540|14543|14544|14558|14565|14570|14586|14590|14603|14605|14606|14612|14613|14615|14620|14625|14627|14631|14655|14671|14672|14673|14685|14687|14693|14694|14707|14716|14727|14736|14737|14740|14744|14746|14756|14766|14767|14779|14783|14793|14800|14812|14819|14834|14837|14838|14846|14848|14867|14869|14880|14892|14894|14896|14901|14913|14915|14936|14943|14957|14966|14977|14994|14998|15013|15018|15026|15030|15046|15051|15052|15055|15056|15064|15070|15074|15079|15085|15091|15094|15101|15102|15121|15127|15128|15131|15146|15152|15158|15159|15174|15177|15190|15200|15204|15208|15210|15212|15220|15221|15233|15242|15246|15247|15250|15259|15268|15271|15280|15290|15291|15293|15294|15295|15298|15299|15305|15317|15321|15325|15329|15352|15358|15359|15362|15366|15377|15380|15382|15385|15392|15406|15409|15416|15428|15439|15443|15448|15454|15466|15468|15469|15473|15482|15494|15498|15502|15504|15510|15513|15514|15536|15547|15550|15559|15563|15572|15574|15577|15591|15598|15599|15600|15602|15626|15630|15638|15641|15642|15651|15665|15676|15677|15680|15687|15698|15709|15715|15716|15720|15729|15738|15741|15742|15754|15755|15759|15764|15765|15770|15775|15777|15785|15789|15797|15799|15806|15808|15811|15827|15837|15843|15854|15860|15865|15873|15880|15885|15890|15901|15902|15905|15911|15913|15921|15929|15936|15958|15979|15982|15986|15988|15989|16033|16039|16046|16053|16058|16059|16067|16071|16072|16074|16075|16085|16088|16090|16101|16105|16109|16111|16115|16117|16122|16126|16131|16133|16139|16156|16168|16174|16175|16180|16182|16192|16193|16196|16198|16200|16203|16204|16222|16226|16241|16242|16246|16251|16261|16265|16276|16277|16285|16294|16296|16306|16307|16314|16317|16327|16349|16359|16375|16390|16391|16394|16397|16401|16402|16407|16408|16411|16422|16425|16427|16431|16450|16451|16453|16456|16468|16472|16487|16507|16511|16515|16520|16530|16534|16537|16538|16546|16549|16558|16565|16572|16579|16588|16593|16596|16598|16599|16600|16622|16628|16630|16632|16634|16643|16647|16649|16654|16658|16660|16662|16665|16675|16680|16686|16693|16702|16716|16719|16720|16732|16733|16735|16738|16745|16749|16752|16763|16765|16769|16774|16781|16784|16787|16791|16794|16799|16809|16816|16827|16829|16830|16833|16840|16845|16858|16865|16867|16868|16890|16894|16895|16898|16901|16903|16906|16907|16915|16916|16920|16941|16957|16964|16980|16985|17000|17019|17020|17021|17026|17032|17034|17039|17044|17049|17050|17055|17067|17074|17075|17083|17110|17121|17128|17134|17138|17152|17164|17182|17189|17192|17194|17201|17203|17209|17221|17239|17243|17245|17248|17257|17271|17274|17276|17302|17306|17308|17310|17323|17326|17327|17337|17346|17351|17355|17359|17363|17371|17377|17381|17390|17400|17401|17408|17411|17413|17414|17429|17437|17470|17477|17478|17484|17488|17490|17494|17504|17510|17511|17515|17519|17524|17530|17533|17543|17556|17557|17563|17592|17597|17599|17602|17626|17634|17635|17638|17654|17655|17659|17665|17671|17678|17680|17681|17688|17689|17690|17691|17695|17706|17708|17716|17721|17722|17742|17758|17772|17774|17803|17807|17819|17829|17830|17838|17840|17843|17850|17862|17864|17865|17866|17868|17869|17873|17897|17927|17930|17958|17962|17966|17976|17996|17998|18008|18017|18025|18026|18028|18031|18034|18037|18038|18041|18046|18050|18057|18063|18075|18083|18103|18106|18108|18116|18119|18125|18132|18137|18138|18151|18157|18168|18170|18179|18182|18189|18194|18195|18196|18203|18208|18210|18215|18226|18234|18238|18241|18246|18253|18255|18259|18266|18269|18271|18272|18285|18286
Online Retail II,2011-03-11,4,M3,12356|12357|12361|12373|12385|12387|12388|12389|12395|12403|12425|12458|12464|12469|12471|12482|12490|12502|12504|12505|12520|12528|12531|12539|12540|12541|12542|12553|12557|12562|12573|12575|12576|12582|12584|12591|12600|12613|12616|12623|12625|12629|12644|12654|12662|12673|12677|12678|12686|12694|12695|12730|12733|12734|12736|12742|12744|12748|12755|12758|12759|12767|12797|12799|12800|12802|12808|12811|12813|12817|12826|12840|12841|12842|12846|12860|12863|12872|12881|12887|12889|12894|12920|12929|12935|12937|12941|12946|12947|12948|12953|12954|12957|12961|12964|12967|12975|12992|13002|13005|13007|13010|13011|13012|13013|13022|13024|13033|13041|13044|13046|13048|13049|13052|13053|13056|13057|13071|13080|13082|13083|13092|13094|13108|13109|13110|13123|13138|13141|13149|13162|13163|13164|13179|13192|13198|13199|13205|13213|13230|13238|13240|13246|13259|13267|13274|13275|13283|13285|13287|13288|13294|13296|13297|13302|13326|13329|13340|13357|13360|13373|13377|13385|13387|13395|13399|13400|13407|13421|13446|13450|13457|13458|13469|13488|13490|13498|13509|13516|13537|13552|13554|13559|13577|13587|13604|13608|13613|13624|13627|13632|13636|13642|13648|13650|13656|13661|13663|13669|13674|13675|13677|13684|13688|13692|13694|13699|13701|13705|13706|13712|13718|13725|13727|13735|13742|13766|13783|13784|13789|13794|13795|13797|13807|13809|13815|13819|13825|13833|13838|13849|13854|13855|13856|13878|13880|13883|13889|13892|13900|13901|13905|13906|13908|13911|13922|13935|13944|13968|13971|13984|13989|13996|13999|14004|14010|14011|14014|14016|14026|14047|14051|14053|14055|14058|14068|14075|14083|14095|14097|14099|14105|14126|14131|14139|14153|14181|14183|14188|14189|14192|14194|14204|14208|14219|14226|14230|14236|14247|14249|14258|14260|14263|14264|14266|14269|14275|14276|14277|14285|14286|14293|14295|14301|14308|14309|14319|14320|14322|14330|14332|14336|14344|14353|14355|14361|14363|14365|14398|14404|14408|14411|14413|14414|14417|14422|14427|14428|14436|14440|14441|14451|14459|14465|14478|14493|14494|14496|14520|14535|14537|14538|14540|14543|14544|14558|14565|14570|14586|14590|14603|14605|14606|14612|14613|14615|14620|14625|14627|14631|14655|14671|14672|14673|14685|14687|14693|14694|14707|14716|14727|14736|14737|14740|14744|14746|14756|14766|14767|14779|14783|14793|14800|14812|14819|14834|14837|14838|14846|14848|14867|14869|14880|14892|14894|14896|14901|14913|14915|14936|14943|14957|14966|14977|14994|14998|15013|15018|15026|15030|15046|15051|15052|15055|15056|15064|15070|15074|15079|15085|15091|15094|15101|15102|15121|15127|15128|15131|15146|15152|15158|15159|15174|15177|15190|15200|15204|15208|15210|15212|15220|15221|15233|15242|15246|15247|15250|15259|15268|15271|15280|15290|15291|15293|15294|15295|15298|15299|15305|15317|15321|15325|15329|15352|15358|15359|15362|15366|15377|15380|15382|15385|15392|15406|15409|15416|15428|15439|15443|15448|15454|15466|15468|15469|15473|15482|15494|15498|15502|15504|15510|15513|15514|15536|15547|15550|15559|15563|15572|15574|15577|15591|15598|15599|15600|15602|15626|15630|15638|15641|15642|15651|15665|15676|15677|15680|15687|15698|15709|15715|15716|15720|15729|15738|15741|15742|15754|15755|15759|15764|15765|15770|15775|15777|15785|15789|15797|15799|15806|15808|15811|15827|15837|15843|15854|15860|15865|15873|15880|15885|15890|15901|15902|15905|15911|15913|15921|15929|15936|15958|15979|15982|15986|15988|15989|16033|16039|16046|16053|16058|16059|16067|16071|16072|16074|16075|16085|16088|16090|16101|16105|16109|16111|16115|16117|16122|16126|16131|16133|16139|16156|16168|16174|16175|16180|16182|16192|16193|16196|16198|16200|16203|16204|16222|16226|16241|16242|16246|16251|16261|16265|16276|16277|16285|16294|16296|16306|16307|16314|16317|16327|16349|16359|16375|16390|16391|16394|16397|16401|16402|16407|16408|16411|16422|16425|16427|16431|16450|16451|16453|16456|16468|16472|16487|16507|16511|16515|16520|16530|16534|16537|16538|16546|16549|16558|16565|16572|16579|16588|16593|16596|16598|16599|16600|16622|16628|16630|16632|16634|16643|16647|16649|16654|16658|16660|16662|16665|16675|16680|16686|16693|16702|16716|16719|16720|16732|16733|16735|16738|16745|16749|16752|16763|16765|16769|16774|16781|16784|16787|16791|16794|16799|16809|16816|16827|16829|16830|16833|16840|16845|16858|16865|16867|16868|16890|16894|16895|16898|16901|16903|16906|16907|16915|16916|16920|16941|16957|16964|16980|16985|17000|17019|17020|17021|17026|17032|17034|17039|17044|17049|17050|17055|17067|17074|17075|17083|17110|17121|17128|17134|17138|17152|17164|17182|17189|17192|17194|17201|17203|17209|17221|17239|17243|17245|17248|17257|17271|17274|17276|17302|17306|17308|17310|17323|17326|17327|17337|17346|17351|17355|17359|17363|17371|17377|17381|17390|17400|17401|17408|17411|17413|17414|17429|17437|17470|17477|17478|17484|17488|17490|17494|17504|17510|17511|17515|17519|17524|17530|17533|17543|17556|17557|17563|17592|17597|17599|17602|17626|17634|17635|17638|17654|17655|17659|17665|17671|17678|17680|17681|17688|17689|17690|17691|17695|17706|17708|17716|17721|17722|17742|17758|17772|17774|17803|17807|17819|17829|17830|17838|17840|17843|17850|17862|17864|17865|17866|17868|17869|17873|17897|17927|17930|17958|17962|17966|17976|17996|17998|18008|18017|18025|18026|18028|18031|18034|18037|18038|18041|18046|18050|18057|18063|18075|18083|18103|18106|18108|18116|18119|18125|18132|18137|18138|18151|18157|18168|18170|18179|18182|18189|18194|18195|18196|18203|18208|18210|18215|18226|18234|18238|18241|18246|18253|18255|18259|18266|18269|18271|18272|18285|18286
Online Retail II,2011-06-10,0,M0,12350|12352|12360|12363|12373|12377|12378|12386|12392|12394|12396|12402|12407|12410|12411|12414|12417|12421|12426|12427|12433|12441|12455|12460|12472|12476|12487|12490|12503|12506|12511|12517|12523|12527|12545|12554|12555|12564|12567|12568|12569|12574|12576|12578|12593|12596|12598|12599|12613|12645|12653|12661|12662|12672|12684|12690|12696|12700|12701|12703|12705|12727|12735|12737|12747|12760|12775|12777|12780|12784|12793|12798|12800|12804|12805|12815|12818|12819|12825|12826|12829|12836|12839|12853|12858|12861|12865|12875|12876|12886|12888|12890|12892|12897|12898|12915|12923|12925|12928|12932|12933|12939|12941|12943|12945|12949|12955|12957|12958|12971|12974|12975|12979|12980|12986|12989|12992|12993|12996|12997|12998|12999|13000|13005|13007|13009|13012|13022|13023|13024|13027|13029|13032|13037|13038|13042|13048|13050|13052|13055|13062|13065|13067|13068|13069|13076|13080|13081|13086|13088|13090|13092|13103|13104|13115|13117|13120|13125|13131|13138|13143|13144|13150|13163|13164|13171|13173|13179|13185|13208|13209|13213|13229|13233|13239|13245|13254|13255|13266|13270|13277|13282|13285|13287|13296|13300|13307|13309|13319|13331|13338|13346|13359|13386|13405|13417|13423|13424|13434|13441|13442|13443|13445|13448|13452|13456|13459|13461|13464|13468|13484|13503|13505|13512|13513|13523|13530|13533|13537|13547|13549|13571|13574|13579|13580|13585|13587|13589|13599|13601|13605|13609|13612|13615|13624|13629|13630|13634|13642|13661|13671|13677|13680|13688|13691|13695|13696|13703|13706|13720|13727|13734|13735|13737|13745|13751|13756|13760|13771|13776|13789|13796|13804|13819|13825|13830|13833|13838|13846|13848|13851|13857|13861|13871|13872|13879|13881|13883|13885|13894|13905|13915|13919|13934|13942|13946|13951|13962|13969|13973|13983|13984|13987|13988|13995|13998|13999|14000|14001|14006|14009|14011|14013|14018|14028|14031|14036|14040|14042|14045|14058|14062|14066|14079|14080|14082|14095|14105|14119|14123|14127|14133|14145|14148|14149|14156|14159|14171|14183|14190|14192|14199|14200|14208|14209|14219|14223|14231|14233|14237|14256|14264|14271|14276|14278|14281|14294|14321|14322|14327|14338|14340|14364|14366|14367|14369|14370|14371|14372|14386|14402|14410|14412|14419|14423|14440|14447|14449|14455|14457|14461|14462|14466|14469|14472|14486|14489|14502|14506|14508|14509|14515|14525|14526|14527|14531|14536|14540|14541|14563|14573|14583|14585|14587|14595|14596|14602|14604|14611|14612|14617|14626|14631|14632|14640|14657|14659|14669|14670|14672|14674|14681|14691|14694|14700|14701|14702|14704|14710|14714|14715|14719|14733|14739|14740|14749|14762|14767|14776|14783|14788|14807|14814|14819|14820|14823|14825|14826|14832|14834|14835|14839|14841|14845|14854|14871|14873|14875|14886|14889|14896|14897|14903|14913|14915|14916|14917|14926|14936|14944|14945|14959|14964|14969|14980|14981|14983|14991|14998|14999|15011|15012|15013|15025|15030|15042|15052|15057|15063|15070|15072|15078|15082|15084|15091|15098|15105|15106|15110|15112|15114|15121|15122|15132|15138|15149|15166|15170|15194|15209|15211|15212|15215|15217|15221|15223|15235|15249|15250|15251|15252|15258|15259|15260|15261|15269|15273|15279|15283|15290|15294|15308|15310|15317|15321|15322|15326|15331|15336|15351|15354|15364|15367|15374|15396|15397|15400|15403|15406|15411|15413|15414|15431|15441|15449|15455|15458|15461|15462|15464|15468|15469|15477|15482|15491|15498|15508|15518|15524|15527|15528|15532|15534|15545|15558|15562|15590|15597|15598|15600|15603|15617|15631|15642|15649|15655|15659|15665|15673|15674|15677|15680|15683|15689|15705|15709|15712|15713|15730|15741|15749|15752|15756|15764|15774|15777|15779|15780|15782|15794|15797|15798|15828|15833|15863|15876|15878|15880|15881|15882|15884|15886|15898|15900|15903|15907|15908|15919|15920|15924|15925|15934|15936|15938|15943|15960|15962|15967|15972|15973|15978|15979|15981|15985|15990|15996|15999|16013|16019|16021|16027|16030|16042|16043|16044|16046|16078|16080|16086|16089|16091|16097|16100|16110|16115|16116|16125|16132|16139|16142|16156|16161|16162|16163|16167|16170|16182|16190|16194|16198|16224|16226|16230|16231|16232|16233|16235|16239|16246|16252|16256|16269|16281|16286|16292|16294|16297|16299|16304|16308|16310|16316|16319|16320|16327|16331|16346|16350|16351|16353|16357|16359|16367|16371|16377|16384|16402|16408|16411|16420|16424|16430|16436|16446|16450|16472|16476|16483|16496|16502|16517|16519|16538|16539|16540|16545|16549|16550|16560|16572|16578|16581|16583|16587|16592|16598|16599|16604|16609|16617|16618|16628|16632|16643|16655|16660|16661|16662|16676|16694|16696|16709|16714|16715|16722|16724|16728|16729|16739|16749|16773|16775|16776|16780|16784|16805|16807|16813|16815|16830|16831|16835|16839|16843|16850|16858|16861|16872|16883|16890|16894|16895|16908|16912|16920|16927|16934|16935|16941|16946|16949|16954|16955|16962|16966|16967|16970|16973|16978|16980|16984|16991|17017|17020|17043|17044|17045|17046|17049|17056|17058|17062|17064|17081|17089|17090|17091|17093|17106|17116|17118|17124|17127|17132|17135|17140|17142|17147|17149|17150|17151|17152|17159|17164|17166|17171|17179|17189|17193|17200|17207|17218|17222|17231|17233|17237|17251|17254|17260|17263|17266|17269|17277|17280|17290|17298|17301|17306|17308|17311|17315|17321|17325|17332|17339|17340|17343|17344|17345|17358|17383|17388|17403|17409|17417|17430|17456|17465|17473|17474|17477|17482|17486|17495|17507|17513|17522|17526|17531|17540|17547|17557|17569|17582|17584|17588|17599|17603|17611|17617|17618|17619|17626|17634|17635|17655|17662|17665|17673|17687|17688|17701|17703|17705|17718|17729|17745|17753|17759|17760|17763|17771|17772|17775|17780|17792|17801|17811|17822|17823|17838|17841|17857|17859|17861|17881|17890|17893|17897|17898|17907|17909|17913|17918|17922|17940|17941|17953|17969|17981|17989|17996|17999|18009|18017|18021|18029|18036|18037|18043|18057|18065|18072|18078|18091|18107|18110|18135|18137|18144|18150|18152|18154|18155|18161|18163|18177|18179|18182|18201|18204|18208|18210|18213|18217|18225|18230|18231|18232|18235|18236|18248|18252|18253|18273|18276
Online Retail II,2011-06-10,0,M1,12350|12352|12360|12363|12373|12377|12378|12386|12392|12394|12396|12402|12407|12410|12411|12414|12417|12421|12426|12427|12433|12441|12455|12460|12472|12476|12487|12490|12503|12506|12511|12517|12523|12527|12545|12554|12555|12564|12567|12568|12569|12574|12576|12578|12593|12596|12598|12599|12613|12645|12653|12661|12662|12672|12684|12690|12696|12700|12701|12703|12705|12727|12735|12737|12747|12760|12775|12777|12780|12784|12793|12798|12800|12804|12805|12815|12818|12819|12825|12826|12829|12836|12839|12853|12858|12861|12865|12875|12876|12886|12888|12890|12892|12897|12898|12915|12923|12925|12928|12932|12933|12939|12941|12943|12945|12949|12955|12957|12958|12971|12974|12975|12979|12980|12986|12989|12992|12993|12996|12997|12998|12999|13000|13005|13007|13009|13012|13022|13023|13024|13027|13029|13032|13037|13038|13042|13048|13050|13052|13055|13062|13065|13067|13068|13069|13076|13080|13081|13086|13088|13090|13092|13103|13104|13115|13117|13120|13125|13131|13138|13143|13144|13150|13163|13164|13171|13173|13179|13185|13208|13209|13213|13229|13233|13239|13245|13254|13255|13266|13270|13277|13282|13285|13287|13296|13300|13307|13309|13319|13331|13338|13346|13359|13386|13405|13417|13423|13424|13434|13441|13442|13443|13445|13448|13452|13456|13459|13461|13464|13468|13484|13503|13505|13512|13513|13523|13530|13533|13537|13547|13549|13571|13574|13579|13580|13585|13587|13589|13599|13601|13605|13609|13612|13615|13624|13629|13630|13634|13642|13661|13671|13677|13680|13688|13691|13695|13696|13703|13706|13720|13727|13734|13735|13737|13745|13751|13756|13760|13771|13776|13789|13796|13804|13819|13825|13830|13833|13838|13846|13848|13851|13857|13861|13871|13872|13879|13881|13883|13885|13894|13905|13915|13919|13934|13942|13946|13951|13962|13969|13973|13983|13984|13987|13988|13995|13998|13999|14000|14001|14006|14009|14011|14013|14018|14028|14031|14036|14040|14042|14045|14058|14062|14066|14079|14080|14082|14095|14105|14119|14123|14127|14133|14145|14148|14149|14156|14159|14171|14183|14190|14192|14199|14200|14208|14209|14219|14223|14231|14233|14237|14256|14264|14271|14276|14278|14281|14294|14321|14322|14327|14338|14340|14364|14366|14367|14369|14370|14371|14372|14386|14402|14410|14412|14419|14423|14440|14447|14449|14455|14457|14461|14462|14466|14469|14472|14486|14489|14502|14506|14508|14509|14515|14525|14526|14527|14531|14536|14540|14541|14563|14573|14583|14585|14587|14595|14596|14602|14604|14611|14612|14617|14626|14631|14632|14640|14657|14659|14669|14670|14672|14674|14681|14691|14694|14700|14701|14702|14704|14710|14714|14715|14719|14733|14739|14740|14749|14762|14767|14776|14783|14788|14807|14814|14819|14820|14823|14825|14826|14832|14834|14835|14839|14841|14845|14854|14871|14873|14875|14886|14889|14896|14897|14903|14913|14915|14916|14917|14926|14936|14944|14945|14959|14964|14969|14980|14981|14983|14991|14998|14999|15011|15012|15013|15025|15030|15042|15052|15057|15063|15070|15072|15078|15082|15084|15091|15098|15105|15106|15110|15112|15114|15121|15122|15132|15138|15149|15166|15170|15194|15209|15211|15212|15215|15217|15221|15223|15235|15249|15250|15251|15252|15258|15259|15260|15261|15269|15273|15279|15283|15290|15294|15308|15310|15317|15321|15322|15326|15331|15336|15351|15354|15364|15367|15374|15396|15397|15400|15403|15406|15411|15413|15414|15431|15441|15449|15455|15458|15461|15462|15464|15468|15469|15477|15482|15491|15498|15508|15518|15524|15527|15528|15532|15534|15545|15558|15562|15590|15597|15598|15600|15603|15617|15631|15642|15649|15655|15659|15665|15673|15674|15677|15680|15683|15689|15705|15709|15712|15713|15730|15741|15749|15752|15756|15764|15774|15777|15779|15780|15782|15794|15797|15798|15828|15833|15863|15876|15878|15880|15881|15882|15884|15886|15898|15900|15903|15907|15908|15919|15920|15924|15925|15934|15936|15938|15943|15960|15962|15967|15972|15973|15978|15979|15981|15985|15990|15996|15999|16013|16019|16021|16027|16030|16042|16043|16044|16046|16078|16080|16086|16089|16091|16097|16100|16110|16115|16116|16125|16132|16139|16142|16156|16161|16162|16163|16167|16170|16182|16190|16194|16198|16224|16226|16230|16231|16232|16233|16235|16239|16246|16252|16256|16269|16281|16286|16292|16294|16297|16299|16304|16308|16310|16316|16319|16320|16327|16331|16346|16350|16351|16353|16357|16359|16367|16371|16377|16384|16402|16408|16411|16420|16424|16430|16436|16446|16450|16472|16476|16483|16496|16502|16517|16519|16538|16539|16540|16545|16549|16550|16560|16572|16578|16581|16583|16587|16592|16598|16599|16604|16609|16617|16618|16628|16632|16643|16655|16660|16661|16662|16676|16694|16696|16709|16714|16715|16722|16724|16728|16729|16739|16749|16773|16775|16776|16780|16784|16805|16807|16813|16815|16830|16831|16835|16839|16843|16850|16858|16861|16872|16883|16890|16894|16895|16908|16912|16920|16927|16934|16935|16941|16946|16949|16954|16955|16962|16966|16967|16970|16973|16978|16980|16984|16991|17017|17020|17043|17044|17045|17046|17049|17056|17058|17062|17064|17081|17089|17090|17091|17093|17106|17116|17118|17124|17127|17132|17135|17140|17142|17147|17149|17150|17151|17152|17159|17164|17166|17171|17179|17189|17193|17200|17207|17218|17222|17231|17233|17237|17251|17254|17260|17263|17266|17269|17277|17280|17290|17298|17301|17306|17308|17311|17315|17321|17325|17332|17339|17340|17343|17344|17345|17358|17383|17388|17403|17409|17417|17430|17456|17465|17473|17474|17477|17482|17486|17495|17507|17513|17522|17526|17531|17540|17547|17557|17569|17582|17584|17588|17599|17603|17611|17617|17618|17619|17626|17634|17635|17655|17662|17665|17673|17687|17688|17701|17703|17705|17718|17729|17745|17753|17759|17760|17763|17771|17772|17775|17780|17792|17801|17811|17822|17823|17838|17841|17857|17859|17861|17881|17890|17893|17897|17898|17907|17909|17913|17918|17922|17940|17941|17953|17969|17981|17989|17996|17999|18009|18017|18021|18029|18036|18037|18043|18057|18065|18072|18078|18091|18107|18110|18135|18137|18144|18150|18152|18154|18155|18161|18163|18177|18179|18182|18201|18204|18208|18210|18213|18217|18225|18230|18231|18232|18235|18236|18248|18252|18253|18273|18276
Online Retail II,2011-06-10,0,M2,12350|12352|12360|12363|12373|12377|12378|12386|12392|12394|12396|12402|12407|12410|12411|12414|12417|12421|12426|12427|12433|12441|12455|12460|12472|12476|12487|12490|12503|12506|12511|12517|12523|12527|12545|12554|12555|12564|12567|12568|12569|12574|12576|12578|12593|12596|12598|12599|12613|12645|12653|12661|12662|12672|12684|12690|12696|12700|12701|12703|12705|12727|12735|12737|12747|12760|12775|12777|12780|12784|12793|12798|12800|12804|12805|12815|12818|12819|12825|12826|12829|12836|12839|12853|12858|12861|12865|12875|12876|12886|12888|12890|12892|12897|12898|12915|12923|12925|12928|12932|12933|12939|12941|12943|12945|12949|12955|12957|12958|12971|12974|12975|12979|12980|12986|12989|12992|12993|12996|12997|12998|12999|13000|13005|13007|13009|13012|13022|13023|13024|13027|13029|13032|13037|13038|13042|13048|13050|13052|13055|13062|13065|13067|13068|13069|13076|13080|13081|13086|13088|13090|13092|13103|13104|13115|13117|13120|13125|13131|13138|13143|13144|13150|13163|13164|13171|13173|13179|13185|13208|13209|13213|13229|13233|13239|13245|13254|13255|13266|13270|13277|13282|13285|13287|13296|13300|13307|13309|13319|13331|13338|13346|13359|13386|13405|13417|13423|13424|13434|13441|13442|13443|13445|13448|13452|13456|13459|13461|13464|13468|13484|13503|13505|13512|13513|13523|13530|13533|13537|13547|13549|13571|13574|13579|13580|13585|13587|13589|13599|13601|13605|13609|13612|13615|13624|13629|13630|13634|13642|13661|13671|13677|13680|13688|13691|13695|13696|13703|13706|13720|13727|13734|13735|13737|13745|13751|13756|13760|13771|13776|13789|13796|13804|13819|13825|13830|13833|13838|13846|13848|13851|13857|13861|13871|13872|13879|13881|13883|13885|13894|13905|13915|13919|13934|13942|13946|13951|13962|13969|13973|13983|13984|13987|13988|13995|13998|13999|14000|14001|14006|14009|14011|14013|14018|14028|14031|14036|14040|14042|14045|14058|14062|14066|14079|14080|14082|14095|14105|14119|14123|14127|14133|14145|14148|14149|14156|14159|14171|14183|14190|14192|14199|14200|14208|14209|14219|14223|14231|14233|14237|14256|14264|14271|14276|14278|14281|14294|14321|14322|14327|14338|14340|14364|14366|14367|14369|14370|14371|14372|14386|14402|14410|14412|14419|14423|14440|14447|14449|14455|14457|14461|14462|14466|14469|14472|14486|14489|14502|14506|14508|14509|14515|14525|14526|14527|14531|14536|14540|14541|14563|14573|14583|14585|14587|14595|14596|14602|14604|14611|14612|14617|14626|14631|14632|14640|14657|14659|14669|14670|14672|14674|14681|14691|14694|14700|14701|14702|14704|14710|14714|14715|14719|14733|14739|14740|14749|14762|14767|14776|14783|14788|14807|14814|14819|14820|14823|14825|14826|14832|14834|14835|14839|14841|14845|14854|14871|14873|14875|14886|14889|14896|14897|14903|14913|14915|14916|14917|14926|14936|14944|14945|14959|14964|14969|14980|14981|14983|14991|14998|14999|15011|15012|15013|15025|15030|15042|15052|15057|15063|15070|15072|15078|15082|15084|15091|15098|15105|15106|15110|15112|15114|15121|15122|15132|15138|15149|15166|15170|15194|15209|15211|15212|15215|15217|15221|15223|15235|15249|15250|15251|15252|15258|15259|15260|15261|15269|15273|15279|15283|15290|15294|15308|15310|15317|15321|15322|15326|15331|15336|15351|15354|15364|15367|15374|15396|15397|15400|15403|15406|15411|15413|15414|15431|15441|15449|15455|15458|15461|15462|15464|15468|15469|15477|15482|15491|15498|15508|15518|15524|15527|15528|15532|15534|15545|15558|15562|15590|15597|15598|15600|15603|15617|15631|15642|15649|15655|15659|15665|15673|15674|15677|15680|15683|15689|15705|15709|15712|15713|15730|15741|15749|15752|15756|15764|15774|15777|15779|15780|15782|15794|15797|15798|15828|15833|15863|15876|15878|15880|15881|15882|15884|15886|15898|15900|15903|15907|15908|15919|15920|15924|15925|15934|15936|15938|15943|15960|15962|15967|15972|15973|15978|15979|15981|15985|15990|15996|15999|16013|16019|16021|16027|16030|16042|16043|16044|16046|16078|16080|16086|16089|16091|16097|16100|16110|16115|16116|16125|16132|16139|16142|16156|16161|16162|16163|16167|16170|16182|16190|16194|16198|16224|16226|16230|16231|16232|16233|16235|16239|16246|16252|16256|16269|16281|16286|16292|16294|16297|16299|16304|16308|16310|16316|16319|16320|16327|16331|16346|16350|16351|16353|16357|16359|16367|16371|16377|16384|16402|16408|16411|16420|16424|16430|16436|16446|16450|16472|16476|16483|16496|16502|16517|16519|16538|16539|16540|16545|16549|16550|16560|16572|16578|16581|16583|16587|16592|16598|16599|16604|16609|16617|16618|16628|16632|16643|16655|16660|16661|16662|16676|16694|16696|16709|16714|16715|16722|16724|16728|16729|16739|16749|16773|16775|16776|16780|16784|16805|16807|16813|16815|16830|16831|16835|16839|16843|16850|16858|16861|16872|16883|16890|16894|16895|16908|16912|16920|16927|16934|16935|16941|16946|16949|16954|16955|16962|16966|16967|16970|16973|16978|16980|16984|16991|17017|17020|17043|17044|17045|17046|17049|17056|17058|17062|17064|17081|17089|17090|17091|17093|17106|17116|17118|17124|17127|17132|17135|17140|17142|17147|17149|17150|17151|17152|17159|17164|17166|17171|17179|17189|17193|17200|17207|17218|17222|17231|17233|17237|17251|17254|17260|17263|17266|17269|17277|17280|17290|17298|17301|17306|17308|17311|17315|17321|17325|17332|17339|17340|17343|17344|17345|17358|17383|17388|17403|17409|17417|17430|17456|17465|17473|17474|17477|17482|17486|17495|17507|17513|17522|17526|17531|17540|17547|17557|17569|17582|17584|17588|17599|17603|17611|17617|17618|17619|17626|17634|17635|17655|17662|17665|17673|17687|17688|17701|17703|17705|17718|17729|17745|17753|17759|17760|17763|17771|17772|17775|17780|17792|17801|17811|17822|17823|17838|17841|17857|17859|17861|17881|17890|17893|17897|17898|17907|17909|17913|17918|17922|17940|17941|17953|17969|17981|17989|17996|17999|18009|18017|18021|18029|18036|18037|18043|18057|18065|18072|18078|18091|18107|18110|18135|18137|18144|18150|18152|18154|18155|18161|18163|18177|18179|18182|18201|18204|18208|18210|18213|18217|18225|18230|18231|18232|18235|18236|18248|18252|18253|18273|18276
Online Retail II,2011-06-10,0,M3,12350|12352|12360|12363|12373|12377|12378|12386|12392|12394|12396|12402|12407|12410|12411|12414|12417|12421|12426|12427|12433|12441|12455|12460|12472|12476|12487|12490|12503|12506|12511|12517|12523|12527|12545|12554|12555|12564|12567|12568|12569|12574|12576|12578|12593|12596|12598|12599|12613|12645|12653|12661|12662|12672|12684|12690|12696|12700|12701|12703|12705|12727|12735|12737|12747|12760|12775|12777|12780|12784|12793|12798|12800|12804|12805|12815|12818|12819|12825|12826|12829|12836|12839|12853|12858|12861|12865|12875|12876|12886|12888|12890|12892|12897|12898|12915|12923|12925|12928|12932|12933|12939|12941|12943|12945|12949|12955|12957|12958|12971|12974|12975|12979|12980|12986|12989|12992|12993|12996|12997|12998|12999|13000|13005|13007|13009|13012|13022|13023|13024|13027|13029|13032|13037|13038|13042|13048|13050|13052|13055|13062|13065|13067|13068|13069|13076|13080|13081|13086|13088|13090|13092|13103|13104|13115|13117|13120|13125|13131|13138|13143|13144|13150|13163|13164|13171|13173|13179|13185|13208|13209|13213|13229|13233|13239|13245|13254|13255|13266|13270|13277|13282|13285|13287|13296|13300|13307|13309|13319|13331|13338|13346|13359|13386|13405|13417|13423|13424|13434|13441|13442|13443|13445|13448|13452|13456|13459|13461|13464|13468|13484|13503|13505|13512|13513|13523|13530|13533|13537|13547|13549|13571|13574|13579|13580|13585|13587|13589|13599|13601|13605|13609|13612|13615|13624|13629|13630|13634|13642|13661|13671|13677|13680|13688|13691|13695|13696|13703|13706|13720|13727|13734|13735|13737|13745|13751|13756|13760|13771|13776|13789|13796|13804|13819|13825|13830|13833|13838|13846|13848|13851|13857|13861|13871|13872|13879|13881|13883|13885|13894|13905|13915|13919|13934|13942|13946|13951|13962|13969|13973|13983|13984|13987|13988|13995|13998|13999|14000|14001|14006|14009|14011|14013|14018|14028|14031|14036|14040|14042|14045|14058|14062|14066|14079|14080|14082|14095|14105|14119|14123|14127|14133|14145|14148|14149|14156|14159|14171|14183|14190|14192|14199|14200|14208|14209|14219|14223|14231|14233|14237|14256|14264|14271|14276|14278|14281|14294|14321|14322|14327|14338|14340|14364|14366|14367|14369|14370|14371|14372|14386|14402|14410|14412|14419|14423|14440|14447|14449|14455|14457|14461|14462|14466|14469|14472|14486|14489|14502|14506|14508|14509|14515|14525|14526|14527|14531|14536|14540|14541|14563|14573|14583|14585|14587|14595|14596|14602|14604|14611|14612|14617|14626|14631|14632|14640|14657|14659|14669|14670|14672|14674|14681|14691|14694|14700|14701|14702|14704|14710|14714|14715|14719|14733|14739|14740|14749|14762|14767|14776|14783|14788|14807|14814|14819|14820|14823|14825|14826|14832|14834|14835|14839|14841|14845|14854|14871|14873|14875|14886|14889|14896|14897|14903|14913|14915|14916|14917|14926|14936|14944|14945|14959|14964|14969|14980|14981|14983|14991|14998|14999|15011|15012|15013|15025|15030|15042|15052|15057|15063|15070|15072|15078|15082|15084|15091|15098|15105|15106|15110|15112|15114|15121|15122|15132|15138|15149|15166|15170|15194|15209|15211|15212|15215|15217|15221|15223|15235|15249|15250|15251|15252|15258|15259|15260|15261|15269|15273|15279|15283|15290|15294|15308|15310|15317|15321|15322|15326|15331|15336|15351|15354|15364|15367|15374|15396|15397|15400|15403|15406|15411|15413|15414|15431|15441|15449|15455|15458|15461|15462|15464|15468|15469|15477|15482|15491|15498|15508|15518|15524|15527|15528|15532|15534|15545|15558|15562|15590|15597|15598|15600|15603|15617|15631|15642|15649|15655|15659|15665|15673|15674|15677|15680|15683|15689|15705|15709|15712|15713|15730|15741|15749|15752|15756|15764|15774|15777|15779|15780|15782|15794|15797|15798|15828|15833|15863|15876|15878|15880|15881|15882|15884|15886|15898|15900|15903|15907|15908|15919|15920|15924|15925|15934|15936|15938|15943|15960|15962|15967|15972|15973|15978|15979|15981|15985|15990|15996|15999|16013|16019|16021|16027|16030|16042|16043|16044|16046|16078|16080|16086|16089|16091|16097|16100|16110|16115|16116|16125|16132|16139|16142|16156|16161|16162|16163|16167|16170|16182|16190|16194|16198|16224|16226|16230|16231|16232|16233|16235|16239|16246|16252|16256|16269|16281|16286|16292|16294|16297|16299|16304|16308|16310|16316|16319|16320|16327|16331|16346|16350|16351|16353|16357|16359|16367|16371|16377|16384|16402|16408|16411|16420|16424|16430|16436|16446|16450|16472|16476|16483|16496|16502|16517|16519|16538|16539|16540|16545|16549|16550|16560|16572|16578|16581|16583|16587|16592|16598|16599|16604|16609|16617|16618|16628|16632|16643|16655|16660|16661|16662|16676|16694|16696|16709|16714|16715|16722|16724|16728|16729|16739|16749|16773|16775|16776|16780|16784|16805|16807|16813|16815|16830|16831|16835|16839|16843|16850|16858|16861|16872|16883|16890|16894|16895|16908|16912|16920|16927|16934|16935|16941|16946|16949|16954|16955|16962|16966|16967|16970|16973|16978|16980|16984|16991|17017|17020|17043|17044|17045|17046|17049|17056|17058|17062|17064|17081|17089|17090|17091|17093|17106|17116|17118|17124|17127|17132|17135|17140|17142|17147|17149|17150|17151|17152|17159|17164|17166|17171|17179|17189|17193|17200|17207|17218|17222|17231|17233|17237|17251|17254|17260|17263|17266|17269|17277|17280|17290|17298|17301|17306|17308|17311|17315|17321|17325|17332|17339|17340|17343|17344|17345|17358|17383|17388|17403|17409|17417|17430|17456|17465|17473|17474|17477|17482|17486|17495|17507|17513|17522|17526|17531|17540|17547|17557|17569|17582|17584|17588|17599|17603|17611|17617|17618|17619|17626|17634|17635|17655|17662|17665|17673|17687|17688|17701|17703|17705|17718|17729|17745|17753|17759|17760|17763|17771|17772|17775|17780|17792|17801|17811|17822|17823|17838|17841|17857|17859|17861|17881|17890|17893|17897|17898|17907|17909|17913|17918|17922|17940|17941|17953|17969|17981|17989|17996|17999|18009|18017|18021|18029|18036|18037|18043|18057|18065|18072|18078|18091|18107|18110|18135|18137|18144|18150|18152|18154|18155|18161|18163|18177|18179|18182|18201|18204|18208|18210|18213|18217|18225|18230|18231|18232|18235|18236|18248|18252|18253|18273|18276
Online Retail II,2011-06-10,1,M0,12349|12356|12357|12362|12370|12371|12374|12385|12388|12389|12401|12416|12423|12435|12443|12445|12454|12464|12466|12471|12481|12483|12496|12510|12516|12519|12530|12531|12533|12541|12551|12562|12585|12592|12614|12615|12620|12632|12634|12644|12647|12651|12654|12656|12675|12676|12681|12682|12693|12694|12695|12699|12712|12714|12730|12733|12734|12736|12748|12758|12759|12763|12764|12765|12771|12773|12774|12787|12789|12791|12792|12808|12809|12810|12820|12834|12844|12845|12848|12854|12857|12867|12877|12894|12899|12918|12931|12934|12937|12946|12951|12953|12960|12964|12978|12988|12990|13002|13011|13014|13026|13036|13039|13041|13043|13044|13049|13056|13057|13060|13074|13079|13082|13093|13096|13097|13106|13110|13123|13126|13134|13137|13151|13161|13181|13187|13199|13204|13214|13220|13226|13234|13243|13246|13253|13258|13261|13264|13267|13269|13276|13280|13289|13295|13299|13304|13305|13306|13324|13333|13334|13337|13341|13370|13375|13377|13383|13384|13387|13393|13395|13410|13412|13413|13414|13427|13432|13440|13446|13455|13458|13465|13472|13473|13478|13482|13493|13494|13499|13501|13520|13531|13534|13546|13550|13562|13565|13569|13578|13583|13591|13597|13600|13608|13610|13616|13617|13619|13627|13628|13635|13647|13649|13652|13653|13660|13662|13694|13700|13707|13708|13713|13716|13717|13721|13722|13724|13725|13729|13731|13740|13743|13744|13752|13768|13769|13773|13803|13807|13813|13818|13823|13824|13829|13835|13836|13842|13843|13849|13855|13859|13865|13873|13874|13884|13887|13895|13896|13901|13902|13904|13909|13921|13922|13935|13936|13944|13948|13952|13964|13966|13968|13970|13971|13975|13990|13996|14008|14012|14024|14025|14026|14033|14041|14043|14046|14047|14048|14065|14068|14072|14077|14090|14094|14097|14099|14110|14126|14128|14132|14135|14136|14142|14146|14147|14162|14163|14168|14169|14170|14175|14177|14178|14181|14185|14195|14202|14204|14206|14207|14214|14225|14227|14238|14241|14244|14249|14255|14257|14260|14262|14263|14267|14269|14270|14273|14274|14275|14279|14290|14291|14293|14295|14296|14301|14303|14307|14310|14312|14316|14326|14329|14330|14334|14341|14346|14350|14365|14381|14388|14393|14399|14411|14413|14436|14442|14450|14454|14460|14465|14467|14470|14487|14491|14494|14496|14507|14520|14522|14532|14535|14543|14546|14549|14550|14555|14558|14560|14568|14570|14571|14584|14590|14598|14608|14610|14615|14622|14625|14628|14630|14645|14648|14662|14663|14678|14679|14680|14688|14692|14706|14709|14713|14716|14721|14722|14724|14729|14732|14734|14736|14738|14741|14742|14745|14747|14748|14750|14756|14782|14790|14793|14799|14805|14818|14828|14843|14853|14857|14865|14866|14870|14872|14878|14879|14882|14883|14893|14894|14898|14899|14904|14906|14908|14911|14912|14922|14931|14942|14947|14948|14949|14952|14954|14957|14961|14967|14975|14979|14986|14987|14995|15002|15020|15024|15026|15027|15028|15032|15033|15034|15047|15048|15058|15071|15077|15092|15094|15100|15104|15107|15109|15119|15133|15134|15135|15140|15141|15152|15154|15171|15184|15188|15190|15191|15202|15224|15229|15231|15238|15242|15243|15247|15255|15256|15257|15262|15264|15265|15267|15271|15285|15298|15309|15311|15316|15323|15332|15333|15350|15359|15361|15366|15380|15382|15405|15407|15421|15423|15424|15434|15437|15442|15452|15489|15495|15501|15502|15512|15519|15529|15530|15540|15542|15549|15552|15566|15571|15572|15579|15584|15588|15595|15599|15601|15613|15616|15620|15622|15626|15634|15637|15646|15660|15661|15662|15668|15669|15671|15676|15681|15686|15694|15696|15698|15703|15716|15733|15735|15736|15738|15760|15761|15765|15788|15799|15815|15824|15834|15835|15843|15847|15848|15856|15860|15861|15862|15872|15874|15875|15890|15893|15923|15932|15940|15941|15944|15946|15950|15954|15961|15983|15995|15998|16004|16008|16011|16024|16045|16051|16055|16060|16064|16071|16087|16090|16094|16096|16098|16099|16101|16108|16109|16111|16117|16121|16128|16133|16146|16149|16155|16158|16159|16172|16180|16184|16185|16186|16192|16193|16200|16203|16205|16210|16225|16242|16245|16250|16259|16262|16264|16267|16278|16279|16282|16290|16291|16293|16298|16301|16307|16315|16321|16326|16328|16347|16348|16349|16358|16369|16373|16374|16392|16393|16401|16405|16407|16431|16447|16463|16477|16508|16509|16510|16511|16518|16522|16523|16526|16531|16532|16537|16543|16553|16554|16565|16570|16574|16576|16586|16600|16606|16619|16620|16622|16638|16640|16648|16650|16652|16657|16673|16677|16681|16686|16711|16713|16727|16730|16735|16736|16757|16763|16767|16768|16769|16771|16785|16787|16791|16802|16814|16823|16829|16841|16842|16844|16854|16857|16862|16863|16864|16876|16877|16880|16918|16921|16923|16938|16950|16951|16957|16961|16969|16972|16979|16997|16998|17003|17011|17022|17028|17031|17036|17040|17048|17050|17060|17067|17074|17084|17085|17094|17105|17109|17110|17114|17122|17126|17129|17136|17138|17139|17143|17156|17160|17163|17165|17168|17169|17172|17174|17178|17180|17194|17198|17201|17210|17212|17216|17217|17219|17223|17234|17235|17241|17243|17245|17246|17250|17255|17261|17262|17268|17270|17289|17291|17293|17303|17309|17316|17318|17330|17349|17354|17356|17367|17371|17372|17373|17377|17382|17394|17407|17413|17414|17421|17431|17432|17438|17441|17442|17449|17457|17458|17460|17471|17478|17479|17489|17490|17497|17521|17543|17555|17556|17574|17576|17583|17585|17586|17587|17589|17592|17597|17601|17605|17606|17613|17622|17624|17627|17630|17638|17639|17648|17652|17663|17666|17674|17678|17680|17681|17683|17691|17692|17700|17706|17716|17717|17719|17720|17721|17728|17732|17741|17744|17746|17757|17758|17762|17766|17769|17774|17796|17798|17808|17815|17818|17820|17833|17842|17849|17852|17854|17864|17878|17886|17894|17903|17905|17915|17921|17928|17931|17937|17945|17951|17955|17959|17961|17967|17972|17976|17982|17988|17994|17998|18000|18004|18008|18011|18012|18020|18026|18053|18061|18063|18069|18080|18085|18087|18089|18097|18101|18102|18106|18112|18119|18123|18125|18128|18132|18134|18162|18166|18170|18171|18172|18178|18183|18190|18194|18196|18206|18218|18242|18243|18245|18257|18260|18264|18277|18279|18280
Online Retail II,2011-06-10,1,M1,12349|12356|12357|12362|12370|12371|12374|12385|12388|12389|12401|12416|12423|12435|12443|12445|12454|12464|12466|12471|12481|12483|12496|12510|12516|12519|12530|12531|12533|12541|12551|12562|12585|12592|12614|12615|12620|12632|12634|12644|12647|12651|12654|12656|12675|12676|12681|12682|12693|12694|12695|12699|12712|12714|12730|12733|12734|12736|12748|12758|12759|12763|12764|12765|12771|12773|12774|12787|12789|12791|12792|12808|12809|12810|12820|12834|12844|12845|12848|12854|12857|12867|12877|12894|12899|12918|12931|12934|12937|12946|12951|12953|12960|12964|12978|12988|12990|13002|13011|13014|13026|13036|13039|13041|13043|13044|13049|13056|13057|13060|13074|13079|13082|13093|13096|13097|13106|13110|13123|13126|13134|13137|13151|13161|13181|13187|13199|13204|13214|13220|13226|13234|13243|13246|13253|13258|13261|13264|13267|13269|13276|13280|13289|13295|13299|13304|13305|13306|13324|13333|13334|13337|13341|13370|13375|13377|13383|13384|13387|13393|13395|13410|13412|13413|13414|13427|13432|13440|13446|13455|13458|13465|13472|13473|13478|13482|13493|13494|13499|13501|13520|13531|13534|13546|13550|13562|13565|13569|13578|13583|13591|13597|13600|13608|13610|13616|13617|13619|13627|13628|13635|13647|13649|13652|13653|13660|13662|13694|13700|13707|13708|13713|13716|13717|13721|13722|13724|13725|13729|13731|13740|13743|13744|13752|13768|13769|13773|13803|13807|13813|13818|13823|13824|13829|13835|13836|13842|13843|13849|13855|13859|13865|13873|13874|13884|13887|13895|13896|13901|13902|13904|13909|13921|13922|13935|13936|13944|13948|13952|13964|13966|13968|13970|13971|13975|13990|13996|14008|14012|14024|14025|14026|14033|14041|14043|14046|14047|14048|14065|14068|14072|14077|14090|14094|14097|14099|14110|14126|14128|14132|14135|14136|14142|14146|14147|14162|14163|14168|14169|14170|14175|14177|14178|14181|14185|14195|14202|14204|14206|14207|14214|14225|14227|14238|14241|14244|14249|14255|14257|14260|14262|14263|14267|14269|14270|14273|14274|14275|14279|14290|14291|14293|14295|14296|14301|14303|14307|14310|14312|14316|14326|14329|14330|14334|14341|14346|14350|14365|14381|14388|14393|14399|14411|14413|14436|14442|14450|14454|14460|14465|14467|14470|14487|14491|14494|14496|14507|14520|14522|14532|14535|14543|14546|14549|14550|14555|14558|14560|14568|14570|14571|14584|14590|14598|14608|14610|14615|14622|14625|14628|14630|14645|14648|14662|14663|14678|14679|14680|14688|14692|14706|14709|14713|14716|14721|14722|14724|14729|14732|14734|14736|14738|14741|14742|14745|14747|14748|14750|14756|14782|14790|14793|14799|14805|14818|14828|14843|14853|14857|14865|14866|14870|14872|14878|14879|14882|14883|14893|14894|14898|14899|14904|14906|14908|14911|14912|14922|14931|14942|14947|14948|14949|14952|14954|14957|14961|14967|14975|14979|14986|14987|14995|15002|15020|15024|15026|15027|15028|15032|15033|15034|15047|15048|15058|15071|15077|15092|15094|15100|15104|15107|15109|15119|15133|15134|15135|15140|15141|15152|15154|15171|15184|15188|15190|15191|15202|15224|15229|15231|15238|15242|15243|15247|15255|15256|15257|15262|15264|15265|15267|15271|15285|15298|15309|15311|15316|15323|15332|15333|15350|15359|15361|15366|15380|15382|15405|15407|15421|15423|15424|15434|15437|15442|15452|15489|15495|15501|15502|15512|15519|15529|15530|15540|15542|15549|15552|15566|15571|15572|15579|15584|15588|15595|15599|15601|15613|15616|15620|15622|15626|15634|15637|15646|15660|15661|15662|15668|15669|15671|15676|15681|15686|15694|15696|15698|15703|15716|15733|15735|15736|15738|15760|15761|15765|15788|15799|15815|15824|15834|15835|15843|15847|15848|15856|15860|15861|15862|15872|15874|15875|15890|15893|15923|15932|15940|15941|15944|15946|15950|15954|15961|15983|15995|15998|16004|16008|16011|16024|16045|16051|16055|16060|16064|16071|16087|16090|16094|16096|16098|16099|16101|16108|16109|16111|16117|16121|16128|16133|16146|16149|16155|16158|16159|16172|16180|16184|16185|16186|16192|16193|16200|16203|16205|16210|16225|16242|16245|16250|16259|16262|16264|16267|16278|16279|16282|16290|16291|16293|16298|16301|16307|16315|16321|16326|16328|16347|16348|16349|16358|16369|16373|16374|16392|16393|16401|16405|16407|16431|16447|16463|16477|16508|16509|16510|16511|16518|16522|16523|16526|16531|16532|16537|16543|16553|16554|16565|16570|16574|16576|16586|16600|16606|16619|16620|16622|16638|16640|16648|16650|16652|16657|16673|16677|16681|16686|16711|16713|16727|16730|16735|16736|16757|16763|16767|16768|16769|16771|16785|16787|16791|16802|16814|16823|16829|16841|16842|16844|16854|16857|16862|16863|16864|16876|16877|16880|16918|16921|16923|16938|16950|16951|16957|16961|16969|16972|16979|16997|16998|17003|17011|17022|17028|17031|17036|17040|17048|17050|17060|17067|17074|17084|17085|17094|17105|17109|17110|17114|17122|17126|17129|17136|17138|17139|17143|17156|17160|17163|17165|17168|17169|17172|17174|17178|17180|17194|17198|17201|17210|17212|17216|17217|17219|17223|17234|17235|17241|17243|17245|17246|17250|17255|17261|17262|17268|17270|17289|17291|17293|17303|17309|17316|17318|17330|17349|17354|17356|17367|17371|17372|17373|17377|17382|17394|17407|17413|17414|17421|17431|17432|17438|17441|17442|17449|17457|17458|17460|17471|17478|17479|17489|17490|17497|17521|17543|17555|17556|17574|17576|17583|17585|17586|17587|17589|17592|17597|17601|17605|17606|17613|17622|17624|17627|17630|17638|17639|17648|17652|17663|17666|17674|17678|17680|17681|17683|17691|17692|17700|17706|17716|17717|17719|17720|17721|17728|17732|17741|17744|17746|17757|17758|17762|17766|17769|17774|17796|17798|17808|17815|17818|17820|17833|17842|17849|17852|17854|17864|17878|17886|17894|17903|17905|17915|17921|17928|17931|17937|17945|17951|17955|17959|17961|17967|17972|17976|17982|17988|17994|17998|18000|18004|18008|18011|18012|18020|18026|18053|18061|18063|18069|18080|18085|18087|18089|18097|18101|18102|18106|18112|18119|18123|18125|18128|18132|18134|18162|18166|18170|18171|18172|18178|18183|18190|18194|18196|18206|18218|18242|18243|18245|18257|18260|18264|18277|18279|18280
Online Retail II,2011-06-10,1,M2,12349|12356|12357|12362|12370|12371|12374|12385|12388|12389|12401|12416|12423|12435|12443|12445|12454|12464|12466|12471|12481|12483|12496|12510|12516|12519|12530|12531|12533|12541|12551|12562|12585|12592|12614|12615|12620|12632|12634|12644|12647|12651|12654|12656|12675|12676|12681|12682|12693|12694|12695|12699|12712|12714|12730|12733|12734|12736|12748|12758|12759|12763|12764|12765|12771|12773|12774|12787|12789|12791|12792|12808|12809|12810|12820|12834|12844|12845|12848|12854|12857|12867|12877|12894|12899|12918|12931|12934|12937|12946|12951|12953|12960|12964|12978|12988|12990|13002|13011|13014|13026|13036|13039|13041|13043|13044|13049|13056|13057|13060|13074|13079|13082|13093|13096|13097|13106|13110|13123|13126|13134|13137|13151|13161|13181|13187|13199|13204|13214|13220|13226|13234|13243|13246|13253|13258|13261|13264|13267|13269|13276|13280|13289|13295|13299|13304|13305|13306|13324|13333|13334|13337|13341|13370|13375|13377|13383|13384|13387|13393|13395|13410|13412|13413|13414|13427|13432|13440|13446|13455|13458|13465|13472|13473|13478|13482|13493|13494|13499|13501|13520|13531|13534|13546|13550|13562|13565|13569|13578|13583|13591|13597|13600|13608|13610|13616|13617|13619|13627|13628|13635|13647|13649|13652|13653|13660|13662|13694|13700|13707|13708|13713|13716|13717|13721|13722|13724|13725|13729|13731|13740|13743|13744|13752|13768|13769|13773|13803|13807|13813|13818|13823|13824|13829|13835|13836|13842|13843|13849|13855|13859|13865|13873|13874|13884|13887|13895|13896|13901|13902|13904|13909|13921|13922|13935|13936|13944|13948|13952|13964|13966|13968|13970|13971|13975|13990|13996|14008|14012|14024|14025|14026|14033|14041|14043|14046|14047|14048|14065|14068|14072|14077|14090|14094|14097|14099|14110|14126|14128|14132|14135|14136|14142|14146|14147|14162|14163|14168|14169|14170|14175|14177|14178|14181|14185|14195|14202|14204|14206|14207|14214|14225|14227|14238|14241|14244|14249|14255|14257|14260|14262|14263|14267|14269|14270|14273|14274|14275|14279|14290|14291|14293|14295|14296|14301|14303|14307|14310|14312|14316|14326|14329|14330|14334|14341|14346|14350|14365|14381|14388|14393|14399|14411|14413|14436|14442|14450|14454|14460|14465|14467|14470|14487|14491|14494|14496|14507|14520|14522|14532|14535|14543|14546|14549|14550|14555|14558|14560|14568|14570|14571|14584|14590|14598|14608|14610|14615|14622|14625|14628|14630|14645|14648|14662|14663|14678|14679|14680|14688|14692|14706|14709|14713|14716|14721|14722|14724|14729|14732|14734|14736|14738|14741|14742|14745|14747|14748|14750|14756|14782|14790|14793|14799|14805|14818|14828|14843|14853|14857|14865|14866|14870|14872|14878|14879|14882|14883|14893|14894|14898|14899|14904|14906|14908|14911|14912|14922|14931|14942|14947|14948|14949|14952|14954|14957|14961|14967|14975|14979|14986|14987|14995|15002|15020|15024|15026|15027|15028|15032|15033|15034|15047|15048|15058|15071|15077|15092|15094|15100|15104|15107|15109|15119|15133|15134|15135|15140|15141|15152|15154|15171|15184|15188|15190|15191|15202|15224|15229|15231|15238|15242|15243|15247|15255|15256|15257|15262|15264|15265|15267|15271|15285|15298|15309|15311|15316|15323|15332|15333|15350|15359|15361|15366|15380|15382|15405|15407|15421|15423|15424|15434|15437|15442|15452|15489|15495|15501|15502|15512|15519|15529|15530|15540|15542|15549|15552|15566|15571|15572|15579|15584|15588|15595|15599|15601|15613|15616|15620|15622|15626|15634|15637|15646|15660|15661|15662|15668|15669|15671|15676|15681|15686|15694|15696|15698|15703|15716|15733|15735|15736|15738|15760|15761|15765|15788|15799|15815|15824|15834|15835|15843|15847|15848|15856|15860|15861|15862|15872|15874|15875|15890|15893|15923|15932|15940|15941|15944|15946|15950|15954|15961|15983|15995|15998|16004|16008|16011|16024|16045|16051|16055|16060|16064|16071|16087|16090|16094|16096|16098|16099|16101|16108|16109|16111|16117|16121|16128|16133|16146|16149|16155|16158|16159|16172|16180|16184|16185|16186|16192|16193|16200|16203|16205|16210|16225|16242|16245|16250|16259|16262|16264|16267|16278|16279|16282|16290|16291|16293|16298|16301|16307|16315|16321|16326|16328|16347|16348|16349|16358|16369|16373|16374|16392|16393|16401|16405|16407|16431|16447|16463|16477|16508|16509|16510|16511|16518|16522|16523|16526|16531|16532|16537|16543|16553|16554|16565|16570|16574|16576|16586|16600|16606|16619|16620|16622|16638|16640|16648|16650|16652|16657|16673|16677|16681|16686|16711|16713|16727|16730|16735|16736|16757|16763|16767|16768|16769|16771|16785|16787|16791|16802|16814|16823|16829|16841|16842|16844|16854|16857|16862|16863|16864|16876|16877|16880|16918|16921|16923|16938|16950|16951|16957|16961|16969|16972|16979|16997|16998|17003|17011|17022|17028|17031|17036|17040|17048|17050|17060|17067|17074|17084|17085|17094|17105|17109|17110|17114|17122|17126|17129|17136|17138|17139|17143|17156|17160|17163|17165|17168|17169|17172|17174|17178|17180|17194|17198|17201|17210|17212|17216|17217|17219|17223|17234|17235|17241|17243|17245|17246|17250|17255|17261|17262|17268|17270|17289|17291|17293|17303|17309|17316|17318|17330|17349|17354|17356|17367|17371|17372|17373|17377|17382|17394|17407|17413|17414|17421|17431|17432|17438|17441|17442|17449|17457|17458|17460|17471|17478|17479|17489|17490|17497|17521|17543|17555|17556|17574|17576|17583|17585|17586|17587|17589|17592|17597|17601|17605|17606|17613|17622|17624|17627|17630|17638|17639|17648|17652|17663|17666|17674|17678|17680|17681|17683|17691|17692|17700|17706|17716|17717|17719|17720|17721|17728|17732|17741|17744|17746|17757|17758|17762|17766|17769|17774|17796|17798|17808|17815|17818|17820|17833|17842|17849|17852|17854|17864|17878|17886|17894|17903|17905|17915|17921|17928|17931|17937|17945|17951|17955|17959|17961|17967|17972|17976|17982|17988|17994|17998|18000|18004|18008|18011|18012|18020|18026|18053|18061|18063|18069|18080|18085|18087|18089|18097|18101|18102|18106|18112|18119|18123|18125|18128|18132|18134|18162|18166|18170|18171|18172|18178|18183|18190|18194|18196|18206|18218|18242|18243|18245|18257|18260|18264|18277|18279|18280
Online Retail II,2011-06-10,1,M3,12349|12356|12357|12362|12370|12371|12374|12385|12388|12389|12401|12416|12423|12435|12443|12445|12454|12464|12466|12471|12481|12483|12496|12510|12516|12519|12530|12531|12533|12541|12551|12562|12585|12592|12614|12615|12620|12632|12634|12644|12647|12651|12654|12656|12675|12676|12681|12682|12693|12694|12695|12699|12712|12714|12730|12733|12734|12736|12748|12758|12759|12763|12764|12765|12771|12773|12774|12787|12789|12791|12792|12808|12809|12810|12820|12834|12844|12845|12848|12854|12857|12867|12877|12894|12899|12918|12931|12934|12937|12946|12951|12953|12960|12964|12978|12988|12990|13002|13011|13014|13026|13036|13039|13041|13043|13044|13049|13056|13057|13060|13074|13079|13082|13093|13096|13097|13106|13110|13123|13126|13134|13137|13151|13161|13181|13187|13199|13204|13214|13220|13226|13234|13243|13246|13253|13258|13261|13264|13267|13269|13276|13280|13289|13295|13299|13304|13305|13306|13324|13333|13334|13337|13341|13370|13375|13377|13383|13384|13387|13393|13395|13410|13412|13413|13414|13427|13432|13440|13446|13455|13458|13465|13472|13473|13478|13482|13493|13494|13499|13501|13520|13531|13534|13546|13550|13562|13565|13569|13578|13583|13591|13597|13600|13608|13610|13616|13617|13619|13627|13628|13635|13647|13649|13652|13653|13660|13662|13694|13700|13707|13708|13713|13716|13717|13721|13722|13724|13725|13729|13731|13740|13743|13744|13752|13768|13769|13773|13803|13807|13813|13818|13823|13824|13829|13835|13836|13842|13843|13849|13855|13859|13865|13873|13874|13884|13887|13895|13896|13901|13902|13904|13909|13921|13922|13935|13936|13944|13948|13952|13964|13966|13968|13970|13971|13975|13990|13996|14008|14012|14024|14025|14026|14033|14041|14043|14046|14047|14048|14065|14068|14072|14077|14090|14094|14097|14099|14110|14126|14128|14132|14135|14136|14142|14146|14147|14162|14163|14168|14169|14170|14175|14177|14178|14181|14185|14195|14202|14204|14206|14207|14214|14225|14227|14238|14241|14244|14249|14255|14257|14260|14262|14263|14267|14269|14270|14273|14274|14275|14279|14290|14291|14293|14295|14296|14301|14303|14307|14310|14312|14316|14326|14329|14330|14334|14341|14346|14350|14365|14381|14388|14393|14399|14411|14413|14436|14442|14450|14454|14460|14465|14467|14470|14487|14491|14494|14496|14507|14520|14522|14532|14535|14543|14546|14549|14550|14555|14558|14560|14568|14570|14571|14584|14590|14598|14608|14610|14615|14622|14625|14628|14630|14645|14648|14662|14663|14678|14679|14680|14688|14692|14706|14709|14713|14716|14721|14722|14724|14729|14732|14734|14736|14738|14741|14742|14745|14747|14748|14750|14756|14782|14790|14793|14799|14805|14818|14828|14843|14853|14857|14865|14866|14870|14872|14878|14879|14882|14883|14893|14894|14898|14899|14904|14906|14908|14911|14912|14922|14931|14942|14947|14948|14949|14952|14954|14957|14961|14967|14975|14979|14986|14987|14995|15002|15020|15024|15026|15027|15028|15032|15033|15034|15047|15048|15058|15071|15077|15092|15094|15100|15104|15107|15109|15119|15133|15134|15135|15140|15141|15152|15154|15171|15184|15188|15190|15191|15202|15224|15229|15231|15238|15242|15243|15247|15255|15256|15257|15262|15264|15265|15267|15271|15285|15298|15309|15311|15316|15323|15332|15333|15350|15359|15361|15366|15380|15382|15405|15407|15421|15423|15424|15434|15437|15442|15452|15489|15495|15501|15502|15512|15519|15529|15530|15540|15542|15549|15552|15566|15571|15572|15579|15584|15588|15595|15599|15601|15613|15616|15620|15622|15626|15634|15637|15646|15660|15661|15662|15668|15669|15671|15676|15681|15686|15694|15696|15698|15703|15716|15733|15735|15736|15738|15760|15761|15765|15788|15799|15815|15824|15834|15835|15843|15847|15848|15856|15860|15861|15862|15872|15874|15875|15890|15893|15923|15932|15940|15941|15944|15946|15950|15954|15961|15983|15995|15998|16004|16008|16011|16024|16045|16051|16055|16060|16064|16071|16087|16090|16094|16096|16098|16099|16101|16108|16109|16111|16117|16121|16128|16133|16146|16149|16155|16158|16159|16172|16180|16184|16185|16186|16192|16193|16200|16203|16205|16210|16225|16242|16245|16250|16259|16262|16264|16267|16278|16279|16282|16290|16291|16293|16298|16301|16307|16315|16321|16326|16328|16347|16348|16349|16358|16369|16373|16374|16392|16393|16401|16405|16407|16431|16447|16463|16477|16508|16509|16510|16511|16518|16522|16523|16526|16531|16532|16537|16543|16553|16554|16565|16570|16574|16576|16586|16600|16606|16619|16620|16622|16638|16640|16648|16650|16652|16657|16673|16677|16681|16686|16711|16713|16727|16730|16735|16736|16757|16763|16767|16768|16769|16771|16785|16787|16791|16802|16814|16823|16829|16841|16842|16844|16854|16857|16862|16863|16864|16876|16877|16880|16918|16921|16923|16938|16950|16951|16957|16961|16969|16972|16979|16997|16998|17003|17011|17022|17028|17031|17036|17040|17048|17050|17060|17067|17074|17084|17085|17094|17105|17109|17110|17114|17122|17126|17129|17136|17138|17139|17143|17156|17160|17163|17165|17168|17169|17172|17174|17178|17180|17194|17198|17201|17210|17212|17216|17217|17219|17223|17234|17235|17241|17243|17245|17246|17250|17255|17261|17262|17268|17270|17289|17291|17293|17303|17309|17316|17318|17330|17349|17354|17356|17367|17371|17372|17373|17377|17382|17394|17407|17413|17414|17421|17431|17432|17438|17441|17442|17449|17457|17458|17460|17471|17478|17479|17489|17490|17497|17521|17543|17555|17556|17574|17576|17583|17585|17586|17587|17589|17592|17597|17601|17605|17606|17613|17622|17624|17627|17630|17638|17639|17648|17652|17663|17666|17674|17678|17680|17681|17683|17691|17692|17700|17706|17716|17717|17719|17720|17721|17728|17732|17741|17744|17746|17757|17758|17762|17766|17769|17774|17796|17798|17808|17815|17818|17820|17833|17842|17849|17852|17854|17864|17878|17886|17894|17903|17905|17915|17921|17928|17931|17937|17945|17951|17955|17959|17961|17967|17972|17976|17982|17988|17994|17998|18000|18004|18008|18011|18012|18020|18026|18053|18061|18063|18069|18080|18085|18087|18089|18097|18101|18102|18106|18112|18119|18123|18125|18128|18132|18134|18162|18166|18170|18171|18172|18178|18183|18190|18194|18196|18206|18218|18242|18243|18245|18257|18260|18264|18277|18279|18280
Online Retail II,2011-06-10,2,M0,12354|12355|12359|12366|12368|12383|12391|12399|12403|12404|12406|12413|12419|12424|12428|12434|12440|12456|12459|12467|12468|12470|12480|12489|12493|12497|12499|12507|12509|12514|12540|12553|12563|12565|12577|12580|12582|12586|12588|12605|12606|12619|12621|12622|12636|12643|12649|12652|12669|12671|12679|12683|12686|12687|12726|12728|12731|12739|12744|12745|12746|12766|12781|12782|12785|12790|12802|12811|12835|12838|12842|12847|12849|12850|12864|12874|12878|12889|12901|12903|12905|12913|12914|12917|12924|12956|12961|12967|12976|12977|13008|13013|13019|13021|13035|13045|13046|13047|13071|13083|13084|13085|13087|13091|13102|13109|13111|13133|13135|13140|13145|13156|13157|13165|13169|13172|13174|13175|13183|13190|13195|13198|13201|13211|13215|13217|13230|13248|13249|13250|13251|13252|13257|13259|13263|13265|13268|13275|13303|13315|13320|13329|13339|13365|13367|13373|13391|13392|13397|13398|13399|13400|13402|13403|13404|13407|13418|13426|13431|13435|13450|13457|13466|13474|13475|13489|13491|13496|13509|13510|13515|13525|13541|13551|13553|13555|13561|13564|13566|13570|13573|13577|13582|13586|13588|13594|13607|13611|13614|13620|13622|13631|13632|13637|13650|13659|13663|13676|13679|13682|13686|13693|13701|13702|13705|13747|13753|13754|13757|13758|13763|13772|13775|13777|13778|13781|13785|13831|13834|13839|13840|13852|13864|13867|13880|13889|13907|13913|13916|13917|13918|13929|13932|13937|13941|13943|13956|13958|13959|13965|13967|13980|13981|14010|14016|14017|14023|14037|14044|14057|14059|14069|14074|14078|14081|14087|14101|14104|14113|14115|14122|14134|14137|14150|14152|14153|14154|14157|14160|14180|14189|14191|14205|14211|14212|14216|14217|14224|14230|14235|14242|14247|14253|14265|14268|14280|14287|14308|14311|14318|14323|14332|14336|14347|14355|14379|14380|14382|14392|14403|14405|14407|14414|14415|14420|14430|14431|14433|14437|14438|14439|14443|14445|14448|14452|14458|14459|14464|14468|14471|14477|14478|14479|14480|14481|14483|14492|14501|14510|14513|14514|14519|14530|14538|14548|14551|14556|14561|14565|14575|14577|14579|14589|14591|14605|14606|14613|14619|14620|14633|14634|14635|14643|14646|14655|14656|14667|14673|14675|14677|14685|14686|14690|14695|14696|14697|14705|14707|14718|14727|14728|14730|14731|14737|14743|14746|14754|14761|14771|14778|14779|14786|14787|14794|14798|14802|14809|14810|14813|14817|14821|14833|14849|14852|14858|14861|14868|14874|14876|14885|14891|14900|14924|14930|14933|14935|14940|14953|14963|14968|14970|14977|14984|14989|14992|15005|15018|15023|15038|15045|15051|15055|15062|15065|15074|15080|15083|15090|15108|15116|15123|15131|15144|15151|15157|15158|15159|15165|15169|15177|15182|15183|15192|15196|15206|15208|15213|15214|15219|15226|15228|15234|15241|15246|15248|15272|15277|15281|15282|15288|15293|15296|15303|15324|15328|15337|15340|15358|15370|15371|15378|15379|15388|15389|15393|15409|15415|15418|15422|15425|15430|15432|15433|15440|15451|15456|15465|15473|15474|15478|15493|15506|15509|15513|15514|15515|15521|15523|15536|15538|15544|15548|15554|15555|15560|15564|15569|15577|15580|15583|15591|15605|15606|15607|15627|15629|15638|15651|15664|15670|15679|15682|15684|15693|15720|15728|15731|15750|15751|15755|15757|15770|15773|15775|15781|15784|15786|15793|15795|15796|15807|15810|15812|15816|15817|15819|15851|15852|15855|15858|15868|15889|15899|15902|15910|15911|15912|15914|15916|15917|15927|15929|15945|15953|15957|15966|15980|16005|16006|16017|16028|16029|16031|16032|16036|16039|16058|16059|16062|16065|16067|16069|16074|16092|16103|16107|16113|16126|16131|16135|16136|16144|16152|16153|16168|16176|16177|16178|16183|16191|16196|16199|16201|16206|16216|16219|16222|16227|16228|16229|16237|16274|16275|16276|16280|16285|16288|16289|16303|16309|16314|16334|16335|16336|16339|16340|16362|16365|16378|16382|16383|16387|16390|16394|16397|16399|16409|16414|16415|16416|16419|16421|16422|16426|16427|16434|16441|16443|16445|16448|16465|16466|16467|16470|16471|16473|16475|16481|16485|16486|16492|16494|16500|16520|16524|16535|16541|16544|16555|16559|16562|16563|16566|16567|16577|16585|16589|16596|16601|16602|16611|16612|16615|16624|16631|16639|16646|16654|16656|16664|16665|16667|16672|16679|16684|16687|16700|16701|16702|16705|16707|16710|16719|16721|16723|16726|16731|16738|16741|16746|16754|16777|16781|16782|16799|16806|16818|16819|16825|16827|16833|16834|16840|16860|16868|16873|16888|16901|16903|16904|16915|16926|16939|16940|16943|16952|16960|16964|16965|16974|16977|16985|16988|17004|17006|17008|17009|17019|17021|17023|17032|17038|17054|17057|17061|17063|17066|17069|17070|17075|17076|17082|17083|17087|17096|17097|17099|17103|17104|17107|17111|17115|17121|17141|17155|17157|17158|17161|17162|17167|17175|17177|17184|17185|17187|17196|17204|17209|17215|17224|17227|17244|17248|17264|17273|17275|17278|17282|17285|17286|17292|17294|17296|17299|17304|17305|17307|17314|17324|17326|17329|17334|17338|17353|17355|17359|17360|17361|17362|17363|17364|17366|17368|17389|17393|17396|17397|17398|17400|17401|17411|17416|17422|17426|17429|17436|17437|17443|17454|17463|17464|17467|17468|17469|17470|17472|17476|17480|17484|17491|17511|17512|17514|17515|17516|17532|17533|17535|17536|17537|17539|17542|17545|17548|17551|17558|17559|17568|17572|17578|17579|17580|17593|17598|17609|17623|17625|17629|17631|17642|17644|17649|17651|17654|17671|17672|17677|17686|17694|17695|17696|17697|17702|17707|17713|17723|17734|17748|17764|17767|17773|17778|17782|17784|17787|17794|17795|17797|17804|17805|17821|17826|17827|17830|17845|17855|17860|17862|17866|17867|17869|17870|17871|17880|17882|17883|17901|17916|17917|17923|17926|17927|17930|17933|17938|17944|17950|17952|17958|17960|17962|17963|17965|17968|17975|17987|17991|17993|17995|18006|18007|18040|18048|18050|18058|18062|18064|18068|18070|18076|18083|18086|18090|18096|18098|18103|18108|18116|18120|18141|18142|18149|18174|18176|18185|18187|18203|18211|18219|18221|18223|18226|18227|18229|18238|18241|18246|18254|18262|18268|18271|18275|18278|18283|18285
Online Retail II,2011-06-10,2,M1,12354|12355|12359|12366|12368|12383|12391|12399|12403|12404|12406|12413|12419|12424|12428|12434|12440|12456|12459|12467|12468|12470|12480|12489|12493|12497|12499|12507|12509|12514|12540|12553|12563|12565|12577|12580|12582|12586|12588|12605|12606|12619|12621|12622|12636|12643|12649|12652|12669|12671|12679|12683|12686|12687|12726|12728|12731|12739|12744|12745|12746|12766|12781|12782|12785|12790|12802|12811|12835|12838|12842|12847|12849|12850|12864|12874|12878|12889|12901|12903|12905|12913|12914|12917|12924|12956|12961|12967|12976|12977|13008|13013|13019|13021|13035|13045|13046|13047|13071|13083|13084|13085|13087|13091|13102|13109|13111|13133|13135|13140|13145|13156|13157|13165|13169|13172|13174|13175|13183|13190|13195|13198|13201|13211|13215|13217|13230|13248|13249|13250|13251|13252|13257|13259|13263|13265|13268|13275|13303|13315|13320|13329|13339|13365|13367|13373|13391|13392|13397|13398|13399|13400|13402|13403|13404|13407|13418|13426|13431|13435|13450|13457|13466|13474|13475|13489|13491|13496|13509|13510|13515|13525|13541|13551|13553|13555|13561|13564|13566|13570|13573|13577|13582|13586|13588|13594|13607|13611|13614|13620|13622|13631|13632|13637|13650|13659|13663|13676|13679|13682|13686|13693|13701|13702|13705|13747|13753|13754|13757|13758|13763|13772|13775|13777|13778|13781|13785|13831|13834|13839|13840|13852|13864|13867|13880|13889|13907|13913|13916|13917|13918|13929|13932|13937|13941|13943|13956|13958|13959|13965|13967|13980|13981|14010|14016|14017|14023|14037|14044|14057|14059|14069|14074|14078|14081|14087|14101|14104|14113|14115|14122|14134|14137|14150|14152|14153|14154|14157|14160|14180|14189|14191|14205|14211|14212|14216|14217|14224|14230|14235|14242|14247|14253|14265|14268|14280|14287|14308|14311|14318|14323|14332|14336|14347|14355|14379|14380|14382|14392|14403|14405|14407|14414|14415|14420|14430|14431|14433|14437|14438|14439|14443|14445|14448|14452|14458|14459|14464|14468|14471|14477|14478|14479|14480|14481|14483|14492|14501|14510|14513|14514|14519|14530|14538|14548|14551|14556|14561|14565|14575|14577|14579|14589|14591|14605|14606|14613|14619|14620|14633|14634|14635|14643|14646|14655|14656|14667|14673|14675|14677|14685|14686|14690|14695|14696|14697|14705|14707|14718|14727|14728|14730|14731|14737|14743|14746|14754|14761|14771|14778|14779|14786|14787|14794|14798|14802|14809|14810|14813|14817|14821|14833|14849|14852|14858|14861|14868|14874|14876|14885|14891|14900|14924|14930|14933|14935|14940|14953|14963|14968|14970|14977|14984|14989|14992|15005|15018|15023|15038|15045|15051|15055|15062|15065|15074|15080|15083|15090|15108|15116|15123|15131|15144|15151|15157|15158|15159|15165|15169|15177|15182|15183|15192|15196|15206|15208|15213|15214|15219|15226|15228|15234|15241|15246|15248|15272|15277|15281|15282|15288|15293|15296|15303|15324|15328|15337|15340|15358|15370|15371|15378|15379|15388|15389|15393|15409|15415|15418|15422|15425|15430|15432|15433|15440|15451|15456|15465|15473|15474|15478|15493|15506|15509|15513|15514|15515|15521|15523|15536|15538|15544|15548|15554|15555|15560|15564|15569|15577|15580|15583|15591|15605|15606|15607|15627|15629|15638|15651|15664|15670|15679|15682|15684|15693|15720|15728|15731|15750|15751|15755|15757|15770|15773|15775|15781|15784|15786|15793|15795|15796|15807|15810|15812|15816|15817|15819|15851|15852|15855|15858|15868|15889|15899|15902|15910|15911|15912|15914|15916|15917|15927|15929|15945|15953|15957|15966|15980|16005|16006|16017|16028|16029|16031|16032|16036|16039|16058|16059|16062|16065|16067|16069|16074|16092|16103|16107|16113|16126|16131|16135|16136|16144|16152|16153|16168|16176|16177|16178|16183|16191|16196|16199|16201|16206|16216|16219|16222|16227|16228|16229|16237|16274|16275|16276|16280|16285|16288|16289|16303|16309|16314|16334|16335|16336|16339|16340|16362|16365|16378|16382|16383|16387|16390|16394|16397|16399|16409|16414|16415|16416|16419|16421|16422|16426|16427|16434|16441|16443|16445|16448|16465|16466|16467|16470|16471|16473|16475|16481|16485|16486|16492|16494|16500|16520|16524|16535|16541|16544|16555|16559|16562|16563|16566|16567|16577|16585|16589|16596|16601|16602|16611|16612|16615|16624|16631|16639|16646|16654|16656|16664|16665|16667|16672|16679|16684|16687|16700|16701|16702|16705|16707|16710|16719|16721|16723|16726|16731|16738|16741|16746|16754|16777|16781|16782|16799|16806|16818|16819|16825|16827|16833|16834|16840|16860|16868|16873|16888|16901|16903|16904|16915|16926|16939|16940|16943|16952|16960|16964|16965|16974|16977|16985|16988|17004|17006|17008|17009|17019|17021|17023|17032|17038|17054|17057|17061|17063|17066|17069|17070|17075|17076|17082|17083|17087|17096|17097|17099|17103|17104|17107|17111|17115|17121|17141|17155|17157|17158|17161|17162|17167|17175|17177|17184|17185|17187|17196|17204|17209|17215|17224|17227|17244|17248|17264|17273|17275|17278|17282|17285|17286|17292|17294|17296|17299|17304|17305|17307|17314|17324|17326|17329|17334|17338|17353|17355|17359|17360|17361|17362|17363|17364|17366|17368|17389|17393|17396|17397|17398|17400|17401|17411|17416|17422|17426|17429|17436|17437|17443|17454|17463|17464|17467|17468|17469|17470|17472|17476|17480|17484|17491|17511|17512|17514|17515|17516|17532|17533|17535|17536|17537|17539|17542|17545|17548|17551|17558|17559|17568|17572|17578|17579|17580|17593|17598|17609|17623|17625|17629|17631|17642|17644|17649|17651|17654|17671|17672|17677|17686|17694|17695|17696|17697|17702|17707|17713|17723|17734|17748|17764|17767|17773|17778|17782|17784|17787|17794|17795|17797|17804|17805|17821|17826|17827|17830|17845|17855|17860|17862|17866|17867|17869|17870|17871|17880|17882|17883|17901|17916|17917|17923|17926|17927|17930|17933|17938|17944|17950|17952|17958|17960|17962|17963|17965|17968|17975|17987|17991|17993|17995|18006|18007|18040|18048|18050|18058|18062|18064|18068|18070|18076|18083|18086|18090|18096|18098|18103|18108|18116|18120|18141|18142|18149|18174|18176|18185|18187|18203|18211|18219|18221|18223|18226|18227|18229|18238|18241|18246|18254|18262|18268|18271|18275|18278|18283|18285
Online Retail II,2011-06-10,2,M2,12354|12355|12359|12366|12368|12383|12391|12399|12403|12404|12406|12413|12419|12424|12428|12434|12440|12456|12459|12467|12468|12470|12480|12489|12493|12497|12499|12507|12509|12514|12540|12553|12563|12565|12577|12580|12582|12586|12588|12605|12606|12619|12621|12622|12636|12643|12649|12652|12669|12671|12679|12683|12686|12687|12726|12728|12731|12739|12744|12745|12746|12766|12781|12782|12785|12790|12802|12811|12835|12838|12842|12847|12849|12850|12864|12874|12878|12889|12901|12903|12905|12913|12914|12917|12924|12956|12961|12967|12976|12977|13008|13013|13019|13021|13035|13045|13046|13047|13071|13083|13084|13085|13087|13091|13102|13109|13111|13133|13135|13140|13145|13156|13157|13165|13169|13172|13174|13175|13183|13190|13195|13198|13201|13211|13215|13217|13230|13248|13249|13250|13251|13252|13257|13259|13263|13265|13268|13275|13303|13315|13320|13329|13339|13365|13367|13373|13391|13392|13397|13398|13399|13400|13402|13403|13404|13407|13418|13426|13431|13435|13450|13457|13466|13474|13475|13489|13491|13496|13509|13510|13515|13525|13541|13551|13553|13555|13561|13564|13566|13570|13573|13577|13582|13586|13588|13594|13607|13611|13614|13620|13622|13631|13632|13637|13650|13659|13663|13676|13679|13682|13686|13693|13701|13702|13705|13747|13753|13754|13757|13758|13763|13772|13775|13777|13778|13781|13785|13831|13834|13839|13840|13852|13864|13867|13880|13889|13907|13913|13916|13917|13918|13929|13932|13937|13941|13943|13956|13958|13959|13965|13967|13980|13981|14010|14016|14017|14023|14037|14044|14057|14059|14069|14074|14078|14081|14087|14101|14104|14113|14115|14122|14134|14137|14150|14152|14153|14154|14157|14160|14180|14189|14191|14205|14211|14212|14216|14217|14224|14230|14235|14242|14247|14253|14265|14268|14280|14287|14308|14311|14318|14323|14332|14336|14347|14355|14379|14380|14382|14392|14403|14405|14407|14414|14415|14420|14430|14431|14433|14437|14438|14439|14443|14445|14448|14452|14458|14459|14464|14468|14471|14477|14478|14479|14480|14481|14483|14492|14501|14510|14513|14514|14519|14530|14538|14548|14551|14556|14561|14565|14575|14577|14579|14589|14591|14605|14606|14613|14619|14620|14633|14634|14635|14643|14646|14655|14656|14667|14673|14675|14677|14685|14686|14690|14695|14696|14697|14705|14707|14718|14727|14728|14730|14731|14737|14743|14746|14754|14761|14771|14778|14779|14786|14787|14794|14798|14802|14809|14810|14813|14817|14821|14833|14849|14852|14858|14861|14868|14874|14876|14885|14891|14900|14924|14930|14933|14935|14940|14953|14963|14968|14970|14977|14984|14989|14992|15005|15018|15023|15038|15045|15051|15055|15062|15065|15074|15080|15083|15090|15108|15116|15123|15131|15144|15151|15157|15158|15159|15165|15169|15177|15182|15183|15192|15196|15206|15208|15213|15214|15219|15226|15228|15234|15241|15246|15248|15272|15277|15281|15282|15288|15293|15296|15303|15324|15328|15337|15340|15358|15370|15371|15378|15379|15388|15389|15393|15409|15415|15418|15422|15425|15430|15432|15433|15440|15451|15456|15465|15473|15474|15478|15493|15506|15509|15513|15514|15515|15521|15523|15536|15538|15544|15548|15554|15555|15560|15564|15569|15577|15580|15583|15591|15605|15606|15607|15627|15629|15638|15651|15664|15670|15679|15682|15684|15693|15720|15728|15731|15750|15751|15755|15757|15770|15773|15775|15781|15784|15786|15793|15795|15796|15807|15810|15812|15816|15817|15819|15851|15852|15855|15858|15868|15889|15899|15902|15910|15911|15912|15914|15916|15917|15927|15929|15945|15953|15957|15966|15980|16005|16006|16017|16028|16029|16031|16032|16036|16039|16058|16059|16062|16065|16067|16069|16074|16092|16103|16107|16113|16126|16131|16135|16136|16144|16152|16153|16168|16176|16177|16178|16183|16191|16196|16199|16201|16206|16216|16219|16222|16227|16228|16229|16237|16274|16275|16276|16280|16285|16288|16289|16303|16309|16314|16334|16335|16336|16339|16340|16362|16365|16378|16382|16383|16387|16390|16394|16397|16399|16409|16414|16415|16416|16419|16421|16422|16426|16427|16434|16441|16443|16445|16448|16465|16466|16467|16470|16471|16473|16475|16481|16485|16486|16492|16494|16500|16520|16524|16535|16541|16544|16555|16559|16562|16563|16566|16567|16577|16585|16589|16596|16601|16602|16611|16612|16615|16624|16631|16639|16646|16654|16656|16664|16665|16667|16672|16679|16684|16687|16700|16701|16702|16705|16707|16710|16719|16721|16723|16726|16731|16738|16741|16746|16754|16777|16781|16782|16799|16806|16818|16819|16825|16827|16833|16834|16840|16860|16868|16873|16888|16901|16903|16904|16915|16926|16939|16940|16943|16952|16960|16964|16965|16974|16977|16985|16988|17004|17006|17008|17009|17019|17021|17023|17032|17038|17054|17057|17061|17063|17066|17069|17070|17075|17076|17082|17083|17087|17096|17097|17099|17103|17104|17107|17111|17115|17121|17141|17155|17157|17158|17161|17162|17167|17175|17177|17184|17185|17187|17196|17204|17209|17215|17224|17227|17244|17248|17264|17273|17275|17278|17282|17285|17286|17292|17294|17296|17299|17304|17305|17307|17314|17324|17326|17329|17334|17338|17353|17355|17359|17360|17361|17362|17363|17364|17366|17368|17389|17393|17396|17397|17398|17400|17401|17411|17416|17422|17426|17429|17436|17437|17443|17454|17463|17464|17467|17468|17469|17470|17472|17476|17480|17484|17491|17511|17512|17514|17515|17516|17532|17533|17535|17536|17537|17539|17542|17545|17548|17551|17558|17559|17568|17572|17578|17579|17580|17593|17598|17609|17623|17625|17629|17631|17642|17644|17649|17651|17654|17671|17672|17677|17686|17694|17695|17696|17697|17702|17707|17713|17723|17734|17748|17764|17767|17773|17778|17782|17784|17787|17794|17795|17797|17804|17805|17821|17826|17827|17830|17845|17855|17860|17862|17866|17867|17869|17870|17871|17880|17882|17883|17901|17916|17917|17923|17926|17927|17930|17933|17938|17944|17950|17952|17958|17960|17962|17963|17965|17968|17975|17987|17991|17993|17995|18006|18007|18040|18048|18050|18058|18062|18064|18068|18070|18076|18083|18086|18090|18096|18098|18103|18108|18116|18120|18141|18142|18149|18174|18176|18185|18187|18203|18211|18219|18221|18223|18226|18227|18229|18238|18241|18246|18254|18262|18268|18271|18275|18278|18283|18285
Online Retail II,2011-06-10,2,M3,12354|12355|12359|12366|12368|12383|12391|12399|12403|12404|12406|12413|12419|12424|12428|12434|12440|12456|12459|12467|12468|12470|12480|12489|12493|12497|12499|12507|12509|12514|12540|12553|12563|12565|12577|12580|12582|12586|12588|12605|12606|12619|12621|12622|12636|12643|12649|12652|12669|12671|12679|12683|12686|12687|12726|12728|12731|12739|12744|12745|12746|12766|12781|12782|12785|12790|12802|12811|12835|12838|12842|12847|12849|12850|12864|12874|12878|12889|12901|12903|12905|12913|12914|12917|12924|12956|12961|12967|12976|12977|13008|13013|13019|13021|13035|13045|13046|13047|13071|13083|13084|13085|13087|13091|13102|13109|13111|13133|13135|13140|13145|13156|13157|13165|13169|13172|13174|13175|13183|13190|13195|13198|13201|13211|13215|13217|13230|13248|13249|13250|13251|13252|13257|13259|13263|13265|13268|13275|13303|13315|13320|13329|13339|13365|13367|13373|13391|13392|13397|13398|13399|13400|13402|13403|13404|13407|13418|13426|13431|13435|13450|13457|13466|13474|13475|13489|13491|13496|13509|13510|13515|13525|13541|13551|13553|13555|13561|13564|13566|13570|13573|13577|13582|13586|13588|13594|13607|13611|13614|13620|13622|13631|13632|13637|13650|13659|13663|13676|13679|13682|13686|13693|13701|13702|13705|13747|13753|13754|13757|13758|13763|13772|13775|13777|13778|13781|13785|13831|13834|13839|13840|13852|13864|13867|13880|13889|13907|13913|13916|13917|13918|13929|13932|13937|13941|13943|13956|13958|13959|13965|13967|13980|13981|14010|14016|14017|14023|14037|14044|14057|14059|14069|14074|14078|14081|14087|14101|14104|14113|14115|14122|14134|14137|14150|14152|14153|14154|14157|14160|14180|14189|14191|14205|14211|14212|14216|14217|14224|14230|14235|14242|14247|14253|14265|14268|14280|14287|14308|14311|14318|14323|14332|14336|14347|14355|14379|14380|14382|14392|14403|14405|14407|14414|14415|14420|14430|14431|14433|14437|14438|14439|14443|14445|14448|14452|14458|14459|14464|14468|14471|14477|14478|14479|14480|14481|14483|14492|14501|14510|14513|14514|14519|14530|14538|14548|14551|14556|14561|14565|14575|14577|14579|14589|14591|14605|14606|14613|14619|14620|14633|14634|14635|14643|14646|14655|14656|14667|14673|14675|14677|14685|14686|14690|14695|14696|14697|14705|14707|14718|14727|14728|14730|14731|14737|14743|14746|14754|14761|14771|14778|14779|14786|14787|14794|14798|14802|14809|14810|14813|14817|14821|14833|14849|14852|14858|14861|14868|14874|14876|14885|14891|14900|14924|14930|14933|14935|14940|14953|14963|14968|14970|14977|14984|14989|14992|15005|15018|15023|15038|15045|15051|15055|15062|15065|15074|15080|15083|15090|15108|15116|15123|15131|15144|15151|15157|15158|15159|15165|15169|15177|15182|15183|15192|15196|15206|15208|15213|15214|15219|15226|15228|15234|15241|15246|15248|15272|15277|15281|15282|15288|15293|15296|15303|15324|15328|15337|15340|15358|15370|15371|15378|15379|15388|15389|15393|15409|15415|15418|15422|15425|15430|15432|15433|15440|15451|15456|15465|15473|15474|15478|15493|15506|15509|15513|15514|15515|15521|15523|15536|15538|15544|15548|15554|15555|15560|15564|15569|15577|15580|15583|15591|15605|15606|15607|15627|15629|15638|15651|15664|15670|15679|15682|15684|15693|15720|15728|15731|15750|15751|15755|15757|15770|15773|15775|15781|15784|15786|15793|15795|15796|15807|15810|15812|15816|15817|15819|15851|15852|15855|15858|15868|15889|15899|15902|15910|15911|15912|15914|15916|15917|15927|15929|15945|15953|15957|15966|15980|16005|16006|16017|16028|16029|16031|16032|16036|16039|16058|16059|16062|16065|16067|16069|16074|16092|16103|16107|16113|16126|16131|16135|16136|16144|16152|16153|16168|16176|16177|16178|16183|16191|16196|16199|16201|16206|16216|16219|16222|16227|16228|16229|16237|16274|16275|16276|16280|16285|16288|16289|16303|16309|16314|16334|16335|16336|16339|16340|16362|16365|16378|16382|16383|16387|16390|16394|16397|16399|16409|16414|16415|16416|16419|16421|16422|16426|16427|16434|16441|16443|16445|16448|16465|16466|16467|16470|16471|16473|16475|16481|16485|16486|16492|16494|16500|16520|16524|16535|16541|16544|16555|16559|16562|16563|16566|16567|16577|16585|16589|16596|16601|16602|16611|16612|16615|16624|16631|16639|16646|16654|16656|16664|16665|16667|16672|16679|16684|16687|16700|16701|16702|16705|16707|16710|16719|16721|16723|16726|16731|16738|16741|16746|16754|16777|16781|16782|16799|16806|16818|16819|16825|16827|16833|16834|16840|16860|16868|16873|16888|16901|16903|16904|16915|16926|16939|16940|16943|16952|16960|16964|16965|16974|16977|16985|16988|17004|17006|17008|17009|17019|17021|17023|17032|17038|17054|17057|17061|17063|17066|17069|17070|17075|17076|17082|17083|17087|17096|17097|17099|17103|17104|17107|17111|17115|17121|17141|17155|17157|17158|17161|17162|17167|17175|17177|17184|17185|17187|17196|17204|17209|17215|17224|17227|17244|17248|17264|17273|17275|17278|17282|17285|17286|17292|17294|17296|17299|17304|17305|17307|17314|17324|17326|17329|17334|17338|17353|17355|17359|17360|17361|17362|17363|17364|17366|17368|17389|17393|17396|17397|17398|17400|17401|17411|17416|17422|17426|17429|17436|17437|17443|17454|17463|17464|17467|17468|17469|17470|17472|17476|17480|17484|17491|17511|17512|17514|17515|17516|17532|17533|17535|17536|17537|17539|17542|17545|17548|17551|17558|17559|17568|17572|17578|17579|17580|17593|17598|17609|17623|17625|17629|17631|17642|17644|17649|17651|17654|17671|17672|17677|17686|17694|17695|17696|17697|17702|17707|17713|17723|17734|17748|17764|17767|17773|17778|17782|17784|17787|17794|17795|17797|17804|17805|17821|17826|17827|17830|17845|17855|17860|17862|17866|17867|17869|17870|17871|17880|17882|17883|17901|17916|17917|17923|17926|17927|17930|17933|17938|17944|17950|17952|17958|17960|17962|17963|17965|17968|17975|17987|17991|17993|17995|18006|18007|18040|18048|18050|18058|18062|18064|18068|18070|18076|18083|18086|18090|18096|18098|18103|18108|18116|18120|18141|18142|18149|18174|18176|18185|18187|18203|18211|18219|18221|18223|18226|18227|18229|18238|18241|18246|18254|18262|18268|18271|18275|18278|18283|18285
Online Retail II,2011-06-10,3,M0,12346|12348|12351|12365|12369|12372|12376|12379|12387|12395|12408|12412|12415|12437|12449|12450|12451|12457|12458|12469|12474|12475|12477|12484|12485|12501|12504|12515|12520|12524|12525|12528|12529|12542|12543|12549|12575|12583|12584|12589|12590|12591|12597|12600|12609|12616|12625|12626|12637|12639|12674|12692|12698|12707|12708|12710|12720|12721|12738|12757|12767|12768|12786|12788|12796|12799|12806|12813|12821|12823|12831|12840|12843|12855|12859|12863|12868|12869|12872|12881|12887|12907|12910|12911|12921|12927|12935|12948|12959|12963|12969|12970|12972|12973|12994|13001|13003|13025|13030|13034|13051|13059|13072|13078|13098|13105|13108|13113|13114|13118|13119|13121|13122|13124|13128|13136|13141|13149|13152|13154|13158|13162|13167|13168|13177|13180|13191|13192|13197|13202|13206|13207|13222|13227|13232|13235|13240|13241|13262|13274|13281|13284|13290|13292|13294|13301|13310|13312|13313|13316|13326|13330|13340|13344|13345|13358|13360|13362|13363|13368|13369|13381|13382|13389|13396|13406|13408|13415|13416|13421|13428|13433|13438|13439|13454|13469|13476|13485|13488|13492|13500|13502|13506|13514|13516|13519|13524|13527|13535|13542|13552|13554|13557|13559|13567|13584|13592|13593|13598|13604|13606|13625|13639|13641|13643|13646|13651|13654|13655|13656|13665|13666|13669|13672|13674|13675|13683|13684|13689|13698|13709|13714|13719|13728|13736|13739|13741|13742|13746|13750|13762|13765|13767|13782|13783|13786|13787|13788|13792|13793|13794|13795|13800|13802|13811|13814|13841|13856|13862|13875|13877|13888|13892|13897|13899|13900|13911|13931|13945|13976|13993|14003|14022|14038|14039|14049|14053|14060|14070|14083|14084|14086|14091|14092|14108|14112|14118|14129|14139|14155|14161|14167|14187|14188|14194|14198|14201|14210|14220|14226|14228|14229|14240|14243|14248|14252|14258|14266|14272|14277|14283|14284|14289|14297|14298|14304|14306|14314|14315|14320|14325|14342|14343|14344|14352|14361|14363|14368|14373|14375|14376|14378|14384|14396|14400|14408|14409|14417|14421|14426|14428|14435|14444|14473|14474|14475|14495|14498|14500|14504|14516|14521|14533|14545|14552|14564|14574|14576|14600|14603|14607|14614|14618|14621|14627|14639|14644|14647|14650|14668|14671|14676|14684|14687|14689|14693|14699|14708|14717|14725|14726|14735|14744|14751|14755|14760|14766|14775|14784|14791|14796|14803|14806|14811|14829|14831|14840|14848|14850|14851|14855|14859|14869|14877|14884|14888|14890|14895|14902|14905|14909|14921|14929|14934|14941|14956|14958|14972|14973|14976|14982|14990|14994|14996|15016|15029|15031|15039|15041|15043|15044|15049|15053|15059|15064|15068|15079|15081|15086|15087|15111|15124|15126|15127|15137|15145|15147|15150|15155|15160|15161|15162|15164|15167|15172|15174|15176|15178|15180|15187|15189|15197|15200|15203|15204|15216|15218|15220|15222|15227|15233|15245|15254|15278|15284|15291|15292|15295|15301|15302|15304|15305|15312|15325|15339|15346|15347|15352|15353|15356|15365|15368|15369|15373|15377|15386|15395|15404|15416|15426|15428|15436|15439|15446|15448|15454|15459|15460|15470|15471|15481|15484|15486|15490|15494|15496|15497|15503|15504|15543|15551|15559|15561|15563|15570|15574|15575|15582|15586|15587|15594|15596|15608|15611|15614|15623|15624|15628|15632|15635|15636|15639|15650|15652|15658|15687|15691|15695|15697|15704|15708|15711|15719|15723|15727|15729|15737|15742|15745|15748|15754|15766|15768|15769|15771|15778|15803|15804|15806|15808|15809|15811|15813|15818|15820|15822|15823|15826|15827|15841|15845|15850|15854|15857|15859|15865|15869|15871|15879|15887|15891|15894|15905|15921|15922|15928|15939|15948|15956|15959|15964|15965|15970|15971|15984|15986|15989|16001|16002|16003|16012|16023|16034|16035|16038|16040|16047|16048|16049|16053|16057|16072|16073|16075|16081|16082|16084|16085|16095|16105|16119|16120|16127|16129|16134|16138|16143|16147|16148|16150|16166|16187|16188|16195|16197|16211|16217|16221|16223|16234|16241|16244|16251|16255|16258|16261|16263|16273|16283|16284|16300|16306|16317|16325|16329|16330|16333|16341|16343|16344|16345|16356|16368|16386|16388|16389|16396|16398|16406|16413|16417|16425|16433|16435|16437|16442|16444|16451|16452|16453|16454|16455|16456|16457|16458|16459|16461|16462|16469|16484|16487|16489|16490|16493|16495|16497|16499|16501|16525|16529|16547|16548|16551|16552|16556|16558|16568|16571|16573|16607|16608|16614|16621|16623|16625|16633|16635|16637|16645|16647|16651|16658|16663|16668|16675|16678|16682|16683|16690|16691|16692|16693|16698|16699|16712|16720|16732|16737|16748|16752|16765|16766|16770|16772|16778|16786|16794|16797|16804|16809|16812|16816|16822|16824|16836|16838|16846|16848|16856|16859|16875|16882|16887|16889|16891|16893|16897|16906|16911|16913|16916|16917|16922|16925|16928|16932|16933|16937|16944|16945|16947|16975|16976|16983|16986|16987|16993|17000|17002|17005|17016|17018|17029|17033|17034|17042|17047|17051|17059|17068|17071|17077|17088|17092|17095|17098|17101|17102|17108|17120|17123|17133|17134|17146|17170|17176|17182|17191|17199|17202|17203|17213|17220|17226|17236|17238|17240|17242|17252|17257|17258|17271|17281|17283|17284|17300|17320|17322|17327|17337|17341|17348|17352|17365|17369|17375|17376|17378|17381|17386|17392|17406|17418|17419|17423|17428|17435|17439|17440|17448|17455|17462|17493|17496|17499|17510|17517|17518|17519|17524|17534|17541|17544|17553|17561|17563|17567|17581|17596|17604|17607|17612|17615|17633|17658|17659|17660|17664|17669|17675|17682|17685|17689|17690|17698|17708|17710|17715|17722|17725|17726|17740|17742|17751|17752|17756|17765|17781|17785|17786|17789|17790|17800|17803|17807|17810|17812|17814|17819|17828|17840|17843|17858|17865|17868|17874|17884|17888|17906|17910|17912|17919|17924|17929|17935|17956|17971|17974|17978|17979|17980|17983|17992|18001|18002|18003|18016|18025|18042|18044|18049|18051|18054|18055|18056|18060|18066|18071|18073|18077|18079|18084|18094|18100|18127|18129|18136|18138|18145|18146|18148|18159|18160|18168|18181|18189|18191|18193|18197|18202|18207|18234|18239|18244|18250|18256|18258|18259|18263|18266|18267|18270|18272|18281|18286
Online Retail II,2011-06-10,3,M1,12346|12348|12351|12365|12369|12372|12376|12379|12387|12395|12408|12412|12415|12437|12449|12450|12451|12457|12458|12469|12474|12475|12477|12484|12485|12501|12504|12515|12520|12524|12525|12528|12529|12542|12543|12549|12575|12583|12584|12589|12590|12591|12597|12600|12609|12616|12625|12626|12637|12639|12674|12692|12698|12707|12708|12710|12720|12721|12738|12757|12767|12768|12786|12788|12796|12799|12806|12813|12821|12823|12831|12840|12843|12855|12859|12863|12868|12869|12872|12881|12887|12907|12910|12911|12921|12927|12935|12948|12959|12963|12969|12970|12972|12973|12994|13001|13003|13025|13030|13034|13051|13059|13072|13078|13098|13105|13108|13113|13114|13118|13119|13121|13122|13124|13128|13136|13141|13149|13152|13154|13158|13162|13167|13168|13177|13180|13191|13192|13197|13202|13206|13207|13222|13227|13232|13235|13240|13241|13262|13274|13281|13284|13290|13292|13294|13301|13310|13312|13313|13316|13326|13330|13340|13344|13345|13358|13360|13362|13363|13368|13369|13381|13382|13389|13396|13406|13408|13415|13416|13421|13428|13433|13438|13439|13454|13469|13476|13485|13488|13492|13500|13502|13506|13514|13516|13519|13524|13527|13535|13542|13552|13554|13557|13559|13567|13584|13592|13593|13598|13604|13606|13625|13639|13641|13643|13646|13651|13654|13655|13656|13665|13666|13669|13672|13674|13675|13683|13684|13689|13698|13709|13714|13719|13728|13736|13739|13741|13742|13746|13750|13762|13765|13767|13782|13783|13786|13787|13788|13792|13793|13794|13795|13800|13802|13811|13814|13841|13856|13862|13875|13877|13888|13892|13897|13899|13900|13911|13931|13945|13976|13993|14003|14022|14038|14039|14049|14053|14060|14070|14083|14084|14086|14091|14092|14108|14112|14118|14129|14139|14155|14161|14167|14187|14188|14194|14198|14201|14210|14220|14226|14228|14229|14240|14243|14248|14252|14258|14266|14272|14277|14283|14284|14289|14297|14298|14304|14306|14314|14315|14320|14325|14342|14343|14344|14352|14361|14363|14368|14373|14375|14376|14378|14384|14396|14400|14408|14409|14417|14421|14426|14428|14435|14444|14473|14474|14475|14495|14498|14500|14504|14516|14521|14533|14545|14552|14564|14574|14576|14600|14603|14607|14614|14618|14621|14627|14639|14644|14647|14650|14668|14671|14676|14684|14687|14689|14693|14699|14708|14717|14725|14726|14735|14744|14751|14755|14760|14766|14775|14784|14791|14796|14803|14806|14811|14829|14831|14840|14848|14850|14851|14855|14859|14869|14877|14884|14888|14890|14895|14902|14905|14909|14921|14929|14934|14941|14956|14958|14972|14973|14976|14982|14990|14994|14996|15016|15029|15031|15039|15041|15043|15044|15049|15053|15059|15064|15068|15079|15081|15086|15087|15111|15124|15126|15127|15137|15145|15147|15150|15155|15160|15161|15162|15164|15167|15172|15174|15176|15178|15180|15187|15189|15197|15200|15203|15204|15216|15218|15220|15222|15227|15233|15245|15254|15278|15284|15291|15292|15295|15301|15302|15304|15305|15312|15325|15339|15346|15347|15352|15353|15356|15365|15368|15369|15373|15377|15386|15395|15404|15416|15426|15428|15436|15439|15446|15448|15454|15459|15460|15470|15471|15481|15484|15486|15490|15494|15496|15497|15503|15504|15543|15551|15559|15561|15563|15570|15574|15575|15582|15586|15587|15594|15596|15608|15611|15614|15623|15624|15628|15632|15635|15636|15639|15650|15652|15658|15687|15691|15695|15697|15704|15708|15711|15719|15723|15727|15729|15737|15742|15745|15748|15754|15766|15768|15769|15771|15778|15803|15804|15806|15808|15809|15811|15813|15818|15820|15822|15823|15826|15827|15841|15845|15850|15854|15857|15859|15865|15869|15871|15879|15887|15891|15894|15905|15921|15922|15928|15939|15948|15956|15959|15964|15965|15970|15971|15984|15986|15989|16001|16002|16003|16012|16023|16034|16035|16038|16040|16047|16048|16049|16053|16057|16072|16073|16075|16081|16082|16084|16085|16095|16105|16119|16120|16127|16129|16134|16138|16143|16147|16148|16150|16166|16187|16188|16195|16197|16211|16217|16221|16223|16234|16241|16244|16251|16255|16258|16261|16263|16273|16283|16284|16300|16306|16317|16325|16329|16330|16333|16341|16343|16344|16345|16356|16368|16386|16388|16389|16396|16398|16406|16413|16417|16425|16433|16435|16437|16442|16444|16451|16452|16453|16454|16455|16456|16457|16458|16459|16461|16462|16469|16484|16487|16489|16490|16493|16495|16497|16499|16501|16525|16529|16547|16548|16551|16552|16556|16558|16568|16571|16573|16607|16608|16614|16621|16623|16625|16633|16635|16637|16645|16647|16651|16658|16663|16668|16675|16678|16682|16683|16690|16691|16692|16693|16698|16699|16712|16720|16732|16737|16748|16752|16765|16766|16770|16772|16778|16786|16794|16797|16804|16809|16812|16816|16822|16824|16836|16838|16846|16848|16856|16859|16875|16882|16887|16889|16891|16893|16897|16906|16911|16913|16916|16917|16922|16925|16928|16932|16933|16937|16944|16945|16947|16975|16976|16983|16986|16987|16993|17000|17002|17005|17016|17018|17029|17033|17034|17042|17047|17051|17059|17068|17071|17077|17088|17092|17095|17098|17101|17102|17108|17120|17123|17133|17134|17146|17170|17176|17182|17191|17199|17202|17203|17213|17220|17226|17236|17238|17240|17242|17252|17257|17258|17271|17281|17283|17284|17300|17320|17322|17327|17337|17341|17348|17352|17365|17369|17375|17376|17378|17381|17386|17392|17406|17418|17419|17423|17428|17435|17439|17440|17448|17455|17462|17493|17496|17499|17510|17517|17518|17519|17524|17534|17541|17544|17553|17561|17563|17567|17581|17596|17604|17607|17612|17615|17633|17658|17659|17660|17664|17669|17675|17682|17685|17689|17690|17698|17708|17710|17715|17722|17725|17726|17740|17742|17751|17752|17756|17765|17781|17785|17786|17789|17790|17800|17803|17807|17810|17812|17814|17819|17828|17840|17843|17858|17865|17868|17874|17884|17888|17906|17910|17912|17919|17924|17929|17935|17956|17971|17974|17978|17979|17980|17983|17992|18001|18002|18003|18016|18025|18042|18044|18049|18051|18054|18055|18056|18060|18066|18071|18073|18077|18079|18084|18094|18100|18127|18129|18136|18138|18145|18146|18148|18159|18160|18168|18181|18189|18191|18193|18197|18202|18207|18234|18239|18244|18250|18256|18258|18259|18263|18266|18267|18270|18272|18281|18286
Online Retail II,2011-06-10,3,M2,12346|12348|12351|12365|12369|12372|12376|12379|12387|12395|12408|12412|12415|12437|12449|12450|12451|12457|12458|12469|12474|12475|12477|12484|12485|12501|12504|12515|12520|12524|12525|12528|12529|12542|12543|12549|12575|12583|12584|12589|12590|12591|12597|12600|12609|12616|12625|12626|12637|12639|12674|12692|12698|12707|12708|12710|12720|12721|12738|12757|12767|12768|12786|12788|12796|12799|12806|12813|12821|12823|12831|12840|12843|12855|12859|12863|12868|12869|12872|12881|12887|12907|12910|12911|12921|12927|12935|12948|12959|12963|12969|12970|12972|12973|12994|13001|13003|13025|13030|13034|13051|13059|13072|13078|13098|13105|13108|13113|13114|13118|13119|13121|13122|13124|13128|13136|13141|13149|13152|13154|13158|13162|13167|13168|13177|13180|13191|13192|13197|13202|13206|13207|13222|13227|13232|13235|13240|13241|13262|13274|13281|13284|13290|13292|13294|13301|13310|13312|13313|13316|13326|13330|13340|13344|13345|13358|13360|13362|13363|13368|13369|13381|13382|13389|13396|13406|13408|13415|13416|13421|13428|13433|13438|13439|13454|13469|13476|13485|13488|13492|13500|13502|13506|13514|13516|13519|13524|13527|13535|13542|13552|13554|13557|13559|13567|13584|13592|13593|13598|13604|13606|13625|13639|13641|13643|13646|13651|13654|13655|13656|13665|13666|13669|13672|13674|13675|13683|13684|13689|13698|13709|13714|13719|13728|13736|13739|13741|13742|13746|13750|13762|13765|13767|13782|13783|13786|13787|13788|13792|13793|13794|13795|13800|13802|13811|13814|13841|13856|13862|13875|13877|13888|13892|13897|13899|13900|13911|13931|13945|13976|13993|14003|14022|14038|14039|14049|14053|14060|14070|14083|14084|14086|14091|14092|14108|14112|14118|14129|14139|14155|14161|14167|14187|14188|14194|14198|14201|14210|14220|14226|14228|14229|14240|14243|14248|14252|14258|14266|14272|14277|14283|14284|14289|14297|14298|14304|14306|14314|14315|14320|14325|14342|14343|14344|14352|14361|14363|14368|14373|14375|14376|14378|14384|14396|14400|14408|14409|14417|14421|14426|14428|14435|14444|14473|14474|14475|14495|14498|14500|14504|14516|14521|14533|14545|14552|14564|14574|14576|14600|14603|14607|14614|14618|14621|14627|14639|14644|14647|14650|14668|14671|14676|14684|14687|14689|14693|14699|14708|14717|14725|14726|14735|14744|14751|14755|14760|14766|14775|14784|14791|14796|14803|14806|14811|14829|14831|14840|14848|14850|14851|14855|14859|14869|14877|14884|14888|14890|14895|14902|14905|14909|14921|14929|14934|14941|14956|14958|14972|14973|14976|14982|14990|14994|14996|15016|15029|15031|15039|15041|15043|15044|15049|15053|15059|15064|15068|15079|15081|15086|15087|15111|15124|15126|15127|15137|15145|15147|15150|15155|15160|15161|15162|15164|15167|15172|15174|15176|15178|15180|15187|15189|15197|15200|15203|15204|15216|15218|15220|15222|15227|15233|15245|15254|15278|15284|15291|15292|15295|15301|15302|15304|15305|15312|15325|15339|15346|15347|15352|15353|15356|15365|15368|15369|15373|15377|15386|15395|15404|15416|15426|15428|15436|15439|15446|15448|15454|15459|15460|15470|15471|15481|15484|15486|15490|15494|15496|15497|15503|15504|15543|15551|15559|15561|15563|15570|15574|15575|15582|15586|15587|15594|15596|15608|15611|15614|15623|15624|15628|15632|15635|15636|15639|15650|15652|15658|15687|15691|15695|15697|15704|15708|15711|15719|15723|15727|15729|15737|15742|15745|15748|15754|15766|15768|15769|15771|15778|15803|15804|15806|15808|15809|15811|15813|15818|15820|15822|15823|15826|15827|15841|15845|15850|15854|15857|15859|15865|15869|15871|15879|15887|15891|15894|15905|15921|15922|15928|15939|15948|15956|15959|15964|15965|15970|15971|15984|15986|15989|16001|16002|16003|16012|16023|16034|16035|16038|16040|16047|16048|16049|16053|16057|16072|16073|16075|16081|16082|16084|16085|16095|16105|16119|16120|16127|16129|16134|16138|16143|16147|16148|16150|16166|16187|16188|16195|16197|16211|16217|16221|16223|16234|16241|16244|16251|16255|16258|16261|16263|16273|16283|16284|16300|16306|16317|16325|16329|16330|16333|16341|16343|16344|16345|16356|16368|16386|16388|16389|16396|16398|16406|16413|16417|16425|16433|16435|16437|16442|16444|16451|16452|16453|16454|16455|16456|16457|16458|16459|16461|16462|16469|16484|16487|16489|16490|16493|16495|16497|16499|16501|16525|16529|16547|16548|16551|16552|16556|16558|16568|16571|16573|16607|16608|16614|16621|16623|16625|16633|16635|16637|16645|16647|16651|16658|16663|16668|16675|16678|16682|16683|16690|16691|16692|16693|16698|16699|16712|16720|16732|16737|16748|16752|16765|16766|16770|16772|16778|16786|16794|16797|16804|16809|16812|16816|16822|16824|16836|16838|16846|16848|16856|16859|16875|16882|16887|16889|16891|16893|16897|16906|16911|16913|16916|16917|16922|16925|16928|16932|16933|16937|16944|16945|16947|16975|16976|16983|16986|16987|16993|17000|17002|17005|17016|17018|17029|17033|17034|17042|17047|17051|17059|17068|17071|17077|17088|17092|17095|17098|17101|17102|17108|17120|17123|17133|17134|17146|17170|17176|17182|17191|17199|17202|17203|17213|17220|17226|17236|17238|17240|17242|17252|17257|17258|17271|17281|17283|17284|17300|17320|17322|17327|17337|17341|17348|17352|17365|17369|17375|17376|17378|17381|17386|17392|17406|17418|17419|17423|17428|17435|17439|17440|17448|17455|17462|17493|17496|17499|17510|17517|17518|17519|17524|17534|17541|17544|17553|17561|17563|17567|17581|17596|17604|17607|17612|17615|17633|17658|17659|17660|17664|17669|17675|17682|17685|17689|17690|17698|17708|17710|17715|17722|17725|17726|17740|17742|17751|17752|17756|17765|17781|17785|17786|17789|17790|17800|17803|17807|17810|17812|17814|17819|17828|17840|17843|17858|17865|17868|17874|17884|17888|17906|17910|17912|17919|17924|17929|17935|17956|17971|17974|17978|17979|17980|17983|17992|18001|18002|18003|18016|18025|18042|18044|18049|18051|18054|18055|18056|18060|18066|18071|18073|18077|18079|18084|18094|18100|18127|18129|18136|18138|18145|18146|18148|18159|18160|18168|18181|18189|18191|18193|18197|18202|18207|18234|18239|18244|18250|18256|18258|18259|18263|18266|18267|18270|18272|18281|18286
Online Retail II,2011-06-10,3,M3,12346|12348|12351|12365|12369|12372|12376|12379|12387|12395|12408|12412|12415|12437|12449|12450|12451|12457|12458|12469|12474|12475|12477|12484|12485|12501|12504|12515|12520|12524|12525|12528|12529|12542|12543|12549|12575|12583|12584|12589|12590|12591|12597|12600|12609|12616|12625|12626|12637|12639|12674|12692|12698|12707|12708|12710|12720|12721|12738|12757|12767|12768|12786|12788|12796|12799|12806|12813|12821|12823|12831|12840|12843|12855|12859|12863|12868|12869|12872|12881|12887|12907|12910|12911|12921|12927|12935|12948|12959|12963|12969|12970|12972|12973|12994|13001|13003|13025|13030|13034|13051|13059|13072|13078|13098|13105|13108|13113|13114|13118|13119|13121|13122|13124|13128|13136|13141|13149|13152|13154|13158|13162|13167|13168|13177|13180|13191|13192|13197|13202|13206|13207|13222|13227|13232|13235|13240|13241|13262|13274|13281|13284|13290|13292|13294|13301|13310|13312|13313|13316|13326|13330|13340|13344|13345|13358|13360|13362|13363|13368|13369|13381|13382|13389|13396|13406|13408|13415|13416|13421|13428|13433|13438|13439|13454|13469|13476|13485|13488|13492|13500|13502|13506|13514|13516|13519|13524|13527|13535|13542|13552|13554|13557|13559|13567|13584|13592|13593|13598|13604|13606|13625|13639|13641|13643|13646|13651|13654|13655|13656|13665|13666|13669|13672|13674|13675|13683|13684|13689|13698|13709|13714|13719|13728|13736|13739|13741|13742|13746|13750|13762|13765|13767|13782|13783|13786|13787|13788|13792|13793|13794|13795|13800|13802|13811|13814|13841|13856|13862|13875|13877|13888|13892|13897|13899|13900|13911|13931|13945|13976|13993|14003|14022|14038|14039|14049|14053|14060|14070|14083|14084|14086|14091|14092|14108|14112|14118|14129|14139|14155|14161|14167|14187|14188|14194|14198|14201|14210|14220|14226|14228|14229|14240|14243|14248|14252|14258|14266|14272|14277|14283|14284|14289|14297|14298|14304|14306|14314|14315|14320|14325|14342|14343|14344|14352|14361|14363|14368|14373|14375|14376|14378|14384|14396|14400|14408|14409|14417|14421|14426|14428|14435|14444|14473|14474|14475|14495|14498|14500|14504|14516|14521|14533|14545|14552|14564|14574|14576|14600|14603|14607|14614|14618|14621|14627|14639|14644|14647|14650|14668|14671|14676|14684|14687|14689|14693|14699|14708|14717|14725|14726|14735|14744|14751|14755|14760|14766|14775|14784|14791|14796|14803|14806|14811|14829|14831|14840|14848|14850|14851|14855|14859|14869|14877|14884|14888|14890|14895|14902|14905|14909|14921|14929|14934|14941|14956|14958|14972|14973|14976|14982|14990|14994|14996|15016|15029|15031|15039|15041|15043|15044|15049|15053|15059|15064|15068|15079|15081|15086|15087|15111|15124|15126|15127|15137|15145|15147|15150|15155|15160|15161|15162|15164|15167|15172|15174|15176|15178|15180|15187|15189|15197|15200|15203|15204|15216|15218|15220|15222|15227|15233|15245|15254|15278|15284|15291|15292|15295|15301|15302|15304|15305|15312|15325|15339|15346|15347|15352|15353|15356|15365|15368|15369|15373|15377|15386|15395|15404|15416|15426|15428|15436|15439|15446|15448|15454|15459|15460|15470|15471|15481|15484|15486|15490|15494|15496|15497|15503|15504|15543|15551|15559|15561|15563|15570|15574|15575|15582|15586|15587|15594|15596|15608|15611|15614|15623|15624|15628|15632|15635|15636|15639|15650|15652|15658|15687|15691|15695|15697|15704|15708|15711|15719|15723|15727|15729|15737|15742|15745|15748|15754|15766|15768|15769|15771|15778|15803|15804|15806|15808|15809|15811|15813|15818|15820|15822|15823|15826|15827|15841|15845|15850|15854|15857|15859|15865|15869|15871|15879|15887|15891|15894|15905|15921|15922|15928|15939|15948|15956|15959|15964|15965|15970|15971|15984|15986|15989|16001|16002|16003|16012|16023|16034|16035|16038|16040|16047|16048|16049|16053|16057|16072|16073|16075|16081|16082|16084|16085|16095|16105|16119|16120|16127|16129|16134|16138|16143|16147|16148|16150|16166|16187|16188|16195|16197|16211|16217|16221|16223|16234|16241|16244|16251|16255|16258|16261|16263|16273|16283|16284|16300|16306|16317|16325|16329|16330|16333|16341|16343|16344|16345|16356|16368|16386|16388|16389|16396|16398|16406|16413|16417|16425|16433|16435|16437|16442|16444|16451|16452|16453|16454|16455|16456|16457|16458|16459|16461|16462|16469|16484|16487|16489|16490|16493|16495|16497|16499|16501|16525|16529|16547|16548|16551|16552|16556|16558|16568|16571|16573|16607|16608|16614|16621|16623|16625|16633|16635|16637|16645|16647|16651|16658|16663|16668|16675|16678|16682|16683|16690|16691|16692|16693|16698|16699|16712|16720|16732|16737|16748|16752|16765|16766|16770|16772|16778|16786|16794|16797|16804|16809|16812|16816|16822|16824|16836|16838|16846|16848|16856|16859|16875|16882|16887|16889|16891|16893|16897|16906|16911|16913|16916|16917|16922|16925|16928|16932|16933|16937|16944|16945|16947|16975|16976|16983|16986|16987|16993|17000|17002|17005|17016|17018|17029|17033|17034|17042|17047|17051|17059|17068|17071|17077|17088|17092|17095|17098|17101|17102|17108|17120|17123|17133|17134|17146|17170|17176|17182|17191|17199|17202|17203|17213|17220|17226|17236|17238|17240|17242|17252|17257|17258|17271|17281|17283|17284|17300|17320|17322|17327|17337|17341|17348|17352|17365|17369|17375|17376|17378|17381|17386|17392|17406|17418|17419|17423|17428|17435|17439|17440|17448|17455|17462|17493|17496|17499|17510|17517|17518|17519|17524|17534|17541|17544|17553|17561|17563|17567|17581|17596|17604|17607|17612|17615|17633|17658|17659|17660|17664|17669|17675|17682|17685|17689|17690|17698|17708|17710|17715|17722|17725|17726|17740|17742|17751|17752|17756|17765|17781|17785|17786|17789|17790|17800|17803|17807|17810|17812|17814|17819|17828|17840|17843|17858|17865|17868|17874|17884|17888|17906|17910|17912|17919|17924|17929|17935|17956|17971|17974|17978|17979|17980|17983|17992|18001|18002|18003|18016|18025|18042|18044|18049|18051|18054|18055|18056|18060|18066|18071|18073|18077|18079|18084|18094|18100|18127|18129|18136|18138|18145|18146|18148|18159|18160|18168|18181|18189|18191|18193|18197|18202|18207|18234|18239|18244|18250|18256|18258|18259|18263|18266|18267|18270|18272|18281|18286
Online Retail II,2011-06-10,4,M0,12347|12353|12358|12361|12380|12393|12400|12409|12418|12422|12425|12429|12431|12439|12447|12462|12463|12473|12482|12486|12492|12494|12495|12500|12502|12505|12535|12537|12538|12539|12547|12557|12559|12561|12570|12573|12594|12595|12601|12604|12608|12623|12629|12631|12633|12635|12638|12648|12655|12663|12664|12665|12666|12668|12670|12673|12677|12678|12691|12709|12711|12717|12724|12725|12741|12742|12749|12751|12753|12754|12755|12761|12769|12770|12776|12778|12779|12797|12801|12803|12807|12817|12837|12841|12846|12851|12852|12860|12862|12866|12870|12871|12873|12880|12891|12900|12902|12908|12909|12916|12920|12926|12929|12942|12944|12947|12954|12982|12983|12987|12991|13004|13010|13015|13018|13020|13031|13033|13053|13063|13064|13070|13073|13077|13089|13094|13101|13107|13112|13129|13132|13139|13148|13155|13166|13178|13184|13194|13196|13203|13205|13216|13219|13221|13223|13225|13237|13238|13242|13278|13283|13286|13288|13291|13293|13297|13302|13308|13317|13327|13328|13357|13361|13371|13374|13376|13380|13385|13388|13394|13425|13437|13444|13451|13453|13462|13477|13479|13480|13481|13487|13490|13495|13497|13498|13508|13511|13526|13529|13538|13539|13540|13543|13544|13545|13548|13556|13572|13576|13581|13590|13595|13602|13613|13623|13626|13636|13640|13648|13657|13658|13668|13687|13692|13699|13710|13711|13712|13715|13718|13723|13733|13738|13748|13761|13764|13766|13770|13779|13780|13784|13797|13798|13799|13809|13815|13817|13820|13821|13832|13837|13847|13854|13863|13869|13870|13878|13890|13891|13893|13898|13903|13906|13908|13912|13920|13927|13939|13950|13953|13955|13957|13961|13963|13972|13974|13977|13979|13982|13985|13989|13992|13997|14004|14005|14007|14014|14020|14021|14030|14032|14035|14051|14052|14055|14056|14061|14063|14064|14071|14075|14085|14088|14106|14107|14111|14114|14130|14131|14144|14151|14165|14166|14172|14173|14176|14182|14186|14193|14197|14203|14213|14215|14221|14232|14236|14239|14245|14246|14254|14282|14285|14286|14288|14292|14299|14302|14309|14319|14324|14328|14339|14348|14353|14358|14374|14377|14389|14390|14391|14394|14395|14397|14398|14401|14404|14422|14425|14427|14429|14441|14446|14451|14453|14463|14476|14482|14484|14490|14493|14497|14499|14505|14512|14524|14534|14537|14542|14544|14553|14559|14562|14566|14569|14572|14580|14581|14586|14588|14593|14594|14597|14599|14609|14616|14623|14624|14636|14637|14649|14651|14653|14654|14665|14682|14683|14711|14712|14723|14753|14758|14759|14769|14770|14773|14774|14777|14797|14800|14812|14816|14822|14824|14837|14838|14842|14844|14846|14847|14867|14880|14892|14901|14907|14918|14919|14920|14927|14928|14932|14938|14943|14955|14962|14966|14978|14985|14988|14993|14997|15001|15003|15006|15008|15015|15019|15021|15022|15037|15040|15046|15050|15056|15061|15067|15073|15076|15085|15093|15095|15097|15101|15102|15115|15117|15125|15128|15129|15139|15142|15143|15146|15163|15173|15179|15181|15186|15198|15199|15201|15207|15210|15225|15230|15236|15237|15240|15244|15253|15266|15268|15270|15276|15280|15287|15289|15299|15306|15314|15319|15329|15338|15341|15349|15362|15363|15372|15375|15376|15381|15384|15385|15387|15390|15391|15392|15394|15401|15402|15408|15410|15420|15443|15445|15447|15453|15457|15466|15476|15479|15480|15483|15485|15487|15488|15499|15510|15517|15525|15535|15546|15547|15550|15573|15581|15589|15602|15609|15615|15625|15630|15633|15640|15641|15643|15644|15645|15647|15648|15656|15666|15672|15675|15678|15685|15688|15702|15710|15714|15715|15717|15718|15722|15724|15726|15732|15734|15743|15747|15753|15759|15772|15785|15789|15791|15792|15800|15805|15814|15831|15832|15837|15838|15842|15846|15864|15867|15870|15873|15885|15888|15892|15897|15901|15906|15913|15915|15918|15926|15931|15935|15951|15952|15955|15958|15968|15969|15974|15976|15982|15987|15988|15991|15992|15994|16007|16010|16014|16016|16018|16022|16033|16037|16050|16054|16061|16063|16068|16076|16077|16083|16088|16104|16112|16118|16122|16124|16130|16137|16140|16141|16145|16165|16174|16175|16202|16204|16208|16209|16212|16214|16218|16238|16249|16253|16254|16265|16266|16270|16271|16277|16287|16296|16312|16323|16332|16354|16355|16366|16370|16372|16375|16381|16385|16391|16395|16400|16403|16410|16412|16418|16428|16439|16440|16449|16468|16491|16503|16507|16515|16521|16527|16530|16534|16542|16546|16564|16569|16579|16584|16588|16590|16593|16595|16605|16610|16626|16630|16634|16636|16641|16642|16644|16649|16659|16666|16670|16680|16695|16697|16704|16716|16717|16718|16725|16733|16740|16742|16743|16745|16750|16755|16756|16760|16774|16779|16783|16788|16792|16795|16798|16801|16808|16810|16817|16821|16832|16837|16845|16847|16849|16865|16867|16870|16871|16874|16884|16885|16886|16892|16896|16898|16899|16905|16907|16919|16931|16936|16942|16948|16958|16963|16990|16992|16996|17001|17007|17012|17015|17025|17026|17027|17035|17039|17041|17055|17065|17072|17080|17112|17113|17117|17128|17137|17145|17181|17188|17190|17192|17195|17205|17208|17211|17214|17221|17225|17228|17230|17239|17249|17256|17259|17272|17274|17276|17287|17288|17302|17310|17319|17323|17328|17335|17336|17342|17346|17350|17351|17374|17380|17384|17390|17395|17402|17404|17408|17410|17412|17420|17433|17446|17450|17483|17487|17488|17492|17494|17501|17504|17505|17508|17525|17527|17529|17530|17550|17552|17560|17565|17570|17571|17575|17577|17591|17594|17602|17608|17610|17616|17621|17640|17643|17646|17647|17657|17667|17670|17676|17679|17699|17704|17709|17711|17714|17730|17731|17733|17735|17738|17739|17743|17749|17754|17768|17770|17776|17783|17799|17802|17809|17816|17817|17825|17829|17834|17847|17848|17850|17851|17853|17856|17863|17872|17873|17875|17876|17889|17900|17902|17908|17920|17925|17932|17934|17946|17949|17954|17964|17966|17970|17977|17984|17990|18010|18018|18022|18028|18031|18032|18034|18035|18038|18039|18041|18046|18047|18052|18074|18075|18092|18093|18095|18109|18111|18113|18114|18115|18118|18124|18131|18133|18140|18151|18153|18156|18157|18173|18175|18186|18188|18195|18198|18199|18212|18214|18215|18220|18224|18233|18247|18251|18255|18269|18284|18287
Online Retail II,2011-06-10,4,M1,12347|12353|12358|12361|12380|12393|12400|12409|12418|12422|12425|12429|12431|12439|12447|12462|12463|12473|12482|12486|12492|12494|12495|12500|12502|12505|12535|12537|12538|12539|12547|12557|12559|12561|12570|12573|12594|12595|12601|12604|12608|12623|12629|12631|12633|12635|12638|12648|12655|12663|12664|12665|12666|12668|12670|12673|12677|12678|12691|12709|12711|12717|12724|12725|12741|12742|12749|12751|12753|12754|12755|12761|12769|12770|12776|12778|12779|12797|12801|12803|12807|12817|12837|12841|12846|12851|12852|12860|12862|12866|12870|12871|12873|12880|12891|12900|12902|12908|12909|12916|12920|12926|12929|12942|12944|12947|12954|12982|12983|12987|12991|13004|13010|13015|13018|13020|13031|13033|13053|13063|13064|13070|13073|13077|13089|13094|13101|13107|13112|13129|13132|13139|13148|13155|13166|13178|13184|13194|13196|13203|13205|13216|13219|13221|13223|13225|13237|13238|13242|13278|13283|13286|13288|13291|13293|13297|13302|13308|13317|13327|13328|13357|13361|13371|13374|13376|13380|13385|13388|13394|13425|13437|13444|13451|13453|13462|13477|13479|13480|13481|13487|13490|13495|13497|13498|13508|13511|13526|13529|13538|13539|13540|13543|13544|13545|13548|13556|13572|13576|13581|13590|13595|13602|13613|13623|13626|13636|13640|13648|13657|13658|13668|13687|13692|13699|13710|13711|13712|13715|13718|13723|13733|13738|13748|13761|13764|13766|13770|13779|13780|13784|13797|13798|13799|13809|13815|13817|13820|13821|13832|13837|13847|13854|13863|13869|13870|13878|13890|13891|13893|13898|13903|13906|13908|13912|13920|13927|13939|13950|13953|13955|13957|13961|13963|13972|13974|13977|13979|13982|13985|13989|13992|13997|14004|14005|14007|14014|14020|14021|14030|14032|14035|14051|14052|14055|14056|14061|14063|14064|14071|14075|14085|14088|14106|14107|14111|14114|14130|14131|14144|14151|14165|14166|14172|14173|14176|14182|14186|14193|14197|14203|14213|14215|14221|14232|14236|14239|14245|14246|14254|14282|14285|14286|14288|14292|14299|14302|14309|14319|14324|14328|14339|14348|14353|14358|14374|14377|14389|14390|14391|14394|14395|14397|14398|14401|14404|14422|14425|14427|14429|14441|14446|14451|14453|14463|14476|14482|14484|14490|14493|14497|14499|14505|14512|14524|14534|14537|14542|14544|14553|14559|14562|14566|14569|14572|14580|14581|14586|14588|14593|14594|14597|14599|14609|14616|14623|14624|14636|14637|14649|14651|14653|14654|14665|14682|14683|14711|14712|14723|14753|14758|14759|14769|14770|14773|14774|14777|14797|14800|14812|14816|14822|14824|14837|14838|14842|14844|14846|14847|14867|14880|14892|14901|14907|14918|14919|14920|14927|14928|14932|14938|14943|14955|14962|14966|14978|14985|14988|14993|14997|15001|15003|15006|15008|15015|15019|15021|15022|15037|15040|15046|15050|15056|15061|15067|15073|15076|15085|15093|15095|15097|15101|15102|15115|15117|15125|15128|15129|15139|15142|15143|15146|15163|15173|15179|15181|15186|15198|15199|15201|15207|15210|15225|15230|15236|15237|15240|15244|15253|15266|15268|15270|15276|15280|15287|15289|15299|15306|15314|15319|15329|15338|15341|15349|15362|15363|15372|15375|15376|15381|15384|15385|15387|15390|15391|15392|15394|15401|15402|15408|15410|15420|15443|15445|15447|15453|15457|15466|15476|15479|15480|15483|15485|15487|15488|15499|15510|15517|15525|15535|15546|15547|15550|15573|15581|15589|15602|15609|15615|15625|15630|15633|15640|15641|15643|15644|15645|15647|15648|15656|15666|15672|15675|15678|15685|15688|15702|15710|15714|15715|15717|15718|15722|15724|15726|15732|15734|15743|15747|15753|15759|15772|15785|15789|15791|15792|15800|15805|15814|15831|15832|15837|15838|15842|15846|15864|15867|15870|15873|15885|15888|15892|15897|15901|15906|15913|15915|15918|15926|15931|15935|15951|15952|15955|15958|15968|15969|15974|15976|15982|15987|15988|15991|15992|15994|16007|16010|16014|16016|16018|16022|16033|16037|16050|16054|16061|16063|16068|16076|16077|16083|16088|16104|16112|16118|16122|16124|16130|16137|16140|16141|16145|16165|16174|16175|16202|16204|16208|16209|16212|16214|16218|16238|16249|16253|16254|16265|16266|16270|16271|16277|16287|16296|16312|16323|16332|16354|16355|16366|16370|16372|16375|16381|16385|16391|16395|16400|16403|16410|16412|16418|16428|16439|16440|16449|16468|16491|16503|16507|16515|16521|16527|16530|16534|16542|16546|16564|16569|16579|16584|16588|16590|16593|16595|16605|16610|16626|16630|16634|16636|16641|16642|16644|16649|16659|16666|16670|16680|16695|16697|16704|16716|16717|16718|16725|16733|16740|16742|16743|16745|16750|16755|16756|16760|16774|16779|16783|16788|16792|16795|16798|16801|16808|16810|16817|16821|16832|16837|16845|16847|16849|16865|16867|16870|16871|16874|16884|16885|16886|16892|16896|16898|16899|16905|16907|16919|16931|16936|16942|16948|16958|16963|16990|16992|16996|17001|17007|17012|17015|17025|17026|17027|17035|17039|17041|17055|17065|17072|17080|17112|17113|17117|17128|17137|17145|17181|17188|17190|17192|17195|17205|17208|17211|17214|17221|17225|17228|17230|17239|17249|17256|17259|17272|17274|17276|17287|17288|17302|17310|17319|17323|17328|17335|17336|17342|17346|17350|17351|17374|17380|17384|17390|17395|17402|17404|17408|17410|17412|17420|17433|17446|17450|17483|17487|17488|17492|17494|17501|17504|17505|17508|17525|17527|17529|17530|17550|17552|17560|17565|17570|17571|17575|17577|17591|17594|17602|17608|17610|17616|17621|17640|17643|17646|17647|17657|17667|17670|17676|17679|17699|17704|17709|17711|17714|17730|17731|17733|17735|17738|17739|17743|17749|17754|17768|17770|17776|17783|17799|17802|17809|17816|17817|17825|17829|17834|17847|17848|17850|17851|17853|17856|17863|17872|17873|17875|17876|17889|17900|17902|17908|17920|17925|17932|17934|17946|17949|17954|17964|17966|17970|17977|17984|17990|18010|18018|18022|18028|18031|18032|18034|18035|18038|18039|18041|18046|18047|18052|18074|18075|18092|18093|18095|18109|18111|18113|18114|18115|18118|18124|18131|18133|18140|18151|18153|18156|18157|18173|18175|18186|18188|18195|18198|18199|18212|18214|18215|18220|18224|18233|18247|18251|18255|18269|18284|18287
Online Retail II,2011-06-10,4,M2,12347|12353|12358|12361|12380|12393|12400|12409|12418|12422|12425|12429|12431|12439|12447|12462|12463|12473|12482|12486|12492|12494|12495|12500|12502|12505|12535|12537|12538|12539|12547|12557|12559|12561|12570|12573|12594|12595|12601|12604|12608|12623|12629|12631|12633|12635|12638|12648|12655|12663|12664|12665|12666|12668|12670|12673|12677|12678|12691|12709|12711|12717|12724|12725|12741|12742|12749|12751|12753|12754|12755|12761|12769|12770|12776|12778|12779|12797|12801|12803|12807|12817|12837|12841|12846|12851|12852|12860|12862|12866|12870|12871|12873|12880|12891|12900|12902|12908|12909|12916|12920|12926|12929|12942|12944|12947|12954|12982|12983|12987|12991|13004|13010|13015|13018|13020|13031|13033|13053|13063|13064|13070|13073|13077|13089|13094|13101|13107|13112|13129|13132|13139|13148|13155|13166|13178|13184|13194|13196|13203|13205|13216|13219|13221|13223|13225|13237|13238|13242|13278|13283|13286|13288|13291|13293|13297|13302|13308|13317|13327|13328|13357|13361|13371|13374|13376|13380|13385|13388|13394|13425|13437|13444|13451|13453|13462|13477|13479|13480|13481|13487|13490|13495|13497|13498|13508|13511|13526|13529|13538|13539|13540|13543|13544|13545|13548|13556|13572|13576|13581|13590|13595|13602|13613|13623|13626|13636|13640|13648|13657|13658|13668|13687|13692|13699|13710|13711|13712|13715|13718|13723|13733|13738|13748|13761|13764|13766|13770|13779|13780|13784|13797|13798|13799|13809|13815|13817|13820|13821|13832|13837|13847|13854|13863|13869|13870|13878|13890|13891|13893|13898|13903|13906|13908|13912|13920|13927|13939|13950|13953|13955|13957|13961|13963|13972|13974|13977|13979|13982|13985|13989|13992|13997|14004|14005|14007|14014|14020|14021|14030|14032|14035|14051|14052|14055|14056|14061|14063|14064|14071|14075|14085|14088|14106|14107|14111|14114|14130|14131|14144|14151|14165|14166|14172|14173|14176|14182|14186|14193|14197|14203|14213|14215|14221|14232|14236|14239|14245|14246|14254|14282|14285|14286|14288|14292|14299|14302|14309|14319|14324|14328|14339|14348|14353|14358|14374|14377|14389|14390|14391|14394|14395|14397|14398|14401|14404|14422|14425|14427|14429|14441|14446|14451|14453|14463|14476|14482|14484|14490|14493|14497|14499|14505|14512|14524|14534|14537|14542|14544|14553|14559|14562|14566|14569|14572|14580|14581|14586|14588|14593|14594|14597|14599|14609|14616|14623|14624|14636|14637|14649|14651|14653|14654|14665|14682|14683|14711|14712|14723|14753|14758|14759|14769|14770|14773|14774|14777|14797|14800|14812|14816|14822|14824|14837|14838|14842|14844|14846|14847|14867|14880|14892|14901|14907|14918|14919|14920|14927|14928|14932|14938|14943|14955|14962|14966|14978|14985|14988|14993|14997|15001|15003|15006|15008|15015|15019|15021|15022|15037|15040|15046|15050|15056|15061|15067|15073|15076|15085|15093|15095|15097|15101|15102|15115|15117|15125|15128|15129|15139|15142|15143|15146|15163|15173|15179|15181|15186|15198|15199|15201|15207|15210|15225|15230|15236|15237|15240|15244|15253|15266|15268|15270|15276|15280|15287|15289|15299|15306|15314|15319|15329|15338|15341|15349|15362|15363|15372|15375|15376|15381|15384|15385|15387|15390|15391|15392|15394|15401|15402|15408|15410|15420|15443|15445|15447|15453|15457|15466|15476|15479|15480|15483|15485|15487|15488|15499|15510|15517|15525|15535|15546|15547|15550|15573|15581|15589|15602|15609|15615|15625|15630|15633|15640|15641|15643|15644|15645|15647|15648|15656|15666|15672|15675|15678|15685|15688|15702|15710|15714|15715|15717|15718|15722|15724|15726|15732|15734|15743|15747|15753|15759|15772|15785|15789|15791|15792|15800|15805|15814|15831|15832|15837|15838|15842|15846|15864|15867|15870|15873|15885|15888|15892|15897|15901|15906|15913|15915|15918|15926|15931|15935|15951|15952|15955|15958|15968|15969|15974|15976|15982|15987|15988|15991|15992|15994|16007|16010|16014|16016|16018|16022|16033|16037|16050|16054|16061|16063|16068|16076|16077|16083|16088|16104|16112|16118|16122|16124|16130|16137|16140|16141|16145|16165|16174|16175|16202|16204|16208|16209|16212|16214|16218|16238|16249|16253|16254|16265|16266|16270|16271|16277|16287|16296|16312|16323|16332|16354|16355|16366|16370|16372|16375|16381|16385|16391|16395|16400|16403|16410|16412|16418|16428|16439|16440|16449|16468|16491|16503|16507|16515|16521|16527|16530|16534|16542|16546|16564|16569|16579|16584|16588|16590|16593|16595|16605|16610|16626|16630|16634|16636|16641|16642|16644|16649|16659|16666|16670|16680|16695|16697|16704|16716|16717|16718|16725|16733|16740|16742|16743|16745|16750|16755|16756|16760|16774|16779|16783|16788|16792|16795|16798|16801|16808|16810|16817|16821|16832|16837|16845|16847|16849|16865|16867|16870|16871|16874|16884|16885|16886|16892|16896|16898|16899|16905|16907|16919|16931|16936|16942|16948|16958|16963|16990|16992|16996|17001|17007|17012|17015|17025|17026|17027|17035|17039|17041|17055|17065|17072|17080|17112|17113|17117|17128|17137|17145|17181|17188|17190|17192|17195|17205|17208|17211|17214|17221|17225|17228|17230|17239|17249|17256|17259|17272|17274|17276|17287|17288|17302|17310|17319|17323|17328|17335|17336|17342|17346|17350|17351|17374|17380|17384|17390|17395|17402|17404|17408|17410|17412|17420|17433|17446|17450|17483|17487|17488|17492|17494|17501|17504|17505|17508|17525|17527|17529|17530|17550|17552|17560|17565|17570|17571|17575|17577|17591|17594|17602|17608|17610|17616|17621|17640|17643|17646|17647|17657|17667|17670|17676|17679|17699|17704|17709|17711|17714|17730|17731|17733|17735|17738|17739|17743|17749|17754|17768|17770|17776|17783|17799|17802|17809|17816|17817|17825|17829|17834|17847|17848|17850|17851|17853|17856|17863|17872|17873|17875|17876|17889|17900|17902|17908|17920|17925|17932|17934|17946|17949|17954|17964|17966|17970|17977|17984|17990|18010|18018|18022|18028|18031|18032|18034|18035|18038|18039|18041|18046|18047|18052|18074|18075|18092|18093|18095|18109|18111|18113|18114|18115|18118|18124|18131|18133|18140|18151|18153|18156|18157|18173|18175|18186|18188|18195|18198|18199|18212|18214|18215|18220|18224|18233|18247|18251|18255|18269|18284|18287
Online Retail II,2011-06-10,4,M3,12347|12353|12358|12361|12380|12393|12400|12409|12418|12422|12425|12429|12431|12439|12447|12462|12463|12473|12482|12486|12492|12494|12495|12500|12502|12505|12535|12537|12538|12539|12547|12557|12559|12561|12570|12573|12594|12595|12601|12604|12608|12623|12629|12631|12633|12635|12638|12648|12655|12663|12664|12665|12666|12668|12670|12673|12677|12678|12691|12709|12711|12717|12724|12725|12741|12742|12749|12751|12753|12754|12755|12761|12769|12770|12776|12778|12779|12797|12801|12803|12807|12817|12837|12841|12846|12851|12852|12860|12862|12866|12870|12871|12873|12880|12891|12900|12902|12908|12909|12916|12920|12926|12929|12942|12944|12947|12954|12982|12983|12987|12991|13004|13010|13015|13018|13020|13031|13033|13053|13063|13064|13070|13073|13077|13089|13094|13101|13107|13112|13129|13132|13139|13148|13155|13166|13178|13184|13194|13196|13203|13205|13216|13219|13221|13223|13225|13237|13238|13242|13278|13283|13286|13288|13291|13293|13297|13302|13308|13317|13327|13328|13357|13361|13371|13374|13376|13380|13385|13388|13394|13425|13437|13444|13451|13453|13462|13477|13479|13480|13481|13487|13490|13495|13497|13498|13508|13511|13526|13529|13538|13539|13540|13543|13544|13545|13548|13556|13572|13576|13581|13590|13595|13602|13613|13623|13626|13636|13640|13648|13657|13658|13668|13687|13692|13699|13710|13711|13712|13715|13718|13723|13733|13738|13748|13761|13764|13766|13770|13779|13780|13784|13797|13798|13799|13809|13815|13817|13820|13821|13832|13837|13847|13854|13863|13869|13870|13878|13890|13891|13893|13898|13903|13906|13908|13912|13920|13927|13939|13950|13953|13955|13957|13961|13963|13972|13974|13977|13979|13982|13985|13989|13992|13997|14004|14005|14007|14014|14020|14021|14030|14032|14035|14051|14052|14055|14056|14061|14063|14064|14071|14075|14085|14088|14106|14107|14111|14114|14130|14131|14144|14151|14165|14166|14172|14173|14176|14182|14186|14193|14197|14203|14213|14215|14221|14232|14236|14239|14245|14246|14254|14282|14285|14286|14288|14292|14299|14302|14309|14319|14324|14328|14339|14348|14353|14358|14374|14377|14389|14390|14391|14394|14395|14397|14398|14401|14404|14422|14425|14427|14429|14441|14446|14451|14453|14463|14476|14482|14484|14490|14493|14497|14499|14505|14512|14524|14534|14537|14542|14544|14553|14559|14562|14566|14569|14572|14580|14581|14586|14588|14593|14594|14597|14599|14609|14616|14623|14624|14636|14637|14649|14651|14653|14654|14665|14682|14683|14711|14712|14723|14753|14758|14759|14769|14770|14773|14774|14777|14797|14800|14812|14816|14822|14824|14837|14838|14842|14844|14846|14847|14867|14880|14892|14901|14907|14918|14919|14920|14927|14928|14932|14938|14943|14955|14962|14966|14978|14985|14988|14993|14997|15001|15003|15006|15008|15015|15019|15021|15022|15037|15040|15046|15050|15056|15061|15067|15073|15076|15085|15093|15095|15097|15101|15102|15115|15117|15125|15128|15129|15139|15142|15143|15146|15163|15173|15179|15181|15186|15198|15199|15201|15207|15210|15225|15230|15236|15237|15240|15244|15253|15266|15268|15270|15276|15280|15287|15289|15299|15306|15314|15319|15329|15338|15341|15349|15362|15363|15372|15375|15376|15381|15384|15385|15387|15390|15391|15392|15394|15401|15402|15408|15410|15420|15443|15445|15447|15453|15457|15466|15476|15479|15480|15483|15485|15487|15488|15499|15510|15517|15525|15535|15546|15547|15550|15573|15581|15589|15602|15609|15615|15625|15630|15633|15640|15641|15643|15644|15645|15647|15648|15656|15666|15672|15675|15678|15685|15688|15702|15710|15714|15715|15717|15718|15722|15724|15726|15732|15734|15743|15747|15753|15759|15772|15785|15789|15791|15792|15800|15805|15814|15831|15832|15837|15838|15842|15846|15864|15867|15870|15873|15885|15888|15892|15897|15901|15906|15913|15915|15918|15926|15931|15935|15951|15952|15955|15958|15968|15969|15974|15976|15982|15987|15988|15991|15992|15994|16007|16010|16014|16016|16018|16022|16033|16037|16050|16054|16061|16063|16068|16076|16077|16083|16088|16104|16112|16118|16122|16124|16130|16137|16140|16141|16145|16165|16174|16175|16202|16204|16208|16209|16212|16214|16218|16238|16249|16253|16254|16265|16266|16270|16271|16277|16287|16296|16312|16323|16332|16354|16355|16366|16370|16372|16375|16381|16385|16391|16395|16400|16403|16410|16412|16418|16428|16439|16440|16449|16468|16491|16503|16507|16515|16521|16527|16530|16534|16542|16546|16564|16569|16579|16584|16588|16590|16593|16595|16605|16610|16626|16630|16634|16636|16641|16642|16644|16649|16659|16666|16670|16680|16695|16697|16704|16716|16717|16718|16725|16733|16740|16742|16743|16745|16750|16755|16756|16760|16774|16779|16783|16788|16792|16795|16798|16801|16808|16810|16817|16821|16832|16837|16845|16847|16849|16865|16867|16870|16871|16874|16884|16885|16886|16892|16896|16898|16899|16905|16907|16919|16931|16936|16942|16948|16958|16963|16990|16992|16996|17001|17007|17012|17015|17025|17026|17027|17035|17039|17041|17055|17065|17072|17080|17112|17113|17117|17128|17137|17145|17181|17188|17190|17192|17195|17205|17208|17211|17214|17221|17225|17228|17230|17239|17249|17256|17259|17272|17274|17276|17287|17288|17302|17310|17319|17323|17328|17335|17336|17342|17346|17350|17351|17374|17380|17384|17390|17395|17402|17404|17408|17410|17412|17420|17433|17446|17450|17483|17487|17488|17492|17494|17501|17504|17505|17508|17525|17527|17529|17530|17550|17552|17560|17565|17570|17571|17575|17577|17591|17594|17602|17608|17610|17616|17621|17640|17643|17646|17647|17657|17667|17670|17676|17679|17699|17704|17709|17711|17714|17730|17731|17733|17735|17738|17739|17743|17749|17754|17768|17770|17776|17783|17799|17802|17809|17816|17817|17825|17829|17834|17847|17848|17850|17851|17853|17856|17863|17872|17873|17875|17876|17889|17900|17902|17908|17920|17925|17932|17934|17946|17949|17954|17964|17966|17970|17977|17984|17990|18010|18018|18022|18028|18031|18032|18034|18035|18038|18039|18041|18046|18047|18052|18074|18075|18092|18093|18095|18109|18111|18113|18114|18115|18118|18124|18131|18133|18140|18151|18153|18156|18157|18173|18175|18186|18188|18195|18198|18199|18212|18214|18215|18220|18224|18233|18247|18251|18255|18269|18284|18287
Online Retail II,2011-09-09,0,M0,12347|12349|12351|12362|12366|12373|12378|12380|12381|12385|12403|12408|12416|12418|12427|12428|12434|12435|12436|12439|12445|12459|12475|12476|12481|12485|12489|12492|12493|12494|12496|12499|12503|12517|12530|12531|12537|12540|12551|12562|12570|12577|12585|12590|12596|12598|12599|12605|12622|12627|12633|12637|12639|12642|12647|12653|12654|12655|12673|12677|12678|12683|12685|12691|12692|12693|12701|12703|12704|12708|12714|12721|12722|12729|12754|12757|12763|12764|12765|12773|12774|12775|12780|12784|12789|12801|12810|12813|12815|12819|12826|12829|12838|12842|12847|12857|12859|12863|12879|12887|12891|12892|12897|12899|12901|12923|12925|12926|12953|12964|12967|12970|12980|12981|12982|12986|12996|12998|13000|13005|13010|13015|13018|13022|13023|13031|13034|13035|13039|13043|13059|13060|13063|13064|13068|13072|13073|13074|13080|13087|13094|13101|13102|13116|13118|13119|13122|13124|13132|13133|13134|13139|13140|13145|13152|13159|13163|13167|13169|13172|13173|13181|13184|13204|13205|13209|13215|13220|13229|13239|13240|13243|13249|13250|13261|13268|13277|13282|13284|13285|13290|13291|13292|13293|13300|13310|13313|13317|13324|13327|13334|13341|13361|13365|13374|13375|13380|13383|13389|13400|13408|13411|13413|13414|13420|13421|13432|13433|13441|13446|13452|13456|13458|13461|13473|13474|13476|13480|13484|13497|13503|13510|13511|13512|13517|13531|13533|13534|13535|13546|13551|13552|13553|13568|13577|13579|13580|13582|13587|13592|13600|13607|13618|13642|13647|13648|13649|13656|13681|13686|13692|13693|13714|13715|13718|13720|13725|13733|13734|13740|13752|13758|13763|13773|13779|13782|13786|13788|13795|13802|13807|13812|13813|13818|13823|13826|13839|13842|13846|13850|13854|13855|13862|13867|13870|13875|13879|13889|13890|13902|13907|13909|13913|13915|13921|13929|13934|13935|13948|13959|13965|13969|13970|13976|13983|13991|13997|13998|13999|14005|14030|14031|14039|14040|14047|14051|14056|14057|14058|14059|14062|14082|14094|14108|14114|14117|14129|14130|14132|14135|14141|14142|14157|14162|14169|14195|14197|14209|14211|14214|14215|14219|14223|14226|14237|14243|14247|14249|14254|14255|14256|14266|14269|14275|14278|14279|14294|14296|14299|14301|14302|14308|14321|14334|14342|14352|14360|14361|14366|14368|14371|14374|14381|14386|14394|14402|14423|14429|14437|14440|14445|14446|14448|14449|14451|14464|14469|14472|14474|14477|14478|14480|14483|14487|14489|14496|14517|14520|14525|14548|14552|14563|14564|14572|14574|14577|14584|14594|14598|14602|14608|14609|14612|14618|14622|14625|14628|14635|14646|14653|14655|14669|14670|14671|14679|14686|14692|14697|14706|14708|14717|14722|14724|14729|14732|14734|14741|14743|14744|14749|14755|14770|14772|14782|14793|14799|14814|14818|14819|14821|14825|14829|14837|14842|14848|14849|14851|14855|14858|14861|14867|14872|14886|14893|14895|14899|14900|14901|14909|14912|14933|14934|14937|14941|14943|14953|14954|14956|14957|14962|14964|14970|14989|15006|15014|15019|15023|15024|15026|15027|15028|15040|15047|15049|15053|15059|15062|15067|15070|15074|15081|15086|15091|15093|15098|15102|15105|15116|15118|15124|15132|15140|15146|15152|15160|15162|15165|15171|15178|15181|15198|15199|15204|15207|15210|15211|15213|15216|15223|15227|15231|15238|15241|15242|15250|15256|15265|15268|15278|15298|15305|15307|15331|15350|15353|15359|15364|15365|15368|15376|15387|15389|15392|15411|15414|15422|15424|15430|15431|15436|15437|15438|15447|15448|15451|15452|15453|15455|15458|15464|15476|15480|15488|15515|15524|15528|15537|15538|15540|15542|15551|15555|15559|15569|15573|15580|15585|15589|15601|15616|15622|15624|15636|15646|15647|15648|15650|15651|15653|15660|15664|15676|15679|15683|15698|15702|15713|15715|15719|15720|15733|15737|15743|15750|15751|15752|15755|15760|15770|15774|15779|15781|15792|15794|15797|15798|15799|15804|15820|15822|15824|15826|15832|15846|15848|15851|15865|15873|15875|15878|15885|15887|15891|15899|15900|15903|15907|15912|15916|15918|15920|15922|15924|15941|15946|15953|15955|15958|15959|15964|15965|15966|15968|15973|15979|15988|15999|16013|16014|16030|16038|16047|16048|16050|16051|16057|16066|16075|16076|16080|16081|16085|16086|16090|16091|16093|16094|16097|16099|16112|16115|16118|16120|16122|16124|16133|16135|16142|16148|16156|16162|16163|16166|16180|16188|16193|16196|16202|16210|16214|16221|16225|16229|16231|16233|16234|16250|16251|16256|16258|16264|16265|16272|16279|16280|16290|16297|16307|16315|16317|16323|16328|16329|16330|16331|16342|16353|16358|16365|16368|16370|16371|16372|16373|16377|16382|16384|16387|16396|16403|16405|16411|16414|16416|16425|16433|16445|16455|16456|16457|16461|16463|16464|16466|16474|16483|16487|16494|16499|16515|16522|16524|16527|16554|16555|16556|16558|16565|16568|16572|16579|16586|16587|16599|16601|16602|16614|16624|16629|16643|16654|16656|16658|16674|16677|16678|16681|16686|16696|16714|16718|16727|16743|16756|16771|16773|16776|16781|16788|16794|16809|16810|16814|16818|16823|16841|16842|16843|16846|16850|16856|16868|16888|16890|16893|16901|16908|16923|16925|16926|16929|16937|16941|16942|16944|16946|16958|16963|16970|16972|16985|17012|17022|17024|17040|17041|17043|17048|17055|17058|17069|17077|17082|17089|17093|17101|17105|17117|17120|17121|17124|17126|17132|17140|17141|17143|17145|17156|17166|17170|17172|17188|17200|17221|17233|17236|17241|17261|17267|17270|17273|17283|17286|17299|17300|17308|17318|17319|17326|17331|17337|17338|17340|17343|17349|17354|17356|17370|17371|17395|17397|17412|17413|17416|17418|17423|17429|17439|17444|17462|17477|17486|17492|17497|17501|17513|17514|17516|17526|17529|17532|17542|17543|17552|17556|17567|17568|17578|17579|17588|17589|17593|17594|17601|17602|17603|17611|17616|17619|17634|17639|17643|17651|17657|17658|17662|17663|17664|17666|17669|17676|17680|17689|17692|17696|17705|17709|17718|17734|17735|17738|17739|17742|17747|17754|17756|17759|17768|17769|17770|17774|17776|17779|17782|17784|17789|17794|17808|17812|17816|17817|17820|17830|17837|17848|17849|17850|17852|17859|17884|17888|17892|17903|17910|17912|17915|17920|17925|17926|17930|17933|17937|17941|17945|17951|17965|17968|17989|18000|18006|18020|18027|18032|18048|18061|18063|18069|18071|18078|18080|18085|18098|18102|18108|18109|18113|18135|18137|18140|18145|18151|18152|18160|18163|18167|18170|18172|18176|18177|18179|18180|18182|18200|18204|18206|18210|18212|18222|18223|18236|18237|18242|18250|18259|18263|18271|18287
Online Retail II,2011-09-09,0,M1,12347|12349|12351|12362|12366|12373|12378|12380|12381|12385|12403|12408|12416|12418|12427|12428|12434|12435|12436|12439|12445|12459|12475|12476|12481|12485|12489|12492|12493|12494|12496|12499|12503|12517|12530|12531|12537|12540|12551|12562|12570|12577|12585|12590|12596|12598|12599|12605|12622|12627|12633|12637|12639|12642|12647|12653|12654|12655|12673|12677|12678|12683|12685|12691|12692|12693|12701|12703|12704|12708|12714|12721|12722|12729|12754|12757|12763|12764|12765|12773|12774|12775|12780|12784|12789|12801|12810|12813|12815|12819|12826|12829|12838|12842|12847|12857|12859|12863|12879|12887|12891|12892|12897|12899|12901|12923|12925|12926|12953|12964|12967|12970|12980|12981|12982|12986|12996|12998|13000|13005|13010|13015|13018|13022|13023|13031|13034|13035|13039|13043|13059|13060|13063|13064|13068|13072|13073|13074|13080|13087|13094|13101|13102|13116|13118|13119|13122|13124|13132|13133|13134|13139|13140|13145|13152|13159|13163|13167|13169|13172|13173|13181|13184|13204|13205|13209|13215|13220|13229|13239|13240|13243|13249|13250|13261|13268|13277|13282|13284|13285|13290|13291|13292|13293|13300|13310|13313|13317|13324|13327|13334|13341|13361|13365|13374|13375|13380|13383|13389|13400|13408|13411|13413|13414|13420|13421|13432|13433|13441|13446|13452|13456|13458|13461|13473|13474|13476|13480|13484|13497|13503|13510|13511|13512|13517|13531|13533|13534|13535|13546|13551|13552|13553|13568|13577|13579|13580|13582|13587|13592|13600|13607|13618|13642|13647|13648|13649|13656|13681|13686|13692|13693|13714|13715|13718|13720|13725|13733|13734|13740|13752|13758|13763|13773|13779|13782|13786|13788|13795|13802|13807|13812|13813|13818|13823|13826|13839|13842|13846|13850|13854|13855|13862|13867|13870|13875|13879|13889|13890|13902|13907|13909|13913|13915|13921|13929|13934|13935|13948|13959|13965|13969|13970|13976|13983|13991|13997|13998|13999|14005|14030|14031|14039|14040|14047|14051|14056|14057|14058|14059|14062|14082|14094|14108|14114|14117|14129|14130|14132|14135|14141|14142|14157|14162|14169|14195|14197|14209|14211|14214|14215|14219|14223|14226|14237|14243|14247|14249|14254|14255|14256|14266|14269|14275|14278|14279|14294|14296|14299|14301|14302|14308|14321|14334|14342|14352|14360|14361|14366|14368|14371|14374|14381|14386|14394|14402|14423|14429|14437|14440|14445|14446|14448|14449|14451|14464|14469|14472|14474|14477|14478|14480|14483|14487|14489|14496|14517|14520|14525|14548|14552|14563|14564|14572|14574|14577|14584|14594|14598|14602|14608|14609|14612|14618|14622|14625|14628|14635|14646|14653|14655|14669|14670|14671|14679|14686|14692|14697|14706|14708|14717|14722|14724|14729|14732|14734|14741|14743|14744|14749|14755|14770|14772|14782|14793|14799|14814|14818|14819|14821|14825|14829|14837|14842|14848|14849|14851|14855|14858|14861|14867|14872|14886|14893|14895|14899|14900|14901|14909|14912|14933|14934|14937|14941|14943|14953|14954|14956|14957|14962|14964|14970|14989|15006|15014|15019|15023|15024|15026|15027|15028|15040|15047|15049|15053|15059|15062|15067|15070|15074|15081|15086|15091|15093|15098|15102|15105|15116|15118|15124|15132|15140|15146|15152|15160|15162|15165|15171|15178|15181|15198|15199|15204|15207|15210|15211|15213|15216|15223|15227|15231|15238|15241|15242|15250|15256|15265|15268|15278|15298|15305|15307|15331|15350|15353|15359|15364|15365|15368|15376|15387|15389|15392|15411|15414|15422|15424|15430|15431|15436|15437|15438|15447|15448|15451|15452|15453|15455|15458|15464|15476|15480|15488|15515|15524|15528|15537|15538|15540|15542|15551|15555|15559|15569|15573|15580|15585|15589|15601|15616|15622|15624|15636|15646|15647|15648|15650|15651|15653|15660|15664|15676|15679|15683|15698|15702|15713|15715|15719|15720|15733|15737|15743|15750|15751|15752|15755|15760|15770|15774|15779|15781|15792|15794|15797|15798|15799|15804|15820|15822|15824|15826|15832|15846|15848|15851|15865|15873|15875|15878|15885|15887|15891|15899|15900|15903|15907|15912|15916|15918|15920|15922|15924|15941|15946|15953|15955|15958|15959|15964|15965|15966|15968|15973|15979|15988|15999|16013|16014|16030|16038|16047|16048|16050|16051|16057|16066|16075|16076|16080|16081|16085|16086|16090|16091|16093|16094|16097|16099|16112|16115|16118|16120|16122|16124|16133|16135|16142|16148|16156|16162|16163|16166|16180|16188|16193|16196|16202|16210|16214|16221|16225|16229|16231|16233|16234|16250|16251|16256|16258|16264|16265|16272|16279|16280|16290|16297|16307|16315|16317|16323|16328|16329|16330|16331|16342|16353|16358|16365|16368|16370|16371|16372|16373|16377|16382|16384|16387|16396|16403|16405|16411|16414|16416|16425|16433|16445|16455|16456|16457|16461|16463|16464|16466|16474|16483|16487|16494|16499|16515|16522|16524|16527|16554|16555|16556|16558|16565|16568|16572|16579|16586|16587|16599|16601|16602|16614|16624|16629|16643|16654|16656|16658|16674|16677|16678|16681|16686|16696|16714|16718|16727|16743|16756|16771|16773|16776|16781|16788|16794|16809|16810|16814|16818|16823|16841|16842|16843|16846|16850|16856|16868|16888|16890|16893|16901|16908|16923|16925|16926|16929|16937|16941|16942|16944|16946|16958|16963|16970|16972|16985|17012|17022|17024|17040|17041|17043|17048|17055|17058|17069|17077|17082|17089|17093|17101|17105|17117|17120|17121|17124|17126|17132|17140|17141|17143|17145|17156|17166|17170|17172|17188|17200|17221|17233|17236|17241|17261|17267|17270|17273|17283|17286|17299|17300|17308|17318|17319|17326|17331|17337|17338|17340|17343|17349|17354|17356|17370|17371|17395|17397|17412|17413|17416|17418|17423|17429|17439|17444|17462|17477|17486|17492|17497|17501|17513|17514|17516|17526|17529|17532|17542|17543|17552|17556|17567|17568|17578|17579|17588|17589|17593|17594|17601|17602|17603|17611|17616|17619|17634|17639|17643|17651|17657|17658|17662|17663|17664|17666|17669|17676|17680|17689|17692|17696|17705|17709|17718|17734|17735|17738|17739|17742|17747|17754|17756|17759|17768|17769|17770|17774|17776|17779|17782|17784|17789|17794|17808|17812|17816|17817|17820|17830|17837|17848|17849|17850|17852|17859|17884|17888|17892|17903|17910|17912|17915|17920|17925|17926|17930|17933|17937|17941|17945|17951|17965|17968|17989|18000|18006|18020|18027|18032|18048|18061|18063|18069|18071|18078|18080|18085|18098|18102|18108|18109|18113|18135|18137|18140|18145|18151|18152|18160|18163|18167|18170|18172|18176|18177|18179|18180|18182|18200|18204|18206|18210|18212|18222|18223|18236|18237|18242|18250|18259|18263|18271|18287
Online Retail II,2011-09-09,0,M2,12347|12349|12351|12362|12366|12373|12378|12380|12381|12385|12403|12408|12416|12418|12427|12428|12434|12435|12436|12439|12445|12459|12475|12476|12481|12485|12489|12492|12493|12494|12496|12499|12503|12517|12530|12531|12537|12540|12551|12562|12570|12577|12585|12590|12596|12598|12599|12605|12622|12627|12633|12637|12639|12642|12647|12653|12654|12655|12673|12677|12678|12683|12685|12691|12692|12693|12701|12703|12704|12708|12714|12721|12722|12729|12754|12757|12763|12764|12765|12773|12774|12775|12780|12784|12789|12801|12810|12813|12815|12819|12826|12829|12838|12842|12847|12857|12859|12863|12879|12887|12891|12892|12897|12899|12901|12923|12925|12926|12953|12964|12967|12970|12980|12981|12982|12986|12996|12998|13000|13005|13010|13015|13018|13022|13023|13031|13034|13035|13039|13043|13059|13060|13063|13064|13068|13072|13073|13074|13080|13087|13094|13101|13102|13116|13118|13119|13122|13124|13132|13133|13134|13139|13140|13145|13152|13159|13163|13167|13169|13172|13173|13181|13184|13204|13205|13209|13215|13220|13229|13239|13240|13243|13249|13250|13261|13268|13277|13282|13284|13285|13290|13291|13292|13293|13300|13310|13313|13317|13324|13327|13334|13341|13361|13365|13374|13375|13380|13383|13389|13400|13408|13411|13413|13414|13420|13421|13432|13433|13441|13446|13452|13456|13458|13461|13473|13474|13476|13480|13484|13497|13503|13510|13511|13512|13517|13531|13533|13534|13535|13546|13551|13552|13553|13568|13577|13579|13580|13582|13587|13592|13600|13607|13618|13642|13647|13648|13649|13656|13681|13686|13692|13693|13714|13715|13718|13720|13725|13733|13734|13740|13752|13758|13763|13773|13779|13782|13786|13788|13795|13802|13807|13812|13813|13818|13823|13826|13839|13842|13846|13850|13854|13855|13862|13867|13870|13875|13879|13889|13890|13902|13907|13909|13913|13915|13921|13929|13934|13935|13948|13959|13965|13969|13970|13976|13983|13991|13997|13998|13999|14005|14030|14031|14039|14040|14047|14051|14056|14057|14058|14059|14062|14082|14094|14108|14114|14117|14129|14130|14132|14135|14141|14142|14157|14162|14169|14195|14197|14209|14211|14214|14215|14219|14223|14226|14237|14243|14247|14249|14254|14255|14256|14266|14269|14275|14278|14279|14294|14296|14299|14301|14302|14308|14321|14334|14342|14352|14360|14361|14366|14368|14371|14374|14381|14386|14394|14402|14423|14429|14437|14440|14445|14446|14448|14449|14451|14464|14469|14472|14474|14477|14478|14480|14483|14487|14489|14496|14517|14520|14525|14548|14552|14563|14564|14572|14574|14577|14584|14594|14598|14602|14608|14609|14612|14618|14622|14625|14628|14635|14646|14653|14655|14669|14670|14671|14679|14686|14692|14697|14706|14708|14717|14722|14724|14729|14732|14734|14741|14743|14744|14749|14755|14770|14772|14782|14793|14799|14814|14818|14819|14821|14825|14829|14837|14842|14848|14849|14851|14855|14858|14861|14867|14872|14886|14893|14895|14899|14900|14901|14909|14912|14933|14934|14937|14941|14943|14953|14954|14956|14957|14962|14964|14970|14989|15006|15014|15019|15023|15024|15026|15027|15028|15040|15047|15049|15053|15059|15062|15067|15070|15074|15081|15086|15091|15093|15098|15102|15105|15116|15118|15124|15132|15140|15146|15152|15160|15162|15165|15171|15178|15181|15198|15199|15204|15207|15210|15211|15213|15216|15223|15227|15231|15238|15241|15242|15250|15256|15265|15268|15278|15298|15305|15307|15331|15350|15353|15359|15364|15365|15368|15376|15387|15389|15392|15411|15414|15422|15424|15430|15431|15436|15437|15438|15447|15448|15451|15452|15453|15455|15458|15464|15476|15480|15488|15515|15524|15528|15537|15538|15540|15542|15551|15555|15559|15569|15573|15580|15585|15589|15601|15616|15622|15624|15636|15646|15647|15648|15650|15651|15653|15660|15664|15676|15679|15683|15698|15702|15713|15715|15719|15720|15733|15737|15743|15750|15751|15752|15755|15760|15770|15774|15779|15781|15792|15794|15797|15798|15799|15804|15820|15822|15824|15826|15832|15846|15848|15851|15865|15873|15875|15878|15885|15887|15891|15899|15900|15903|15907|15912|15916|15918|15920|15922|15924|15941|15946|15953|15955|15958|15959|15964|15965|15966|15968|15973|15979|15988|15999|16013|16014|16030|16038|16047|16048|16050|16051|16057|16066|16075|16076|16080|16081|16085|16086|16090|16091|16093|16094|16097|16099|16112|16115|16118|16120|16122|16124|16133|16135|16142|16148|16156|16162|16163|16166|16180|16188|16193|16196|16202|16210|16214|16221|16225|16229|16231|16233|16234|16250|16251|16256|16258|16264|16265|16272|16279|16280|16290|16297|16307|16315|16317|16323|16328|16329|16330|16331|16342|16353|16358|16365|16368|16370|16371|16372|16373|16377|16382|16384|16387|16396|16403|16405|16411|16414|16416|16425|16433|16445|16455|16456|16457|16461|16463|16464|16466|16474|16483|16487|16494|16499|16515|16522|16524|16527|16554|16555|16556|16558|16565|16568|16572|16579|16586|16587|16599|16601|16602|16614|16624|16629|16643|16654|16656|16658|16674|16677|16678|16681|16686|16696|16714|16718|16727|16743|16756|16771|16773|16776|16781|16788|16794|16809|16810|16814|16818|16823|16841|16842|16843|16846|16850|16856|16868|16888|16890|16893|16901|16908|16923|16925|16926|16929|16937|16941|16942|16944|16946|16958|16963|16970|16972|16985|17012|17022|17024|17040|17041|17043|17048|17055|17058|17069|17077|17082|17089|17093|17101|17105|17117|17120|17121|17124|17126|17132|17140|17141|17143|17145|17156|17166|17170|17172|17188|17200|17221|17233|17236|17241|17261|17267|17270|17273|17283|17286|17299|17300|17308|17318|17319|17326|17331|17337|17338|17340|17343|17349|17354|17356|17370|17371|17395|17397|17412|17413|17416|17418|17423|17429|17439|17444|17462|17477|17486|17492|17497|17501|17513|17514|17516|17526|17529|17532|17542|17543|17552|17556|17567|17568|17578|17579|17588|17589|17593|17594|17601|17602|17603|17611|17616|17619|17634|17639|17643|17651|17657|17658|17662|17663|17664|17666|17669|17676|17680|17689|17692|17696|17705|17709|17718|17734|17735|17738|17739|17742|17747|17754|17756|17759|17768|17769|17770|17774|17776|17779|17782|17784|17789|17794|17808|17812|17816|17817|17820|17830|17837|17848|17849|17850|17852|17859|17884|17888|17892|17903|17910|17912|17915|17920|17925|17926|17930|17933|17937|17941|17945|17951|17965|17968|17989|18000|18006|18020|18027|18032|18048|18061|18063|18069|18071|18078|18080|18085|18098|18102|18108|18109|18113|18135|18137|18140|18145|18151|18152|18160|18163|18167|18170|18172|18176|18177|18179|18180|18182|18200|18204|18206|18210|18212|18222|18223|18236|18237|18242|18250|18259|18263|18271|18287
Online Retail II,2011-09-09,0,M3,12347|12349|12351|12362|12366|12373|12378|12380|12381|12385|12403|12408|12416|12418|12427|12428|12434|12435|12436|12439|12445|12459|12475|12476|12481|12485|12489|12492|12493|12494|12496|12499|12503|12517|12530|12531|12537|12540|12551|12562|12570|12577|12585|12590|12596|12598|12599|12605|12622|12627|12633|12637|12639|12642|12647|12653|12654|12655|12673|12677|12678|12683|12685|12691|12692|12693|12701|12703|12704|12708|12714|12721|12722|12729|12754|12757|12763|12764|12765|12773|12774|12775|12780|12784|12789|12801|12810|12813|12815|12819|12826|12829|12838|12842|12847|12857|12859|12863|12879|12887|12891|12892|12897|12899|12901|12923|12925|12926|12953|12964|12967|12970|12980|12981|12982|12986|12996|12998|13000|13005|13010|13015|13018|13022|13023|13031|13034|13035|13039|13043|13059|13060|13063|13064|13068|13072|13073|13074|13080|13087|13094|13101|13102|13116|13118|13119|13122|13124|13132|13133|13134|13139|13140|13145|13152|13159|13163|13167|13169|13172|13173|13181|13184|13204|13205|13209|13215|13220|13229|13239|13240|13243|13249|13250|13261|13268|13277|13282|13284|13285|13290|13291|13292|13293|13300|13310|13313|13317|13324|13327|13334|13341|13361|13365|13374|13375|13380|13383|13389|13400|13408|13411|13413|13414|13420|13421|13432|13433|13441|13446|13452|13456|13458|13461|13473|13474|13476|13480|13484|13497|13503|13510|13511|13512|13517|13531|13533|13534|13535|13546|13551|13552|13553|13568|13577|13579|13580|13582|13587|13592|13600|13607|13618|13642|13647|13648|13649|13656|13681|13686|13692|13693|13714|13715|13718|13720|13725|13733|13734|13740|13752|13758|13763|13773|13779|13782|13786|13788|13795|13802|13807|13812|13813|13818|13823|13826|13839|13842|13846|13850|13854|13855|13862|13867|13870|13875|13879|13889|13890|13902|13907|13909|13913|13915|13921|13929|13934|13935|13948|13959|13965|13969|13970|13976|13983|13991|13997|13998|13999|14005|14030|14031|14039|14040|14047|14051|14056|14057|14058|14059|14062|14082|14094|14108|14114|14117|14129|14130|14132|14135|14141|14142|14157|14162|14169|14195|14197|14209|14211|14214|14215|14219|14223|14226|14237|14243|14247|14249|14254|14255|14256|14266|14269|14275|14278|14279|14294|14296|14299|14301|14302|14308|14321|14334|14342|14352|14360|14361|14366|14368|14371|14374|14381|14386|14394|14402|14423|14429|14437|14440|14445|14446|14448|14449|14451|14464|14469|14472|14474|14477|14478|14480|14483|14487|14489|14496|14517|14520|14525|14548|14552|14563|14564|14572|14574|14577|14584|14594|14598|14602|14608|14609|14612|14618|14622|14625|14628|14635|14646|14653|14655|14669|14670|14671|14679|14686|14692|14697|14706|14708|14717|14722|14724|14729|14732|14734|14741|14743|14744|14749|14755|14770|14772|14782|14793|14799|14814|14818|14819|14821|14825|14829|14837|14842|14848|14849|14851|14855|14858|14861|14867|14872|14886|14893|14895|14899|14900|14901|14909|14912|14933|14934|14937|14941|14943|14953|14954|14956|14957|14962|14964|14970|14989|15006|15014|15019|15023|15024|15026|15027|15028|15040|15047|15049|15053|15059|15062|15067|15070|15074|15081|15086|15091|15093|15098|15102|15105|15116|15118|15124|15132|15140|15146|15152|15160|15162|15165|15171|15178|15181|15198|15199|15204|15207|15210|15211|15213|15216|15223|15227|15231|15238|15241|15242|15250|15256|15265|15268|15278|15298|15305|15307|15331|15350|15353|15359|15364|15365|15368|15376|15387|15389|15392|15411|15414|15422|15424|15430|15431|15436|15437|15438|15447|15448|15451|15452|15453|15455|15458|15464|15476|15480|15488|15515|15524|15528|15537|15538|15540|15542|15551|15555|15559|15569|15573|15580|15585|15589|15601|15616|15622|15624|15636|15646|15647|15648|15650|15651|15653|15660|15664|15676|15679|15683|15698|15702|15713|15715|15719|15720|15733|15737|15743|15750|15751|15752|15755|15760|15770|15774|15779|15781|15792|15794|15797|15798|15799|15804|15820|15822|15824|15826|15832|15846|15848|15851|15865|15873|15875|15878|15885|15887|15891|15899|15900|15903|15907|15912|15916|15918|15920|15922|15924|15941|15946|15953|15955|15958|15959|15964|15965|15966|15968|15973|15979|15988|15999|16013|16014|16030|16038|16047|16048|16050|16051|16057|16066|16075|16076|16080|16081|16085|16086|16090|16091|16093|16094|16097|16099|16112|16115|16118|16120|16122|16124|16133|16135|16142|16148|16156|16162|16163|16166|16180|16188|16193|16196|16202|16210|16214|16221|16225|16229|16231|16233|16234|16250|16251|16256|16258|16264|16265|16272|16279|16280|16290|16297|16307|16315|16317|16323|16328|16329|16330|16331|16342|16353|16358|16365|16368|16370|16371|16372|16373|16377|16382|16384|16387|16396|16403|16405|16411|16414|16416|16425|16433|16445|16455|16456|16457|16461|16463|16464|16466|16474|16483|16487|16494|16499|16515|16522|16524|16527|16554|16555|16556|16558|16565|16568|16572|16579|16586|16587|16599|16601|16602|16614|16624|16629|16643|16654|16656|16658|16674|16677|16678|16681|16686|16696|16714|16718|16727|16743|16756|16771|16773|16776|16781|16788|16794|16809|16810|16814|16818|16823|16841|16842|16843|16846|16850|16856|16868|16888|16890|16893|16901|16908|16923|16925|16926|16929|16937|16941|16942|16944|16946|16958|16963|16970|16972|16985|17012|17022|17024|17040|17041|17043|17048|17055|17058|17069|17077|17082|17089|17093|17101|17105|17117|17120|17121|17124|17126|17132|17140|17141|17143|17145|17156|17166|17170|17172|17188|17200|17221|17233|17236|17241|17261|17267|17270|17273|17283|17286|17299|17300|17308|17318|17319|17326|17331|17337|17338|17340|17343|17349|17354|17356|17370|17371|17395|17397|17412|17413|17416|17418|17423|17429|17439|17444|17462|17477|17486|17492|17497|17501|17513|17514|17516|17526|17529|17532|17542|17543|17552|17556|17567|17568|17578|17579|17588|17589|17593|17594|17601|17602|17603|17611|17616|17619|17634|17639|17643|17651|17657|17658|17662|17663|17664|17666|17669|17676|17680|17689|17692|17696|17705|17709|17718|17734|17735|17738|17739|17742|17747|17754|17756|17759|17768|17769|17770|17774|17776|17779|17782|17784|17789|17794|17808|17812|17816|17817|17820|17830|17837|17848|17849|17850|17852|17859|17884|17888|17892|17903|17910|17912|17915|17920|17925|17926|17930|17933|17937|17941|17945|17951|17965|17968|17989|18000|18006|18020|18027|18032|18048|18061|18063|18069|18071|18078|18080|18085|18098|18102|18108|18109|18113|18135|18137|18140|18145|18151|18152|18160|18163|18167|18170|18172|18176|18177|18179|18180|18182|18200|18204|18206|18210|18212|18222|18223|18236|18237|18242|18250|18259|18263|18271|18287
Online Retail II,2011-09-09,1,M0,12346|12348|12350|12352|12357|12364|12365|12368|12371|12379|12383|12384|12388|12391|12393|12397|12400|12401|12404|12405|12407|12412|12413|12417|12422|12423|12426|12438|12447|12460|12461|12467|12469|12472|12486|12502|12506|12509|12510|12516|12524|12527|12541|12543|12545|12563|12564|12567|12568|12575|12576|12582|12593|12594|12608|12609|12614|12619|12624|12632|12638|12643|12644|12645|12651|12652|12656|12661|12666|12668|12672|12676|12679|12696|12698|12699|12707|12709|12710|12720|12726|12728|12734|12747|12750|12755|12759|12782|12787|12792|12796|12797|12799|12807|12814|12830|12839|12852|12858|12868|12870|12872|12873|12877|12880|12881|12889|12890|12898|12914|12916|12924|12931|12932|12937|12948|12954|12961|12962|12971|12973|12989|13001|13007|13013|13014|13016|13019|13033|13036|13038|13042|13051|13065|13067|13071|13082|13083|13084|13092|13093|13096|13099|13107|13110|13112|13113|13117|13121|13130|13135|13136|13137|13147|13151|13156|13168|13185|13191|13194|13195|13207|13214|13217|13221|13225|13227|13230|13235|13237|13244|13259|13262|13263|13264|13276|13278|13287|13299|13306|13308|13315|13338|13339|13343|13355|13357|13368|13377|13386|13392|13398|13402|13403|13406|13412|13416|13426|13437|13439|13442|13453|13455|13469|13475|13487|13493|13494|13498|13500|13501|13509|13516|13519|13520|13530|13542|13545|13556|13559|13561|13566|13571|13578|13583|13585|13586|13593|13595|13599|13604|13613|13619|13622|13640|13643|13645|13646|13650|13651|13652|13659|13665|13667|13668|13671|13674|13682|13688|13699|13700|13701|13702|13711|13716|13719|13721|13723|13729|13730|13736|13746|13747|13762|13766|13789|13798|13799|13800|13803|13805|13811|13817|13824|13827|13829|13834|13835|13836|13838|13856|13859|13871|13873|13878|13885|13898|13899|13901|13903|13908|13912|13928|13930|13931|13933|13943|13956|13961|13962|13963|13972|13980|13981|13985|13987|13988|13989|13992|13996|14000|14001|14008|14009|14012|14017|14018|14021|14026|14028|14042|14048|14049|14055|14064|14067|14076|14077|14085|14087|14099|14105|14112|14115|14137|14144|14146|14163|14168|14170|14173|14180|14198|14201|14203|14204|14206|14208|14217|14228|14229|14230|14240|14244|14258|14264|14267|14284|14287|14289|14290|14298|14306|14309|14310|14312|14318|14320|14323|14327|14335|14339|14340|14346|14347|14373|14383|14390|14396|14398|14410|14414|14417|14418|14433|14444|14447|14454|14459|14460|14461|14471|14484|14490|14493|14494|14498|14503|14504|14507|14508|14515|14521|14523|14524|14526|14529|14533|14537|14542|14555|14559|14565|14571|14575|14579|14591|14603|14607|14610|14616|14620|14621|14624|14632|14639|14647|14650|14667|14675|14680|14682|14683|14687|14688|14691|14694|14709|14710|14714|14738|14739|14745|14746|14750|14756|14760|14762|14765|14779|14786|14794|14796|14798|14802|14808|14810|14822|14824|14835|14838|14845|14865|14869|14873|14876|14879|14891|14897|14904|14906|14915|14916|14917|14921|14926|14928|14942|14947|14958|14965|14967|14969|14983|14984|14990|14992|14997|15005|15025|15029|15030|15034|15036|15037|15041|15050|15057|15076|15084|15101|15125|15133|15141|15155|15167|15169|15179|15182|15188|15189|15192|15197|15202|15205|15206|15219|15224|15225|15226|15236|15240|15252|15255|15259|15262|15264|15266|15270|15272|15276|15281|15282|15287|15288|15291|15293|15295|15299|15301|15303|15311|15312|15325|15326|15328|15340|15342|15361|15367|15369|15370|15371|15382|15384|15395|15400|15415|15432|15441|15442|15466|15472|15474|15478|15483|15486|15487|15490|15501|15512|15513|15518|15521|15545|15550|15561|15566|15571|15572|15583|15587|15591|15599|15606|15609|15617|15618|15625|15629|15633|15641|15663|15673|15674|15680|15682|15686|15687|15690|15694|15697|15712|15714|15728|15732|15734|15736|15742|15748|15754|15757|15761|15771|15773|15775|15777|15782|15784|15785|15789|15795|15801|15802|15803|15805|15808|15809|15831|15834|15854|15856|15861|15867|15872|15876|15882|15890|15897|15909|15917|15921|15926|15927|15944|15950|15954|15956|15970|15971|15976|15980|15981|15983|15985|15990|15994|15995|16003|16005|16007|16008|16024|16027|16029|16032|16033|16036|16039|16055|16060|16072|16074|16096|16100|16101|16104|16107|16116|16119|16130|16146|16150|16159|16161|16165|16168|16174|16177|16178|16183|16185|16186|16190|16191|16192|16199|16201|16203|16204|16218|16232|16238|16241|16244|16255|16257|16269|16277|16283|16292|16293|16304|16306|16314|16319|16338|16343|16347|16349|16366|16367|16374|16385|16398|16399|16409|16429|16446|16454|16475|16490|16492|16495|16498|16521|16526|16534|16541|16544|16548|16557|16559|16560|16562|16566|16570|16578|16584|16588|16593|16600|16605|16615|16616|16617|16618|16619|16622|16631|16633|16639|16640|16645|16647|16659|16667|16672|16673|16676|16701|16715|16716|16729|16738|16741|16744|16745|16750|16762|16769|16774|16783|16784|16792|16797|16805|16819|16822|16834|16844|16857|16859|16867|16871|16884|16892|16895|16899|16906|16911|16932|16933|16934|16936|16945|16947|16952|16960|16961|16968|16975|16977|16978|16983|16991|17000|17001|17011|17020|17028|17035|17051|17053|17054|17056|17062|17063|17066|17071|17073|17075|17076|17081|17085|17091|17097|17108|17116|17123|17127|17129|17133|17136|17142|17146|17152|17155|17160|17162|17163|17167|17171|17173|17174|17178|17179|17181|17183|17191|17194|17208|17212|17215|17219|17220|17223|17224|17225|17226|17230|17234|17242|17245|17246|17251|17254|17256|17257|17259|17260|17269|17291|17303|17309|17315|17320|17329|17336|17344|17348|17352|17355|17365|17374|17377|17389|17394|17406|17410|17421|17426|17430|17432|17437|17441|17446|17448|17473|17481|17482|17483|17487|17491|17494|17507|17512|17518|17537|17539|17540|17545|17554|17557|17560|17562|17571|17572|17575|17576|17577|17592|17596|17605|17606|17607|17610|17612|17618|17621|17626|17627|17642|17644|17652|17660|17665|17670|17671|17675|17681|17682|17693|17695|17697|17708|17713|17720|17728|17731|17733|17741|17743|17746|17748|17750|17753|17762|17780|17788|17796|17797|17800|17802|17805|17818|17826|17827|17840|17843|17845|17855|17858|17862|17867|17869|17870|17873|17874|17880|17887|17900|17905|17909|17922|17924|17928|17932|17934|17935|17950|17953|17960|17963|17969|17971|17978|17982|17984|17993|17997|18002|18003|18017|18021|18026|18031|18036|18040|18042|18044|18057|18058|18070|18075|18081|18086|18090|18092|18120|18123|18125|18128|18129|18133|18134|18136|18144|18149|18150|18155|18165|18183|18191|18202|18207|18213|18214|18219|18230|18234|18238|18262|18275|18280|18281
Online Retail II,2011-09-09,1,M1,12346|12348|12350|12352|12357|12364|12365|12368|12371|12379|12383|12384|12388|12391|12393|12397|12400|12401|12404|12405|12407|12412|12413|12417|12422|12423|12426|12438|12447|12460|12461|12467|12469|12472|12486|12502|12506|12509|12510|12516|12524|12527|12541|12543|12545|12563|12564|12567|12568|12575|12576|12582|12593|12594|12608|12609|12614|12619|12624|12632|12638|12643|12644|12645|12651|12652|12656|12661|12666|12668|12672|12676|12679|12696|12698|12699|12707|12709|12710|12720|12726|12728|12734|12747|12750|12755|12759|12782|12787|12792|12796|12797|12799|12807|12814|12830|12839|12852|12858|12868|12870|12872|12873|12877|12880|12881|12889|12890|12898|12914|12916|12924|12931|12932|12937|12948|12954|12961|12962|12971|12973|12989|13001|13007|13013|13014|13016|13019|13033|13036|13038|13042|13051|13065|13067|13071|13082|13083|13084|13092|13093|13096|13099|13107|13110|13112|13113|13117|13121|13130|13135|13136|13137|13147|13151|13156|13168|13185|13191|13194|13195|13207|13214|13217|13221|13225|13227|13230|13235|13237|13244|13259|13262|13263|13264|13276|13278|13287|13299|13306|13308|13315|13338|13339|13343|13355|13357|13368|13377|13386|13392|13398|13402|13403|13406|13412|13416|13426|13437|13439|13442|13453|13455|13469|13475|13487|13493|13494|13498|13500|13501|13509|13516|13519|13520|13530|13542|13545|13556|13559|13561|13566|13571|13578|13583|13585|13586|13593|13595|13599|13604|13613|13619|13622|13640|13643|13645|13646|13650|13651|13652|13659|13665|13667|13668|13671|13674|13682|13688|13699|13700|13701|13702|13711|13716|13719|13721|13723|13729|13730|13736|13746|13747|13762|13766|13789|13798|13799|13800|13803|13805|13811|13817|13824|13827|13829|13834|13835|13836|13838|13856|13859|13871|13873|13878|13885|13898|13899|13901|13903|13908|13912|13928|13930|13931|13933|13943|13956|13961|13962|13963|13972|13980|13981|13985|13987|13988|13989|13992|13996|14000|14001|14008|14009|14012|14017|14018|14021|14026|14028|14042|14048|14049|14055|14064|14067|14076|14077|14085|14087|14099|14105|14112|14115|14137|14144|14146|14163|14168|14170|14173|14180|14198|14201|14203|14204|14206|14208|14217|14228|14229|14230|14240|14244|14258|14264|14267|14284|14287|14289|14290|14298|14306|14309|14310|14312|14318|14320|14323|14327|14335|14339|14340|14346|14347|14373|14383|14390|14396|14398|14410|14414|14417|14418|14433|14444|14447|14454|14459|14460|14461|14471|14484|14490|14493|14494|14498|14503|14504|14507|14508|14515|14521|14523|14524|14526|14529|14533|14537|14542|14555|14559|14565|14571|14575|14579|14591|14603|14607|14610|14616|14620|14621|14624|14632|14639|14647|14650|14667|14675|14680|14682|14683|14687|14688|14691|14694|14709|14710|14714|14738|14739|14745|14746|14750|14756|14760|14762|14765|14779|14786|14794|14796|14798|14802|14808|14810|14822|14824|14835|14838|14845|14865|14869|14873|14876|14879|14891|14897|14904|14906|14915|14916|14917|14921|14926|14928|14942|14947|14958|14965|14967|14969|14983|14984|14990|14992|14997|15005|15025|15029|15030|15034|15036|15037|15041|15050|15057|15076|15084|15101|15125|15133|15141|15155|15167|15169|15179|15182|15188|15189|15192|15197|15202|15205|15206|15219|15224|15225|15226|15236|15240|15252|15255|15259|15262|15264|15266|15270|15272|15276|15281|15282|15287|15288|15291|15293|15295|15299|15301|15303|15311|15312|15325|15326|15328|15340|15342|15361|15367|15369|15370|15371|15382|15384|15395|15400|15415|15432|15441|15442|15466|15472|15474|15478|15483|15486|15487|15490|15501|15512|15513|15518|15521|15545|15550|15561|15566|15571|15572|15583|15587|15591|15599|15606|15609|15617|15618|15625|15629|15633|15641|15663|15673|15674|15680|15682|15686|15687|15690|15694|15697|15712|15714|15728|15732|15734|15736|15742|15748|15754|15757|15761|15771|15773|15775|15777|15782|15784|15785|15789|15795|15801|15802|15803|15805|15808|15809|15831|15834|15854|15856|15861|15867|15872|15876|15882|15890|15897|15909|15917|15921|15926|15927|15944|15950|15954|15956|15970|15971|15976|15980|15981|15983|15985|15990|15994|15995|16003|16005|16007|16008|16024|16027|16029|16032|16033|16036|16039|16055|16060|16072|16074|16096|16100|16101|16104|16107|16116|16119|16130|16146|16150|16159|16161|16165|16168|16174|16177|16178|16183|16185|16186|16190|16191|16192|16199|16201|16203|16204|16218|16232|16238|16241|16244|16255|16257|16269|16277|16283|16292|16293|16304|16306|16314|16319|16338|16343|16347|16349|16366|16367|16374|16385|16398|16399|16409|16429|16446|16454|16475|16490|16492|16495|16498|16521|16526|16534|16541|16544|16548|16557|16559|16560|16562|16566|16570|16578|16584|16588|16593|16600|16605|16615|16616|16617|16618|16619|16622|16631|16633|16639|16640|16645|16647|16659|16667|16672|16673|16676|16701|16715|16716|16729|16738|16741|16744|16745|16750|16762|16769|16774|16783|16784|16792|16797|16805|16819|16822|16834|16844|16857|16859|16867|16871|16884|16892|16895|16899|16906|16911|16932|16933|16934|16936|16945|16947|16952|16960|16961|16968|16975|16977|16978|16983|16991|17000|17001|17011|17020|17028|17035|17051|17053|17054|17056|17062|17063|17066|17071|17073|17075|17076|17081|17085|17091|17097|17108|17116|17123|17127|17129|17133|17136|17142|17146|17152|17155|17160|17162|17163|17167|17171|17173|17174|17178|17179|17181|17183|17191|17194|17208|17212|17215|17219|17220|17223|17224|17225|17226|17230|17234|17242|17245|17246|17251|17254|17256|17257|17259|17260|17269|17291|17303|17309|17315|17320|17329|17336|17344|17348|17352|17355|17365|17374|17377|17389|17394|17406|17410|17421|17426|17430|17432|17437|17441|17446|17448|17473|17481|17482|17483|17487|17491|17494|17507|17512|17518|17537|17539|17540|17545|17554|17557|17560|17562|17571|17572|17575|17576|17577|17592|17596|17605|17606|17607|17610|17612|17618|17621|17626|17627|17642|17644|17652|17660|17665|17670|17671|17675|17681|17682|17693|17695|17697|17708|17713|17720|17728|17731|17733|17741|17743|17746|17748|17750|17753|17762|17780|17788|17796|17797|17800|17802|17805|17818|17826|17827|17840|17843|17845|17855|17858|17862|17867|17869|17870|17873|17874|17880|17887|17900|17905|17909|17922|17924|17928|17932|17934|17935|17950|17953|17960|17963|17969|17971|17978|17982|17984|17993|17997|18002|18003|18017|18021|18026|18031|18036|18040|18042|18044|18057|18058|18070|18075|18081|18086|18090|18092|18120|18123|18125|18128|18129|18133|18134|18136|18144|18149|18150|18155|18165|18183|18191|18202|18207|18213|18214|18219|18230|18234|18238|18262|18275|18280|18281
Online Retail II,2011-09-09,1,M2,12346|12348|12350|12352|12357|12364|12365|12368|12371|12379|12383|12384|12388|12391|12393|12397|12400|12401|12404|12405|12407|12412|12413|12417|12422|12423|12426|12438|12447|12460|12461|12467|12469|12472|12486|12502|12506|12509|12510|12516|12524|12527|12541|12543|12545|12563|12564|12567|12568|12575|12576|12582|12593|12594|12608|12609|12614|12619|12624|12632|12638|12643|12644|12645|12651|12652|12656|12661|12666|12668|12672|12676|12679|12696|12698|12699|12707|12709|12710|12720|12726|12728|12734|12747|12750|12755|12759|12782|12787|12792|12796|12797|12799|12807|12814|12830|12839|12852|12858|12868|12870|12872|12873|12877|12880|12881|12889|12890|12898|12914|12916|12924|12931|12932|12937|12948|12954|12961|12962|12971|12973|12989|13001|13007|13013|13014|13016|13019|13033|13036|13038|13042|13051|13065|13067|13071|13082|13083|13084|13092|13093|13096|13099|13107|13110|13112|13113|13117|13121|13130|13135|13136|13137|13147|13151|13156|13168|13185|13191|13194|13195|13207|13214|13217|13221|13225|13227|13230|13235|13237|13244|13259|13262|13263|13264|13276|13278|13287|13299|13306|13308|13315|13338|13339|13343|13355|13357|13368|13377|13386|13392|13398|13402|13403|13406|13412|13416|13426|13437|13439|13442|13453|13455|13469|13475|13487|13493|13494|13498|13500|13501|13509|13516|13519|13520|13530|13542|13545|13556|13559|13561|13566|13571|13578|13583|13585|13586|13593|13595|13599|13604|13613|13619|13622|13640|13643|13645|13646|13650|13651|13652|13659|13665|13667|13668|13671|13674|13682|13688|13699|13700|13701|13702|13711|13716|13719|13721|13723|13729|13730|13736|13746|13747|13762|13766|13789|13798|13799|13800|13803|13805|13811|13817|13824|13827|13829|13834|13835|13836|13838|13856|13859|13871|13873|13878|13885|13898|13899|13901|13903|13908|13912|13928|13930|13931|13933|13943|13956|13961|13962|13963|13972|13980|13981|13985|13987|13988|13989|13992|13996|14000|14001|14008|14009|14012|14017|14018|14021|14026|14028|14042|14048|14049|14055|14064|14067|14076|14077|14085|14087|14099|14105|14112|14115|14137|14144|14146|14163|14168|14170|14173|14180|14198|14201|14203|14204|14206|14208|14217|14228|14229|14230|14240|14244|14258|14264|14267|14284|14287|14289|14290|14298|14306|14309|14310|14312|14318|14320|14323|14327|14335|14339|14340|14346|14347|14373|14383|14390|14396|14398|14410|14414|14417|14418|14433|14444|14447|14454|14459|14460|14461|14471|14484|14490|14493|14494|14498|14503|14504|14507|14508|14515|14521|14523|14524|14526|14529|14533|14537|14542|14555|14559|14565|14571|14575|14579|14591|14603|14607|14610|14616|14620|14621|14624|14632|14639|14647|14650|14667|14675|14680|14682|14683|14687|14688|14691|14694|14709|14710|14714|14738|14739|14745|14746|14750|14756|14760|14762|14765|14779|14786|14794|14796|14798|14802|14808|14810|14822|14824|14835|14838|14845|14865|14869|14873|14876|14879|14891|14897|14904|14906|14915|14916|14917|14921|14926|14928|14942|14947|14958|14965|14967|14969|14983|14984|14990|14992|14997|15005|15025|15029|15030|15034|15036|15037|15041|15050|15057|15076|15084|15101|15125|15133|15141|15155|15167|15169|15179|15182|15188|15189|15192|15197|15202|15205|15206|15219|15224|15225|15226|15236|15240|15252|15255|15259|15262|15264|15266|15270|15272|15276|15281|15282|15287|15288|15291|15293|15295|15299|15301|15303|15311|15312|15325|15326|15328|15340|15342|15361|15367|15369|15370|15371|15382|15384|15395|15400|15415|15432|15441|15442|15466|15472|15474|15478|15483|15486|15487|15490|15501|15512|15513|15518|15521|15545|15550|15561|15566|15571|15572|15583|15587|15591|15599|15606|15609|15617|15618|15625|15629|15633|15641|15663|15673|15674|15680|15682|15686|15687|15690|15694|15697|15712|15714|15728|15732|15734|15736|15742|15748|15754|15757|15761|15771|15773|15775|15777|15782|15784|15785|15789|15795|15801|15802|15803|15805|15808|15809|15831|15834|15854|15856|15861|15867|15872|15876|15882|15890|15897|15909|15917|15921|15926|15927|15944|15950|15954|15956|15970|15971|15976|15980|15981|15983|15985|15990|15994|15995|16003|16005|16007|16008|16024|16027|16029|16032|16033|16036|16039|16055|16060|16072|16074|16096|16100|16101|16104|16107|16116|16119|16130|16146|16150|16159|16161|16165|16168|16174|16177|16178|16183|16185|16186|16190|16191|16192|16199|16201|16203|16204|16218|16232|16238|16241|16244|16255|16257|16269|16277|16283|16292|16293|16304|16306|16314|16319|16338|16343|16347|16349|16366|16367|16374|16385|16398|16399|16409|16429|16446|16454|16475|16490|16492|16495|16498|16521|16526|16534|16541|16544|16548|16557|16559|16560|16562|16566|16570|16578|16584|16588|16593|16600|16605|16615|16616|16617|16618|16619|16622|16631|16633|16639|16640|16645|16647|16659|16667|16672|16673|16676|16701|16715|16716|16729|16738|16741|16744|16745|16750|16762|16769|16774|16783|16784|16792|16797|16805|16819|16822|16834|16844|16857|16859|16867|16871|16884|16892|16895|16899|16906|16911|16932|16933|16934|16936|16945|16947|16952|16960|16961|16968|16975|16977|16978|16983|16991|17000|17001|17011|17020|17028|17035|17051|17053|17054|17056|17062|17063|17066|17071|17073|17075|17076|17081|17085|17091|17097|17108|17116|17123|17127|17129|17133|17136|17142|17146|17152|17155|17160|17162|17163|17167|17171|17173|17174|17178|17179|17181|17183|17191|17194|17208|17212|17215|17219|17220|17223|17224|17225|17226|17230|17234|17242|17245|17246|17251|17254|17256|17257|17259|17260|17269|17291|17303|17309|17315|17320|17329|17336|17344|17348|17352|17355|17365|17374|17377|17389|17394|17406|17410|17421|17426|17430|17432|17437|17441|17446|17448|17473|17481|17482|17483|17487|17491|17494|17507|17512|17518|17537|17539|17540|17545|17554|17557|17560|17562|17571|17572|17575|17576|17577|17592|17596|17605|17606|17607|17610|17612|17618|17621|17626|17627|17642|17644|17652|17660|17665|17670|17671|17675|17681|17682|17693|17695|17697|17708|17713|17720|17728|17731|17733|17741|17743|17746|17748|17750|17753|17762|17780|17788|17796|17797|17800|17802|17805|17818|17826|17827|17840|17843|17845|17855|17858|17862|17867|17869|17870|17873|17874|17880|17887|17900|17905|17909|17922|17924|17928|17932|17934|17935|17950|17953|17960|17963|17969|17971|17978|17982|17984|17993|17997|18002|18003|18017|18021|18026|18031|18036|18040|18042|18044|18057|18058|18070|18075|18081|18086|18090|18092|18120|18123|18125|18128|18129|18133|18134|18136|18144|18149|18150|18155|18165|18183|18191|18202|18207|18213|18214|18219|18230|18234|18238|18262|18275|18280|18281
Online Retail II,2011-09-09,1,M3,12346|12348|12350|12352|12357|12364|12365|12368|12371|12379|12383|12384|12388|12391|12393|12397|12400|12401|12404|12405|12407|12412|12413|12417|12422|12423|12426|12438|12447|12460|12461|12467|12469|12472|12486|12502|12506|12509|12510|12516|12524|12527|12541|12543|12545|12563|12564|12567|12568|12575|12576|12582|12593|12594|12608|12609|12614|12619|12624|12632|12638|12643|12644|12645|12651|12652|12656|12661|12666|12668|12672|12676|12679|12696|12698|12699|12707|12709|12710|12720|12726|12728|12734|12747|12750|12755|12759|12782|12787|12792|12796|12797|12799|12807|12814|12830|12839|12852|12858|12868|12870|12872|12873|12877|12880|12881|12889|12890|12898|12914|12916|12924|12931|12932|12937|12948|12954|12961|12962|12971|12973|12989|13001|13007|13013|13014|13016|13019|13033|13036|13038|13042|13051|13065|13067|13071|13082|13083|13084|13092|13093|13096|13099|13107|13110|13112|13113|13117|13121|13130|13135|13136|13137|13147|13151|13156|13168|13185|13191|13194|13195|13207|13214|13217|13221|13225|13227|13230|13235|13237|13244|13259|13262|13263|13264|13276|13278|13287|13299|13306|13308|13315|13338|13339|13343|13355|13357|13368|13377|13386|13392|13398|13402|13403|13406|13412|13416|13426|13437|13439|13442|13453|13455|13469|13475|13487|13493|13494|13498|13500|13501|13509|13516|13519|13520|13530|13542|13545|13556|13559|13561|13566|13571|13578|13583|13585|13586|13593|13595|13599|13604|13613|13619|13622|13640|13643|13645|13646|13650|13651|13652|13659|13665|13667|13668|13671|13674|13682|13688|13699|13700|13701|13702|13711|13716|13719|13721|13723|13729|13730|13736|13746|13747|13762|13766|13789|13798|13799|13800|13803|13805|13811|13817|13824|13827|13829|13834|13835|13836|13838|13856|13859|13871|13873|13878|13885|13898|13899|13901|13903|13908|13912|13928|13930|13931|13933|13943|13956|13961|13962|13963|13972|13980|13981|13985|13987|13988|13989|13992|13996|14000|14001|14008|14009|14012|14017|14018|14021|14026|14028|14042|14048|14049|14055|14064|14067|14076|14077|14085|14087|14099|14105|14112|14115|14137|14144|14146|14163|14168|14170|14173|14180|14198|14201|14203|14204|14206|14208|14217|14228|14229|14230|14240|14244|14258|14264|14267|14284|14287|14289|14290|14298|14306|14309|14310|14312|14318|14320|14323|14327|14335|14339|14340|14346|14347|14373|14383|14390|14396|14398|14410|14414|14417|14418|14433|14444|14447|14454|14459|14460|14461|14471|14484|14490|14493|14494|14498|14503|14504|14507|14508|14515|14521|14523|14524|14526|14529|14533|14537|14542|14555|14559|14565|14571|14575|14579|14591|14603|14607|14610|14616|14620|14621|14624|14632|14639|14647|14650|14667|14675|14680|14682|14683|14687|14688|14691|14694|14709|14710|14714|14738|14739|14745|14746|14750|14756|14760|14762|14765|14779|14786|14794|14796|14798|14802|14808|14810|14822|14824|14835|14838|14845|14865|14869|14873|14876|14879|14891|14897|14904|14906|14915|14916|14917|14921|14926|14928|14942|14947|14958|14965|14967|14969|14983|14984|14990|14992|14997|15005|15025|15029|15030|15034|15036|15037|15041|15050|15057|15076|15084|15101|15125|15133|15141|15155|15167|15169|15179|15182|15188|15189|15192|15197|15202|15205|15206|15219|15224|15225|15226|15236|15240|15252|15255|15259|15262|15264|15266|15270|15272|15276|15281|15282|15287|15288|15291|15293|15295|15299|15301|15303|15311|15312|15325|15326|15328|15340|15342|15361|15367|15369|15370|15371|15382|15384|15395|15400|15415|15432|15441|15442|15466|15472|15474|15478|15483|15486|15487|15490|15501|15512|15513|15518|15521|15545|15550|15561|15566|15571|15572|15583|15587|15591|15599|15606|15609|15617|15618|15625|15629|15633|15641|15663|15673|15674|15680|15682|15686|15687|15690|15694|15697|15712|15714|15728|15732|15734|15736|15742|15748|15754|15757|15761|15771|15773|15775|15777|15782|15784|15785|15789|15795|15801|15802|15803|15805|15808|15809|15831|15834|15854|15856|15861|15867|15872|15876|15882|15890|15897|15909|15917|15921|15926|15927|15944|15950|15954|15956|15970|15971|15976|15980|15981|15983|15985|15990|15994|15995|16003|16005|16007|16008|16024|16027|16029|16032|16033|16036|16039|16055|16060|16072|16074|16096|16100|16101|16104|16107|16116|16119|16130|16146|16150|16159|16161|16165|16168|16174|16177|16178|16183|16185|16186|16190|16191|16192|16199|16201|16203|16204|16218|16232|16238|16241|16244|16255|16257|16269|16277|16283|16292|16293|16304|16306|16314|16319|16338|16343|16347|16349|16366|16367|16374|16385|16398|16399|16409|16429|16446|16454|16475|16490|16492|16495|16498|16521|16526|16534|16541|16544|16548|16557|16559|16560|16562|16566|16570|16578|16584|16588|16593|16600|16605|16615|16616|16617|16618|16619|16622|16631|16633|16639|16640|16645|16647|16659|16667|16672|16673|16676|16701|16715|16716|16729|16738|16741|16744|16745|16750|16762|16769|16774|16783|16784|16792|16797|16805|16819|16822|16834|16844|16857|16859|16867|16871|16884|16892|16895|16899|16906|16911|16932|16933|16934|16936|16945|16947|16952|16960|16961|16968|16975|16977|16978|16983|16991|17000|17001|17011|17020|17028|17035|17051|17053|17054|17056|17062|17063|17066|17071|17073|17075|17076|17081|17085|17091|17097|17108|17116|17123|17127|17129|17133|17136|17142|17146|17152|17155|17160|17162|17163|17167|17171|17173|17174|17178|17179|17181|17183|17191|17194|17208|17212|17215|17219|17220|17223|17224|17225|17226|17230|17234|17242|17245|17246|17251|17254|17256|17257|17259|17260|17269|17291|17303|17309|17315|17320|17329|17336|17344|17348|17352|17355|17365|17374|17377|17389|17394|17406|17410|17421|17426|17430|17432|17437|17441|17446|17448|17473|17481|17482|17483|17487|17491|17494|17507|17512|17518|17537|17539|17540|17545|17554|17557|17560|17562|17571|17572|17575|17576|17577|17592|17596|17605|17606|17607|17610|17612|17618|17621|17626|17627|17642|17644|17652|17660|17665|17670|17671|17675|17681|17682|17693|17695|17697|17708|17713|17720|17728|17731|17733|17741|17743|17746|17748|17750|17753|17762|17780|17788|17796|17797|17800|17802|17805|17818|17826|17827|17840|17843|17845|17855|17858|17862|17867|17869|17870|17873|17874|17880|17887|17900|17905|17909|17922|17924|17928|17932|17934|17935|17950|17953|17960|17963|17969|17971|17978|17982|17984|17993|17997|18002|18003|18017|18021|18026|18031|18036|18040|18042|18044|18057|18058|18070|18075|18081|18086|18090|18092|18120|18123|18125|18128|18129|18133|18134|18136|18144|18149|18150|18155|18165|18183|18191|18202|18207|18213|18214|18219|18230|18234|18238|18262|18275|18280|18281
Online Retail II,2011-09-09,2,M0,12355|12358|12359|12369|12377|12386|12402|12410|12414|12429|12432|12437|12449|12450|12453|12457|12462|12463|12464|12466|12473|12483|12490|12504|12507|12513|12518|12519|12520|12535|12539|12548|12554|12556|12557|12569|12571|12578|12586|12592|12600|12601|12610|12613|12615|12631|12641|12662|12669|12670|12688|12689|12690|12700|12711|12712|12715|12731|12732|12737|12738|12741|12744|12746|12748|12749|12751|12766|12767|12768|12769|12777|12779|12785|12788|12798|12800|12802|12805|12811|12817|12821|12834|12845|12848|12851|12854|12860|12867|12875|12878|12886|12888|12907|12909|12915|12929|12930|12944|12955|12958|12959|12960|12963|12972|12987|12993|12994|12997|13003|13047|13057|13069|13070|13085|13090|13091|13105|13109|13114|13128|13129|13141|13149|13154|13155|13158|13166|13180|13183|13189|13190|13196|13197|13201|13211|13213|13216|13218|13232|13238|13248|13251|13254|13258|13265|13266|13270|13274|13280|13286|13288|13294|13296|13297|13302|13303|13307|13311|13319|13320|13330|13358|13367|13370|13382|13384|13395|13435|13440|13445|13450|13454|13457|13462|13464|13466|13468|13472|13479|13481|13482|13490|13496|13505|13506|13508|13513|13525|13526|13527|13529|13540|13541|13543|13544|13548|13562|13563|13570|13574|13608|13610|13623|13626|13628|13632|13635|13636|13637|13672|13678|13683|13684|13689|13691|13694|13696|13712|13724|13728|13745|13753|13771|13776|13777|13781|13785|13792|13794|13797|13804|13837|13848|13851|13861|13864|13865|13869|13872|13880|13891|13894|13900|13904|13920|13922|13925|13927|13937|13939|13942|13945|13964|13974|13975|13977|13984|13994|14007|14013|14024|14032|14033|14035|14036|14043|14045|14046|14053|14061|14070|14071|14075|14078|14080|14086|14090|14092|14096|14097|14101|14104|14107|14116|14123|14126|14127|14131|14134|14136|14139|14149|14151|14154|14156|14161|14172|14178|14182|14183|14185|14188|14199|14205|14212|14232|14233|14235|14241|14245|14246|14253|14259|14262|14276|14280|14281|14282|14283|14288|14295|14304|14305|14311|14316|14324|14325|14329|14338|14344|14348|14353|14363|14364|14369|14370|14375|14377|14378|14384|14387|14389|14392|14397|14420|14422|14427|14435|14453|14455|14456|14457|14470|14475|14481|14482|14492|14495|14499|14500|14509|14510|14512|14516|14522|14530|14535|14540|14544|14550|14551|14553|14561|14562|14566|14568|14580|14587|14593|14596|14599|14606|14615|14634|14636|14637|14643|14645|14657|14658|14662|14665|14676|14677|14678|14681|14696|14699|14712|14713|14718|14721|14727|14728|14730|14733|14735|14742|14751|14766|14767|14768|14771|14773|14788|14790|14791|14797|14806|14807|14809|14813|14816|14823|14826|14831|14840|14847|14854|14862|14870|14871|14874|14875|14877|14878|14885|14889|14892|14894|14902|14905|14908|14920|14922|14924|14932|14936|14940|14948|14952|14966|14968|14973|14979|14981|14986|14987|14991|14995|14998|15008|15013|15022|15045|15051|15056|15071|15072|15083|15109|15114|15127|15129|15135|15137|15143|15157|15163|15166|15170|15174|15180|15187|15190|15201|15209|15217|15228|15229|15230|15235|15243|15260|15279|15290|15296|15302|15315|15316|15323|15324|15336|15338|15341|15351|15374|15393|15397|15401|15403|15404|15407|15410|15420|15426|15433|15434|15439|15445|15449|15454|15457|15460|15461|15467|15468|15469|15479|15482|15491|15493|15494|15495|15506|15507|15517|15523|15525|15527|15532|15535|15541|15543|15546|15547|15548|15588|15590|15598|15603|15605|15615|15620|15626|15631|15635|15640|15643|15645|15649|15666|15670|15681|15684|15685|15688|15695|15701|15711|15723|15735|15749|15753|15764|15788|15791|15793|15800|15806|15812|15814|15818|15819|15829|15838|15839|15840|15842|15850|15852|15857|15858|15860|15864|15868|15874|15880|15881|15894|15898|15901|15905|15908|15913|15915|15925|15928|15929|15932|15943|15952|15960|15969|15986|15989|15992|15998|16001|16002|16004|16012|16016|16018|16019|16040|16042|16046|16068|16071|16073|16083|16084|16087|16088|16089|16098|16102|16111|16114|16121|16125|16126|16127|16128|16129|16136|16137|16139|16141|16149|16153|16158|16170|16172|16175|16176|16182|16184|16197|16200|16209|16211|16217|16219|16222|16223|16242|16246|16259|16270|16274|16275|16281|16282|16285|16287|16296|16298|16300|16303|16309|16312|16321|16324|16327|16340|16341|16345|16357|16362|16369|16375|16381|16383|16386|16389|16391|16392|16397|16410|16413|16415|16421|16422|16427|16430|16431|16434|16442|16448|16449|16450|16453|16459|16462|16465|16469|16470|16473|16476|16477|16489|16496|16500|16503|16507|16519|16520|16525|16529|16536|16542|16543|16546|16549|16563|16564|16569|16571|16573|16574|16577|16585|16589|16598|16603|16611|16620|16623|16630|16644|16648|16655|16660|16662|16663|16665|16666|16679|16682|16683|16691|16702|16710|16711|16719|16720|16735|16736|16739|16746|16749|16754|16757|16761|16765|16777|16780|16802|16828|16829|16830|16833|16848|16849|16852|16858|16863|16864|16869|16880|16887|16896|16897|16898|16904|16919|16939|16949|16951|16955|16957|16962|16973|16984|16986|16987|16988|16992|16997|17009|17016|17017|17021|17031|17033|17036|17042|17044|17047|17049|17050|17060|17067|17083|17084|17088|17094|17095|17103|17104|17113|17118|17135|17137|17150|17151|17157|17161|17164|17165|17177|17180|17184|17185|17187|17190|17193|17199|17201|17202|17213|17217|17218|17227|17231|17237|17239|17250|17252|17255|17262|17263|17268|17271|17275|17278|17281|17289|17296|17301|17304|17305|17312|17314|17316|17321|17322|17324|17328|17330|17332|17345|17350|17353|17358|17359|17361|17362|17363|17378|17381|17396|17401|17402|17403|17404|17405|17408|17422|17431|17438|17442|17451|17456|17458|17460|17465|17468|17472|17474|17478|17484|17493|17496|17511|17515|17530|17533|17544|17547|17550|17555|17559|17565|17573|17580|17582|17587|17598|17604|17617|17623|17625|17631|17637|17638|17640|17646|17648|17649|17654|17655|17656|17672|17673|17674|17683|17685|17699|17701|17702|17703|17704|17711|17719|17725|17729|17736|17744|17752|17763|17775|17778|17787|17790|17795|17799|17801|17809|17810|17814|17822|17823|17847|17857|17863|17868|17876|17877|17878|17881|17882|17886|17890|17902|17907|17917|17938|17940|17946|17952|17954|17958|17959|17966|17967|17972|17975|17977|17980|17990|17992|17994|18004|18008|18011|18012|18013|18018|18024|18035|18046|18053|18064|18074|18084|18087|18093|18096|18097|18099|18100|18106|18107|18110|18119|18124|18142|18147|18156|18162|18168|18175|18181|18188|18195|18211|18217|18221|18225|18232|18235|18241|18251|18253|18255|18265|18269|18272|18278|18279|18283|18284
Online Retail II,2011-09-09,2,M1,12355|12358|12359|12369|12377|12386|12402|12410|12414|12429|12432|12437|12449|12450|12453|12457|12462|12463|12464|12466|12473|12483|12490|12504|12507|12513|12518|12519|12520|12535|12539|12548|12554|12556|12557|12569|12571|12578|12586|12592|12600|12601|12610|12613|12615|12631|12641|12662|12669|12670|12688|12689|12690|12700|12711|12712|12715|12731|12732|12737|12738|12741|12744|12746|12748|12749|12751|12766|12767|12768|12769|12777|12779|12785|12788|12798|12800|12802|12805|12811|12817|12821|12834|12845|12848|12851|12854|12860|12867|12875|12878|12886|12888|12907|12909|12915|12929|12930|12944|12955|12958|12959|12960|12963|12972|12987|12993|12994|12997|13003|13047|13057|13069|13070|13085|13090|13091|13105|13109|13114|13128|13129|13141|13149|13154|13155|13158|13166|13180|13183|13189|13190|13196|13197|13201|13211|13213|13216|13218|13232|13238|13248|13251|13254|13258|13265|13266|13270|13274|13280|13286|13288|13294|13296|13297|13302|13303|13307|13311|13319|13320|13330|13358|13367|13370|13382|13384|13395|13435|13440|13445|13450|13454|13457|13462|13464|13466|13468|13472|13479|13481|13482|13490|13496|13505|13506|13508|13513|13525|13526|13527|13529|13540|13541|13543|13544|13548|13562|13563|13570|13574|13608|13610|13623|13626|13628|13632|13635|13636|13637|13672|13678|13683|13684|13689|13691|13694|13696|13712|13724|13728|13745|13753|13771|13776|13777|13781|13785|13792|13794|13797|13804|13837|13848|13851|13861|13864|13865|13869|13872|13880|13891|13894|13900|13904|13920|13922|13925|13927|13937|13939|13942|13945|13964|13974|13975|13977|13984|13994|14007|14013|14024|14032|14033|14035|14036|14043|14045|14046|14053|14061|14070|14071|14075|14078|14080|14086|14090|14092|14096|14097|14101|14104|14107|14116|14123|14126|14127|14131|14134|14136|14139|14149|14151|14154|14156|14161|14172|14178|14182|14183|14185|14188|14199|14205|14212|14232|14233|14235|14241|14245|14246|14253|14259|14262|14276|14280|14281|14282|14283|14288|14295|14304|14305|14311|14316|14324|14325|14329|14338|14344|14348|14353|14363|14364|14369|14370|14375|14377|14378|14384|14387|14389|14392|14397|14420|14422|14427|14435|14453|14455|14456|14457|14470|14475|14481|14482|14492|14495|14499|14500|14509|14510|14512|14516|14522|14530|14535|14540|14544|14550|14551|14553|14561|14562|14566|14568|14580|14587|14593|14596|14599|14606|14615|14634|14636|14637|14643|14645|14657|14658|14662|14665|14676|14677|14678|14681|14696|14699|14712|14713|14718|14721|14727|14728|14730|14733|14735|14742|14751|14766|14767|14768|14771|14773|14788|14790|14791|14797|14806|14807|14809|14813|14816|14823|14826|14831|14840|14847|14854|14862|14870|14871|14874|14875|14877|14878|14885|14889|14892|14894|14902|14905|14908|14920|14922|14924|14932|14936|14940|14948|14952|14966|14968|14973|14979|14981|14986|14987|14991|14995|14998|15008|15013|15022|15045|15051|15056|15071|15072|15083|15109|15114|15127|15129|15135|15137|15143|15157|15163|15166|15170|15174|15180|15187|15190|15201|15209|15217|15228|15229|15230|15235|15243|15260|15279|15290|15296|15302|15315|15316|15323|15324|15336|15338|15341|15351|15374|15393|15397|15401|15403|15404|15407|15410|15420|15426|15433|15434|15439|15445|15449|15454|15457|15460|15461|15467|15468|15469|15479|15482|15491|15493|15494|15495|15506|15507|15517|15523|15525|15527|15532|15535|15541|15543|15546|15547|15548|15588|15590|15598|15603|15605|15615|15620|15626|15631|15635|15640|15643|15645|15649|15666|15670|15681|15684|15685|15688|15695|15701|15711|15723|15735|15749|15753|15764|15788|15791|15793|15800|15806|15812|15814|15818|15819|15829|15838|15839|15840|15842|15850|15852|15857|15858|15860|15864|15868|15874|15880|15881|15894|15898|15901|15905|15908|15913|15915|15925|15928|15929|15932|15943|15952|15960|15969|15986|15989|15992|15998|16001|16002|16004|16012|16016|16018|16019|16040|16042|16046|16068|16071|16073|16083|16084|16087|16088|16089|16098|16102|16111|16114|16121|16125|16126|16127|16128|16129|16136|16137|16139|16141|16149|16153|16158|16170|16172|16175|16176|16182|16184|16197|16200|16209|16211|16217|16219|16222|16223|16242|16246|16259|16270|16274|16275|16281|16282|16285|16287|16296|16298|16300|16303|16309|16312|16321|16324|16327|16340|16341|16345|16357|16362|16369|16375|16381|16383|16386|16389|16391|16392|16397|16410|16413|16415|16421|16422|16427|16430|16431|16434|16442|16448|16449|16450|16453|16459|16462|16465|16469|16470|16473|16476|16477|16489|16496|16500|16503|16507|16519|16520|16525|16529|16536|16542|16543|16546|16549|16563|16564|16569|16571|16573|16574|16577|16585|16589|16598|16603|16611|16620|16623|16630|16644|16648|16655|16660|16662|16663|16665|16666|16679|16682|16683|16691|16702|16710|16711|16719|16720|16735|16736|16739|16746|16749|16754|16757|16761|16765|16777|16780|16802|16828|16829|16830|16833|16848|16849|16852|16858|16863|16864|16869|16880|16887|16896|16897|16898|16904|16919|16939|16949|16951|16955|16957|16962|16973|16984|16986|16987|16988|16992|16997|17009|17016|17017|17021|17031|17033|17036|17042|17044|17047|17049|17050|17060|17067|17083|17084|17088|17094|17095|17103|17104|17113|17118|17135|17137|17150|17151|17157|17161|17164|17165|17177|17180|17184|17185|17187|17190|17193|17199|17201|17202|17213|17217|17218|17227|17231|17237|17239|17250|17252|17255|17262|17263|17268|17271|17275|17278|17281|17289|17296|17301|17304|17305|17312|17314|17316|17321|17322|17324|17328|17330|17332|17345|17350|17353|17358|17359|17361|17362|17363|17378|17381|17396|17401|17402|17403|17404|17405|17408|17422|17431|17438|17442|17451|17456|17458|17460|17465|17468|17472|17474|17478|17484|17493|17496|17511|17515|17530|17533|17544|17547|17550|17555|17559|17565|17573|17580|17582|17587|17598|17604|17617|17623|17625|17631|17637|17638|17640|17646|17648|17649|17654|17655|17656|17672|17673|17674|17683|17685|17699|17701|17702|17703|17704|17711|17719|17725|17729|17736|17744|17752|17763|17775|17778|17787|17790|17795|17799|17801|17809|17810|17814|17822|17823|17847|17857|17863|17868|17876|17877|17878|17881|17882|17886|17890|17902|17907|17917|17938|17940|17946|17952|17954|17958|17959|17966|17967|17972|17975|17977|17980|17990|17992|17994|18004|18008|18011|18012|18013|18018|18024|18035|18046|18053|18064|18074|18084|18087|18093|18096|18097|18099|18100|18106|18107|18110|18119|18124|18142|18147|18156|18162|18168|18175|18181|18188|18195|18211|18217|18221|18225|18232|18235|18241|18251|18253|18255|18265|18269|18272|18278|18279|18283|18284
Online Retail II,2011-09-09,2,M2,12355|12358|12359|12369|12377|12386|12402|12410|12414|12429|12432|12437|12449|12450|12453|12457|12462|12463|12464|12466|12473|12483|12490|12504|12507|12513|12518|12519|12520|12535|12539|12548|12554|12556|12557|12569|12571|12578|12586|12592|12600|12601|12610|12613|12615|12631|12641|12662|12669|12670|12688|12689|12690|12700|12711|12712|12715|12731|12732|12737|12738|12741|12744|12746|12748|12749|12751|12766|12767|12768|12769|12777|12779|12785|12788|12798|12800|12802|12805|12811|12817|12821|12834|12845|12848|12851|12854|12860|12867|12875|12878|12886|12888|12907|12909|12915|12929|12930|12944|12955|12958|12959|12960|12963|12972|12987|12993|12994|12997|13003|13047|13057|13069|13070|13085|13090|13091|13105|13109|13114|13128|13129|13141|13149|13154|13155|13158|13166|13180|13183|13189|13190|13196|13197|13201|13211|13213|13216|13218|13232|13238|13248|13251|13254|13258|13265|13266|13270|13274|13280|13286|13288|13294|13296|13297|13302|13303|13307|13311|13319|13320|13330|13358|13367|13370|13382|13384|13395|13435|13440|13445|13450|13454|13457|13462|13464|13466|13468|13472|13479|13481|13482|13490|13496|13505|13506|13508|13513|13525|13526|13527|13529|13540|13541|13543|13544|13548|13562|13563|13570|13574|13608|13610|13623|13626|13628|13632|13635|13636|13637|13672|13678|13683|13684|13689|13691|13694|13696|13712|13724|13728|13745|13753|13771|13776|13777|13781|13785|13792|13794|13797|13804|13837|13848|13851|13861|13864|13865|13869|13872|13880|13891|13894|13900|13904|13920|13922|13925|13927|13937|13939|13942|13945|13964|13974|13975|13977|13984|13994|14007|14013|14024|14032|14033|14035|14036|14043|14045|14046|14053|14061|14070|14071|14075|14078|14080|14086|14090|14092|14096|14097|14101|14104|14107|14116|14123|14126|14127|14131|14134|14136|14139|14149|14151|14154|14156|14161|14172|14178|14182|14183|14185|14188|14199|14205|14212|14232|14233|14235|14241|14245|14246|14253|14259|14262|14276|14280|14281|14282|14283|14288|14295|14304|14305|14311|14316|14324|14325|14329|14338|14344|14348|14353|14363|14364|14369|14370|14375|14377|14378|14384|14387|14389|14392|14397|14420|14422|14427|14435|14453|14455|14456|14457|14470|14475|14481|14482|14492|14495|14499|14500|14509|14510|14512|14516|14522|14530|14535|14540|14544|14550|14551|14553|14561|14562|14566|14568|14580|14587|14593|14596|14599|14606|14615|14634|14636|14637|14643|14645|14657|14658|14662|14665|14676|14677|14678|14681|14696|14699|14712|14713|14718|14721|14727|14728|14730|14733|14735|14742|14751|14766|14767|14768|14771|14773|14788|14790|14791|14797|14806|14807|14809|14813|14816|14823|14826|14831|14840|14847|14854|14862|14870|14871|14874|14875|14877|14878|14885|14889|14892|14894|14902|14905|14908|14920|14922|14924|14932|14936|14940|14948|14952|14966|14968|14973|14979|14981|14986|14987|14991|14995|14998|15008|15013|15022|15045|15051|15056|15071|15072|15083|15109|15114|15127|15129|15135|15137|15143|15157|15163|15166|15170|15174|15180|15187|15190|15201|15209|15217|15228|15229|15230|15235|15243|15260|15279|15290|15296|15302|15315|15316|15323|15324|15336|15338|15341|15351|15374|15393|15397|15401|15403|15404|15407|15410|15420|15426|15433|15434|15439|15445|15449|15454|15457|15460|15461|15467|15468|15469|15479|15482|15491|15493|15494|15495|15506|15507|15517|15523|15525|15527|15532|15535|15541|15543|15546|15547|15548|15588|15590|15598|15603|15605|15615|15620|15626|15631|15635|15640|15643|15645|15649|15666|15670|15681|15684|15685|15688|15695|15701|15711|15723|15735|15749|15753|15764|15788|15791|15793|15800|15806|15812|15814|15818|15819|15829|15838|15839|15840|15842|15850|15852|15857|15858|15860|15864|15868|15874|15880|15881|15894|15898|15901|15905|15908|15913|15915|15925|15928|15929|15932|15943|15952|15960|15969|15986|15989|15992|15998|16001|16002|16004|16012|16016|16018|16019|16040|16042|16046|16068|16071|16073|16083|16084|16087|16088|16089|16098|16102|16111|16114|16121|16125|16126|16127|16128|16129|16136|16137|16139|16141|16149|16153|16158|16170|16172|16175|16176|16182|16184|16197|16200|16209|16211|16217|16219|16222|16223|16242|16246|16259|16270|16274|16275|16281|16282|16285|16287|16296|16298|16300|16303|16309|16312|16321|16324|16327|16340|16341|16345|16357|16362|16369|16375|16381|16383|16386|16389|16391|16392|16397|16410|16413|16415|16421|16422|16427|16430|16431|16434|16442|16448|16449|16450|16453|16459|16462|16465|16469|16470|16473|16476|16477|16489|16496|16500|16503|16507|16519|16520|16525|16529|16536|16542|16543|16546|16549|16563|16564|16569|16571|16573|16574|16577|16585|16589|16598|16603|16611|16620|16623|16630|16644|16648|16655|16660|16662|16663|16665|16666|16679|16682|16683|16691|16702|16710|16711|16719|16720|16735|16736|16739|16746|16749|16754|16757|16761|16765|16777|16780|16802|16828|16829|16830|16833|16848|16849|16852|16858|16863|16864|16869|16880|16887|16896|16897|16898|16904|16919|16939|16949|16951|16955|16957|16962|16973|16984|16986|16987|16988|16992|16997|17009|17016|17017|17021|17031|17033|17036|17042|17044|17047|17049|17050|17060|17067|17083|17084|17088|17094|17095|17103|17104|17113|17118|17135|17137|17150|17151|17157|17161|17164|17165|17177|17180|17184|17185|17187|17190|17193|17199|17201|17202|17213|17217|17218|17227|17231|17237|17239|17250|17252|17255|17262|17263|17268|17271|17275|17278|17281|17289|17296|17301|17304|17305|17312|17314|17316|17321|17322|17324|17328|17330|17332|17345|17350|17353|17358|17359|17361|17362|17363|17378|17381|17396|17401|17402|17403|17404|17405|17408|17422|17431|17438|17442|17451|17456|17458|17460|17465|17468|17472|17474|17478|17484|17493|17496|17511|17515|17530|17533|17544|17547|17550|17555|17559|17565|17573|17580|17582|17587|17598|17604|17617|17623|17625|17631|17637|17638|17640|17646|17648|17649|17654|17655|17656|17672|17673|17674|17683|17685|17699|17701|17702|17703|17704|17711|17719|17725|17729|17736|17744|17752|17763|17775|17778|17787|17790|17795|17799|17801|17809|17810|17814|17822|17823|17847|17857|17863|17868|17876|17877|17878|17881|17882|17886|17890|17902|17907|17917|17938|17940|17946|17952|17954|17958|17959|17966|17967|17972|17975|17977|17980|17990|17992|17994|18004|18008|18011|18012|18013|18018|18024|18035|18046|18053|18064|18074|18084|18087|18093|18096|18097|18099|18100|18106|18107|18110|18119|18124|18142|18147|18156|18162|18168|18175|18181|18188|18195|18211|18217|18221|18225|18232|18235|18241|18251|18253|18255|18265|18269|18272|18278|18279|18283|18284
Online Retail II,2011-09-09,2,M3,12355|12358|12359|12369|12377|12386|12402|12410|12414|12429|12432|12437|12449|12450|12453|12457|12462|12463|12464|12466|12473|12483|12490|12504|12507|12513|12518|12519|12520|12535|12539|12548|12554|12556|12557|12569|12571|12578|12586|12592|12600|12601|12610|12613|12615|12631|12641|12662|12669|12670|12688|12689|12690|12700|12711|12712|12715|12731|12732|12737|12738|12741|12744|12746|12748|12749|12751|12766|12767|12768|12769|12777|12779|12785|12788|12798|12800|12802|12805|12811|12817|12821|12834|12845|12848|12851|12854|12860|12867|12875|12878|12886|12888|12907|12909|12915|12929|12930|12944|12955|12958|12959|12960|12963|12972|12987|12993|12994|12997|13003|13047|13057|13069|13070|13085|13090|13091|13105|13109|13114|13128|13129|13141|13149|13154|13155|13158|13166|13180|13183|13189|13190|13196|13197|13201|13211|13213|13216|13218|13232|13238|13248|13251|13254|13258|13265|13266|13270|13274|13280|13286|13288|13294|13296|13297|13302|13303|13307|13311|13319|13320|13330|13358|13367|13370|13382|13384|13395|13435|13440|13445|13450|13454|13457|13462|13464|13466|13468|13472|13479|13481|13482|13490|13496|13505|13506|13508|13513|13525|13526|13527|13529|13540|13541|13543|13544|13548|13562|13563|13570|13574|13608|13610|13623|13626|13628|13632|13635|13636|13637|13672|13678|13683|13684|13689|13691|13694|13696|13712|13724|13728|13745|13753|13771|13776|13777|13781|13785|13792|13794|13797|13804|13837|13848|13851|13861|13864|13865|13869|13872|13880|13891|13894|13900|13904|13920|13922|13925|13927|13937|13939|13942|13945|13964|13974|13975|13977|13984|13994|14007|14013|14024|14032|14033|14035|14036|14043|14045|14046|14053|14061|14070|14071|14075|14078|14080|14086|14090|14092|14096|14097|14101|14104|14107|14116|14123|14126|14127|14131|14134|14136|14139|14149|14151|14154|14156|14161|14172|14178|14182|14183|14185|14188|14199|14205|14212|14232|14233|14235|14241|14245|14246|14253|14259|14262|14276|14280|14281|14282|14283|14288|14295|14304|14305|14311|14316|14324|14325|14329|14338|14344|14348|14353|14363|14364|14369|14370|14375|14377|14378|14384|14387|14389|14392|14397|14420|14422|14427|14435|14453|14455|14456|14457|14470|14475|14481|14482|14492|14495|14499|14500|14509|14510|14512|14516|14522|14530|14535|14540|14544|14550|14551|14553|14561|14562|14566|14568|14580|14587|14593|14596|14599|14606|14615|14634|14636|14637|14643|14645|14657|14658|14662|14665|14676|14677|14678|14681|14696|14699|14712|14713|14718|14721|14727|14728|14730|14733|14735|14742|14751|14766|14767|14768|14771|14773|14788|14790|14791|14797|14806|14807|14809|14813|14816|14823|14826|14831|14840|14847|14854|14862|14870|14871|14874|14875|14877|14878|14885|14889|14892|14894|14902|14905|14908|14920|14922|14924|14932|14936|14940|14948|14952|14966|14968|14973|14979|14981|14986|14987|14991|14995|14998|15008|15013|15022|15045|15051|15056|15071|15072|15083|15109|15114|15127|15129|15135|15137|15143|15157|15163|15166|15170|15174|15180|15187|15190|15201|15209|15217|15228|15229|15230|15235|15243|15260|15279|15290|15296|15302|15315|15316|15323|15324|15336|15338|15341|15351|15374|15393|15397|15401|15403|15404|15407|15410|15420|15426|15433|15434|15439|15445|15449|15454|15457|15460|15461|15467|15468|15469|15479|15482|15491|15493|15494|15495|15506|15507|15517|15523|15525|15527|15532|15535|15541|15543|15546|15547|15548|15588|15590|15598|15603|15605|15615|15620|15626|15631|15635|15640|15643|15645|15649|15666|15670|15681|15684|15685|15688|15695|15701|15711|15723|15735|15749|15753|15764|15788|15791|15793|15800|15806|15812|15814|15818|15819|15829|15838|15839|15840|15842|15850|15852|15857|15858|15860|15864|15868|15874|15880|15881|15894|15898|15901|15905|15908|15913|15915|15925|15928|15929|15932|15943|15952|15960|15969|15986|15989|15992|15998|16001|16002|16004|16012|16016|16018|16019|16040|16042|16046|16068|16071|16073|16083|16084|16087|16088|16089|16098|16102|16111|16114|16121|16125|16126|16127|16128|16129|16136|16137|16139|16141|16149|16153|16158|16170|16172|16175|16176|16182|16184|16197|16200|16209|16211|16217|16219|16222|16223|16242|16246|16259|16270|16274|16275|16281|16282|16285|16287|16296|16298|16300|16303|16309|16312|16321|16324|16327|16340|16341|16345|16357|16362|16369|16375|16381|16383|16386|16389|16391|16392|16397|16410|16413|16415|16421|16422|16427|16430|16431|16434|16442|16448|16449|16450|16453|16459|16462|16465|16469|16470|16473|16476|16477|16489|16496|16500|16503|16507|16519|16520|16525|16529|16536|16542|16543|16546|16549|16563|16564|16569|16571|16573|16574|16577|16585|16589|16598|16603|16611|16620|16623|16630|16644|16648|16655|16660|16662|16663|16665|16666|16679|16682|16683|16691|16702|16710|16711|16719|16720|16735|16736|16739|16746|16749|16754|16757|16761|16765|16777|16780|16802|16828|16829|16830|16833|16848|16849|16852|16858|16863|16864|16869|16880|16887|16896|16897|16898|16904|16919|16939|16949|16951|16955|16957|16962|16973|16984|16986|16987|16988|16992|16997|17009|17016|17017|17021|17031|17033|17036|17042|17044|17047|17049|17050|17060|17067|17083|17084|17088|17094|17095|17103|17104|17113|17118|17135|17137|17150|17151|17157|17161|17164|17165|17177|17180|17184|17185|17187|17190|17193|17199|17201|17202|17213|17217|17218|17227|17231|17237|17239|17250|17252|17255|17262|17263|17268|17271|17275|17278|17281|17289|17296|17301|17304|17305|17312|17314|17316|17321|17322|17324|17328|17330|17332|17345|17350|17353|17358|17359|17361|17362|17363|17378|17381|17396|17401|17402|17403|17404|17405|17408|17422|17431|17438|17442|17451|17456|17458|17460|17465|17468|17472|17474|17478|17484|17493|17496|17511|17515|17530|17533|17544|17547|17550|17555|17559|17565|17573|17580|17582|17587|17598|17604|17617|17623|17625|17631|17637|17638|17640|17646|17648|17649|17654|17655|17656|17672|17673|17674|17683|17685|17699|17701|17702|17703|17704|17711|17719|17725|17729|17736|17744|17752|17763|17775|17778|17787|17790|17795|17799|17801|17809|17810|17814|17822|17823|17847|17857|17863|17868|17876|17877|17878|17881|17882|17886|17890|17902|17907|17917|17938|17940|17946|17952|17954|17958|17959|17966|17967|17972|17975|17977|17980|17990|17992|17994|18004|18008|18011|18012|18013|18018|18024|18035|18046|18053|18064|18074|18084|18087|18093|18096|18097|18099|18100|18106|18107|18110|18119|18124|18142|18147|18156|18162|18168|18175|18181|18188|18195|18211|18217|18221|18225|18232|18235|18241|18251|18253|18255|18265|18269|18272|18278|18279|18283|18284
Online Retail II,2011-09-09,3,M0,12353|12356|12360|12363|12370|12372|12375|12389|12394|12395|12415|12419|12424|12431|12433|12440|12443|12454|12456|12465|12470|12474|12477|12480|12482|12497|12501|12505|12511|12521|12523|12525|12528|12529|12533|12534|12542|12555|12565|12573|12574|12580|12583|12588|12595|12616|12620|12621|12623|12626|12636|12648|12663|12665|12671|12681|12694|12695|12697|12733|12735|12739|12760|12761|12770|12771|12776|12778|12781|12793|12806|12823|12825|12828|12831|12832|12833|12835|12840|12841|12844|12849|12850|12853|12866|12871|12874|12885|12900|12903|12904|12905|12908|12920|12927|12928|12933|12935|12941|12945|12946|12947|12949|12957|12968|12976|12977|12991|12992|12999|13004|13009|13012|13021|13029|13030|13037|13044|13045|13055|13056|13062|13077|13081|13088|13097|13098|13104|13106|13111|13120|13143|13144|13148|13161|13162|13164|13165|13174|13178|13179|13187|13192|13198|13199|13200|13203|13206|13208|13210|13222|13224|13233|13234|13245|13267|13269|13273|13301|13309|13326|13328|13333|13359|13369|13373|13376|13385|13387|13388|13391|13393|13394|13396|13404|13405|13410|13423|13424|13425|13427|13434|13444|13459|13465|13478|13486|13488|13489|13495|13499|13523|13539|13547|13549|13555|13557|13567|13569|13572|13576|13584|13588|13590|13591|13611|13614|13615|13617|13625|13627|13654|13657|13658|13663|13666|13669|13675|13676|13679|13687|13695|13698|13703|13705|13706|13707|13713|13717|13727|13741|13742|13756|13757|13760|13764|13768|13775|13780|13787|13791|13809|13815|13819|13821|13825|13830|13833|13840|13841|13849|13852|13857|13877|13881|13883|13887|13888|13892|13895|13896|13897|13905|13906|13911|13932|13940|13941|13946|13949|13955|13957|13966|13968|13971|13973|13979|13982|13990|13993|13995|14004|14011|14016|14019|14022|14023|14025|14038|14044|14052|14065|14068|14069|14072|14079|14081|14083|14088|14091|14095|14100|14106|14111|14119|14128|14153|14160|14175|14181|14189|14190|14191|14193|14207|14210|14220|14225|14236|14238|14265|14272|14273|14285|14291|14293|14297|14303|14307|14314|14315|14322|14336|14341|14350|14355|14365|14367|14376|14380|14393|14395|14399|14400|14403|14405|14412|14413|14419|14421|14425|14426|14430|14436|14441|14450|14463|14465|14476|14479|14497|14501|14506|14511|14531|14538|14549|14558|14560|14567|14570|14573|14576|14583|14586|14588|14600|14604|14614|14617|14623|14627|14633|14644|14649|14654|14656|14660|14673|14684|14693|14695|14700|14701|14719|14731|14736|14737|14740|14748|14758|14759|14776|14777|14778|14784|14795|14800|14803|14812|14817|14820|14833|14841|14843|14844|14846|14853|14859|14882|14883|14884|14890|14898|14903|14911|14913|14919|14929|14930|14931|14935|14938|14944|14945|14949|14959|14960|14963|14972|14975|14976|14977|14982|14985|14988|14993|14994|14996|14999|15003|15012|15016|15018|15031|15032|15038|15044|15048|15068|15069|15078|15079|15085|15089|15090|15092|15094|15095|15097|15104|15107|15108|15110|15111|15112|15115|15117|15119|15120|15121|15122|15130|15136|15138|15142|15144|15145|15149|15150|15159|15164|15176|15177|15184|15186|15194|15203|15208|15221|15233|15234|15237|15248|15251|15253|15257|15258|15267|15283|15284|15285|15292|15294|15306|15309|15313|15317|15321|15329|15333|15339|15346|15349|15352|15354|15356|15366|15372|15373|15375|15377|15379|15381|15385|15390|15402|15405|15413|15423|15425|15470|15473|15477|15484|15489|15496|15497|15498|15503|15504|15509|15510|15514|15519|15529|15530|15552|15558|15563|15564|15574|15575|15577|15578|15579|15582|15586|15594|15595|15600|15608|15611|15613|15614|15623|15627|15628|15630|15632|15644|15652|15658|15659|15662|15665|15669|15689|15696|15700|15703|15704|15706|15709|15716|15717|15718|15722|15724|15726|15727|15729|15730|15738|15745|15747|15759|15765|15766|15768|15772|15780|15786|15796|15807|15816|15817|15825|15827|15833|15835|15845|15862|15870|15884|15893|15895|15902|15910|15911|15923|15935|15942|15945|15948|15951|15957|15961|15962|15967|15972|15984|15987|15996|16009|16010|16017|16022|16028|16034|16043|16049|16053|16054|16059|16062|16063|16064|16067|16078|16082|16092|16095|16105|16109|16110|16113|16131|16134|16145|16152|16173|16198|16206|16208|16212|16216|16226|16227|16237|16249|16252|16253|16254|16267|16284|16286|16288|16289|16291|16294|16299|16301|16305|16308|16310|16332|16333|16336|16344|16346|16348|16354|16355|16364|16378|16388|16393|16394|16400|16402|16408|16417|16418|16426|16428|16436|16439|16440|16441|16443|16447|16451|16467|16471|16472|16484|16485|16486|16497|16501|16509|16511|16531|16532|16535|16538|16540|16545|16550|16551|16553|16590|16592|16595|16607|16608|16609|16612|16621|16634|16636|16638|16642|16649|16650|16657|16661|16675|16684|16690|16692|16693|16694|16695|16699|16700|16706|16707|16709|16712|16713|16724|16725|16726|16730|16733|16734|16766|16767|16775|16778|16785|16786|16791|16795|16804|16806|16808|16815|16816|16820|16821|16825|16831|16832|16837|16845|16847|16854|16862|16872|16873|16875|16882|16883|16885|16886|16902|16905|16910|16912|16913|16916|16917|16920|16922|16928|16931|16935|16940|16943|16964|16965|16966|16967|16969|16976|16979|16980|16990|16993|16998|17002|17006|17008|17015|17029|17034|17038|17045|17059|17061|17068|17070|17072|17087|17090|17098|17099|17102|17106|17110|17134|17139|17147|17149|17158|17159|17168|17175|17176|17196|17204|17210|17211|17214|17222|17228|17235|17240|17243|17244|17249|17264|17266|17272|17276|17284|17285|17288|17292|17294|17298|17306|17307|17310|17323|17334|17335|17339|17364|17366|17367|17369|17372|17375|17382|17383|17390|17391|17392|17409|17417|17440|17450|17457|17463|17464|17467|17469|17470|17471|17479|17488|17490|17495|17499|17508|17510|17519|17535|17536|17551|17553|17561|17563|17569|17570|17583|17585|17599|17608|17615|17624|17633|17659|17667|17691|17694|17700|17710|17714|17716|17721|17724|17730|17740|17745|17751|17757|17758|17764|17765|17767|17773|17777|17781|17785|17792|17803|17804|17807|17811|17815|17819|17821|17825|17828|17829|17834|17844|17851|17853|17854|17856|17860|17861|17864|17865|17883|17889|17898|17906|17908|17916|17921|17923|17927|17931|17939|17944|17948|17949|17955|17962|17970|17983|17987|17995|17996|17998|18001|18007|18022|18025|18029|18050|18052|18054|18060|18065|18068|18073|18079|18083|18091|18095|18101|18103|18111|18116|18121|18131|18138|18148|18154|18157|18159|18171|18173|18174|18178|18185|18186|18189|18190|18193|18194|18201|18215|18220|18229|18231|18233|18239|18243|18247|18256|18258|18264|18268|18270|18273|18277|18282
Online Retail II,2011-09-09,3,M1,12353|12356|12360|12363|12370|12372|12375|12389|12394|12395|12415|12419|12424|12431|12433|12440|12443|12454|12456|12465|12470|12474|12477|12480|12482|12497|12501|12505|12511|12521|12523|12525|12528|12529|12533|12534|12542|12555|12565|12573|12574|12580|12583|12588|12595|12616|12620|12621|12623|12626|12636|12648|12663|12665|12671|12681|12694|12695|12697|12733|12735|12739|12760|12761|12770|12771|12776|12778|12781|12793|12806|12823|12825|12828|12831|12832|12833|12835|12840|12841|12844|12849|12850|12853|12866|12871|12874|12885|12900|12903|12904|12905|12908|12920|12927|12928|12933|12935|12941|12945|12946|12947|12949|12957|12968|12976|12977|12991|12992|12999|13004|13009|13012|13021|13029|13030|13037|13044|13045|13055|13056|13062|13077|13081|13088|13097|13098|13104|13106|13111|13120|13143|13144|13148|13161|13162|13164|13165|13174|13178|13179|13187|13192|13198|13199|13200|13203|13206|13208|13210|13222|13224|13233|13234|13245|13267|13269|13273|13301|13309|13326|13328|13333|13359|13369|13373|13376|13385|13387|13388|13391|13393|13394|13396|13404|13405|13410|13423|13424|13425|13427|13434|13444|13459|13465|13478|13486|13488|13489|13495|13499|13523|13539|13547|13549|13555|13557|13567|13569|13572|13576|13584|13588|13590|13591|13611|13614|13615|13617|13625|13627|13654|13657|13658|13663|13666|13669|13675|13676|13679|13687|13695|13698|13703|13705|13706|13707|13713|13717|13727|13741|13742|13756|13757|13760|13764|13768|13775|13780|13787|13791|13809|13815|13819|13821|13825|13830|13833|13840|13841|13849|13852|13857|13877|13881|13883|13887|13888|13892|13895|13896|13897|13905|13906|13911|13932|13940|13941|13946|13949|13955|13957|13966|13968|13971|13973|13979|13982|13990|13993|13995|14004|14011|14016|14019|14022|14023|14025|14038|14044|14052|14065|14068|14069|14072|14079|14081|14083|14088|14091|14095|14100|14106|14111|14119|14128|14153|14160|14175|14181|14189|14190|14191|14193|14207|14210|14220|14225|14236|14238|14265|14272|14273|14285|14291|14293|14297|14303|14307|14314|14315|14322|14336|14341|14350|14355|14365|14367|14376|14380|14393|14395|14399|14400|14403|14405|14412|14413|14419|14421|14425|14426|14430|14436|14441|14450|14463|14465|14476|14479|14497|14501|14506|14511|14531|14538|14549|14558|14560|14567|14570|14573|14576|14583|14586|14588|14600|14604|14614|14617|14623|14627|14633|14644|14649|14654|14656|14660|14673|14684|14693|14695|14700|14701|14719|14731|14736|14737|14740|14748|14758|14759|14776|14777|14778|14784|14795|14800|14803|14812|14817|14820|14833|14841|14843|14844|14846|14853|14859|14882|14883|14884|14890|14898|14903|14911|14913|14919|14929|14930|14931|14935|14938|14944|14945|14949|14959|14960|14963|14972|14975|14976|14977|14982|14985|14988|14993|14994|14996|14999|15003|15012|15016|15018|15031|15032|15038|15044|15048|15068|15069|15078|15079|15085|15089|15090|15092|15094|15095|15097|15104|15107|15108|15110|15111|15112|15115|15117|15119|15120|15121|15122|15130|15136|15138|15142|15144|15145|15149|15150|15159|15164|15176|15177|15184|15186|15194|15203|15208|15221|15233|15234|15237|15248|15251|15253|15257|15258|15267|15283|15284|15285|15292|15294|15306|15309|15313|15317|15321|15329|15333|15339|15346|15349|15352|15354|15356|15366|15372|15373|15375|15377|15379|15381|15385|15390|15402|15405|15413|15423|15425|15470|15473|15477|15484|15489|15496|15497|15498|15503|15504|15509|15510|15514|15519|15529|15530|15552|15558|15563|15564|15574|15575|15577|15578|15579|15582|15586|15594|15595|15600|15608|15611|15613|15614|15623|15627|15628|15630|15632|15644|15652|15658|15659|15662|15665|15669|15689|15696|15700|15703|15704|15706|15709|15716|15717|15718|15722|15724|15726|15727|15729|15730|15738|15745|15747|15759|15765|15766|15768|15772|15780|15786|15796|15807|15816|15817|15825|15827|15833|15835|15845|15862|15870|15884|15893|15895|15902|15910|15911|15923|15935|15942|15945|15948|15951|15957|15961|15962|15967|15972|15984|15987|15996|16009|16010|16017|16022|16028|16034|16043|16049|16053|16054|16059|16062|16063|16064|16067|16078|16082|16092|16095|16105|16109|16110|16113|16131|16134|16145|16152|16173|16198|16206|16208|16212|16216|16226|16227|16237|16249|16252|16253|16254|16267|16284|16286|16288|16289|16291|16294|16299|16301|16305|16308|16310|16332|16333|16336|16344|16346|16348|16354|16355|16364|16378|16388|16393|16394|16400|16402|16408|16417|16418|16426|16428|16436|16439|16440|16441|16443|16447|16451|16467|16471|16472|16484|16485|16486|16497|16501|16509|16511|16531|16532|16535|16538|16540|16545|16550|16551|16553|16590|16592|16595|16607|16608|16609|16612|16621|16634|16636|16638|16642|16649|16650|16657|16661|16675|16684|16690|16692|16693|16694|16695|16699|16700|16706|16707|16709|16712|16713|16724|16725|16726|16730|16733|16734|16766|16767|16775|16778|16785|16786|16791|16795|16804|16806|16808|16815|16816|16820|16821|16825|16831|16832|16837|16845|16847|16854|16862|16872|16873|16875|16882|16883|16885|16886|16902|16905|16910|16912|16913|16916|16917|16920|16922|16928|16931|16935|16940|16943|16964|16965|16966|16967|16969|16976|16979|16980|16990|16993|16998|17002|17006|17008|17015|17029|17034|17038|17045|17059|17061|17068|17070|17072|17087|17090|17098|17099|17102|17106|17110|17134|17139|17147|17149|17158|17159|17168|17175|17176|17196|17204|17210|17211|17214|17222|17228|17235|17240|17243|17244|17249|17264|17266|17272|17276|17284|17285|17288|17292|17294|17298|17306|17307|17310|17323|17334|17335|17339|17364|17366|17367|17369|17372|17375|17382|17383|17390|17391|17392|17409|17417|17440|17450|17457|17463|17464|17467|17469|17470|17471|17479|17488|17490|17495|17499|17508|17510|17519|17535|17536|17551|17553|17561|17563|17569|17570|17583|17585|17599|17608|17615|17624|17633|17659|17667|17691|17694|17700|17710|17714|17716|17721|17724|17730|17740|17745|17751|17757|17758|17764|17765|17767|17773|17777|17781|17785|17792|17803|17804|17807|17811|17815|17819|17821|17825|17828|17829|17834|17844|17851|17853|17854|17856|17860|17861|17864|17865|17883|17889|17898|17906|17908|17916|17921|17923|17927|17931|17939|17944|17948|17949|17955|17962|17970|17983|17987|17995|17996|17998|18001|18007|18022|18025|18029|18050|18052|18054|18060|18065|18068|18073|18079|18083|18091|18095|18101|18103|18111|18116|18121|18131|18138|18148|18154|18157|18159|18171|18173|18174|18178|18185|18186|18189|18190|18193|18194|18201|18215|18220|18229|18231|18233|18239|18243|18247|18256|18258|18264|18268|18270|18273|18277|18282
Online Retail II,2011-09-09,3,M2,12353|12356|12360|12363|12370|12372|12375|12389|12394|12395|12415|12419|12424|12431|12433|12440|12443|12454|12456|12465|12470|12474|12477|12480|12482|12497|12501|12505|12511|12521|12523|12525|12528|12529|12533|12534|12542|12555|12565|12573|12574|12580|12583|12588|12595|12616|12620|12621|12623|12626|12636|12648|12663|12665|12671|12681|12694|12695|12697|12733|12735|12739|12760|12761|12770|12771|12776|12778|12781|12793|12806|12823|12825|12828|12831|12832|12833|12835|12840|12841|12844|12849|12850|12853|12866|12871|12874|12885|12900|12903|12904|12905|12908|12920|12927|12928|12933|12935|12941|12945|12946|12947|12949|12957|12968|12976|12977|12991|12992|12999|13004|13009|13012|13021|13029|13030|13037|13044|13045|13055|13056|13062|13077|13081|13088|13097|13098|13104|13106|13111|13120|13143|13144|13148|13161|13162|13164|13165|13174|13178|13179|13187|13192|13198|13199|13200|13203|13206|13208|13210|13222|13224|13233|13234|13245|13267|13269|13273|13301|13309|13326|13328|13333|13359|13369|13373|13376|13385|13387|13388|13391|13393|13394|13396|13404|13405|13410|13423|13424|13425|13427|13434|13444|13459|13465|13478|13486|13488|13489|13495|13499|13523|13539|13547|13549|13555|13557|13567|13569|13572|13576|13584|13588|13590|13591|13611|13614|13615|13617|13625|13627|13654|13657|13658|13663|13666|13669|13675|13676|13679|13687|13695|13698|13703|13705|13706|13707|13713|13717|13727|13741|13742|13756|13757|13760|13764|13768|13775|13780|13787|13791|13809|13815|13819|13821|13825|13830|13833|13840|13841|13849|13852|13857|13877|13881|13883|13887|13888|13892|13895|13896|13897|13905|13906|13911|13932|13940|13941|13946|13949|13955|13957|13966|13968|13971|13973|13979|13982|13990|13993|13995|14004|14011|14016|14019|14022|14023|14025|14038|14044|14052|14065|14068|14069|14072|14079|14081|14083|14088|14091|14095|14100|14106|14111|14119|14128|14153|14160|14175|14181|14189|14190|14191|14193|14207|14210|14220|14225|14236|14238|14265|14272|14273|14285|14291|14293|14297|14303|14307|14314|14315|14322|14336|14341|14350|14355|14365|14367|14376|14380|14393|14395|14399|14400|14403|14405|14412|14413|14419|14421|14425|14426|14430|14436|14441|14450|14463|14465|14476|14479|14497|14501|14506|14511|14531|14538|14549|14558|14560|14567|14570|14573|14576|14583|14586|14588|14600|14604|14614|14617|14623|14627|14633|14644|14649|14654|14656|14660|14673|14684|14693|14695|14700|14701|14719|14731|14736|14737|14740|14748|14758|14759|14776|14777|14778|14784|14795|14800|14803|14812|14817|14820|14833|14841|14843|14844|14846|14853|14859|14882|14883|14884|14890|14898|14903|14911|14913|14919|14929|14930|14931|14935|14938|14944|14945|14949|14959|14960|14963|14972|14975|14976|14977|14982|14985|14988|14993|14994|14996|14999|15003|15012|15016|15018|15031|15032|15038|15044|15048|15068|15069|15078|15079|15085|15089|15090|15092|15094|15095|15097|15104|15107|15108|15110|15111|15112|15115|15117|15119|15120|15121|15122|15130|15136|15138|15142|15144|15145|15149|15150|15159|15164|15176|15177|15184|15186|15194|15203|15208|15221|15233|15234|15237|15248|15251|15253|15257|15258|15267|15283|15284|15285|15292|15294|15306|15309|15313|15317|15321|15329|15333|15339|15346|15349|15352|15354|15356|15366|15372|15373|15375|15377|15379|15381|15385|15390|15402|15405|15413|15423|15425|15470|15473|15477|15484|15489|15496|15497|15498|15503|15504|15509|15510|15514|15519|15529|15530|15552|15558|15563|15564|15574|15575|15577|15578|15579|15582|15586|15594|15595|15600|15608|15611|15613|15614|15623|15627|15628|15630|15632|15644|15652|15658|15659|15662|15665|15669|15689|15696|15700|15703|15704|15706|15709|15716|15717|15718|15722|15724|15726|15727|15729|15730|15738|15745|15747|15759|15765|15766|15768|15772|15780|15786|15796|15807|15816|15817|15825|15827|15833|15835|15845|15862|15870|15884|15893|15895|15902|15910|15911|15923|15935|15942|15945|15948|15951|15957|15961|15962|15967|15972|15984|15987|15996|16009|16010|16017|16022|16028|16034|16043|16049|16053|16054|16059|16062|16063|16064|16067|16078|16082|16092|16095|16105|16109|16110|16113|16131|16134|16145|16152|16173|16198|16206|16208|16212|16216|16226|16227|16237|16249|16252|16253|16254|16267|16284|16286|16288|16289|16291|16294|16299|16301|16305|16308|16310|16332|16333|16336|16344|16346|16348|16354|16355|16364|16378|16388|16393|16394|16400|16402|16408|16417|16418|16426|16428|16436|16439|16440|16441|16443|16447|16451|16467|16471|16472|16484|16485|16486|16497|16501|16509|16511|16531|16532|16535|16538|16540|16545|16550|16551|16553|16590|16592|16595|16607|16608|16609|16612|16621|16634|16636|16638|16642|16649|16650|16657|16661|16675|16684|16690|16692|16693|16694|16695|16699|16700|16706|16707|16709|16712|16713|16724|16725|16726|16730|16733|16734|16766|16767|16775|16778|16785|16786|16791|16795|16804|16806|16808|16815|16816|16820|16821|16825|16831|16832|16837|16845|16847|16854|16862|16872|16873|16875|16882|16883|16885|16886|16902|16905|16910|16912|16913|16916|16917|16920|16922|16928|16931|16935|16940|16943|16964|16965|16966|16967|16969|16976|16979|16980|16990|16993|16998|17002|17006|17008|17015|17029|17034|17038|17045|17059|17061|17068|17070|17072|17087|17090|17098|17099|17102|17106|17110|17134|17139|17147|17149|17158|17159|17168|17175|17176|17196|17204|17210|17211|17214|17222|17228|17235|17240|17243|17244|17249|17264|17266|17272|17276|17284|17285|17288|17292|17294|17298|17306|17307|17310|17323|17334|17335|17339|17364|17366|17367|17369|17372|17375|17382|17383|17390|17391|17392|17409|17417|17440|17450|17457|17463|17464|17467|17469|17470|17471|17479|17488|17490|17495|17499|17508|17510|17519|17535|17536|17551|17553|17561|17563|17569|17570|17583|17585|17599|17608|17615|17624|17633|17659|17667|17691|17694|17700|17710|17714|17716|17721|17724|17730|17740|17745|17751|17757|17758|17764|17765|17767|17773|17777|17781|17785|17792|17803|17804|17807|17811|17815|17819|17821|17825|17828|17829|17834|17844|17851|17853|17854|17856|17860|17861|17864|17865|17883|17889|17898|17906|17908|17916|17921|17923|17927|17931|17939|17944|17948|17949|17955|17962|17970|17983|17987|17995|17996|17998|18001|18007|18022|18025|18029|18050|18052|18054|18060|18065|18068|18073|18079|18083|18091|18095|18101|18103|18111|18116|18121|18131|18138|18148|18154|18157|18159|18171|18173|18174|18178|18185|18186|18189|18190|18193|18194|18201|18215|18220|18229|18231|18233|18239|18243|18247|18256|18258|18264|18268|18270|18273|18277|18282
Online Retail II,2011-09-09,3,M3,12353|12356|12360|12363|12370|12372|12375|12389|12394|12395|12415|12419|12424|12431|12433|12440|12443|12454|12456|12465|12470|12474|12477|12480|12482|12497|12501|12505|12511|12521|12523|12525|12528|12529|12533|12534|12542|12555|12565|12573|12574|12580|12583|12588|12595|12616|12620|12621|12623|12626|12636|12648|12663|12665|12671|12681|12694|12695|12697|12733|12735|12739|12760|12761|12770|12771|12776|12778|12781|12793|12806|12823|12825|12828|12831|12832|12833|12835|12840|12841|12844|12849|12850|12853|12866|12871|12874|12885|12900|12903|12904|12905|12908|12920|12927|12928|12933|12935|12941|12945|12946|12947|12949|12957|12968|12976|12977|12991|12992|12999|13004|13009|13012|13021|13029|13030|13037|13044|13045|13055|13056|13062|13077|13081|13088|13097|13098|13104|13106|13111|13120|13143|13144|13148|13161|13162|13164|13165|13174|13178|13179|13187|13192|13198|13199|13200|13203|13206|13208|13210|13222|13224|13233|13234|13245|13267|13269|13273|13301|13309|13326|13328|13333|13359|13369|13373|13376|13385|13387|13388|13391|13393|13394|13396|13404|13405|13410|13423|13424|13425|13427|13434|13444|13459|13465|13478|13486|13488|13489|13495|13499|13523|13539|13547|13549|13555|13557|13567|13569|13572|13576|13584|13588|13590|13591|13611|13614|13615|13617|13625|13627|13654|13657|13658|13663|13666|13669|13675|13676|13679|13687|13695|13698|13703|13705|13706|13707|13713|13717|13727|13741|13742|13756|13757|13760|13764|13768|13775|13780|13787|13791|13809|13815|13819|13821|13825|13830|13833|13840|13841|13849|13852|13857|13877|13881|13883|13887|13888|13892|13895|13896|13897|13905|13906|13911|13932|13940|13941|13946|13949|13955|13957|13966|13968|13971|13973|13979|13982|13990|13993|13995|14004|14011|14016|14019|14022|14023|14025|14038|14044|14052|14065|14068|14069|14072|14079|14081|14083|14088|14091|14095|14100|14106|14111|14119|14128|14153|14160|14175|14181|14189|14190|14191|14193|14207|14210|14220|14225|14236|14238|14265|14272|14273|14285|14291|14293|14297|14303|14307|14314|14315|14322|14336|14341|14350|14355|14365|14367|14376|14380|14393|14395|14399|14400|14403|14405|14412|14413|14419|14421|14425|14426|14430|14436|14441|14450|14463|14465|14476|14479|14497|14501|14506|14511|14531|14538|14549|14558|14560|14567|14570|14573|14576|14583|14586|14588|14600|14604|14614|14617|14623|14627|14633|14644|14649|14654|14656|14660|14673|14684|14693|14695|14700|14701|14719|14731|14736|14737|14740|14748|14758|14759|14776|14777|14778|14784|14795|14800|14803|14812|14817|14820|14833|14841|14843|14844|14846|14853|14859|14882|14883|14884|14890|14898|14903|14911|14913|14919|14929|14930|14931|14935|14938|14944|14945|14949|14959|14960|14963|14972|14975|14976|14977|14982|14985|14988|14993|14994|14996|14999|15003|15012|15016|15018|15031|15032|15038|15044|15048|15068|15069|15078|15079|15085|15089|15090|15092|15094|15095|15097|15104|15107|15108|15110|15111|15112|15115|15117|15119|15120|15121|15122|15130|15136|15138|15142|15144|15145|15149|15150|15159|15164|15176|15177|15184|15186|15194|15203|15208|15221|15233|15234|15237|15248|15251|15253|15257|15258|15267|15283|15284|15285|15292|15294|15306|15309|15313|15317|15321|15329|15333|15339|15346|15349|15352|15354|15356|15366|15372|15373|15375|15377|15379|15381|15385|15390|15402|15405|15413|15423|15425|15470|15473|15477|15484|15489|15496|15497|15498|15503|15504|15509|15510|15514|15519|15529|15530|15552|15558|15563|15564|15574|15575|15577|15578|15579|15582|15586|15594|15595|15600|15608|15611|15613|15614|15623|15627|15628|15630|15632|15644|15652|15658|15659|15662|15665|15669|15689|15696|15700|15703|15704|15706|15709|15716|15717|15718|15722|15724|15726|15727|15729|15730|15738|15745|15747|15759|15765|15766|15768|15772|15780|15786|15796|15807|15816|15817|15825|15827|15833|15835|15845|15862|15870|15884|15893|15895|15902|15910|15911|15923|15935|15942|15945|15948|15951|15957|15961|15962|15967|15972|15984|15987|15996|16009|16010|16017|16022|16028|16034|16043|16049|16053|16054|16059|16062|16063|16064|16067|16078|16082|16092|16095|16105|16109|16110|16113|16131|16134|16145|16152|16173|16198|16206|16208|16212|16216|16226|16227|16237|16249|16252|16253|16254|16267|16284|16286|16288|16289|16291|16294|16299|16301|16305|16308|16310|16332|16333|16336|16344|16346|16348|16354|16355|16364|16378|16388|16393|16394|16400|16402|16408|16417|16418|16426|16428|16436|16439|16440|16441|16443|16447|16451|16467|16471|16472|16484|16485|16486|16497|16501|16509|16511|16531|16532|16535|16538|16540|16545|16550|16551|16553|16590|16592|16595|16607|16608|16609|16612|16621|16634|16636|16638|16642|16649|16650|16657|16661|16675|16684|16690|16692|16693|16694|16695|16699|16700|16706|16707|16709|16712|16713|16724|16725|16726|16730|16733|16734|16766|16767|16775|16778|16785|16786|16791|16795|16804|16806|16808|16815|16816|16820|16821|16825|16831|16832|16837|16845|16847|16854|16862|16872|16873|16875|16882|16883|16885|16886|16902|16905|16910|16912|16913|16916|16917|16920|16922|16928|16931|16935|16940|16943|16964|16965|16966|16967|16969|16976|16979|16980|16990|16993|16998|17002|17006|17008|17015|17029|17034|17038|17045|17059|17061|17068|17070|17072|17087|17090|17098|17099|17102|17106|17110|17134|17139|17147|17149|17158|17159|17168|17175|17176|17196|17204|17210|17211|17214|17222|17228|17235|17240|17243|17244|17249|17264|17266|17272|17276|17284|17285|17288|17292|17294|17298|17306|17307|17310|17323|17334|17335|17339|17364|17366|17367|17369|17372|17375|17382|17383|17390|17391|17392|17409|17417|17440|17450|17457|17463|17464|17467|17469|17470|17471|17479|17488|17490|17495|17499|17508|17510|17519|17535|17536|17551|17553|17561|17563|17569|17570|17583|17585|17599|17608|17615|17624|17633|17659|17667|17691|17694|17700|17710|17714|17716|17721|17724|17730|17740|17745|17751|17757|17758|17764|17765|17767|17773|17777|17781|17785|17792|17803|17804|17807|17811|17815|17819|17821|17825|17828|17829|17834|17844|17851|17853|17854|17856|17860|17861|17864|17865|17883|17889|17898|17906|17908|17916|17921|17923|17927|17931|17939|17944|17948|17949|17955|17962|17970|17983|17987|17995|17996|17998|18001|18007|18022|18025|18029|18050|18052|18054|18060|18065|18068|18073|18079|18083|18091|18095|18101|18103|18111|18116|18121|18131|18138|18148|18154|18157|18159|18171|18173|18174|18178|18185|18186|18189|18190|18193|18194|18201|18215|18220|18229|18231|18233|18239|18243|18247|18256|18258|18264|18268|18270|18273|18277|18282
Online Retail II,2011-09-09,4,M0,12354|12361|12374|12376|12387|12392|12396|12399|12406|12409|12411|12421|12425|12441|12444|12451|12455|12458|12468|12471|12484|12487|12495|12500|12514|12515|12526|12538|12547|12549|12553|12559|12560|12561|12584|12589|12591|12597|12604|12606|12625|12629|12634|12635|12649|12664|12674|12675|12680|12682|12684|12686|12687|12705|12716|12717|12724|12725|12727|12730|12736|12742|12743|12745|12753|12758|12786|12790|12791|12794|12803|12804|12808|12809|12816|12818|12820|12836|12837|12843|12846|12855|12861|12862|12864|12865|12869|12876|12894|12902|12910|12911|12913|12917|12918|12919|12921|12922|12934|12939|12942|12943|12951|12956|12969|12974|12975|12978|12979|12983|12988|12990|13002|13008|13011|13020|13024|13025|13026|13027|13032|13041|13046|13048|13049|13050|13052|13053|13058|13075|13076|13078|13079|13086|13089|13103|13108|13115|13123|13125|13126|13131|13138|13150|13157|13171|13175|13177|13186|13202|13219|13223|13226|13236|13241|13242|13246|13252|13253|13255|13257|13275|13281|13283|13289|13295|13304|13305|13312|13316|13329|13331|13337|13340|13344|13345|13346|13360|13362|13363|13371|13379|13381|13397|13399|13407|13415|13417|13418|13428|13431|13438|13443|13448|13451|13470|13477|13485|13491|13492|13502|13507|13514|13515|13524|13537|13538|13550|13554|13564|13565|13573|13575|13581|13589|13594|13597|13598|13601|13602|13605|13606|13609|13612|13616|13620|13621|13624|13629|13630|13631|13634|13639|13641|13644|13653|13655|13660|13661|13662|13677|13680|13708|13709|13710|13722|13726|13731|13735|13737|13738|13739|13743|13744|13748|13750|13751|13754|13761|13765|13767|13769|13770|13772|13778|13783|13784|13793|13796|13808|13814|13820|13831|13832|13843|13847|13863|13874|13884|13893|13916|13917|13918|13919|13936|13944|13950|13951|13952|13953|13958|13967|14002|14003|14006|14010|14014|14020|14029|14034|14037|14041|14050|14060|14063|14066|14074|14084|14110|14113|14118|14122|14133|14143|14145|14147|14148|14150|14152|14155|14159|14165|14166|14167|14171|14176|14177|14186|14187|14192|14194|14196|14200|14202|14213|14216|14221|14222|14224|14227|14231|14239|14242|14248|14252|14257|14260|14263|14268|14270|14271|14274|14277|14286|14292|14319|14326|14328|14330|14331|14332|14343|14351|14358|14372|14379|14382|14388|14391|14401|14404|14406|14407|14408|14409|14411|14415|14428|14431|14438|14439|14442|14443|14452|14458|14462|14466|14467|14468|14473|14486|14491|14502|14505|14513|14514|14519|14527|14532|14534|14536|14541|14543|14545|14546|14556|14569|14581|14585|14589|14590|14595|14597|14605|14611|14613|14619|14626|14630|14631|14640|14648|14651|14659|14663|14668|14672|14674|14685|14689|14690|14702|14704|14705|14707|14711|14715|14716|14720|14723|14725|14726|14747|14753|14754|14761|14769|14774|14775|14783|14787|14805|14811|14828|14832|14834|14839|14850|14852|14857|14866|14868|14880|14888|14896|14907|14918|14927|14955|14961|14978|14980|15001|15002|15004|15007|15011|15015|15020|15021|15033|15039|15042|15043|15046|15052|15055|15058|15061|15063|15064|15065|15073|15077|15080|15082|15087|15100|15106|15123|15126|15128|15131|15134|15139|15147|15151|15154|15158|15161|15172|15173|15183|15191|15196|15200|15212|15214|15215|15218|15220|15222|15232|15244|15245|15246|15247|15249|15254|15261|15263|15269|15271|15273|15277|15280|15289|15304|15308|15310|15314|15319|15322|15332|15334|15337|15347|15358|15362|15363|15378|15380|15386|15388|15391|15394|15396|15406|15408|15409|15412|15416|15418|15421|15428|15440|15443|15446|15456|15459|15462|15465|15471|15481|15485|15499|15502|15505|15508|15534|15536|15544|15549|15554|15560|15562|15570|15581|15584|15596|15597|15602|15607|15634|15637|15638|15639|15642|15655|15656|15661|15668|15671|15672|15675|15677|15678|15691|15693|15705|15708|15710|15731|15741|15746|15756|15769|15776|15778|15810|15811|15813|15815|15823|15828|15837|15841|15843|15847|15855|15859|15863|15866|15869|15871|15879|15886|15888|15889|15892|15906|15914|15919|15931|15934|15936|15938|15939|15940|15974|15978|15982|15991|16006|16011|16021|16023|16031|16035|16037|16041|16044|16045|16058|16061|16065|16069|16077|16103|16108|16117|16132|16138|16140|16143|16144|16147|16155|16167|16187|16194|16195|16205|16224|16228|16230|16235|16239|16245|16247|16261|16262|16263|16266|16271|16273|16276|16278|16302|16316|16320|16325|16326|16334|16335|16339|16350|16351|16356|16359|16390|16395|16401|16406|16407|16412|16419|16420|16424|16435|16437|16444|16452|16458|16468|16481|16488|16491|16493|16502|16508|16510|16517|16518|16523|16530|16537|16539|16547|16552|16567|16576|16581|16582|16583|16596|16604|16606|16610|16625|16626|16628|16632|16635|16637|16641|16646|16651|16652|16664|16668|16670|16671|16680|16687|16697|16698|16704|16705|16717|16721|16722|16723|16728|16731|16732|16737|16740|16742|16748|16752|16755|16760|16763|16764|16768|16770|16772|16779|16782|16787|16798|16799|16801|16807|16812|16813|16817|16824|16827|16835|16836|16838|16839|16840|16860|16861|16865|16866|16870|16874|16876|16877|16889|16891|16894|16903|16907|16915|16918|16921|16927|16938|16948|16950|16954|16974|16989|16996|17003|17004|17005|17007|17018|17019|17023|17025|17026|17027|17032|17039|17046|17057|17064|17065|17074|17080|17092|17096|17107|17109|17111|17112|17114|17115|17122|17128|17138|17169|17182|17189|17192|17195|17198|17203|17205|17207|17209|17216|17229|17238|17248|17258|17265|17274|17277|17280|17282|17287|17290|17293|17302|17311|17325|17327|17341|17342|17346|17351|17360|17368|17373|17376|17380|17384|17386|17388|17393|17398|17400|17407|17411|17414|17419|17420|17428|17433|17435|17436|17443|17449|17454|17455|17476|17480|17489|17504|17505|17517|17521|17522|17524|17525|17527|17531|17534|17541|17548|17558|17574|17581|17584|17586|17591|17597|17609|17613|17622|17629|17630|17635|17647|17653|17677|17678|17679|17686|17687|17688|17690|17698|17706|17707|17715|17717|17722|17723|17726|17732|17749|17760|17766|17771|17772|17783|17786|17798|17833|17838|17841|17842|17866|17871|17872|17875|17879|17891|17893|17894|17897|17899|17901|17913|17918|17919|17929|17956|17961|17964|17974|17976|17979|17981|17988|17991|17999|18009|18010|18016|18028|18034|18037|18038|18039|18041|18043|18047|18049|18051|18055|18056|18062|18066|18072|18076|18077|18089|18094|18112|18114|18115|18118|18122|18127|18132|18141|18143|18146|18153|18161|18166|18187|18196|18197|18198|18199|18203|18208|18218|18224|18226|18227|18244|18245|18246|18248|18252|18254|18257|18260|18261|18266|18267|18276|18285|18286
Online Retail II,2011-09-09,4,M1,12354|12361|12374|12376|12387|12392|12396|12399|12406|12409|12411|12421|12425|12441|12444|12451|12455|12458|12468|12471|12484|12487|12495|12500|12514|12515|12526|12538|12547|12549|12553|12559|12560|12561|12584|12589|12591|12597|12604|12606|12625|12629|12634|12635|12649|12664|12674|12675|12680|12682|12684|12686|12687|12705|12716|12717|12724|12725|12727|12730|12736|12742|12743|12745|12753|12758|12786|12790|12791|12794|12803|12804|12808|12809|12816|12818|12820|12836|12837|12843|12846|12855|12861|12862|12864|12865|12869|12876|12894|12902|12910|12911|12913|12917|12918|12919|12921|12922|12934|12939|12942|12943|12951|12956|12969|12974|12975|12978|12979|12983|12988|12990|13002|13008|13011|13020|13024|13025|13026|13027|13032|13041|13046|13048|13049|13050|13052|13053|13058|13075|13076|13078|13079|13086|13089|13103|13108|13115|13123|13125|13126|13131|13138|13150|13157|13171|13175|13177|13186|13202|13219|13223|13226|13236|13241|13242|13246|13252|13253|13255|13257|13275|13281|13283|13289|13295|13304|13305|13312|13316|13329|13331|13337|13340|13344|13345|13346|13360|13362|13363|13371|13379|13381|13397|13399|13407|13415|13417|13418|13428|13431|13438|13443|13448|13451|13470|13477|13485|13491|13492|13502|13507|13514|13515|13524|13537|13538|13550|13554|13564|13565|13573|13575|13581|13589|13594|13597|13598|13601|13602|13605|13606|13609|13612|13616|13620|13621|13624|13629|13630|13631|13634|13639|13641|13644|13653|13655|13660|13661|13662|13677|13680|13708|13709|13710|13722|13726|13731|13735|13737|13738|13739|13743|13744|13748|13750|13751|13754|13761|13765|13767|13769|13770|13772|13778|13783|13784|13793|13796|13808|13814|13820|13831|13832|13843|13847|13863|13874|13884|13893|13916|13917|13918|13919|13936|13944|13950|13951|13952|13953|13958|13967|14002|14003|14006|14010|14014|14020|14029|14034|14037|14041|14050|14060|14063|14066|14074|14084|14110|14113|14118|14122|14133|14143|14145|14147|14148|14150|14152|14155|14159|14165|14166|14167|14171|14176|14177|14186|14187|14192|14194|14196|14200|14202|14213|14216|14221|14222|14224|14227|14231|14239|14242|14248|14252|14257|14260|14263|14268|14270|14271|14274|14277|14286|14292|14319|14326|14328|14330|14331|14332|14343|14351|14358|14372|14379|14382|14388|14391|14401|14404|14406|14407|14408|14409|14411|14415|14428|14431|14438|14439|14442|14443|14452|14458|14462|14466|14467|14468|14473|14486|14491|14502|14505|14513|14514|14519|14527|14532|14534|14536|14541|14543|14545|14546|14556|14569|14581|14585|14589|14590|14595|14597|14605|14611|14613|14619|14626|14630|14631|14640|14648|14651|14659|14663|14668|14672|14674|14685|14689|14690|14702|14704|14705|14707|14711|14715|14716|14720|14723|14725|14726|14747|14753|14754|14761|14769|14774|14775|14783|14787|14805|14811|14828|14832|14834|14839|14850|14852|14857|14866|14868|14880|14888|14896|14907|14918|14927|14955|14961|14978|14980|15001|15002|15004|15007|15011|15015|15020|15021|15033|15039|15042|15043|15046|15052|15055|15058|15061|15063|15064|15065|15073|15077|15080|15082|15087|15100|15106|15123|15126|15128|15131|15134|15139|15147|15151|15154|15158|15161|15172|15173|15183|15191|15196|15200|15212|15214|15215|15218|15220|15222|15232|15244|15245|15246|15247|15249|15254|15261|15263|15269|15271|15273|15277|15280|15289|15304|15308|15310|15314|15319|15322|15332|15334|15337|15347|15358|15362|15363|15378|15380|15386|15388|15391|15394|15396|15406|15408|15409|15412|15416|15418|15421|15428|15440|15443|15446|15456|15459|15462|15465|15471|15481|15485|15499|15502|15505|15508|15534|15536|15544|15549|15554|15560|15562|15570|15581|15584|15596|15597|15602|15607|15634|15637|15638|15639|15642|15655|15656|15661|15668|15671|15672|15675|15677|15678|15691|15693|15705|15708|15710|15731|15741|15746|15756|15769|15776|15778|15810|15811|15813|15815|15823|15828|15837|15841|15843|15847|15855|15859|15863|15866|15869|15871|15879|15886|15888|15889|15892|15906|15914|15919|15931|15934|15936|15938|15939|15940|15974|15978|15982|15991|16006|16011|16021|16023|16031|16035|16037|16041|16044|16045|16058|16061|16065|16069|16077|16103|16108|16117|16132|16138|16140|16143|16144|16147|16155|16167|16187|16194|16195|16205|16224|16228|16230|16235|16239|16245|16247|16261|16262|16263|16266|16271|16273|16276|16278|16302|16316|16320|16325|16326|16334|16335|16339|16350|16351|16356|16359|16390|16395|16401|16406|16407|16412|16419|16420|16424|16435|16437|16444|16452|16458|16468|16481|16488|16491|16493|16502|16508|16510|16517|16518|16523|16530|16537|16539|16547|16552|16567|16576|16581|16582|16583|16596|16604|16606|16610|16625|16626|16628|16632|16635|16637|16641|16646|16651|16652|16664|16668|16670|16671|16680|16687|16697|16698|16704|16705|16717|16721|16722|16723|16728|16731|16732|16737|16740|16742|16748|16752|16755|16760|16763|16764|16768|16770|16772|16779|16782|16787|16798|16799|16801|16807|16812|16813|16817|16824|16827|16835|16836|16838|16839|16840|16860|16861|16865|16866|16870|16874|16876|16877|16889|16891|16894|16903|16907|16915|16918|16921|16927|16938|16948|16950|16954|16974|16989|16996|17003|17004|17005|17007|17018|17019|17023|17025|17026|17027|17032|17039|17046|17057|17064|17065|17074|17080|17092|17096|17107|17109|17111|17112|17114|17115|17122|17128|17138|17169|17182|17189|17192|17195|17198|17203|17205|17207|17209|17216|17229|17238|17248|17258|17265|17274|17277|17280|17282|17287|17290|17293|17302|17311|17325|17327|17341|17342|17346|17351|17360|17368|17373|17376|17380|17384|17386|17388|17393|17398|17400|17407|17411|17414|17419|17420|17428|17433|17435|17436|17443|17449|17454|17455|17476|17480|17489|17504|17505|17517|17521|17522|17524|17525|17527|17531|17534|17541|17548|17558|17574|17581|17584|17586|17591|17597|17609|17613|17622|17629|17630|17635|17647|17653|17677|17678|17679|17686|17687|17688|17690|17698|17706|17707|17715|17717|17722|17723|17726|17732|17749|17760|17766|17771|17772|17783|17786|17798|17833|17838|17841|17842|17866|17871|17872|17875|17879|17891|17893|17894|17897|17899|17901|17913|17918|17919|17929|17956|17961|17964|17974|17976|17979|17981|17988|17991|17999|18009|18010|18016|18028|18034|18037|18038|18039|18041|18043|18047|18049|18051|18055|18056|18062|18066|18072|18076|18077|18089|18094|18112|18114|18115|18118|18122|18127|18132|18141|18143|18146|18153|18161|18166|18187|18196|18197|18198|18199|18203|18208|18218|18224|18226|18227|18244|18245|18246|18248|18252|18254|18257|18260|18261|18266|18267|18276|18285|18286
Online Retail II,2011-09-09,4,M2,12354|12361|12374|12376|12387|12392|12396|12399|12406|12409|12411|12421|12425|12441|12444|12451|12455|12458|12468|12471|12484|12487|12495|12500|12514|12515|12526|12538|12547|12549|12553|12559|12560|12561|12584|12589|12591|12597|12604|12606|12625|12629|12634|12635|12649|12664|12674|12675|12680|12682|12684|12686|12687|12705|12716|12717|12724|12725|12727|12730|12736|12742|12743|12745|12753|12758|12786|12790|12791|12794|12803|12804|12808|12809|12816|12818|12820|12836|12837|12843|12846|12855|12861|12862|12864|12865|12869|12876|12894|12902|12910|12911|12913|12917|12918|12919|12921|12922|12934|12939|12942|12943|12951|12956|12969|12974|12975|12978|12979|12983|12988|12990|13002|13008|13011|13020|13024|13025|13026|13027|13032|13041|13046|13048|13049|13050|13052|13053|13058|13075|13076|13078|13079|13086|13089|13103|13108|13115|13123|13125|13126|13131|13138|13150|13157|13171|13175|13177|13186|13202|13219|13223|13226|13236|13241|13242|13246|13252|13253|13255|13257|13275|13281|13283|13289|13295|13304|13305|13312|13316|13329|13331|13337|13340|13344|13345|13346|13360|13362|13363|13371|13379|13381|13397|13399|13407|13415|13417|13418|13428|13431|13438|13443|13448|13451|13470|13477|13485|13491|13492|13502|13507|13514|13515|13524|13537|13538|13550|13554|13564|13565|13573|13575|13581|13589|13594|13597|13598|13601|13602|13605|13606|13609|13612|13616|13620|13621|13624|13629|13630|13631|13634|13639|13641|13644|13653|13655|13660|13661|13662|13677|13680|13708|13709|13710|13722|13726|13731|13735|13737|13738|13739|13743|13744|13748|13750|13751|13754|13761|13765|13767|13769|13770|13772|13778|13783|13784|13793|13796|13808|13814|13820|13831|13832|13843|13847|13863|13874|13884|13893|13916|13917|13918|13919|13936|13944|13950|13951|13952|13953|13958|13967|14002|14003|14006|14010|14014|14020|14029|14034|14037|14041|14050|14060|14063|14066|14074|14084|14110|14113|14118|14122|14133|14143|14145|14147|14148|14150|14152|14155|14159|14165|14166|14167|14171|14176|14177|14186|14187|14192|14194|14196|14200|14202|14213|14216|14221|14222|14224|14227|14231|14239|14242|14248|14252|14257|14260|14263|14268|14270|14271|14274|14277|14286|14292|14319|14326|14328|14330|14331|14332|14343|14351|14358|14372|14379|14382|14388|14391|14401|14404|14406|14407|14408|14409|14411|14415|14428|14431|14438|14439|14442|14443|14452|14458|14462|14466|14467|14468|14473|14486|14491|14502|14505|14513|14514|14519|14527|14532|14534|14536|14541|14543|14545|14546|14556|14569|14581|14585|14589|14590|14595|14597|14605|14611|14613|14619|14626|14630|14631|14640|14648|14651|14659|14663|14668|14672|14674|14685|14689|14690|14702|14704|14705|14707|14711|14715|14716|14720|14723|14725|14726|14747|14753|14754|14761|14769|14774|14775|14783|14787|14805|14811|14828|14832|14834|14839|14850|14852|14857|14866|14868|14880|14888|14896|14907|14918|14927|14955|14961|14978|14980|15001|15002|15004|15007|15011|15015|15020|15021|15033|15039|15042|15043|15046|15052|15055|15058|15061|15063|15064|15065|15073|15077|15080|15082|15087|15100|15106|15123|15126|15128|15131|15134|15139|15147|15151|15154|15158|15161|15172|15173|15183|15191|15196|15200|15212|15214|15215|15218|15220|15222|15232|15244|15245|15246|15247|15249|15254|15261|15263|15269|15271|15273|15277|15280|15289|15304|15308|15310|15314|15319|15322|15332|15334|15337|15347|15358|15362|15363|15378|15380|15386|15388|15391|15394|15396|15406|15408|15409|15412|15416|15418|15421|15428|15440|15443|15446|15456|15459|15462|15465|15471|15481|15485|15499|15502|15505|15508|15534|15536|15544|15549|15554|15560|15562|15570|15581|15584|15596|15597|15602|15607|15634|15637|15638|15639|15642|15655|15656|15661|15668|15671|15672|15675|15677|15678|15691|15693|15705|15708|15710|15731|15741|15746|15756|15769|15776|15778|15810|15811|15813|15815|15823|15828|15837|15841|15843|15847|15855|15859|15863|15866|15869|15871|15879|15886|15888|15889|15892|15906|15914|15919|15931|15934|15936|15938|15939|15940|15974|15978|15982|15991|16006|16011|16021|16023|16031|16035|16037|16041|16044|16045|16058|16061|16065|16069|16077|16103|16108|16117|16132|16138|16140|16143|16144|16147|16155|16167|16187|16194|16195|16205|16224|16228|16230|16235|16239|16245|16247|16261|16262|16263|16266|16271|16273|16276|16278|16302|16316|16320|16325|16326|16334|16335|16339|16350|16351|16356|16359|16390|16395|16401|16406|16407|16412|16419|16420|16424|16435|16437|16444|16452|16458|16468|16481|16488|16491|16493|16502|16508|16510|16517|16518|16523|16530|16537|16539|16547|16552|16567|16576|16581|16582|16583|16596|16604|16606|16610|16625|16626|16628|16632|16635|16637|16641|16646|16651|16652|16664|16668|16670|16671|16680|16687|16697|16698|16704|16705|16717|16721|16722|16723|16728|16731|16732|16737|16740|16742|16748|16752|16755|16760|16763|16764|16768|16770|16772|16779|16782|16787|16798|16799|16801|16807|16812|16813|16817|16824|16827|16835|16836|16838|16839|16840|16860|16861|16865|16866|16870|16874|16876|16877|16889|16891|16894|16903|16907|16915|16918|16921|16927|16938|16948|16950|16954|16974|16989|16996|17003|17004|17005|17007|17018|17019|17023|17025|17026|17027|17032|17039|17046|17057|17064|17065|17074|17080|17092|17096|17107|17109|17111|17112|17114|17115|17122|17128|17138|17169|17182|17189|17192|17195|17198|17203|17205|17207|17209|17216|17229|17238|17248|17258|17265|17274|17277|17280|17282|17287|17290|17293|17302|17311|17325|17327|17341|17342|17346|17351|17360|17368|17373|17376|17380|17384|17386|17388|17393|17398|17400|17407|17411|17414|17419|17420|17428|17433|17435|17436|17443|17449|17454|17455|17476|17480|17489|17504|17505|17517|17521|17522|17524|17525|17527|17531|17534|17541|17548|17558|17574|17581|17584|17586|17591|17597|17609|17613|17622|17629|17630|17635|17647|17653|17677|17678|17679|17686|17687|17688|17690|17698|17706|17707|17715|17717|17722|17723|17726|17732|17749|17760|17766|17771|17772|17783|17786|17798|17833|17838|17841|17842|17866|17871|17872|17875|17879|17891|17893|17894|17897|17899|17901|17913|17918|17919|17929|17956|17961|17964|17974|17976|17979|17981|17988|17991|17999|18009|18010|18016|18028|18034|18037|18038|18039|18041|18043|18047|18049|18051|18055|18056|18062|18066|18072|18076|18077|18089|18094|18112|18114|18115|18118|18122|18127|18132|18141|18143|18146|18153|18161|18166|18187|18196|18197|18198|18199|18203|18208|18218|18224|18226|18227|18244|18245|18246|18248|18252|18254|18257|18260|18261|18266|18267|18276|18285|18286
Online Retail II,2011-09-09,4,M3,12354|12361|12374|12376|12387|12392|12396|12399|12406|12409|12411|12421|12425|12441|12444|12451|12455|12458|12468|12471|12484|12487|12495|12500|12514|12515|12526|12538|12547|12549|12553|12559|12560|12561|12584|12589|12591|12597|12604|12606|12625|12629|12634|12635|12649|12664|12674|12675|12680|12682|12684|12686|12687|12705|12716|12717|12724|12725|12727|12730|12736|12742|12743|12745|12753|12758|12786|12790|12791|12794|12803|12804|12808|12809|12816|12818|12820|12836|12837|12843|12846|12855|12861|12862|12864|12865|12869|12876|12894|12902|12910|12911|12913|12917|12918|12919|12921|12922|12934|12939|12942|12943|12951|12956|12969|12974|12975|12978|12979|12983|12988|12990|13002|13008|13011|13020|13024|13025|13026|13027|13032|13041|13046|13048|13049|13050|13052|13053|13058|13075|13076|13078|13079|13086|13089|13103|13108|13115|13123|13125|13126|13131|13138|13150|13157|13171|13175|13177|13186|13202|13219|13223|13226|13236|13241|13242|13246|13252|13253|13255|13257|13275|13281|13283|13289|13295|13304|13305|13312|13316|13329|13331|13337|13340|13344|13345|13346|13360|13362|13363|13371|13379|13381|13397|13399|13407|13415|13417|13418|13428|13431|13438|13443|13448|13451|13470|13477|13485|13491|13492|13502|13507|13514|13515|13524|13537|13538|13550|13554|13564|13565|13573|13575|13581|13589|13594|13597|13598|13601|13602|13605|13606|13609|13612|13616|13620|13621|13624|13629|13630|13631|13634|13639|13641|13644|13653|13655|13660|13661|13662|13677|13680|13708|13709|13710|13722|13726|13731|13735|13737|13738|13739|13743|13744|13748|13750|13751|13754|13761|13765|13767|13769|13770|13772|13778|13783|13784|13793|13796|13808|13814|13820|13831|13832|13843|13847|13863|13874|13884|13893|13916|13917|13918|13919|13936|13944|13950|13951|13952|13953|13958|13967|14002|14003|14006|14010|14014|14020|14029|14034|14037|14041|14050|14060|14063|14066|14074|14084|14110|14113|14118|14122|14133|14143|14145|14147|14148|14150|14152|14155|14159|14165|14166|14167|14171|14176|14177|14186|14187|14192|14194|14196|14200|14202|14213|14216|14221|14222|14224|14227|14231|14239|14242|14248|14252|14257|14260|14263|14268|14270|14271|14274|14277|14286|14292|14319|14326|14328|14330|14331|14332|14343|14351|14358|14372|14379|14382|14388|14391|14401|14404|14406|14407|14408|14409|14411|14415|14428|14431|14438|14439|14442|14443|14452|14458|14462|14466|14467|14468|14473|14486|14491|14502|14505|14513|14514|14519|14527|14532|14534|14536|14541|14543|14545|14546|14556|14569|14581|14585|14589|14590|14595|14597|14605|14611|14613|14619|14626|14630|14631|14640|14648|14651|14659|14663|14668|14672|14674|14685|14689|14690|14702|14704|14705|14707|14711|14715|14716|14720|14723|14725|14726|14747|14753|14754|14761|14769|14774|14775|14783|14787|14805|14811|14828|14832|14834|14839|14850|14852|14857|14866|14868|14880|14888|14896|14907|14918|14927|14955|14961|14978|14980|15001|15002|15004|15007|15011|15015|15020|15021|15033|15039|15042|15043|15046|15052|15055|15058|15061|15063|15064|15065|15073|15077|15080|15082|15087|15100|15106|15123|15126|15128|15131|15134|15139|15147|15151|15154|15158|15161|15172|15173|15183|15191|15196|15200|15212|15214|15215|15218|15220|15222|15232|15244|15245|15246|15247|15249|15254|15261|15263|15269|15271|15273|15277|15280|15289|15304|15308|15310|15314|15319|15322|15332|15334|15337|15347|15358|15362|15363|15378|15380|15386|15388|15391|15394|15396|15406|15408|15409|15412|15416|15418|15421|15428|15440|15443|15446|15456|15459|15462|15465|15471|15481|15485|15499|15502|15505|15508|15534|15536|15544|15549|15554|15560|15562|15570|15581|15584|15596|15597|15602|15607|15634|15637|15638|15639|15642|15655|15656|15661|15668|15671|15672|15675|15677|15678|15691|15693|15705|15708|15710|15731|15741|15746|15756|15769|15776|15778|15810|15811|15813|15815|15823|15828|15837|15841|15843|15847|15855|15859|15863|15866|15869|15871|15879|15886|15888|15889|15892|15906|15914|15919|15931|15934|15936|15938|15939|15940|15974|15978|15982|15991|16006|16011|16021|16023|16031|16035|16037|16041|16044|16045|16058|16061|16065|16069|16077|16103|16108|16117|16132|16138|16140|16143|16144|16147|16155|16167|16187|16194|16195|16205|16224|16228|16230|16235|16239|16245|16247|16261|16262|16263|16266|16271|16273|16276|16278|16302|16316|16320|16325|16326|16334|16335|16339|16350|16351|16356|16359|16390|16395|16401|16406|16407|16412|16419|16420|16424|16435|16437|16444|16452|16458|16468|16481|16488|16491|16493|16502|16508|16510|16517|16518|16523|16530|16537|16539|16547|16552|16567|16576|16581|16582|16583|16596|16604|16606|16610|16625|16626|16628|16632|16635|16637|16641|16646|16651|16652|16664|16668|16670|16671|16680|16687|16697|16698|16704|16705|16717|16721|16722|16723|16728|16731|16732|16737|16740|16742|16748|16752|16755|16760|16763|16764|16768|16770|16772|16779|16782|16787|16798|16799|16801|16807|16812|16813|16817|16824|16827|16835|16836|16838|16839|16840|16860|16861|16865|16866|16870|16874|16876|16877|16889|16891|16894|16903|16907|16915|16918|16921|16927|16938|16948|16950|16954|16974|16989|16996|17003|17004|17005|17007|17018|17019|17023|17025|17026|17027|17032|17039|17046|17057|17064|17065|17074|17080|17092|17096|17107|17109|17111|17112|17114|17115|17122|17128|17138|17169|17182|17189|17192|17195|17198|17203|17205|17207|17209|17216|17229|17238|17248|17258|17265|17274|17277|17280|17282|17287|17290|17293|17302|17311|17325|17327|17341|17342|17346|17351|17360|17368|17373|17376|17380|17384|17386|17388|17393|17398|17400|17407|17411|17414|17419|17420|17428|17433|17435|17436|17443|17449|17454|17455|17476|17480|17489|17504|17505|17517|17521|17522|17524|17525|17527|17531|17534|17541|17548|17558|17574|17581|17584|17586|17591|17597|17609|17613|17622|17629|17630|17635|17647|17653|17677|17678|17679|17686|17687|17688|17690|17698|17706|17707|17715|17717|17722|17723|17726|17732|17749|17760|17766|17771|17772|17783|17786|17798|17833|17838|17841|17842|17866|17871|17872|17875|17879|17891|17893|17894|17897|17899|17901|17913|17918|17919|17929|17956|17961|17964|17974|17976|17979|17981|17988|17991|17999|18009|18010|18016|18028|18034|18037|18038|18039|18041|18043|18047|18049|18051|18055|18056|18062|18066|18072|18076|18077|18089|18094|18112|18114|18115|18118|18122|18127|18132|18141|18143|18146|18153|18161|18166|18187|18196|18197|18198|18199|18203|18208|18218|18224|18226|18227|18244|18245|18246|18248|18252|18254|18257|18260|18261|18266|18267|18276|18285|18286
Online Retail II,"2010-12-09 (primary, 365d)",0,M0,12361|12366|12385|12388|12392|12404|12411|12435|12451|12455|12457|12472|12480|12481|12482|12485|12492|12497|12507|12510|12524|12529|12538|12549|12570|12577|12599|12605|12606|12608|12613|12619|12625|12632|12634|12645|12653|12655|12664|12668|12673|12677|12691|12701|12717|12726|12728|12734|12739|12744|12755|12779|12797|12799|12806|12813|12826|12836|12860|12862|12866|12867|12869|12875|12887|12897|12899|12905|12918|12923|12924|12926|12939|12945|12953|12954|12957|12961|12969|12979|12980|12987|12990|12993|13002|13019|13026|13027|13033|13035|13044|13049|13055|13057|13059|13063|13064|13070|13073|13083|13087|13090|13092|13105|13111|13113|13114|13117|13126|13135|13139|13140|13141|13143|13144|13152|13156|13161|13163|13164|13180|13197|13206|13215|13220|13230|13233|13234|13237|13238|13243|13246|13252|13266|13285|13287|13288|13296|13302|13320|13340|13369|13375|13377|13384|13392|13414|13425|13428|13432|13440|13445|13451|13464|13466|13482|13490|13502|13523|13527|13537|13538|13543|13547|13548|13549|13553|13556|13561|13567|13569|13576|13579|13589|13595|13604|13609|13626|13648|13651|13658|13661|13671|13672|13683|13694|13698|13705|13721|13739|13740|13757|13760|13767|13771|13773|13775|13777|13778|13784|13785|13803|13804|13814|13815|13819|13820|13824|13825|13840|13855|13856|13863|13873|13874|13878|13879|13883|13905|13906|13907|13916|13921|13927|13931|13937|13943|13961|13974|13976|13977|13985|13998|14022|14025|14053|14064|14065|14069|14075|14079|14082|14083|14084|14086|14092|14104|14105|14122|14127|14133|14136|14139|14144|14147|14151|14170|14180|14181|14182|14193|14199|14201|14205|14216|14219|14221|14228|14238|14244|14263|14266|14269|14271|14276|14291|14302|14306|14310|14321|14324|14326|14329|14330|14341|14346|14355|14363|14366|14390|14402|14414|14417|14436|14443|14450|14451|14459|14463|14465|14467|14475|14477|14479|14484|14493|14509|14513|14522|14525|14527|14549|14562|14571|14579|14584|14585|14588|14594|14599|14625|14630|14640|14647|14651|14653|14655|14657|14675|14683|14684|14687|14690|14695|14709|14712|14714|14723|14725|14728|14732|14733|14753|14773|14777|14790|14791|14798|14802|14806|14812|14814|14825|14829|14835|14849|14855|14859|14867|14878|14879|14891|14894|14895|14899|14901|14915|14920|14922|14930|14944|14945|14949|14968|14975|14977|14981|14996|15002|15006|15012|15020|15031|15032|15040|15050|15067|15070|15071|15074|15081|15084|15109|15111|15140|15142|15144|15149|15152|15165|15167|15174|15189|15191|15200|15203|15215|15240|15244|15249|15251|15253|15260|15264|15270|15276|15279|15296|15301|15302|15322|15324|15325|15326|15328|15332|15337|15346|15362|15372|15382|15385|15396|15400|15403|15404|15413|15426|15443|15446|15448|15458|15471|15477|15479|15482|15485|15488|15501|15504|15506|15523|15524|15532|15540|15550|15551|15560|15561|15577|15587|15591|15596|15598|15600|15601|15623|15633|15636|15638|15640|15661|15685|15693|15696|15709|15726|15736|15748|15750|15752|15755|15766|15771|15773|15785|15791|15796|15803|15805|15808|15819|15824|15826|15827|15828|15838|15841|15857|15864|15870|15878|15879|15880|15886|15890|15893|15898|15899|15912|15919|15926|15929|15941|15944|15955|15964|15965|15967|15968|15970|15971|15973|15976|15978|15991|15992|15994|15996|15999|16005|16011|16016|16017|16028|16034|16035|16045|16047|16061|16067|16074|16077|16082|16089|16103|16108|16115|16120|16124|16128|16131|16132|16135|16147|16148|16150|16155|16166|16176|16185|16192|16196|16199|16205|16206|16214|16228|16231|16234|16246|16250|16253|16256|16261|16271|16274|16280|16282|16287|16294|16296|16298|16310|16321|16340|16344|16350|16357|16368|16388|16390|16401|16406|16411|16417|16419|16422|16433|16437|16441|16448|16452|16453|16458|16461|16465|16466|16476|16481|16486|16490|16492|16496|16500|16511|16531|16539|16540|16550|16553|16558|16568|16574|16583|16596|16612|16630|16650|16658|16664|16668|16670|16673|16675|16683|16684|16701|16702|16710|16715|16716|16723|16736|16737|16752|16756|16760|16767|16776|16783|16784|16791|16799|16802|16809|16822|16823|16827|16831|16832|16835|16839|16840|16843|16864|16876|16890|16904|16906|16907|16916|16917|16920|16928|16931|16934|16937|16938|16940|16943|16955|16962|16964|16972|16978|16983|16984|17006|17009|17033|17035|17043|17057|17062|17065|17070|17071|17072|17077|17082|17092|17095|17096|17107|17109|17122|17135|17138|17142|17143|17146|17149|17150|17159|17168|17169|17178|17199|17203|17210|17215|17224|17225|17235|17240|17256|17260|17262|17269|17274|17292|17298|17305|17315|17316|17325|17327|17336|17339|17340|17342|17345|17348|17354|17359|17360|17365|17388|17404|17409|17413|17416|17420|17449|17460|17468|17479|17488|17490|17494|17499|17510|17511|17515|17516|17529|17530|17555|17571|17580|17594|17606|17610|17615|17617|17618|17635|17640|17660|17669|17677|17682|17702|17705|17707|17715|17716|17720|17723|17729|17739|17741|17754|17783|17785|17797|17803|17807|17808|17810|17814|17825|17858|17865|17866|17867|17873|17878|17882|17894|17898|17903|17909|17915|17929|17955|17963|17974|17978|17989|17999|18000|18007|18016|18020|18021|18022|18026|18029|18031|18035|18046|18048|18060|18063|18065|18069|18087|18089|18102|18124|18128|18134|18136|18140|18145|18148|18156|18160|18171|18178|18181|18182|18186|18212|18221|18229|18244|18251|18271|18276|18285
Online Retail II,"2010-12-09 (primary, 365d)",0,M1,12361|12366|12385|12388|12392|12404|12411|12435|12451|12455|12457|12472|12480|12481|12482|12485|12492|12497|12507|12510|12524|12529|12538|12549|12570|12577|12599|12605|12606|12608|12613|12619|12625|12632|12634|12645|12653|12655|12664|12668|12673|12677|12691|12701|12717|12726|12728|12734|12739|12744|12755|12779|12797|12799|12806|12813|12826|12836|12860|12862|12866|12867|12869|12875|12887|12897|12899|12905|12918|12923|12924|12926|12939|12945|12953|12954|12957|12961|12969|12979|12980|12987|12990|12993|13002|13019|13026|13027|13033|13035|13044|13049|13055|13057|13059|13063|13064|13070|13073|13083|13087|13090|13092|13105|13111|13113|13114|13117|13126|13135|13139|13140|13141|13143|13144|13152|13156|13161|13163|13164|13180|13197|13206|13215|13220|13230|13233|13234|13237|13238|13243|13246|13252|13266|13285|13287|13288|13296|13302|13320|13340|13369|13375|13377|13384|13392|13414|13425|13428|13432|13440|13445|13451|13464|13466|13482|13490|13502|13523|13527|13537|13538|13543|13547|13548|13549|13553|13556|13561|13567|13569|13576|13579|13589|13595|13604|13609|13626|13648|13651|13658|13661|13671|13672|13683|13694|13698|13705|13721|13739|13740|13757|13760|13767|13771|13773|13775|13777|13778|13784|13785|13803|13804|13814|13815|13819|13820|13824|13825|13840|13855|13856|13863|13873|13874|13878|13879|13883|13905|13906|13907|13916|13921|13927|13931|13937|13943|13961|13974|13976|13977|13985|13998|14022|14025|14053|14064|14065|14069|14075|14079|14082|14083|14084|14086|14092|14104|14105|14122|14127|14133|14136|14139|14144|14147|14151|14170|14180|14181|14182|14193|14199|14201|14205|14216|14219|14221|14228|14238|14244|14263|14266|14269|14271|14276|14291|14302|14306|14310|14321|14324|14326|14329|14330|14341|14346|14355|14363|14366|14390|14402|14414|14417|14436|14443|14450|14451|14459|14463|14465|14467|14475|14477|14479|14484|14493|14509|14513|14522|14525|14527|14549|14562|14571|14579|14584|14585|14588|14594|14599|14625|14630|14640|14647|14651|14653|14655|14657|14675|14683|14684|14687|14690|14695|14709|14712|14714|14723|14725|14728|14732|14733|14753|14773|14777|14790|14791|14798|14802|14806|14812|14814|14825|14829|14835|14849|14855|14859|14867|14878|14879|14891|14894|14895|14899|14901|14915|14920|14922|14930|14944|14945|14949|14968|14975|14977|14981|14996|15002|15006|15012|15020|15031|15032|15040|15050|15067|15070|15071|15074|15081|15084|15109|15111|15140|15142|15144|15149|15152|15165|15167|15174|15189|15191|15200|15203|15215|15240|15244|15249|15251|15253|15260|15264|15270|15276|15279|15296|15301|15302|15322|15324|15325|15326|15328|15332|15337|15346|15362|15372|15382|15385|15396|15400|15403|15404|15413|15426|15443|15446|15448|15458|15471|15477|15479|15482|15485|15488|15501|15504|15506|15523|15524|15532|15540|15550|15551|15560|15561|15577|15587|15591|15596|15598|15600|15601|15623|15633|15636|15638|15640|15661|15685|15693|15696|15709|15726|15736|15748|15750|15752|15755|15766|15771|15773|15785|15791|15796|15803|15805|15808|15819|15824|15826|15827|15828|15838|15841|15857|15864|15870|15878|15879|15880|15886|15890|15893|15898|15899|15912|15919|15926|15929|15941|15944|15955|15964|15965|15967|15968|15970|15971|15973|15976|15978|15991|15992|15994|15996|15999|16005|16011|16016|16017|16028|16034|16035|16045|16047|16061|16067|16074|16077|16082|16089|16103|16108|16115|16120|16124|16128|16131|16132|16135|16147|16148|16150|16155|16166|16176|16185|16192|16196|16199|16205|16206|16214|16228|16231|16234|16246|16250|16253|16256|16261|16271|16274|16280|16282|16287|16294|16296|16298|16310|16321|16340|16344|16350|16357|16368|16388|16390|16401|16406|16411|16417|16419|16422|16433|16437|16441|16448|16452|16453|16458|16461|16465|16466|16476|16481|16486|16490|16492|16496|16500|16511|16531|16539|16540|16550|16553|16558|16568|16574|16583|16596|16612|16630|16650|16658|16664|16668|16670|16673|16675|16683|16684|16701|16702|16710|16715|16716|16723|16736|16737|16752|16756|16760|16767|16776|16783|16784|16791|16799|16802|16809|16822|16823|16827|16831|16832|16835|16839|16840|16843|16864|16876|16890|16904|16906|16907|16916|16917|16920|16928|16931|16934|16937|16938|16940|16943|16955|16962|16964|16972|16978|16983|16984|17006|17009|17033|17035|17043|17057|17062|17065|17070|17071|17072|17077|17082|17092|17095|17096|17107|17109|17122|17135|17138|17142|17143|17146|17149|17150|17159|17168|17169|17178|17199|17203|17210|17215|17224|17225|17235|17240|17256|17260|17262|17269|17274|17292|17298|17305|17315|17316|17325|17327|17336|17339|17340|17342|17345|17348|17354|17359|17360|17365|17388|17404|17409|17413|17416|17420|17449|17460|17468|17479|17488|17490|17494|17499|17510|17511|17515|17516|17529|17530|17555|17571|17580|17594|17606|17610|17615|17617|17618|17635|17640|17660|17669|17677|17682|17702|17705|17707|17715|17716|17720|17723|17729|17739|17741|17754|17783|17785|17797|17803|17807|17808|17810|17814|17825|17858|17865|17866|17867|17873|17878|17882|17894|17898|17903|17909|17915|17929|17955|17963|17974|17978|17989|17999|18000|18007|18016|18020|18021|18022|18026|18029|18031|18035|18046|18048|18060|18063|18065|18069|18087|18089|18102|18124|18128|18134|18136|18140|18145|18148|18156|18160|18171|18178|18181|18182|18186|18212|18221|18229|18244|18251|18271|18276|18285
Online Retail II,"2010-12-09 (primary, 365d)",0,M2,12361|12366|12385|12388|12392|12404|12411|12435|12451|12455|12457|12472|12480|12481|12482|12485|12492|12497|12507|12510|12524|12529|12538|12549|12570|12577|12599|12605|12606|12608|12613|12619|12625|12632|12634|12645|12653|12655|12664|12668|12673|12677|12691|12701|12717|12726|12728|12734|12739|12744|12755|12779|12797|12799|12806|12813|12826|12836|12860|12862|12866|12867|12869|12875|12887|12897|12899|12905|12918|12923|12924|12926|12939|12945|12953|12954|12957|12961|12969|12979|12980|12987|12990|12993|13002|13019|13026|13027|13033|13035|13044|13049|13055|13057|13059|13063|13064|13070|13073|13083|13087|13090|13092|13105|13111|13113|13114|13117|13126|13135|13139|13140|13141|13143|13144|13152|13156|13161|13163|13164|13180|13197|13206|13215|13220|13230|13233|13234|13237|13238|13243|13246|13252|13266|13285|13287|13288|13296|13302|13320|13340|13369|13375|13377|13384|13392|13414|13425|13428|13432|13440|13445|13451|13464|13466|13482|13490|13502|13523|13527|13537|13538|13543|13547|13548|13549|13553|13556|13561|13567|13569|13576|13579|13589|13595|13604|13609|13626|13648|13651|13658|13661|13671|13672|13683|13694|13698|13705|13721|13739|13740|13757|13760|13767|13771|13773|13775|13777|13778|13784|13785|13803|13804|13814|13815|13819|13820|13824|13825|13840|13855|13856|13863|13873|13874|13878|13879|13883|13905|13906|13907|13916|13921|13927|13931|13937|13943|13961|13974|13976|13977|13985|13998|14022|14025|14053|14064|14065|14069|14075|14079|14082|14083|14084|14086|14092|14104|14105|14122|14127|14133|14136|14139|14144|14147|14151|14170|14180|14181|14182|14193|14199|14201|14205|14216|14219|14221|14228|14238|14244|14263|14266|14269|14271|14276|14291|14302|14306|14310|14321|14324|14326|14329|14330|14341|14346|14355|14363|14366|14390|14402|14414|14417|14436|14443|14450|14451|14459|14463|14465|14467|14475|14477|14479|14484|14493|14509|14513|14522|14525|14527|14549|14562|14571|14579|14584|14585|14588|14594|14599|14625|14630|14640|14647|14651|14653|14655|14657|14675|14683|14684|14687|14690|14695|14709|14712|14714|14723|14725|14728|14732|14733|14753|14773|14777|14790|14791|14798|14802|14806|14812|14814|14825|14829|14835|14849|14855|14859|14867|14878|14879|14891|14894|14895|14899|14901|14915|14920|14922|14930|14944|14945|14949|14968|14975|14977|14981|14996|15002|15006|15012|15020|15031|15032|15040|15050|15067|15070|15071|15074|15081|15084|15109|15111|15140|15142|15144|15149|15152|15165|15167|15174|15189|15191|15200|15203|15215|15240|15244|15249|15251|15253|15260|15264|15270|15276|15279|15296|15301|15302|15322|15324|15325|15326|15328|15332|15337|15346|15362|15372|15382|15385|15396|15400|15403|15404|15413|15426|15443|15446|15448|15458|15471|15477|15479|15482|15485|15488|15501|15504|15506|15523|15524|15532|15540|15550|15551|15560|15561|15577|15587|15591|15596|15598|15600|15601|15623|15633|15636|15638|15640|15661|15685|15693|15696|15709|15726|15736|15748|15750|15752|15755|15766|15771|15773|15785|15791|15796|15803|15805|15808|15819|15824|15826|15827|15828|15838|15841|15857|15864|15870|15878|15879|15880|15886|15890|15893|15898|15899|15912|15919|15926|15929|15941|15944|15955|15964|15965|15967|15968|15970|15971|15973|15976|15978|15991|15992|15994|15996|15999|16005|16011|16016|16017|16028|16034|16035|16045|16047|16061|16067|16074|16077|16082|16089|16103|16108|16115|16120|16124|16128|16131|16132|16135|16147|16148|16150|16155|16166|16176|16185|16192|16196|16199|16205|16206|16214|16228|16231|16234|16246|16250|16253|16256|16261|16271|16274|16280|16282|16287|16294|16296|16298|16310|16321|16340|16344|16350|16357|16368|16388|16390|16401|16406|16411|16417|16419|16422|16433|16437|16441|16448|16452|16453|16458|16461|16465|16466|16476|16481|16486|16490|16492|16496|16500|16511|16531|16539|16540|16550|16553|16558|16568|16574|16583|16596|16612|16630|16650|16658|16664|16668|16670|16673|16675|16683|16684|16701|16702|16710|16715|16716|16723|16736|16737|16752|16756|16760|16767|16776|16783|16784|16791|16799|16802|16809|16822|16823|16827|16831|16832|16835|16839|16840|16843|16864|16876|16890|16904|16906|16907|16916|16917|16920|16928|16931|16934|16937|16938|16940|16943|16955|16962|16964|16972|16978|16983|16984|17006|17009|17033|17035|17043|17057|17062|17065|17070|17071|17072|17077|17082|17092|17095|17096|17107|17109|17122|17135|17138|17142|17143|17146|17149|17150|17159|17168|17169|17178|17199|17203|17210|17215|17224|17225|17235|17240|17256|17260|17262|17269|17274|17292|17298|17305|17315|17316|17325|17327|17336|17339|17340|17342|17345|17348|17354|17359|17360|17365|17388|17404|17409|17413|17416|17420|17449|17460|17468|17479|17488|17490|17494|17499|17510|17511|17515|17516|17529|17530|17555|17571|17580|17594|17606|17610|17615|17617|17618|17635|17640|17660|17669|17677|17682|17702|17705|17707|17715|17716|17720|17723|17729|17739|17741|17754|17783|17785|17797|17803|17807|17808|17810|17814|17825|17858|17865|17866|17867|17873|17878|17882|17894|17898|17903|17909|17915|17929|17955|17963|17974|17978|17989|17999|18000|18007|18016|18020|18021|18022|18026|18029|18031|18035|18046|18048|18060|18063|18065|18069|18087|18089|18102|18124|18128|18134|18136|18140|18145|18148|18156|18160|18171|18178|18181|18182|18186|18212|18221|18229|18244|18251|18271|18276|18285
Online Retail II,"2010-12-09 (primary, 365d)",0,M3,12361|12366|12385|12388|12392|12404|12411|12435|12451|12455|12457|12472|12480|12481|12482|12485|12492|12497|12507|12510|12524|12529|12538|12549|12570|12577|12599|12605|12606|12608|12613|12619|12625|12632|12634|12645|12653|12655|12664|12668|12673|12677|12691|12701|12717|12726|12728|12734|12739|12744|12755|12779|12797|12799|12806|12813|12826|12836|12860|12862|12866|12867|12869|12875|12887|12897|12899|12905|12918|12923|12924|12926|12939|12945|12953|12954|12957|12961|12969|12979|12980|12987|12990|12993|13002|13019|13026|13027|13033|13035|13044|13049|13055|13057|13059|13063|13064|13070|13073|13083|13087|13090|13092|13105|13111|13113|13114|13117|13126|13135|13139|13140|13141|13143|13144|13152|13156|13161|13163|13164|13180|13197|13206|13215|13220|13230|13233|13234|13237|13238|13243|13246|13252|13266|13285|13287|13288|13296|13302|13320|13340|13369|13375|13377|13384|13392|13414|13425|13428|13432|13440|13445|13451|13464|13466|13482|13490|13502|13523|13527|13537|13538|13543|13547|13548|13549|13553|13556|13561|13567|13569|13576|13579|13589|13595|13604|13609|13626|13648|13651|13658|13661|13671|13672|13683|13694|13698|13705|13721|13739|13740|13757|13760|13767|13771|13773|13775|13777|13778|13784|13785|13803|13804|13814|13815|13819|13820|13824|13825|13840|13855|13856|13863|13873|13874|13878|13879|13883|13905|13906|13907|13916|13921|13927|13931|13937|13943|13961|13974|13976|13977|13985|13998|14022|14025|14053|14064|14065|14069|14075|14079|14082|14083|14084|14086|14092|14104|14105|14122|14127|14133|14136|14139|14144|14147|14151|14170|14180|14181|14182|14193|14199|14201|14205|14216|14219|14221|14228|14238|14244|14263|14266|14269|14271|14276|14291|14302|14306|14310|14321|14324|14326|14329|14330|14341|14346|14355|14363|14366|14390|14402|14414|14417|14436|14443|14450|14451|14459|14463|14465|14467|14475|14477|14479|14484|14493|14509|14513|14522|14525|14527|14549|14562|14571|14579|14584|14585|14588|14594|14599|14625|14630|14640|14647|14651|14653|14655|14657|14675|14683|14684|14687|14690|14695|14709|14712|14714|14723|14725|14728|14732|14733|14753|14773|14777|14790|14791|14798|14802|14806|14812|14814|14825|14829|14835|14849|14855|14859|14867|14878|14879|14891|14894|14895|14899|14901|14915|14920|14922|14930|14944|14945|14949|14968|14975|14977|14981|14996|15002|15006|15012|15020|15031|15032|15040|15050|15067|15070|15071|15074|15081|15084|15109|15111|15140|15142|15144|15149|15152|15165|15167|15174|15189|15191|15200|15203|15215|15240|15244|15249|15251|15253|15260|15264|15270|15276|15279|15296|15301|15302|15322|15324|15325|15326|15328|15332|15337|15346|15362|15372|15382|15385|15396|15400|15403|15404|15413|15426|15443|15446|15448|15458|15471|15477|15479|15482|15485|15488|15501|15504|15506|15523|15524|15532|15540|15550|15551|15560|15561|15577|15587|15591|15596|15598|15600|15601|15623|15633|15636|15638|15640|15661|15685|15693|15696|15709|15726|15736|15748|15750|15752|15755|15766|15771|15773|15785|15791|15796|15803|15805|15808|15819|15824|15826|15827|15828|15838|15841|15857|15864|15870|15878|15879|15880|15886|15890|15893|15898|15899|15912|15919|15926|15929|15941|15944|15955|15964|15965|15967|15968|15970|15971|15973|15976|15978|15991|15992|15994|15996|15999|16005|16011|16016|16017|16028|16034|16035|16045|16047|16061|16067|16074|16077|16082|16089|16103|16108|16115|16120|16124|16128|16131|16132|16135|16147|16148|16150|16155|16166|16176|16185|16192|16196|16199|16205|16206|16214|16228|16231|16234|16246|16250|16253|16256|16261|16271|16274|16280|16282|16287|16294|16296|16298|16310|16321|16340|16344|16350|16357|16368|16388|16390|16401|16406|16411|16417|16419|16422|16433|16437|16441|16448|16452|16453|16458|16461|16465|16466|16476|16481|16486|16490|16492|16496|16500|16511|16531|16539|16540|16550|16553|16558|16568|16574|16583|16596|16612|16630|16650|16658|16664|16668|16670|16673|16675|16683|16684|16701|16702|16710|16715|16716|16723|16736|16737|16752|16756|16760|16767|16776|16783|16784|16791|16799|16802|16809|16822|16823|16827|16831|16832|16835|16839|16840|16843|16864|16876|16890|16904|16906|16907|16916|16917|16920|16928|16931|16934|16937|16938|16940|16943|16955|16962|16964|16972|16978|16983|16984|17006|17009|17033|17035|17043|17057|17062|17065|17070|17071|17072|17077|17082|17092|17095|17096|17107|17109|17122|17135|17138|17142|17143|17146|17149|17150|17159|17168|17169|17178|17199|17203|17210|17215|17224|17225|17235|17240|17256|17260|17262|17269|17274|17292|17298|17305|17315|17316|17325|17327|17336|17339|17340|17342|17345|17348|17354|17359|17360|17365|17388|17404|17409|17413|17416|17420|17449|17460|17468|17479|17488|17490|17494|17499|17510|17511|17515|17516|17529|17530|17555|17571|17580|17594|17606|17610|17615|17617|17618|17635|17640|17660|17669|17677|17682|17702|17705|17707|17715|17716|17720|17723|17729|17739|17741|17754|17783|17785|17797|17803|17807|17808|17810|17814|17825|17858|17865|17866|17867|17873|17878|17882|17894|17898|17903|17909|17915|17929|17955|17963|17974|17978|17989|17999|18000|18007|18016|18020|18021|18022|18026|18029|18031|18035|18046|18048|18060|18063|18065|18069|18087|18089|18102|18124|18128|18134|18136|18140|18145|18148|18156|18160|18171|18178|18181|18182|18186|18212|18221|18229|18244|18251|18271|18276|18285
Online Retail II,"2010-12-09 (primary, 365d)",1,M0,12348|12373|12374|12376|12378|12380|12386|12393|12403|12412|12418|12424|12433|12440|12441|12450|12470|12476|12484|12495|12504|12511|12516|12537|12542|12547|12578|12580|12582|12583|12594|12600|12601|12615|12631|12651|12662|12663|12681|12696|12703|12711|12712|12724|12733|12738|12751|12778|12782|12784|12785|12790|12792|12800|12801|12811|12825|12837|12839|12842|12843|12844|12846|12849|12850|12854|12859|12861|12865|12871|12889|12907|12909|12914|12942|12946|12949|12970|12973|12983|12989|12991|13000|13004|13009|13010|13030|13031|13032|13039|13041|13046|13050|13071|13074|13078|13080|13081|13082|13088|13094|13096|13097|13102|13107|13108|13109|13118|13119|13125|13128|13131|13137|13165|13181|13194|13196|13199|13201|13211|13222|13239|13249|13251|13253|13258|13262|13263|13264|13275|13277|13286|13289|13290|13294|13299|13303|13308|13313|13319|13327|13334|13337|13338|13346|13363|13370|13382|13386|13387|13388|13393|13394|13397|13399|13416|13421|13427|13443|13448|13455|13458|13459|13484|13487|13498|13501|13506|13510|13513|13534|13540|13545|13550|13552|13554|13562|13565|13577|13581|13593|13607|13611|13612|13614|13617|13622|13623|13627|13628|13634|13641|13650|13654|13655|13656|13659|13668|13687|13689|13691|13693|13707|13709|13710|13715|13729|13733|13752|13754|13761|13763|13764|13776|13780|13821|13843|13848|13861|13870|13881|13891|13895|13903|13909|13911|13919|13952|13953|13959|13967|13968|13981|13982|13997|13999|14000|14003|14004|14007|14013|14020|14024|14026|14031|14032|14035|14037|14044|14049|14057|14062|14078|14087|14097|14106|14112|14113|14142|14146|14156|14159|14167|14169|14172|14173|14192|14198|14212|14217|14220|14229|14247|14249|14252|14258|14268|14272|14274|14275|14283|14285|14294|14295|14299|14312|14350|14358|14361|14365|14372|14375|14378|14379|14382|14396|14400|14401|14410|14415|14422|14433|14435|14439|14440|14464|14469|14471|14478|14480|14489|14494|14495|14498|14499|14505|14507|14508|14510|14514|14519|14524|14537|14541|14544|14545|14546|14556|14558|14559|14565|14574|14575|14590|14593|14602|14607|14608|14617|14623|14627|14634|14637|14643|14648|14650|14662|14670|14673|14677|14679|14681|14694|14701|14704|14707|14713|14724|14727|14742|14743|14746|14749|14754|14767|14793|14796|14797|14799|14809|14811|14813|14819|14832|14833|14838|14839|14846|14890|14897|14911|14918|14924|14935|14938|14940|14952|14958|14994|14997|15003|15011|15027|15029|15037|15044|15048|15061|15062|15076|15082|15091|15092|15105|15117|15123|15126|15133|15137|15151|15158|15159|15161|15170|15179|15197|15198|15207|15210|15211|15212|15216|15221|15231|15233|15235|15248|15262|15272|15278|15281|15289|15298|15303|15310|15311|15314|15323|15340|15347|15350|15370|15374|15375|15381|15401|15420|15421|15424|15430|15432|15441|15452|15465|15468|15474|15478|15483|15484|15486|15489|15493|15513|15535|15542|15547|15555|15559|15569|15584|15586|15597|15605|15613|15614|15626|15627|15628|15629|15630|15631|15634|15639|15641|15645|15647|15651|15659|15662|15666|15675|15678|15681|15682|15691|15697|15704|15708|15710|15716|15724|15742|15754|15768|15770|15772|15777|15800|15807|15814|15818|15833|15837|15851|15858|15862|15865|15884|15889|15906|15911|15921|15922|15934|15936|15946|15950|15953|15960|15961|15984|15987|16002|16003|16021|16032|16036|16039|16040|16044|16053|16081|16083|16086|16090|16096|16104|16125|16134|16143|16146|16149|16175|16177|16182|16194|16195|16200|16208|16211|16212|16221|16226|16233|16235|16239|16258|16259|16265|16267|16273|16276|16277|16281|16285|16288|16290|16299|16301|16303|16304|16308|16316|16330|16358|16359|16362|16365|16371|16373|16377|16383|16385|16395|16407|16415|16416|16424|16435|16445|16489|16510|16520|16522|16527|16530|16541|16543|16546|16547|16551|16570|16571|16576|16578|16589|16590|16606|16611|16631|16632|16635|16643|16645|16660|16690|16691|16699|16707|16712|16713|16717|16719|16724|16725|16727|16743|16755|16757|16770|16773|16775|16779|16788|16812|16819|16821|16833|16838|16858|16872|16889|16891|16893|16894|16911|16918|16926|16939|16945|16950|16960|16974|16975|16986|16988|16991|17000|17001|17003|17005|17011|17016|17021|17022|17027|17039|17040|17044|17047|17049|17066|17068|17083|17087|17091|17099|17110|17115|17126|17132|17139|17145|17147|17165|17172|17179|17180|17185|17209|17211|17216|17217|17218|17222|17223|17226|17228|17230|17236|17238|17243|17248|17249|17254|17255|17268|17275|17282|17285|17296|17301|17304|17318|17320|17322|17329|17335|17341|17352|17353|17364|17395|17397|17401|17408|17412|17419|17421|17422|17423|17437|17440|17448|17457|17463|17470|17473|17480|17495|17504|17513|17534|17539|17542|17543|17544|17553|17565|17568|17572|17577|17582|17583|17584|17585|17588|17591|17596|17603|17604|17608|17616|17621|17623|17627|17633|17646|17647|17659|17664|17676|17680|17685|17688|17692|17694|17695|17699|17709|17717|17721|17726|17743|17749|17753|17763|17769|17780|17792|17796|17802|17816|17821|17822|17829|17854|17864|17872|17875|17884|17907|17913|17926|17934|17940|17949|17951|17962|17971|17975|17976|17977|18012|18018|18042|18049|18054|18055|18056|18071|18076|18078|18097|18111|18112|18119|18127|18131|18135|18137|18152|18163|18172|18175|18188|18194|18201|18217|18219|18220|18223|18225|18234|18239|18241|18243|18258|18260|18277|18279|18280|18281
Online Retail II,"2010-12-09 (primary, 365d)",1,M1,12348|12373|12374|12376|12378|12380|12386|12393|12403|12412|12418|12424|12433|12440|12441|12450|12470|12476|12484|12495|12504|12511|12516|12537|12542|12547|12578|12580|12582|12583|12594|12600|12601|12615|12631|12651|12662|12663|12681|12696|12703|12711|12712|12724|12733|12738|12751|12778|12782|12784|12785|12790|12792|12800|12801|12811|12825|12837|12839|12842|12843|12844|12846|12849|12850|12854|12859|12861|12865|12871|12889|12907|12909|12914|12942|12946|12949|12970|12973|12983|12989|12991|13000|13004|13009|13010|13030|13031|13032|13039|13041|13046|13050|13071|13074|13078|13080|13081|13082|13088|13094|13096|13097|13102|13107|13108|13109|13118|13119|13125|13128|13131|13137|13165|13181|13194|13196|13199|13201|13211|13222|13239|13249|13251|13253|13258|13262|13263|13264|13275|13277|13286|13289|13290|13294|13299|13303|13308|13313|13319|13327|13334|13337|13338|13346|13363|13370|13382|13386|13387|13388|13393|13394|13397|13399|13416|13421|13427|13443|13448|13455|13458|13459|13484|13487|13498|13501|13506|13510|13513|13534|13540|13545|13550|13552|13554|13562|13565|13577|13581|13593|13607|13611|13612|13614|13617|13622|13623|13627|13628|13634|13641|13650|13654|13655|13656|13659|13668|13687|13689|13691|13693|13707|13709|13710|13715|13729|13733|13752|13754|13761|13763|13764|13776|13780|13821|13843|13848|13861|13870|13881|13891|13895|13903|13909|13911|13919|13952|13953|13959|13967|13968|13981|13982|13997|13999|14000|14003|14004|14007|14013|14020|14024|14026|14031|14032|14035|14037|14044|14049|14057|14062|14078|14087|14097|14106|14112|14113|14142|14146|14156|14159|14167|14169|14172|14173|14192|14198|14212|14217|14220|14229|14247|14249|14252|14258|14268|14272|14274|14275|14283|14285|14294|14295|14299|14312|14350|14358|14361|14365|14372|14375|14378|14379|14382|14396|14400|14401|14410|14415|14422|14433|14435|14439|14440|14464|14469|14471|14478|14480|14489|14494|14495|14498|14499|14505|14507|14508|14510|14514|14519|14524|14537|14541|14544|14545|14546|14556|14558|14559|14565|14574|14575|14590|14593|14602|14607|14608|14617|14623|14627|14634|14637|14643|14648|14650|14662|14670|14673|14677|14679|14681|14694|14701|14704|14707|14713|14724|14727|14742|14743|14746|14749|14754|14767|14793|14796|14797|14799|14809|14811|14813|14819|14832|14833|14838|14839|14846|14890|14897|14911|14918|14924|14935|14938|14940|14952|14958|14994|14997|15003|15011|15027|15029|15037|15044|15048|15061|15062|15076|15082|15091|15092|15105|15117|15123|15126|15133|15137|15151|15158|15159|15161|15170|15179|15197|15198|15207|15210|15211|15212|15216|15221|15231|15233|15235|15248|15262|15272|15278|15281|15289|15298|15303|15310|15311|15314|15323|15340|15347|15350|15370|15374|15375|15381|15401|15420|15421|15424|15430|15432|15441|15452|15465|15468|15474|15478|15483|15484|15486|15489|15493|15513|15535|15542|15547|15555|15559|15569|15584|15586|15597|15605|15613|15614|15626|15627|15628|15629|15630|15631|15634|15639|15641|15645|15647|15651|15659|15662|15666|15675|15678|15681|15682|15691|15697|15704|15708|15710|15716|15724|15742|15754|15768|15770|15772|15777|15800|15807|15814|15818|15833|15837|15851|15858|15862|15865|15884|15889|15906|15911|15921|15922|15934|15936|15946|15950|15953|15960|15961|15984|15987|16002|16003|16021|16032|16036|16039|16040|16044|16053|16081|16083|16086|16090|16096|16104|16125|16134|16143|16146|16149|16175|16177|16182|16194|16195|16200|16208|16211|16212|16221|16226|16233|16235|16239|16258|16259|16265|16267|16273|16276|16277|16281|16285|16288|16290|16299|16301|16303|16304|16308|16316|16330|16358|16359|16362|16365|16371|16373|16377|16383|16385|16395|16407|16415|16416|16424|16435|16445|16489|16510|16520|16522|16527|16530|16541|16543|16546|16547|16551|16570|16571|16576|16578|16589|16590|16606|16611|16631|16632|16635|16643|16645|16660|16690|16691|16699|16707|16712|16713|16717|16719|16724|16725|16727|16743|16755|16757|16770|16773|16775|16779|16788|16812|16819|16821|16833|16838|16858|16872|16889|16891|16893|16894|16911|16918|16926|16939|16945|16950|16960|16974|16975|16986|16988|16991|17000|17001|17003|17005|17011|17016|17021|17022|17027|17039|17040|17044|17047|17049|17066|17068|17083|17087|17091|17099|17110|17115|17126|17132|17139|17145|17147|17165|17172|17179|17180|17185|17209|17211|17216|17217|17218|17222|17223|17226|17228|17230|17236|17238|17243|17248|17249|17254|17255|17268|17275|17282|17285|17296|17301|17304|17318|17320|17322|17329|17335|17341|17352|17353|17364|17395|17397|17401|17408|17412|17419|17421|17422|17423|17437|17440|17448|17457|17463|17470|17473|17480|17495|17504|17513|17534|17539|17542|17543|17544|17553|17565|17568|17572|17577|17582|17583|17584|17585|17588|17591|17596|17603|17604|17608|17616|17621|17623|17627|17633|17646|17647|17659|17664|17676|17680|17685|17688|17692|17694|17695|17699|17709|17717|17721|17726|17743|17749|17753|17763|17769|17780|17792|17796|17802|17816|17821|17822|17829|17854|17864|17872|17875|17884|17907|17913|17926|17934|17940|17949|17951|17962|17971|17975|17976|17977|18012|18018|18042|18049|18054|18055|18056|18071|18076|18078|18097|18111|18112|18119|18127|18131|18135|18137|18152|18163|18172|18175|18188|18194|18201|18217|18219|18220|18223|18225|18234|18239|18241|18243|18258|18260|18277|18279|18280|18281
Online Retail II,"2010-12-09 (primary, 365d)",1,M2,12348|12373|12374|12376|12378|12380|12386|12393|12403|12412|12418|12424|12433|12440|12441|12450|12470|12476|12484|12495|12504|12511|12516|12537|12542|12547|12578|12580|12582|12583|12594|12600|12601|12615|12631|12651|12662|12663|12681|12696|12703|12711|12712|12724|12733|12738|12751|12778|12782|12784|12785|12790|12792|12800|12801|12811|12825|12837|12839|12842|12843|12844|12846|12849|12850|12854|12859|12861|12865|12871|12889|12907|12909|12914|12942|12946|12949|12970|12973|12983|12989|12991|13000|13004|13009|13010|13030|13031|13032|13039|13041|13046|13050|13071|13074|13078|13080|13081|13082|13088|13094|13096|13097|13102|13107|13108|13109|13118|13119|13125|13128|13131|13137|13165|13181|13194|13196|13199|13201|13211|13222|13239|13249|13251|13253|13258|13262|13263|13264|13275|13277|13286|13289|13290|13294|13299|13303|13308|13313|13319|13327|13334|13337|13338|13346|13363|13370|13382|13386|13387|13388|13393|13394|13397|13399|13416|13421|13427|13443|13448|13455|13458|13459|13484|13487|13498|13501|13506|13510|13513|13534|13540|13545|13550|13552|13554|13562|13565|13577|13581|13593|13607|13611|13612|13614|13617|13622|13623|13627|13628|13634|13641|13650|13654|13655|13656|13659|13668|13687|13689|13691|13693|13707|13709|13710|13715|13729|13733|13752|13754|13761|13763|13764|13776|13780|13821|13843|13848|13861|13870|13881|13891|13895|13903|13909|13911|13919|13952|13953|13959|13967|13968|13981|13982|13997|13999|14000|14003|14004|14007|14013|14020|14024|14026|14031|14032|14035|14037|14044|14049|14057|14062|14078|14087|14097|14106|14112|14113|14142|14146|14156|14159|14167|14169|14172|14173|14192|14198|14212|14217|14220|14229|14247|14249|14252|14258|14268|14272|14274|14275|14283|14285|14294|14295|14299|14312|14350|14358|14361|14365|14372|14375|14378|14379|14382|14396|14400|14401|14410|14415|14422|14433|14435|14439|14440|14464|14469|14471|14478|14480|14489|14494|14495|14498|14499|14505|14507|14508|14510|14514|14519|14524|14537|14541|14544|14545|14546|14556|14558|14559|14565|14574|14575|14590|14593|14602|14607|14608|14617|14623|14627|14634|14637|14643|14648|14650|14662|14670|14673|14677|14679|14681|14694|14701|14704|14707|14713|14724|14727|14742|14743|14746|14749|14754|14767|14793|14796|14797|14799|14809|14811|14813|14819|14832|14833|14838|14839|14846|14890|14897|14911|14918|14924|14935|14938|14940|14952|14958|14994|14997|15003|15011|15027|15029|15037|15044|15048|15061|15062|15076|15082|15091|15092|15105|15117|15123|15126|15133|15137|15151|15158|15159|15161|15170|15179|15197|15198|15207|15210|15211|15212|15216|15221|15231|15233|15235|15248|15262|15272|15278|15281|15289|15298|15303|15310|15311|15314|15323|15340|15347|15350|15370|15374|15375|15381|15401|15420|15421|15424|15430|15432|15441|15452|15465|15468|15474|15478|15483|15484|15486|15489|15493|15513|15535|15542|15547|15555|15559|15569|15584|15586|15597|15605|15613|15614|15626|15627|15628|15629|15630|15631|15634|15639|15641|15645|15647|15651|15659|15662|15666|15675|15678|15681|15682|15691|15697|15704|15708|15710|15716|15724|15742|15754|15768|15770|15772|15777|15800|15807|15814|15818|15833|15837|15851|15858|15862|15865|15884|15889|15906|15911|15921|15922|15934|15936|15946|15950|15953|15960|15961|15984|15987|16002|16003|16021|16032|16036|16039|16040|16044|16053|16081|16083|16086|16090|16096|16104|16125|16134|16143|16146|16149|16175|16177|16182|16194|16195|16200|16208|16211|16212|16221|16226|16233|16235|16239|16258|16259|16265|16267|16273|16276|16277|16281|16285|16288|16290|16299|16301|16303|16304|16308|16316|16330|16358|16359|16362|16365|16371|16373|16377|16383|16385|16395|16407|16415|16416|16424|16435|16445|16489|16510|16520|16522|16527|16530|16541|16543|16546|16547|16551|16570|16571|16576|16578|16589|16590|16606|16611|16631|16632|16635|16643|16645|16660|16690|16691|16699|16707|16712|16713|16717|16719|16724|16725|16727|16743|16755|16757|16770|16773|16775|16779|16788|16812|16819|16821|16833|16838|16858|16872|16889|16891|16893|16894|16911|16918|16926|16939|16945|16950|16960|16974|16975|16986|16988|16991|17000|17001|17003|17005|17011|17016|17021|17022|17027|17039|17040|17044|17047|17049|17066|17068|17083|17087|17091|17099|17110|17115|17126|17132|17139|17145|17147|17165|17172|17179|17180|17185|17209|17211|17216|17217|17218|17222|17223|17226|17228|17230|17236|17238|17243|17248|17249|17254|17255|17268|17275|17282|17285|17296|17301|17304|17318|17320|17322|17329|17335|17341|17352|17353|17364|17395|17397|17401|17408|17412|17419|17421|17422|17423|17437|17440|17448|17457|17463|17470|17473|17480|17495|17504|17513|17534|17539|17542|17543|17544|17553|17565|17568|17572|17577|17582|17583|17584|17585|17588|17591|17596|17603|17604|17608|17616|17621|17623|17627|17633|17646|17647|17659|17664|17676|17680|17685|17688|17692|17694|17695|17699|17709|17717|17721|17726|17743|17749|17753|17763|17769|17780|17792|17796|17802|17816|17821|17822|17829|17854|17864|17872|17875|17884|17907|17913|17926|17934|17940|17949|17951|17962|17971|17975|17976|17977|18012|18018|18042|18049|18054|18055|18056|18071|18076|18078|18097|18111|18112|18119|18127|18131|18135|18137|18152|18163|18172|18175|18188|18194|18201|18217|18219|18220|18223|18225|18234|18239|18241|18243|18258|18260|18277|18279|18280|18281
Online Retail II,"2010-12-09 (primary, 365d)",1,M3,12348|12373|12374|12376|12378|12380|12386|12393|12403|12412|12418|12424|12433|12440|12441|12450|12470|12476|12484|12495|12504|12511|12516|12537|12542|12547|12578|12580|12582|12583|12594|12600|12601|12615|12631|12651|12662|12663|12681|12696|12703|12711|12712|12724|12733|12738|12751|12778|12782|12784|12785|12790|12792|12800|12801|12811|12825|12837|12839|12842|12843|12844|12846|12849|12850|12854|12859|12861|12865|12871|12889|12907|12909|12914|12942|12946|12949|12970|12973|12983|12989|12991|13000|13004|13009|13010|13030|13031|13032|13039|13041|13046|13050|13071|13074|13078|13080|13081|13082|13088|13094|13096|13097|13102|13107|13108|13109|13118|13119|13125|13128|13131|13137|13165|13181|13194|13196|13199|13201|13211|13222|13239|13249|13251|13253|13258|13262|13263|13264|13275|13277|13286|13289|13290|13294|13299|13303|13308|13313|13319|13327|13334|13337|13338|13346|13363|13370|13382|13386|13387|13388|13393|13394|13397|13399|13416|13421|13427|13443|13448|13455|13458|13459|13484|13487|13498|13501|13506|13510|13513|13534|13540|13545|13550|13552|13554|13562|13565|13577|13581|13593|13607|13611|13612|13614|13617|13622|13623|13627|13628|13634|13641|13650|13654|13655|13656|13659|13668|13687|13689|13691|13693|13707|13709|13710|13715|13729|13733|13752|13754|13761|13763|13764|13776|13780|13821|13843|13848|13861|13870|13881|13891|13895|13903|13909|13911|13919|13952|13953|13959|13967|13968|13981|13982|13997|13999|14000|14003|14004|14007|14013|14020|14024|14026|14031|14032|14035|14037|14044|14049|14057|14062|14078|14087|14097|14106|14112|14113|14142|14146|14156|14159|14167|14169|14172|14173|14192|14198|14212|14217|14220|14229|14247|14249|14252|14258|14268|14272|14274|14275|14283|14285|14294|14295|14299|14312|14350|14358|14361|14365|14372|14375|14378|14379|14382|14396|14400|14401|14410|14415|14422|14433|14435|14439|14440|14464|14469|14471|14478|14480|14489|14494|14495|14498|14499|14505|14507|14508|14510|14514|14519|14524|14537|14541|14544|14545|14546|14556|14558|14559|14565|14574|14575|14590|14593|14602|14607|14608|14617|14623|14627|14634|14637|14643|14648|14650|14662|14670|14673|14677|14679|14681|14694|14701|14704|14707|14713|14724|14727|14742|14743|14746|14749|14754|14767|14793|14796|14797|14799|14809|14811|14813|14819|14832|14833|14838|14839|14846|14890|14897|14911|14918|14924|14935|14938|14940|14952|14958|14994|14997|15003|15011|15027|15029|15037|15044|15048|15061|15062|15076|15082|15091|15092|15105|15117|15123|15126|15133|15137|15151|15158|15159|15161|15170|15179|15197|15198|15207|15210|15211|15212|15216|15221|15231|15233|15235|15248|15262|15272|15278|15281|15289|15298|15303|15310|15311|15314|15323|15340|15347|15350|15370|15374|15375|15381|15401|15420|15421|15424|15430|15432|15441|15452|15465|15468|15474|15478|15483|15484|15486|15489|15493|15513|15535|15542|15547|15555|15559|15569|15584|15586|15597|15605|15613|15614|15626|15627|15628|15629|15630|15631|15634|15639|15641|15645|15647|15651|15659|15662|15666|15675|15678|15681|15682|15691|15697|15704|15708|15710|15716|15724|15742|15754|15768|15770|15772|15777|15800|15807|15814|15818|15833|15837|15851|15858|15862|15865|15884|15889|15906|15911|15921|15922|15934|15936|15946|15950|15953|15960|15961|15984|15987|16002|16003|16021|16032|16036|16039|16040|16044|16053|16081|16083|16086|16090|16096|16104|16125|16134|16143|16146|16149|16175|16177|16182|16194|16195|16200|16208|16211|16212|16221|16226|16233|16235|16239|16258|16259|16265|16267|16273|16276|16277|16281|16285|16288|16290|16299|16301|16303|16304|16308|16316|16330|16358|16359|16362|16365|16371|16373|16377|16383|16385|16395|16407|16415|16416|16424|16435|16445|16489|16510|16520|16522|16527|16530|16541|16543|16546|16547|16551|16570|16571|16576|16578|16589|16590|16606|16611|16631|16632|16635|16643|16645|16660|16690|16691|16699|16707|16712|16713|16717|16719|16724|16725|16727|16743|16755|16757|16770|16773|16775|16779|16788|16812|16819|16821|16833|16838|16858|16872|16889|16891|16893|16894|16911|16918|16926|16939|16945|16950|16960|16974|16975|16986|16988|16991|17000|17001|17003|17005|17011|17016|17021|17022|17027|17039|17040|17044|17047|17049|17066|17068|17083|17087|17091|17099|17110|17115|17126|17132|17139|17145|17147|17165|17172|17179|17180|17185|17209|17211|17216|17217|17218|17222|17223|17226|17228|17230|17236|17238|17243|17248|17249|17254|17255|17268|17275|17282|17285|17296|17301|17304|17318|17320|17322|17329|17335|17341|17352|17353|17364|17395|17397|17401|17408|17412|17419|17421|17422|17423|17437|17440|17448|17457|17463|17470|17473|17480|17495|17504|17513|17534|17539|17542|17543|17544|17553|17565|17568|17572|17577|17582|17583|17584|17585|17588|17591|17596|17603|17604|17608|17616|17621|17623|17627|17633|17646|17647|17659|17664|17676|17680|17685|17688|17692|17694|17695|17699|17709|17717|17721|17726|17743|17749|17753|17763|17769|17780|17792|17796|17802|17816|17821|17822|17829|17854|17864|17872|17875|17884|17907|17913|17926|17934|17940|17949|17951|17962|17971|17975|17976|17977|18012|18018|18042|18049|18054|18055|18056|18071|18076|18078|18097|18111|18112|18119|18127|18131|18135|18137|18152|18163|18172|18175|18188|18194|18201|18217|18219|18220|18223|18225|18234|18239|18241|18243|18258|18260|18277|18279|18280|18281
Online Retail II,"2010-12-09 (primary, 365d)",2,M0,12351|12371|12377|12391|12413|12417|12426|12427|12429|12454|12466|12471|12477|12483|12490|12499|12500|12503|12519|12525|12530|12531|12533|12555|12573|12576|12586|12589|12598|12609|12623|12633|12635|12647|12648|12652|12666|12670|12671|12686|12694|12695|12709|12725|12731|12745|12746|12747|12760|12766|12791|12803|12807|12817|12821|12823|12898|12903|12908|12910|12916|12921|12932|12934|12937|12958|12960|12964|12972|12974|12977|12978|12998|13005|13012|13013|13014|13020|13022|13024|13025|13034|13036|13042|13045|13047|13051|13052|13077|13079|13085|13086|13093|13112|13123|13129|13134|13148|13167|13169|13172|13173|13175|13187|13191|13192|13250|13255|13257|13259|13267|13270|13276|13278|13291|13293|13305|13306|13312|13316|13317|13357|13359|13360|13371|13395|13407|13410|13413|13415|13418|13424|13435|13438|13439|13444|13452|13454|13465|13473|13474|13476|13485|13495|13497|13546|13571|13573|13574|13578|13586|13591|13597|13615|13625|13676|13684|13706|13711|13713|13719|13727|13738|13746|13769|13770|13781|13788|13795|13796|13797|13798|13799|13802|13807|13818|13829|13830|13836|13842|13846|13852|13859|13862|13864|13869|13871|13877|13884|13892|13897|13898|13901|13922|13941|13944|13946|13957|13958|13965|13966|13970|13971|13979|13989|13995|13996|14008|14009|14010|14016|14018|14021|14028|14030|14033|14038|14039|14040|14045|14051|14052|14058|14068|14070|14080|14088|14110|14114|14115|14128|14129|14130|14137|14153|14154|14160|14171|14186|14187|14190|14197|14200|14202|14206|14208|14210|14211|14215|14230|14236|14239|14240|14248|14257|14264|14265|14277|14278|14281|14282|14292|14311|14316|14319|14325|14327|14338|14342|14344|14347|14353|14369|14381|14384|14409|14413|14420|14426|14430|14437|14441|14445|14447|14461|14462|14470|14472|14482|14483|14492|14496|14515|14530|14531|14533|14553|14555|14560|14563|14583|14598|14610|14612|14615|14616|14619|14621|14624|14654|14665|14669|14680|14685|14699|14700|14708|14710|14715|14717|14718|14726|14729|14740|14744|14755|14756|14761|14771|14788|14820|14826|14828|14831|14837|14841|14844|14847|14848|14853|14858|14869|14870|14874|14885|14892|14896|14902|14916|14926|14927|14934|14936|14941|14947|14953|14957|14962|14967|14978|14979|14990|14992|14999|15005|15023|15024|15025|15028|15030|15042|15043|15046|15057|15065|15068|15072|15093|15095|15100|15112|15135|15138|15143|15150|15157|15160|15166|15169|15176|15183|15194|15202|15208|15217|15218|15223|15228|15245|15255|15257|15259|15266|15271|15280|15284|15285|15293|15294|15305|15306|15312|15317|15321|15351|15354|15358|15359|15367|15373|15377|15392|15405|15422|15428|15437|15445|15459|15461|15462|15476|15480|15494|15496|15503|15525|15534|15545|15548|15549|15558|15562|15564|15572|15573|15575|15580|15581|15595|15602|15603|15606|15607|15615|15637|15642|15658|15664|15674|15711|15715|15718|15722|15727|15729|15738|15747|15751|15760|15775|15784|15786|15798|15799|15810|15811|15812|15817|15822|15823|15834|15847|15848|15850|15872|15873|15874|15875|15894|15901|15916|15918|15923|15924|15939|15945|15958|15966|15969|15998|16008|16010|16012|16013|16043|16046|16048|16049|16051|16058|16060|16087|16092|16094|16098|16111|16121|16122|16126|16127|16139|16140|16141|16145|16159|16161|16168|16174|16178|16180|16188|16190|16193|16197|16201|16209|16210|16218|16224|16241|16254|16264|16275|16278|16291|16306|16317|16320|16325|16326|16329|16331|16334|16336|16343|16346|16348|16353|16366|16369|16381|16382|16384|16396|16408|16412|16413|16428|16434|16443|16444|16451|16456|16459|16468|16469|16471|16491|16497|16502|16508|16524|16529|16532|16534|16542|16554|16562|16584|16593|16595|16600|16602|16604|16608|16619|16625|16628|16638|16642|16646|16647|16654|16661|16662|16666|16676|16681|16687|16693|16705|16709|16733|16746|16754|16771|16781|16785|16792|16797|16798|16805|16815|16836|16841|16844|16856|16860|16862|16863|16874|16884|16913|16921|16922|16935|16946|16948|16952|16954|16961|16970|16985|16990|17008|17017|17020|17028|17029|17032|17038|17041|17046|17063|17067|17075|17080|17081|17090|17101|17112|17113|17116|17121|17129|17133|17137|17141|17151|17157|17158|17160|17161|17163|17171|17176|17188|17189|17193|17195|17201|17204|17220|17221|17237|17244|17245|17257|17259|17266|17273|17284|17288|17290|17300|17307|17310|17311|17319|17321|17323|17334|17338|17343|17346|17355|17361|17362|17363|17366|17368|17372|17376|17377|17378|17380|17386|17390|17402|17407|17411|17414|17417|17430|17433|17435|17438|17441|17442|17450|17458|17469|17471|17472|17474|17476|17478|17482|17497|17512|17519|17521|17524|17541|17552|17559|17563|17567|17578|17581|17592|17593|17597|17602|17609|17611|17612|17625|17629|17642|17649|17651|17655|17665|17673|17678|17681|17687|17689|17691|17696|17706|17710|17718|17728|17731|17742|17744|17748|17758|17762|17767|17772|17773|17774|17776|17778|17805|17809|17817|17819|17820|17838|17840|17842|17843|17850|17851|17860|17868|17870|17876|17886|17901|17902|17908|17910|17912|17916|17920|17921|17922|17923|17925|17928|17930|17935|17944|17945|17958|17959|17961|17964|17980|17990|17991|17993|17994|17995|18001|18003|18006|18009|18028|18034|18062|18084|18090|18092|18095|18096|18098|18100|18103|18107|18108|18110|18115|18116|18141|18149|18170|18174|18199|18203|18206|18207|18238|18264|18266|18275|18286
Online Retail II,"2010-12-09 (primary, 365d)",2,M1,12351|12371|12377|12391|12413|12417|12426|12427|12429|12454|12466|12471|12477|12483|12490|12499|12500|12503|12519|12525|12530|12531|12533|12555|12573|12576|12586|12589|12598|12609|12623|12633|12635|12647|12648|12652|12666|12670|12671|12686|12694|12695|12709|12725|12731|12745|12746|12747|12760|12766|12791|12803|12807|12817|12821|12823|12898|12903|12908|12910|12916|12921|12932|12934|12937|12958|12960|12964|12972|12974|12977|12978|12998|13005|13012|13013|13014|13020|13022|13024|13025|13034|13036|13042|13045|13047|13051|13052|13077|13079|13085|13086|13093|13112|13123|13129|13134|13148|13167|13169|13172|13173|13175|13187|13191|13192|13250|13255|13257|13259|13267|13270|13276|13278|13291|13293|13305|13306|13312|13316|13317|13357|13359|13360|13371|13395|13407|13410|13413|13415|13418|13424|13435|13438|13439|13444|13452|13454|13465|13473|13474|13476|13485|13495|13497|13546|13571|13573|13574|13578|13586|13591|13597|13615|13625|13676|13684|13706|13711|13713|13719|13727|13738|13746|13769|13770|13781|13788|13795|13796|13797|13798|13799|13802|13807|13818|13829|13830|13836|13842|13846|13852|13859|13862|13864|13869|13871|13877|13884|13892|13897|13898|13901|13922|13941|13944|13946|13957|13958|13965|13966|13970|13971|13979|13989|13995|13996|14008|14009|14010|14016|14018|14021|14028|14030|14033|14038|14039|14040|14045|14051|14052|14058|14068|14070|14080|14088|14110|14114|14115|14128|14129|14130|14137|14153|14154|14160|14171|14186|14187|14190|14197|14200|14202|14206|14208|14210|14211|14215|14230|14236|14239|14240|14248|14257|14264|14265|14277|14278|14281|14282|14292|14311|14316|14319|14325|14327|14338|14342|14344|14347|14353|14369|14381|14384|14409|14413|14420|14426|14430|14437|14441|14445|14447|14461|14462|14470|14472|14482|14483|14492|14496|14515|14530|14531|14533|14553|14555|14560|14563|14583|14598|14610|14612|14615|14616|14619|14621|14624|14654|14665|14669|14680|14685|14699|14700|14708|14710|14715|14717|14718|14726|14729|14740|14744|14755|14756|14761|14771|14788|14820|14826|14828|14831|14837|14841|14844|14847|14848|14853|14858|14869|14870|14874|14885|14892|14896|14902|14916|14926|14927|14934|14936|14941|14947|14953|14957|14962|14967|14978|14979|14990|14992|14999|15005|15023|15024|15025|15028|15030|15042|15043|15046|15057|15065|15068|15072|15093|15095|15100|15112|15135|15138|15143|15150|15157|15160|15166|15169|15176|15183|15194|15202|15208|15217|15218|15223|15228|15245|15255|15257|15259|15266|15271|15280|15284|15285|15293|15294|15305|15306|15312|15317|15321|15351|15354|15358|15359|15367|15373|15377|15392|15405|15422|15428|15437|15445|15459|15461|15462|15476|15480|15494|15496|15503|15525|15534|15545|15548|15549|15558|15562|15564|15572|15573|15575|15580|15581|15595|15602|15603|15606|15607|15615|15637|15642|15658|15664|15674|15711|15715|15718|15722|15727|15729|15738|15747|15751|15760|15775|15784|15786|15798|15799|15810|15811|15812|15817|15822|15823|15834|15847|15848|15850|15872|15873|15874|15875|15894|15901|15916|15918|15923|15924|15939|15945|15958|15966|15969|15998|16008|16010|16012|16013|16043|16046|16048|16049|16051|16058|16060|16087|16092|16094|16098|16111|16121|16122|16126|16127|16139|16140|16141|16145|16159|16161|16168|16174|16178|16180|16188|16190|16193|16197|16201|16209|16210|16218|16224|16241|16254|16264|16275|16278|16291|16306|16317|16320|16325|16326|16329|16331|16334|16336|16343|16346|16348|16353|16366|16369|16381|16382|16384|16396|16408|16412|16413|16428|16434|16443|16444|16451|16456|16459|16468|16469|16471|16491|16497|16502|16508|16524|16529|16532|16534|16542|16554|16562|16584|16593|16595|16600|16602|16604|16608|16619|16625|16628|16638|16642|16646|16647|16654|16661|16662|16666|16676|16681|16687|16693|16705|16709|16733|16746|16754|16771|16781|16785|16792|16797|16798|16805|16815|16836|16841|16844|16856|16860|16862|16863|16874|16884|16913|16921|16922|16935|16946|16948|16952|16954|16961|16970|16985|16990|17008|17017|17020|17028|17029|17032|17038|17041|17046|17063|17067|17075|17080|17081|17090|17101|17112|17113|17116|17121|17129|17133|17137|17141|17151|17157|17158|17160|17161|17163|17171|17176|17188|17189|17193|17195|17201|17204|17220|17221|17237|17244|17245|17257|17259|17266|17273|17284|17288|17290|17300|17307|17310|17311|17319|17321|17323|17334|17338|17343|17346|17355|17361|17362|17363|17366|17368|17372|17376|17377|17378|17380|17386|17390|17402|17407|17411|17414|17417|17430|17433|17435|17438|17441|17442|17450|17458|17469|17471|17472|17474|17476|17478|17482|17497|17512|17519|17521|17524|17541|17552|17559|17563|17567|17578|17581|17592|17593|17597|17602|17609|17611|17612|17625|17629|17642|17649|17651|17655|17665|17673|17678|17681|17687|17689|17691|17696|17706|17710|17718|17728|17731|17742|17744|17748|17758|17762|17767|17772|17773|17774|17776|17778|17805|17809|17817|17819|17820|17838|17840|17842|17843|17850|17851|17860|17868|17870|17876|17886|17901|17902|17908|17910|17912|17916|17920|17921|17922|17923|17925|17928|17930|17935|17944|17945|17958|17959|17961|17964|17980|17990|17991|17993|17994|17995|18001|18003|18006|18009|18028|18034|18062|18084|18090|18092|18095|18096|18098|18100|18103|18107|18108|18110|18115|18116|18141|18149|18170|18174|18199|18203|18206|18207|18238|18264|18266|18275|18286
Online Retail II,"2010-12-09 (primary, 365d)",2,M2,12351|12371|12377|12391|12413|12417|12426|12427|12429|12454|12466|12471|12477|12483|12490|12499|12500|12503|12519|12525|12530|12531|12533|12555|12573|12576|12586|12589|12598|12609|12623|12633|12635|12647|12648|12652|12666|12670|12671|12686|12694|12695|12709|12725|12731|12745|12746|12747|12760|12766|12791|12803|12807|12817|12821|12823|12898|12903|12908|12910|12916|12921|12932|12934|12937|12958|12960|12964|12972|12974|12977|12978|12998|13005|13012|13013|13014|13020|13022|13024|13025|13034|13036|13042|13045|13047|13051|13052|13077|13079|13085|13086|13093|13112|13123|13129|13134|13148|13167|13169|13172|13173|13175|13187|13191|13192|13250|13255|13257|13259|13267|13270|13276|13278|13291|13293|13305|13306|13312|13316|13317|13357|13359|13360|13371|13395|13407|13410|13413|13415|13418|13424|13435|13438|13439|13444|13452|13454|13465|13473|13474|13476|13485|13495|13497|13546|13571|13573|13574|13578|13586|13591|13597|13615|13625|13676|13684|13706|13711|13713|13719|13727|13738|13746|13769|13770|13781|13788|13795|13796|13797|13798|13799|13802|13807|13818|13829|13830|13836|13842|13846|13852|13859|13862|13864|13869|13871|13877|13884|13892|13897|13898|13901|13922|13941|13944|13946|13957|13958|13965|13966|13970|13971|13979|13989|13995|13996|14008|14009|14010|14016|14018|14021|14028|14030|14033|14038|14039|14040|14045|14051|14052|14058|14068|14070|14080|14088|14110|14114|14115|14128|14129|14130|14137|14153|14154|14160|14171|14186|14187|14190|14197|14200|14202|14206|14208|14210|14211|14215|14230|14236|14239|14240|14248|14257|14264|14265|14277|14278|14281|14282|14292|14311|14316|14319|14325|14327|14338|14342|14344|14347|14353|14369|14381|14384|14409|14413|14420|14426|14430|14437|14441|14445|14447|14461|14462|14470|14472|14482|14483|14492|14496|14515|14530|14531|14533|14553|14555|14560|14563|14583|14598|14610|14612|14615|14616|14619|14621|14624|14654|14665|14669|14680|14685|14699|14700|14708|14710|14715|14717|14718|14726|14729|14740|14744|14755|14756|14761|14771|14788|14820|14826|14828|14831|14837|14841|14844|14847|14848|14853|14858|14869|14870|14874|14885|14892|14896|14902|14916|14926|14927|14934|14936|14941|14947|14953|14957|14962|14967|14978|14979|14990|14992|14999|15005|15023|15024|15025|15028|15030|15042|15043|15046|15057|15065|15068|15072|15093|15095|15100|15112|15135|15138|15143|15150|15157|15160|15166|15169|15176|15183|15194|15202|15208|15217|15218|15223|15228|15245|15255|15257|15259|15266|15271|15280|15284|15285|15293|15294|15305|15306|15312|15317|15321|15351|15354|15358|15359|15367|15373|15377|15392|15405|15422|15428|15437|15445|15459|15461|15462|15476|15480|15494|15496|15503|15525|15534|15545|15548|15549|15558|15562|15564|15572|15573|15575|15580|15581|15595|15602|15603|15606|15607|15615|15637|15642|15658|15664|15674|15711|15715|15718|15722|15727|15729|15738|15747|15751|15760|15775|15784|15786|15798|15799|15810|15811|15812|15817|15822|15823|15834|15847|15848|15850|15872|15873|15874|15875|15894|15901|15916|15918|15923|15924|15939|15945|15958|15966|15969|15998|16008|16010|16012|16013|16043|16046|16048|16049|16051|16058|16060|16087|16092|16094|16098|16111|16121|16122|16126|16127|16139|16140|16141|16145|16159|16161|16168|16174|16178|16180|16188|16190|16193|16197|16201|16209|16210|16218|16224|16241|16254|16264|16275|16278|16291|16306|16317|16320|16325|16326|16329|16331|16334|16336|16343|16346|16348|16353|16366|16369|16381|16382|16384|16396|16408|16412|16413|16428|16434|16443|16444|16451|16456|16459|16468|16469|16471|16491|16497|16502|16508|16524|16529|16532|16534|16542|16554|16562|16584|16593|16595|16600|16602|16604|16608|16619|16625|16628|16638|16642|16646|16647|16654|16661|16662|16666|16676|16681|16687|16693|16705|16709|16733|16746|16754|16771|16781|16785|16792|16797|16798|16805|16815|16836|16841|16844|16856|16860|16862|16863|16874|16884|16913|16921|16922|16935|16946|16948|16952|16954|16961|16970|16985|16990|17008|17017|17020|17028|17029|17032|17038|17041|17046|17063|17067|17075|17080|17081|17090|17101|17112|17113|17116|17121|17129|17133|17137|17141|17151|17157|17158|17160|17161|17163|17171|17176|17188|17189|17193|17195|17201|17204|17220|17221|17237|17244|17245|17257|17259|17266|17273|17284|17288|17290|17300|17307|17310|17311|17319|17321|17323|17334|17338|17343|17346|17355|17361|17362|17363|17366|17368|17372|17376|17377|17378|17380|17386|17390|17402|17407|17411|17414|17417|17430|17433|17435|17438|17441|17442|17450|17458|17469|17471|17472|17474|17476|17478|17482|17497|17512|17519|17521|17524|17541|17552|17559|17563|17567|17578|17581|17592|17593|17597|17602|17609|17611|17612|17625|17629|17642|17649|17651|17655|17665|17673|17678|17681|17687|17689|17691|17696|17706|17710|17718|17728|17731|17742|17744|17748|17758|17762|17767|17772|17773|17774|17776|17778|17805|17809|17817|17819|17820|17838|17840|17842|17843|17850|17851|17860|17868|17870|17876|17886|17901|17902|17908|17910|17912|17916|17920|17921|17922|17923|17925|17928|17930|17935|17944|17945|17958|17959|17961|17964|17980|17990|17991|17993|17994|17995|18001|18003|18006|18009|18028|18034|18062|18084|18090|18092|18095|18096|18098|18100|18103|18107|18108|18110|18115|18116|18141|18149|18170|18174|18199|18203|18206|18207|18238|18264|18266|18275|18286
Online Retail II,"2010-12-09 (primary, 365d)",2,M3,12351|12371|12377|12391|12413|12417|12426|12427|12429|12454|12466|12471|12477|12483|12490|12499|12500|12503|12519|12525|12530|12531|12533|12555|12573|12576|12586|12589|12598|12609|12623|12633|12635|12647|12648|12652|12666|12670|12671|12686|12694|12695|12709|12725|12731|12745|12746|12747|12760|12766|12791|12803|12807|12817|12821|12823|12898|12903|12908|12910|12916|12921|12932|12934|12937|12958|12960|12964|12972|12974|12977|12978|12998|13005|13012|13013|13014|13020|13022|13024|13025|13034|13036|13042|13045|13047|13051|13052|13077|13079|13085|13086|13093|13112|13123|13129|13134|13148|13167|13169|13172|13173|13175|13187|13191|13192|13250|13255|13257|13259|13267|13270|13276|13278|13291|13293|13305|13306|13312|13316|13317|13357|13359|13360|13371|13395|13407|13410|13413|13415|13418|13424|13435|13438|13439|13444|13452|13454|13465|13473|13474|13476|13485|13495|13497|13546|13571|13573|13574|13578|13586|13591|13597|13615|13625|13676|13684|13706|13711|13713|13719|13727|13738|13746|13769|13770|13781|13788|13795|13796|13797|13798|13799|13802|13807|13818|13829|13830|13836|13842|13846|13852|13859|13862|13864|13869|13871|13877|13884|13892|13897|13898|13901|13922|13941|13944|13946|13957|13958|13965|13966|13970|13971|13979|13989|13995|13996|14008|14009|14010|14016|14018|14021|14028|14030|14033|14038|14039|14040|14045|14051|14052|14058|14068|14070|14080|14088|14110|14114|14115|14128|14129|14130|14137|14153|14154|14160|14171|14186|14187|14190|14197|14200|14202|14206|14208|14210|14211|14215|14230|14236|14239|14240|14248|14257|14264|14265|14277|14278|14281|14282|14292|14311|14316|14319|14325|14327|14338|14342|14344|14347|14353|14369|14381|14384|14409|14413|14420|14426|14430|14437|14441|14445|14447|14461|14462|14470|14472|14482|14483|14492|14496|14515|14530|14531|14533|14553|14555|14560|14563|14583|14598|14610|14612|14615|14616|14619|14621|14624|14654|14665|14669|14680|14685|14699|14700|14708|14710|14715|14717|14718|14726|14729|14740|14744|14755|14756|14761|14771|14788|14820|14826|14828|14831|14837|14841|14844|14847|14848|14853|14858|14869|14870|14874|14885|14892|14896|14902|14916|14926|14927|14934|14936|14941|14947|14953|14957|14962|14967|14978|14979|14990|14992|14999|15005|15023|15024|15025|15028|15030|15042|15043|15046|15057|15065|15068|15072|15093|15095|15100|15112|15135|15138|15143|15150|15157|15160|15166|15169|15176|15183|15194|15202|15208|15217|15218|15223|15228|15245|15255|15257|15259|15266|15271|15280|15284|15285|15293|15294|15305|15306|15312|15317|15321|15351|15354|15358|15359|15367|15373|15377|15392|15405|15422|15428|15437|15445|15459|15461|15462|15476|15480|15494|15496|15503|15525|15534|15545|15548|15549|15558|15562|15564|15572|15573|15575|15580|15581|15595|15602|15603|15606|15607|15615|15637|15642|15658|15664|15674|15711|15715|15718|15722|15727|15729|15738|15747|15751|15760|15775|15784|15786|15798|15799|15810|15811|15812|15817|15822|15823|15834|15847|15848|15850|15872|15873|15874|15875|15894|15901|15916|15918|15923|15924|15939|15945|15958|15966|15969|15998|16008|16010|16012|16013|16043|16046|16048|16049|16051|16058|16060|16087|16092|16094|16098|16111|16121|16122|16126|16127|16139|16140|16141|16145|16159|16161|16168|16174|16178|16180|16188|16190|16193|16197|16201|16209|16210|16218|16224|16241|16254|16264|16275|16278|16291|16306|16317|16320|16325|16326|16329|16331|16334|16336|16343|16346|16348|16353|16366|16369|16381|16382|16384|16396|16408|16412|16413|16428|16434|16443|16444|16451|16456|16459|16468|16469|16471|16491|16497|16502|16508|16524|16529|16532|16534|16542|16554|16562|16584|16593|16595|16600|16602|16604|16608|16619|16625|16628|16638|16642|16646|16647|16654|16661|16662|16666|16676|16681|16687|16693|16705|16709|16733|16746|16754|16771|16781|16785|16792|16797|16798|16805|16815|16836|16841|16844|16856|16860|16862|16863|16874|16884|16913|16921|16922|16935|16946|16948|16952|16954|16961|16970|16985|16990|17008|17017|17020|17028|17029|17032|17038|17041|17046|17063|17067|17075|17080|17081|17090|17101|17112|17113|17116|17121|17129|17133|17137|17141|17151|17157|17158|17160|17161|17163|17171|17176|17188|17189|17193|17195|17201|17204|17220|17221|17237|17244|17245|17257|17259|17266|17273|17284|17288|17290|17300|17307|17310|17311|17319|17321|17323|17334|17338|17343|17346|17355|17361|17362|17363|17366|17368|17372|17376|17377|17378|17380|17386|17390|17402|17407|17411|17414|17417|17430|17433|17435|17438|17441|17442|17450|17458|17469|17471|17472|17474|17476|17478|17482|17497|17512|17519|17521|17524|17541|17552|17559|17563|17567|17578|17581|17592|17593|17597|17602|17609|17611|17612|17625|17629|17642|17649|17651|17655|17665|17673|17678|17681|17687|17689|17691|17696|17706|17710|17718|17728|17731|17742|17744|17748|17758|17762|17767|17772|17773|17774|17776|17778|17805|17809|17817|17819|17820|17838|17840|17842|17843|17850|17851|17860|17868|17870|17876|17886|17901|17902|17908|17910|17912|17916|17920|17921|17922|17923|17925|17928|17930|17935|17944|17945|17958|17959|17961|17964|17980|17990|17991|17993|17994|17995|18001|18003|18006|18009|18028|18034|18062|18084|18090|18092|18095|18096|18098|18100|18103|18107|18108|18110|18115|18116|18141|18149|18170|18174|18199|18203|18206|18207|18238|18264|18266|18275|18286
Online Retail II,"2010-12-09 (primary, 365d)",3,M0,12352|12355|12357|12359|12360|12362|12368|12369|12370|12379|12389|12402|12409|12410|12415|12422|12423|12425|12434|12437|12459|12460|12467|12468|12486|12494|12496|12505|12514|12527|12553|12554|12557|12562|12563|12575|12588|12591|12616|12621|12629|12636|12638|12639|12644|12661|12665|12672|12676|12682|12683|12692|12693|12698|12699|12705|12714|12742|12749|12761|12770|12773|12774|12775|12777|12780|12788|12789|12793|12796|12798|12804|12805|12810|12829|12840|12841|12851|12853|12855|12857|12872|12876|12890|12892|12894|12913|12915|12917|12920|12925|12933|12943|12947|12948|12956|12967|12971|12975|12976|13001|13008|13011|13015|13018|13053|13056|13076|13084|13089|13101|13133|13138|13150|13151|13154|13157|13158|13162|13166|13168|13174|13204|13208|13209|13213|13219|13223|13225|13240|13241|13242|13269|13274|13280|13281|13282|13295|13297|13300|13329|13330|13367|13373|13383|13400|13402|13417|13423|13431|13433|13450|13453|13457|13468|13469|13477|13479|13480|13481|13488|13491|13508|13509|13512|13516|13526|13535|13539|13541|13544|13559|13585|13587|13590|13600|13601|13602|13620|13640|13646|13647|13649|13653|13660|13663|13665|13666|13669|13674|13688|13695|13699|13700|13703|13712|13722|13723|13728|13735|13756|13765|13766|13768|13782|13783|13786|13789|13793|13809|13823|13831|13833|13835|13838|13849|13851|13854|13857|13872|13889|13900|13902|13912|13913|13915|13929|13942|13969|13980|13983|13984|13988|14001|14011|14042|14047|14048|14055|14063|14072|14081|14095|14099|14101|14107|14118|14123|14131|14148|14157|14161|14163|14166|14168|14175|14176|14183|14189|14191|14195|14204|14207|14209|14213|14224|14233|14235|14253|14254|14279|14284|14293|14301|14307|14309|14314|14320|14334|14370|14374|14380|14389|14391|14408|14412|14419|14421|14423|14425|14427|14429|14431|14444|14446|14449|14452|14460|14468|14481|14486|14490|14532|14535|14538|14540|14564|14566|14569|14572|14573|14595|14596|14600|14605|14614|14631|14635|14639|14649|14663|14667|14668|14672|14674|14678|14686|14688|14693|14696|14702|14706|14716|14734|14735|14738|14741|14748|14750|14751|14762|14794|14821|14824|14840|14845|14851|14861|14866|14868|14872|14877|14882|14884|14898|14900|14907|14908|14909|14913|14917|14928|14932|14933|14966|14980|14982|14984|14986|14993|15001|15013|15015|15016|15021|15022|15026|15038|15041|15051|15055|15064|15073|15080|15086|15097|15101|15107|15114|15124|15125|15127|15141|15154|15155|15173|15177|15180|15181|15182|15192|15196|15201|15219|15224|15227|15229|15241|15243|15246|15247|15265|15268|15282|15283|15287|15288|15290|15291|15295|15299|15304|15309|15336|15339|15341|15353|15356|15361|15365|15366|15369|15371|15378|15387|15389|15393|15394|15402|15406|15409|15410|15416|15447|15454|15455|15456|15466|15470|15473|15481|15487|15495|15498|15502|15509|15514|15521|15529|15530|15543|15563|15566|15570|15588|15625|15649|15660|15672|15673|15683|15684|15686|15698|15702|15719|15730|15731|15741|15757|15759|15761|15764|15765|15774|15793|15794|15816|15845|15846|15854|15856|15861|15868|15869|15876|15900|15908|15913|15917|15920|15927|15931|15938|15943|15948|15951|15959|15972|15979|15982|15983|15985|15990|15995|16001|16006|16014|16018|16019|16024|16033|16042|16050|16054|16057|16059|16062|16064|16065|16068|16071|16078|16080|16088|16101|16105|16109|16110|16117|16118|16133|16136|16153|16158|16167|16183|16186|16191|16204|16219|16227|16237|16238|16242|16244|16262|16263|16279|16284|16286|16293|16312|16327|16332|16347|16351|16354|16355|16367|16387|16392|16397|16399|16418|16420|16421|16436|16440|16447|16450|16455|16467|16470|16472|16473|16487|16499|16501|16515|16518|16519|16521|16526|16535|16538|16549|16563|16569|16577|16588|16592|16601|16605|16615|16620|16622|16636|16641|16649|16655|16656|16663|16686|16692|16694|16695|16700|16704|16714|16720|16731|16740|16741|16742|16765|16769|16774|16777|16780|16782|16786|16795|16807|16810|16825|16845|16846|16847|16848|16857|16868|16870|16873|16880|16883|16886|16899|16901|16903|16908|16915|16919|16923|16933|16936|16958|16977|16979|16980|16987|16992|16993|16996|16998|17004|17007|17025|17036|17050|17051|17069|17076|17084|17089|17093|17094|17103|17123|17127|17136|17152|17155|17167|17184|17187|17198|17200|17202|17207|17213|17231|17233|17241|17246|17258|17271|17276|17278|17281|17283|17299|17306|17309|17314|17324|17326|17328|17330|17332|17349|17351|17356|17369|17371|17373|17374|17375|17382|17396|17403|17428|17429|17436|17454|17456|17464|17465|17467|17483|17487|17518|17525|17526|17531|17533|17536|17540|17545|17548|17556|17557|17560|17579|17587|17589|17598|17599|17605|17622|17626|17644|17657|17662|17663|17666|17671|17675|17679|17683|17690|17700|17708|17713|17714|17722|17740|17745|17746|17756|17759|17760|17765|17766|17784|17787|17789|17790|17794|17798|17799|17801|17815|17823|17834|17841|17849|17855|17857|17861|17862|17869|17883|17888|17889|17918|17919|17924|17927|17933|17938|17941|17952|17953|17966|17967|17968|17969|17981|17996|17998|18002|18008|18017|18025|18036|18037|18038|18043|18047|18050|18051|18052|18053|18061|18066|18070|18075|18079|18083|18085|18091|18093|18101|18106|18109|18118|18153|18154|18162|18168|18177|18187|18189|18190|18196|18214|18227|18231|18236|18245|18246|18247|18252|18253|18254|18257|18269|18272|18273|18278|18283
Online Retail II,"2010-12-09 (primary, 365d)",3,M1,12352|12355|12357|12359|12360|12362|12368|12369|12370|12379|12389|12402|12409|12410|12415|12422|12423|12425|12434|12437|12459|12460|12467|12468|12486|12494|12496|12505|12514|12527|12553|12554|12557|12562|12563|12575|12588|12591|12616|12621|12629|12636|12638|12639|12644|12661|12665|12672|12676|12682|12683|12692|12693|12698|12699|12705|12714|12742|12749|12761|12770|12773|12774|12775|12777|12780|12788|12789|12793|12796|12798|12804|12805|12810|12829|12840|12841|12851|12853|12855|12857|12872|12876|12890|12892|12894|12913|12915|12917|12920|12925|12933|12943|12947|12948|12956|12967|12971|12975|12976|13001|13008|13011|13015|13018|13053|13056|13076|13084|13089|13101|13133|13138|13150|13151|13154|13157|13158|13162|13166|13168|13174|13204|13208|13209|13213|13219|13223|13225|13240|13241|13242|13269|13274|13280|13281|13282|13295|13297|13300|13329|13330|13367|13373|13383|13400|13402|13417|13423|13431|13433|13450|13453|13457|13468|13469|13477|13479|13480|13481|13488|13491|13508|13509|13512|13516|13526|13535|13539|13541|13544|13559|13585|13587|13590|13600|13601|13602|13620|13640|13646|13647|13649|13653|13660|13663|13665|13666|13669|13674|13688|13695|13699|13700|13703|13712|13722|13723|13728|13735|13756|13765|13766|13768|13782|13783|13786|13789|13793|13809|13823|13831|13833|13835|13838|13849|13851|13854|13857|13872|13889|13900|13902|13912|13913|13915|13929|13942|13969|13980|13983|13984|13988|14001|14011|14042|14047|14048|14055|14063|14072|14081|14095|14099|14101|14107|14118|14123|14131|14148|14157|14161|14163|14166|14168|14175|14176|14183|14189|14191|14195|14204|14207|14209|14213|14224|14233|14235|14253|14254|14279|14284|14293|14301|14307|14309|14314|14320|14334|14370|14374|14380|14389|14391|14408|14412|14419|14421|14423|14425|14427|14429|14431|14444|14446|14449|14452|14460|14468|14481|14486|14490|14532|14535|14538|14540|14564|14566|14569|14572|14573|14595|14596|14600|14605|14614|14631|14635|14639|14649|14663|14667|14668|14672|14674|14678|14686|14688|14693|14696|14702|14706|14716|14734|14735|14738|14741|14748|14750|14751|14762|14794|14821|14824|14840|14845|14851|14861|14866|14868|14872|14877|14882|14884|14898|14900|14907|14908|14909|14913|14917|14928|14932|14933|14966|14980|14982|14984|14986|14993|15001|15013|15015|15016|15021|15022|15026|15038|15041|15051|15055|15064|15073|15080|15086|15097|15101|15107|15114|15124|15125|15127|15141|15154|15155|15173|15177|15180|15181|15182|15192|15196|15201|15219|15224|15227|15229|15241|15243|15246|15247|15265|15268|15282|15283|15287|15288|15290|15291|15295|15299|15304|15309|15336|15339|15341|15353|15356|15361|15365|15366|15369|15371|15378|15387|15389|15393|15394|15402|15406|15409|15410|15416|15447|15454|15455|15456|15466|15470|15473|15481|15487|15495|15498|15502|15509|15514|15521|15529|15530|15543|15563|15566|15570|15588|15625|15649|15660|15672|15673|15683|15684|15686|15698|15702|15719|15730|15731|15741|15757|15759|15761|15764|15765|15774|15793|15794|15816|15845|15846|15854|15856|15861|15868|15869|15876|15900|15908|15913|15917|15920|15927|15931|15938|15943|15948|15951|15959|15972|15979|15982|15983|15985|15990|15995|16001|16006|16014|16018|16019|16024|16033|16042|16050|16054|16057|16059|16062|16064|16065|16068|16071|16078|16080|16088|16101|16105|16109|16110|16117|16118|16133|16136|16153|16158|16167|16183|16186|16191|16204|16219|16227|16237|16238|16242|16244|16262|16263|16279|16284|16286|16293|16312|16327|16332|16347|16351|16354|16355|16367|16387|16392|16397|16399|16418|16420|16421|16436|16440|16447|16450|16455|16467|16470|16472|16473|16487|16499|16501|16515|16518|16519|16521|16526|16535|16538|16549|16563|16569|16577|16588|16592|16601|16605|16615|16620|16622|16636|16641|16649|16655|16656|16663|16686|16692|16694|16695|16700|16704|16714|16720|16731|16740|16741|16742|16765|16769|16774|16777|16780|16782|16786|16795|16807|16810|16825|16845|16846|16847|16848|16857|16868|16870|16873|16880|16883|16886|16899|16901|16903|16908|16915|16919|16923|16933|16936|16958|16977|16979|16980|16987|16992|16993|16996|16998|17004|17007|17025|17036|17050|17051|17069|17076|17084|17089|17093|17094|17103|17123|17127|17136|17152|17155|17167|17184|17187|17198|17200|17202|17207|17213|17231|17233|17241|17246|17258|17271|17276|17278|17281|17283|17299|17306|17309|17314|17324|17326|17328|17330|17332|17349|17351|17356|17369|17371|17373|17374|17375|17382|17396|17403|17428|17429|17436|17454|17456|17464|17465|17467|17483|17487|17518|17525|17526|17531|17533|17536|17540|17545|17548|17556|17557|17560|17579|17587|17589|17598|17599|17605|17622|17626|17644|17657|17662|17663|17666|17671|17675|17679|17683|17690|17700|17708|17713|17714|17722|17740|17745|17746|17756|17759|17760|17765|17766|17784|17787|17789|17790|17794|17798|17799|17801|17815|17823|17834|17841|17849|17855|17857|17861|17862|17869|17883|17888|17889|17918|17919|17924|17927|17933|17938|17941|17952|17953|17966|17967|17968|17969|17981|17996|17998|18002|18008|18017|18025|18036|18037|18038|18043|18047|18050|18051|18052|18053|18061|18066|18070|18075|18079|18083|18085|18091|18093|18101|18106|18109|18118|18153|18154|18162|18168|18177|18187|18189|18190|18196|18214|18227|18231|18236|18245|18246|18247|18252|18253|18254|18257|18269|18272|18273|18278|18283
Online Retail II,"2010-12-09 (primary, 365d)",3,M2,12352|12355|12357|12359|12360|12362|12368|12369|12370|12379|12389|12402|12409|12410|12415|12422|12423|12425|12434|12437|12459|12460|12467|12468|12486|12494|12496|12505|12514|12527|12553|12554|12557|12562|12563|12575|12588|12591|12616|12621|12629|12636|12638|12639|12644|12661|12665|12672|12676|12682|12683|12692|12693|12698|12699|12705|12714|12742|12749|12761|12770|12773|12774|12775|12777|12780|12788|12789|12793|12796|12798|12804|12805|12810|12829|12840|12841|12851|12853|12855|12857|12872|12876|12890|12892|12894|12913|12915|12917|12920|12925|12933|12943|12947|12948|12956|12967|12971|12975|12976|13001|13008|13011|13015|13018|13053|13056|13076|13084|13089|13101|13133|13138|13150|13151|13154|13157|13158|13162|13166|13168|13174|13204|13208|13209|13213|13219|13223|13225|13240|13241|13242|13269|13274|13280|13281|13282|13295|13297|13300|13329|13330|13367|13373|13383|13400|13402|13417|13423|13431|13433|13450|13453|13457|13468|13469|13477|13479|13480|13481|13488|13491|13508|13509|13512|13516|13526|13535|13539|13541|13544|13559|13585|13587|13590|13600|13601|13602|13620|13640|13646|13647|13649|13653|13660|13663|13665|13666|13669|13674|13688|13695|13699|13700|13703|13712|13722|13723|13728|13735|13756|13765|13766|13768|13782|13783|13786|13789|13793|13809|13823|13831|13833|13835|13838|13849|13851|13854|13857|13872|13889|13900|13902|13912|13913|13915|13929|13942|13969|13980|13983|13984|13988|14001|14011|14042|14047|14048|14055|14063|14072|14081|14095|14099|14101|14107|14118|14123|14131|14148|14157|14161|14163|14166|14168|14175|14176|14183|14189|14191|14195|14204|14207|14209|14213|14224|14233|14235|14253|14254|14279|14284|14293|14301|14307|14309|14314|14320|14334|14370|14374|14380|14389|14391|14408|14412|14419|14421|14423|14425|14427|14429|14431|14444|14446|14449|14452|14460|14468|14481|14486|14490|14532|14535|14538|14540|14564|14566|14569|14572|14573|14595|14596|14600|14605|14614|14631|14635|14639|14649|14663|14667|14668|14672|14674|14678|14686|14688|14693|14696|14702|14706|14716|14734|14735|14738|14741|14748|14750|14751|14762|14794|14821|14824|14840|14845|14851|14861|14866|14868|14872|14877|14882|14884|14898|14900|14907|14908|14909|14913|14917|14928|14932|14933|14966|14980|14982|14984|14986|14993|15001|15013|15015|15016|15021|15022|15026|15038|15041|15051|15055|15064|15073|15080|15086|15097|15101|15107|15114|15124|15125|15127|15141|15154|15155|15173|15177|15180|15181|15182|15192|15196|15201|15219|15224|15227|15229|15241|15243|15246|15247|15265|15268|15282|15283|15287|15288|15290|15291|15295|15299|15304|15309|15336|15339|15341|15353|15356|15361|15365|15366|15369|15371|15378|15387|15389|15393|15394|15402|15406|15409|15410|15416|15447|15454|15455|15456|15466|15470|15473|15481|15487|15495|15498|15502|15509|15514|15521|15529|15530|15543|15563|15566|15570|15588|15625|15649|15660|15672|15673|15683|15684|15686|15698|15702|15719|15730|15731|15741|15757|15759|15761|15764|15765|15774|15793|15794|15816|15845|15846|15854|15856|15861|15868|15869|15876|15900|15908|15913|15917|15920|15927|15931|15938|15943|15948|15951|15959|15972|15979|15982|15983|15985|15990|15995|16001|16006|16014|16018|16019|16024|16033|16042|16050|16054|16057|16059|16062|16064|16065|16068|16071|16078|16080|16088|16101|16105|16109|16110|16117|16118|16133|16136|16153|16158|16167|16183|16186|16191|16204|16219|16227|16237|16238|16242|16244|16262|16263|16279|16284|16286|16293|16312|16327|16332|16347|16351|16354|16355|16367|16387|16392|16397|16399|16418|16420|16421|16436|16440|16447|16450|16455|16467|16470|16472|16473|16487|16499|16501|16515|16518|16519|16521|16526|16535|16538|16549|16563|16569|16577|16588|16592|16601|16605|16615|16620|16622|16636|16641|16649|16655|16656|16663|16686|16692|16694|16695|16700|16704|16714|16720|16731|16740|16741|16742|16765|16769|16774|16777|16780|16782|16786|16795|16807|16810|16825|16845|16846|16847|16848|16857|16868|16870|16873|16880|16883|16886|16899|16901|16903|16908|16915|16919|16923|16933|16936|16958|16977|16979|16980|16987|16992|16993|16996|16998|17004|17007|17025|17036|17050|17051|17069|17076|17084|17089|17093|17094|17103|17123|17127|17136|17152|17155|17167|17184|17187|17198|17200|17202|17207|17213|17231|17233|17241|17246|17258|17271|17276|17278|17281|17283|17299|17306|17309|17314|17324|17326|17328|17330|17332|17349|17351|17356|17369|17371|17373|17374|17375|17382|17396|17403|17428|17429|17436|17454|17456|17464|17465|17467|17483|17487|17518|17525|17526|17531|17533|17536|17540|17545|17548|17556|17557|17560|17579|17587|17589|17598|17599|17605|17622|17626|17644|17657|17662|17663|17666|17671|17675|17679|17683|17690|17700|17708|17713|17714|17722|17740|17745|17746|17756|17759|17760|17765|17766|17784|17787|17789|17790|17794|17798|17799|17801|17815|17823|17834|17841|17849|17855|17857|17861|17862|17869|17883|17888|17889|17918|17919|17924|17927|17933|17938|17941|17952|17953|17966|17967|17968|17969|17981|17996|17998|18002|18008|18017|18025|18036|18037|18038|18043|18047|18050|18051|18052|18053|18061|18066|18070|18075|18079|18083|18085|18091|18093|18101|18106|18109|18118|18153|18154|18162|18168|18177|18187|18189|18190|18196|18214|18227|18231|18236|18245|18246|18247|18252|18253|18254|18257|18269|18272|18273|18278|18283
Online Retail II,"2010-12-09 (primary, 365d)",3,M3,12352|12355|12357|12359|12360|12362|12368|12369|12370|12379|12389|12402|12409|12410|12415|12422|12423|12425|12434|12437|12459|12460|12467|12468|12486|12494|12496|12505|12514|12527|12553|12554|12557|12562|12563|12575|12588|12591|12616|12621|12629|12636|12638|12639|12644|12661|12665|12672|12676|12682|12683|12692|12693|12698|12699|12705|12714|12742|12749|12761|12770|12773|12774|12775|12777|12780|12788|12789|12793|12796|12798|12804|12805|12810|12829|12840|12841|12851|12853|12855|12857|12872|12876|12890|12892|12894|12913|12915|12917|12920|12925|12933|12943|12947|12948|12956|12967|12971|12975|12976|13001|13008|13011|13015|13018|13053|13056|13076|13084|13089|13101|13133|13138|13150|13151|13154|13157|13158|13162|13166|13168|13174|13204|13208|13209|13213|13219|13223|13225|13240|13241|13242|13269|13274|13280|13281|13282|13295|13297|13300|13329|13330|13367|13373|13383|13400|13402|13417|13423|13431|13433|13450|13453|13457|13468|13469|13477|13479|13480|13481|13488|13491|13508|13509|13512|13516|13526|13535|13539|13541|13544|13559|13585|13587|13590|13600|13601|13602|13620|13640|13646|13647|13649|13653|13660|13663|13665|13666|13669|13674|13688|13695|13699|13700|13703|13712|13722|13723|13728|13735|13756|13765|13766|13768|13782|13783|13786|13789|13793|13809|13823|13831|13833|13835|13838|13849|13851|13854|13857|13872|13889|13900|13902|13912|13913|13915|13929|13942|13969|13980|13983|13984|13988|14001|14011|14042|14047|14048|14055|14063|14072|14081|14095|14099|14101|14107|14118|14123|14131|14148|14157|14161|14163|14166|14168|14175|14176|14183|14189|14191|14195|14204|14207|14209|14213|14224|14233|14235|14253|14254|14279|14284|14293|14301|14307|14309|14314|14320|14334|14370|14374|14380|14389|14391|14408|14412|14419|14421|14423|14425|14427|14429|14431|14444|14446|14449|14452|14460|14468|14481|14486|14490|14532|14535|14538|14540|14564|14566|14569|14572|14573|14595|14596|14600|14605|14614|14631|14635|14639|14649|14663|14667|14668|14672|14674|14678|14686|14688|14693|14696|14702|14706|14716|14734|14735|14738|14741|14748|14750|14751|14762|14794|14821|14824|14840|14845|14851|14861|14866|14868|14872|14877|14882|14884|14898|14900|14907|14908|14909|14913|14917|14928|14932|14933|14966|14980|14982|14984|14986|14993|15001|15013|15015|15016|15021|15022|15026|15038|15041|15051|15055|15064|15073|15080|15086|15097|15101|15107|15114|15124|15125|15127|15141|15154|15155|15173|15177|15180|15181|15182|15192|15196|15201|15219|15224|15227|15229|15241|15243|15246|15247|15265|15268|15282|15283|15287|15288|15290|15291|15295|15299|15304|15309|15336|15339|15341|15353|15356|15361|15365|15366|15369|15371|15378|15387|15389|15393|15394|15402|15406|15409|15410|15416|15447|15454|15455|15456|15466|15470|15473|15481|15487|15495|15498|15502|15509|15514|15521|15529|15530|15543|15563|15566|15570|15588|15625|15649|15660|15672|15673|15683|15684|15686|15698|15702|15719|15730|15731|15741|15757|15759|15761|15764|15765|15774|15793|15794|15816|15845|15846|15854|15856|15861|15868|15869|15876|15900|15908|15913|15917|15920|15927|15931|15938|15943|15948|15951|15959|15972|15979|15982|15983|15985|15990|15995|16001|16006|16014|16018|16019|16024|16033|16042|16050|16054|16057|16059|16062|16064|16065|16068|16071|16078|16080|16088|16101|16105|16109|16110|16117|16118|16133|16136|16153|16158|16167|16183|16186|16191|16204|16219|16227|16237|16238|16242|16244|16262|16263|16279|16284|16286|16293|16312|16327|16332|16347|16351|16354|16355|16367|16387|16392|16397|16399|16418|16420|16421|16436|16440|16447|16450|16455|16467|16470|16472|16473|16487|16499|16501|16515|16518|16519|16521|16526|16535|16538|16549|16563|16569|16577|16588|16592|16601|16605|16615|16620|16622|16636|16641|16649|16655|16656|16663|16686|16692|16694|16695|16700|16704|16714|16720|16731|16740|16741|16742|16765|16769|16774|16777|16780|16782|16786|16795|16807|16810|16825|16845|16846|16847|16848|16857|16868|16870|16873|16880|16883|16886|16899|16901|16903|16908|16915|16919|16923|16933|16936|16958|16977|16979|16980|16987|16992|16993|16996|16998|17004|17007|17025|17036|17050|17051|17069|17076|17084|17089|17093|17094|17103|17123|17127|17136|17152|17155|17167|17184|17187|17198|17200|17202|17207|17213|17231|17233|17241|17246|17258|17271|17276|17278|17281|17283|17299|17306|17309|17314|17324|17326|17328|17330|17332|17349|17351|17356|17369|17371|17373|17374|17375|17382|17396|17403|17428|17429|17436|17454|17456|17464|17465|17467|17483|17487|17518|17525|17526|17531|17533|17536|17540|17545|17548|17556|17557|17560|17579|17587|17589|17598|17599|17605|17622|17626|17644|17657|17662|17663|17666|17671|17675|17679|17683|17690|17700|17708|17713|17714|17722|17740|17745|17746|17756|17759|17760|17765|17766|17784|17787|17789|17790|17794|17798|17799|17801|17815|17823|17834|17841|17849|17855|17857|17861|17862|17869|17883|17888|17889|17918|17919|17924|17927|17933|17938|17941|17952|17953|17966|17967|17968|17969|17981|17996|17998|18002|18008|18017|18025|18036|18037|18038|18043|18047|18050|18051|18052|18053|18061|18066|18070|18075|18079|18083|18085|18091|18093|18101|18106|18109|18118|18153|18154|18162|18168|18177|18187|18189|18190|18196|18214|18227|18231|18236|18245|18246|18247|18252|18253|18254|18257|18269|18272|18273|18278|18283
Online Retail II,"2010-12-09 (primary, 365d)",4,M0,12346|12347|12349|12353|12356|12358|12387|12395|12396|12399|12400|12406|12408|12414|12416|12419|12421|12431|12439|12443|12445|12449|12458|12469|12474|12475|12487|12523|12539|12540|12543|12567|12568|12592|12595|12637|12643|12649|12656|12675|12678|12687|12708|12720|12721|12727|12730|12737|12741|12748|12758|12759|12763|12765|12767|12768|12771|12776|12786|12787|12802|12808|12809|12819|12820|12831|12835|12838|12847|12848|12858|12863|12864|12868|12870|12873|12874|12877|12880|12891|12900|12911|12927|12928|12931|12935|12941|12951|12959|12963|12982|12986|12992|12996|12997|13007|13021|13023|13029|13037|13048|13065|13067|13069|13091|13103|13104|13106|13110|13115|13124|13136|13145|13155|13177|13178|13179|13183|13190|13195|13198|13202|13203|13205|13207|13214|13217|13226|13245|13254|13283|13292|13304|13307|13309|13310|13315|13324|13326|13331|13333|13361|13362|13368|13374|13380|13381|13398|13403|13405|13406|13408|13412|13426|13434|13441|13442|13446|13461|13462|13472|13478|13500|13503|13511|13514|13515|13519|13520|13530|13531|13542|13551|13555|13557|13564|13566|13580|13582|13583|13584|13594|13598|13599|13605|13608|13610|13613|13616|13619|13624|13629|13632|13635|13639|13642|13643|13652|13662|13677|13679|13680|13686|13692|13696|13701|13702|13714|13717|13724|13734|13736|13745|13747|13748|13750|13753|13758|13762|13772|13779|13787|13792|13794|13800|13813|13832|13834|13839|13847|13875|13880|13888|13890|13896|13920|13935|13936|13939|13945|13948|13955|13962|13963|13964|13975|13987|13992|13993|14006|14014|14017|14043|14060|14061|14074|14077|14085|14091|14094|14108|14119|14126|14134|14135|14145|14152|14177|14194|14203|14225|14226|14227|14231|14237|14241|14243|14255|14256|14260|14286|14290|14296|14298|14303|14304|14308|14315|14318|14322|14328|14332|14339|14343|14376|14388|14392|14394|14395|14398|14399|14403|14404|14405|14442|14454|14455|14458|14466|14474|14487|14491|14497|14506|14512|14516|14521|14526|14534|14543|14548|14550|14551|14552|14568|14570|14576|14577|14580|14581|14589|14597|14604|14606|14609|14611|14613|14618|14626|14628|14644|14645|14646|14656|14671|14676|14682|14692|14721|14722|14736|14737|14739|14745|14758|14766|14769|14770|14774|14775|14776|14783|14784|14786|14787|14800|14805|14807|14810|14817|14818|14822|14834|14843|14850|14852|14854|14857|14865|14871|14873|14875|14876|14893|14904|14905|14906|14912|14919|14929|14942|14943|14954|14955|14956|14961|14963|14969|14970|14972|14983|14987|14988|14989|14991|14998|15008|15018|15034|15039|15056|15058|15059|15077|15078|15079|15085|15094|15102|15110|15115|15122|15128|15129|15131|15134|15162|15164|15184|15186|15188|15190|15199|15209|15222|15242|15250|15252|15254|15256|15261|15269|15273|15277|15329|15331|15338|15352|15363|15368|15379|15380|15384|15390|15391|15418|15423|15425|15431|15434|15439|15451|15469|15490|15497|15499|15512|15515|15518|15519|15527|15536|15538|15544|15546|15552|15571|15574|15579|15583|15590|15599|15608|15611|15616|15617|15620|15622|15635|15646|15650|15652|15665|15670|15677|15680|15688|15689|15694|15695|15712|15713|15714|15717|15720|15723|15728|15732|15734|15735|15769|15778|15779|15782|15788|15789|15792|15795|15797|15809|15842|15852|15855|15859|15860|15863|15867|15871|15882|15885|15887|15888|15892|15902|15903|15905|15910|15914|15915|15928|15954|15956|15957|15962|15980|15981|15986|15988|15989|16004|16007|16027|16029|16037|16069|16072|16075|16085|16095|16099|16100|16119|16129|16130|16137|16138|16156|16163|16165|16170|16172|16198|16202|16203|16222|16223|16225|16229|16232|16251|16252|16255|16266|16269|16283|16289|16292|16300|16307|16314|16315|16323|16328|16335|16341|16345|16356|16372|16374|16375|16386|16391|16393|16400|16402|16409|16410|16414|16430|16439|16442|16454|16477|16485|16493|16503|16507|16523|16525|16537|16544|16545|16548|16552|16555|16556|16559|16560|16564|16565|16579|16585|16586|16599|16607|16614|16623|16634|16639|16640|16648|16651|16652|16677|16679|16680|16711|16718|16722|16726|16732|16735|16739|16748|16749|16763|16768|16772|16787|16794|16814|16817|16824|16829|16830|16834|16854|16859|16861|16865|16867|16875|16885|16887|16888|16892|16895|16896|16898|16905|16912|16925|16932|16941|16944|16947|16973|17002|17012|17018|17019|17023|17026|17031|17034|17045|17048|17055|17056|17059|17074|17085|17097|17098|17104|17106|17108|17111|17134|17156|17170|17177|17181|17182|17190|17191|17192|17194|17196|17205|17208|17212|17219|17227|17239|17242|17251|17261|17264|17270|17280|17286|17287|17289|17293|17294|17308|17344|17350|17358|17381|17383|17384|17389|17392|17393|17400|17406|17418|17426|17432|17439|17477|17484|17491|17492|17493|17496|17505|17508|17514|17532|17547|17550|17558|17561|17570|17575|17576|17586|17601|17607|17624|17631|17638|17639|17643|17648|17667|17672|17674|17686|17703|17730|17732|17734|17735|17738|17751|17757|17764|17768|17771|17782|17804|17811|17812|17818|17826|17827|17833|17845|17847|17848|17852|17853|17863|17871|17880|17897|17905|17931|17950|17954|17960|17965|17982|17983|17984|17987|17988|17992|18011|18039|18041|18044|18057|18058|18064|18074|18077|18094|18113|18123|18132|18144|18151|18157|18161|18166|18173|18179|18191|18193|18195|18197|18208|18210|18215|18218|18226|18230|18242|18255|18256|18259|18262|18267|18268|18270|18284|18287
Online Retail II,"2010-12-09 (primary, 365d)",4,M1,12346|12347|12349|12353|12356|12358|12387|12395|12396|12399|12400|12406|12408|12414|12416|12419|12421|12431|12439|12443|12445|12449|12458|12469|12474|12475|12487|12523|12539|12540|12543|12567|12568|12592|12595|12637|12643|12649|12656|12675|12678|12687|12708|12720|12721|12727|12730|12737|12741|12748|12758|12759|12763|12765|12767|12768|12771|12776|12786|12787|12802|12808|12809|12819|12820|12831|12835|12838|12847|12848|12858|12863|12864|12868|12870|12873|12874|12877|12880|12891|12900|12911|12927|12928|12931|12935|12941|12951|12959|12963|12982|12986|12992|12996|12997|13007|13021|13023|13029|13037|13048|13065|13067|13069|13091|13103|13104|13106|13110|13115|13124|13136|13145|13155|13177|13178|13179|13183|13190|13195|13198|13202|13203|13205|13207|13214|13217|13226|13245|13254|13283|13292|13304|13307|13309|13310|13315|13324|13326|13331|13333|13361|13362|13368|13374|13380|13381|13398|13403|13405|13406|13408|13412|13426|13434|13441|13442|13446|13461|13462|13472|13478|13500|13503|13511|13514|13515|13519|13520|13530|13531|13542|13551|13555|13557|13564|13566|13580|13582|13583|13584|13594|13598|13599|13605|13608|13610|13613|13616|13619|13624|13629|13632|13635|13639|13642|13643|13652|13662|13677|13679|13680|13686|13692|13696|13701|13702|13714|13717|13724|13734|13736|13745|13747|13748|13750|13753|13758|13762|13772|13779|13787|13792|13794|13800|13813|13832|13834|13839|13847|13875|13880|13888|13890|13896|13920|13935|13936|13939|13945|13948|13955|13962|13963|13964|13975|13987|13992|13993|14006|14014|14017|14043|14060|14061|14074|14077|14085|14091|14094|14108|14119|14126|14134|14135|14145|14152|14177|14194|14203|14225|14226|14227|14231|14237|14241|14243|14255|14256|14260|14286|14290|14296|14298|14303|14304|14308|14315|14318|14322|14328|14332|14339|14343|14376|14388|14392|14394|14395|14398|14399|14403|14404|14405|14442|14454|14455|14458|14466|14474|14487|14491|14497|14506|14512|14516|14521|14526|14534|14543|14548|14550|14551|14552|14568|14570|14576|14577|14580|14581|14589|14597|14604|14606|14609|14611|14613|14618|14626|14628|14644|14645|14646|14656|14671|14676|14682|14692|14721|14722|14736|14737|14739|14745|14758|14766|14769|14770|14774|14775|14776|14783|14784|14786|14787|14800|14805|14807|14810|14817|14818|14822|14834|14843|14850|14852|14854|14857|14865|14871|14873|14875|14876|14893|14904|14905|14906|14912|14919|14929|14942|14943|14954|14955|14956|14961|14963|14969|14970|14972|14983|14987|14988|14989|14991|14998|15008|15018|15034|15039|15056|15058|15059|15077|15078|15079|15085|15094|15102|15110|15115|15122|15128|15129|15131|15134|15162|15164|15184|15186|15188|15190|15199|15209|15222|15242|15250|15252|15254|15256|15261|15269|15273|15277|15329|15331|15338|15352|15363|15368|15379|15380|15384|15390|15391|15418|15423|15425|15431|15434|15439|15451|15469|15490|15497|15499|15512|15515|15518|15519|15527|15536|15538|15544|15546|15552|15571|15574|15579|15583|15590|15599|15608|15611|15616|15617|15620|15622|15635|15646|15650|15652|15665|15670|15677|15680|15688|15689|15694|15695|15712|15713|15714|15717|15720|15723|15728|15732|15734|15735|15769|15778|15779|15782|15788|15789|15792|15795|15797|15809|15842|15852|15855|15859|15860|15863|15867|15871|15882|15885|15887|15888|15892|15902|15903|15905|15910|15914|15915|15928|15954|15956|15957|15962|15980|15981|15986|15988|15989|16004|16007|16027|16029|16037|16069|16072|16075|16085|16095|16099|16100|16119|16129|16130|16137|16138|16156|16163|16165|16170|16172|16198|16202|16203|16222|16223|16225|16229|16232|16251|16252|16255|16266|16269|16283|16289|16292|16300|16307|16314|16315|16323|16328|16335|16341|16345|16356|16372|16374|16375|16386|16391|16393|16400|16402|16409|16410|16414|16430|16439|16442|16454|16477|16485|16493|16503|16507|16523|16525|16537|16544|16545|16548|16552|16555|16556|16559|16560|16564|16565|16579|16585|16586|16599|16607|16614|16623|16634|16639|16640|16648|16651|16652|16677|16679|16680|16711|16718|16722|16726|16732|16735|16739|16748|16749|16763|16768|16772|16787|16794|16814|16817|16824|16829|16830|16834|16854|16859|16861|16865|16867|16875|16885|16887|16888|16892|16895|16896|16898|16905|16912|16925|16932|16941|16944|16947|16973|17002|17012|17018|17019|17023|17026|17031|17034|17045|17048|17055|17056|17059|17074|17085|17097|17098|17104|17106|17108|17111|17134|17156|17170|17177|17181|17182|17190|17191|17192|17194|17196|17205|17208|17212|17219|17227|17239|17242|17251|17261|17264|17270|17280|17286|17287|17289|17293|17294|17308|17344|17350|17358|17381|17383|17384|17389|17392|17393|17400|17406|17418|17426|17432|17439|17477|17484|17491|17492|17493|17496|17505|17508|17514|17532|17547|17550|17558|17561|17570|17575|17576|17586|17601|17607|17624|17631|17638|17639|17643|17648|17667|17672|17674|17686|17703|17730|17732|17734|17735|17738|17751|17757|17764|17768|17771|17782|17804|17811|17812|17818|17826|17827|17833|17845|17847|17848|17852|17853|17863|17871|17880|17897|17905|17931|17950|17954|17960|17965|17982|17983|17984|17987|17988|17992|18011|18039|18041|18044|18057|18058|18064|18074|18077|18094|18113|18123|18132|18144|18151|18157|18161|18166|18173|18179|18191|18193|18195|18197|18208|18210|18215|18218|18226|18230|18242|18255|18256|18259|18262|18267|18268|18270|18284|18287
Online Retail II,"2010-12-09 (primary, 365d)",4,M2,12346|12347|12349|12353|12356|12358|12387|12395|12396|12399|12400|12406|12408|12414|12416|12419|12421|12431|12439|12443|12445|12449|12458|12469|12474|12475|12487|12523|12539|12540|12543|12567|12568|12592|12595|12637|12643|12649|12656|12675|12678|12687|12708|12720|12721|12727|12730|12737|12741|12748|12758|12759|12763|12765|12767|12768|12771|12776|12786|12787|12802|12808|12809|12819|12820|12831|12835|12838|12847|12848|12858|12863|12864|12868|12870|12873|12874|12877|12880|12891|12900|12911|12927|12928|12931|12935|12941|12951|12959|12963|12982|12986|12992|12996|12997|13007|13021|13023|13029|13037|13048|13065|13067|13069|13091|13103|13104|13106|13110|13115|13124|13136|13145|13155|13177|13178|13179|13183|13190|13195|13198|13202|13203|13205|13207|13214|13217|13226|13245|13254|13283|13292|13304|13307|13309|13310|13315|13324|13326|13331|13333|13361|13362|13368|13374|13380|13381|13398|13403|13405|13406|13408|13412|13426|13434|13441|13442|13446|13461|13462|13472|13478|13500|13503|13511|13514|13515|13519|13520|13530|13531|13542|13551|13555|13557|13564|13566|13580|13582|13583|13584|13594|13598|13599|13605|13608|13610|13613|13616|13619|13624|13629|13632|13635|13639|13642|13643|13652|13662|13677|13679|13680|13686|13692|13696|13701|13702|13714|13717|13724|13734|13736|13745|13747|13748|13750|13753|13758|13762|13772|13779|13787|13792|13794|13800|13813|13832|13834|13839|13847|13875|13880|13888|13890|13896|13920|13935|13936|13939|13945|13948|13955|13962|13963|13964|13975|13987|13992|13993|14006|14014|14017|14043|14060|14061|14074|14077|14085|14091|14094|14108|14119|14126|14134|14135|14145|14152|14177|14194|14203|14225|14226|14227|14231|14237|14241|14243|14255|14256|14260|14286|14290|14296|14298|14303|14304|14308|14315|14318|14322|14328|14332|14339|14343|14376|14388|14392|14394|14395|14398|14399|14403|14404|14405|14442|14454|14455|14458|14466|14474|14487|14491|14497|14506|14512|14516|14521|14526|14534|14543|14548|14550|14551|14552|14568|14570|14576|14577|14580|14581|14589|14597|14604|14606|14609|14611|14613|14618|14626|14628|14644|14645|14646|14656|14671|14676|14682|14692|14721|14722|14736|14737|14739|14745|14758|14766|14769|14770|14774|14775|14776|14783|14784|14786|14787|14800|14805|14807|14810|14817|14818|14822|14834|14843|14850|14852|14854|14857|14865|14871|14873|14875|14876|14893|14904|14905|14906|14912|14919|14929|14942|14943|14954|14955|14956|14961|14963|14969|14970|14972|14983|14987|14988|14989|14991|14998|15008|15018|15034|15039|15056|15058|15059|15077|15078|15079|15085|15094|15102|15110|15115|15122|15128|15129|15131|15134|15162|15164|15184|15186|15188|15190|15199|15209|15222|15242|15250|15252|15254|15256|15261|15269|15273|15277|15329|15331|15338|15352|15363|15368|15379|15380|15384|15390|15391|15418|15423|15425|15431|15434|15439|15451|15469|15490|15497|15499|15512|15515|15518|15519|15527|15536|15538|15544|15546|15552|15571|15574|15579|15583|15590|15599|15608|15611|15616|15617|15620|15622|15635|15646|15650|15652|15665|15670|15677|15680|15688|15689|15694|15695|15712|15713|15714|15717|15720|15723|15728|15732|15734|15735|15769|15778|15779|15782|15788|15789|15792|15795|15797|15809|15842|15852|15855|15859|15860|15863|15867|15871|15882|15885|15887|15888|15892|15902|15903|15905|15910|15914|15915|15928|15954|15956|15957|15962|15980|15981|15986|15988|15989|16004|16007|16027|16029|16037|16069|16072|16075|16085|16095|16099|16100|16119|16129|16130|16137|16138|16156|16163|16165|16170|16172|16198|16202|16203|16222|16223|16225|16229|16232|16251|16252|16255|16266|16269|16283|16289|16292|16300|16307|16314|16315|16323|16328|16335|16341|16345|16356|16372|16374|16375|16386|16391|16393|16400|16402|16409|16410|16414|16430|16439|16442|16454|16477|16485|16493|16503|16507|16523|16525|16537|16544|16545|16548|16552|16555|16556|16559|16560|16564|16565|16579|16585|16586|16599|16607|16614|16623|16634|16639|16640|16648|16651|16652|16677|16679|16680|16711|16718|16722|16726|16732|16735|16739|16748|16749|16763|16768|16772|16787|16794|16814|16817|16824|16829|16830|16834|16854|16859|16861|16865|16867|16875|16885|16887|16888|16892|16895|16896|16898|16905|16912|16925|16932|16941|16944|16947|16973|17002|17012|17018|17019|17023|17026|17031|17034|17045|17048|17055|17056|17059|17074|17085|17097|17098|17104|17106|17108|17111|17134|17156|17170|17177|17181|17182|17190|17191|17192|17194|17196|17205|17208|17212|17219|17227|17239|17242|17251|17261|17264|17270|17280|17286|17287|17289|17293|17294|17308|17344|17350|17358|17381|17383|17384|17389|17392|17393|17400|17406|17418|17426|17432|17439|17477|17484|17491|17492|17493|17496|17505|17508|17514|17532|17547|17550|17558|17561|17570|17575|17576|17586|17601|17607|17624|17631|17638|17639|17643|17648|17667|17672|17674|17686|17703|17730|17732|17734|17735|17738|17751|17757|17764|17768|17771|17782|17804|17811|17812|17818|17826|17827|17833|17845|17847|17848|17852|17853|17863|17871|17880|17897|17905|17931|17950|17954|17960|17965|17982|17983|17984|17987|17988|17992|18011|18039|18041|18044|18057|18058|18064|18074|18077|18094|18113|18123|18132|18144|18151|18157|18161|18166|18173|18179|18191|18193|18195|18197|18208|18210|18215|18218|18226|18230|18242|18255|18256|18259|18262|18267|18268|18270|18284|18287
Online Retail II,"2010-12-09 (primary, 365d)",4,M3,12346|12347|12349|12353|12356|12358|12387|12395|12396|12399|12400|12406|12408|12414|12416|12419|12421|12431|12439|12443|12445|12449|12458|12469|12474|12475|12487|12523|12539|12540|12543|12567|12568|12592|12595|12637|12643|12649|12656|12675|12678|12687|12708|12720|12721|12727|12730|12737|12741|12748|12758|12759|12763|12765|12767|12768|12771|12776|12786|12787|12802|12808|12809|12819|12820|12831|12835|12838|12847|12848|12858|12863|12864|12868|12870|12873|12874|12877|12880|12891|12900|12911|12927|12928|12931|12935|12941|12951|12959|12963|12982|12986|12992|12996|12997|13007|13021|13023|13029|13037|13048|13065|13067|13069|13091|13103|13104|13106|13110|13115|13124|13136|13145|13155|13177|13178|13179|13183|13190|13195|13198|13202|13203|13205|13207|13214|13217|13226|13245|13254|13283|13292|13304|13307|13309|13310|13315|13324|13326|13331|13333|13361|13362|13368|13374|13380|13381|13398|13403|13405|13406|13408|13412|13426|13434|13441|13442|13446|13461|13462|13472|13478|13500|13503|13511|13514|13515|13519|13520|13530|13531|13542|13551|13555|13557|13564|13566|13580|13582|13583|13584|13594|13598|13599|13605|13608|13610|13613|13616|13619|13624|13629|13632|13635|13639|13642|13643|13652|13662|13677|13679|13680|13686|13692|13696|13701|13702|13714|13717|13724|13734|13736|13745|13747|13748|13750|13753|13758|13762|13772|13779|13787|13792|13794|13800|13813|13832|13834|13839|13847|13875|13880|13888|13890|13896|13920|13935|13936|13939|13945|13948|13955|13962|13963|13964|13975|13987|13992|13993|14006|14014|14017|14043|14060|14061|14074|14077|14085|14091|14094|14108|14119|14126|14134|14135|14145|14152|14177|14194|14203|14225|14226|14227|14231|14237|14241|14243|14255|14256|14260|14286|14290|14296|14298|14303|14304|14308|14315|14318|14322|14328|14332|14339|14343|14376|14388|14392|14394|14395|14398|14399|14403|14404|14405|14442|14454|14455|14458|14466|14474|14487|14491|14497|14506|14512|14516|14521|14526|14534|14543|14548|14550|14551|14552|14568|14570|14576|14577|14580|14581|14589|14597|14604|14606|14609|14611|14613|14618|14626|14628|14644|14645|14646|14656|14671|14676|14682|14692|14721|14722|14736|14737|14739|14745|14758|14766|14769|14770|14774|14775|14776|14783|14784|14786|14787|14800|14805|14807|14810|14817|14818|14822|14834|14843|14850|14852|14854|14857|14865|14871|14873|14875|14876|14893|14904|14905|14906|14912|14919|14929|14942|14943|14954|14955|14956|14961|14963|14969|14970|14972|14983|14987|14988|14989|14991|14998|15008|15018|15034|15039|15056|15058|15059|15077|15078|15079|15085|15094|15102|15110|15115|15122|15128|15129|15131|15134|15162|15164|15184|15186|15188|15190|15199|15209|15222|15242|15250|15252|15254|15256|15261|15269|15273|15277|15329|15331|15338|15352|15363|15368|15379|15380|15384|15390|15391|15418|15423|15425|15431|15434|15439|15451|15469|15490|15497|15499|15512|15515|15518|15519|15527|15536|15538|15544|15546|15552|15571|15574|15579|15583|15590|15599|15608|15611|15616|15617|15620|15622|15635|15646|15650|15652|15665|15670|15677|15680|15688|15689|15694|15695|15712|15713|15714|15717|15720|15723|15728|15732|15734|15735|15769|15778|15779|15782|15788|15789|15792|15795|15797|15809|15842|15852|15855|15859|15860|15863|15867|15871|15882|15885|15887|15888|15892|15902|15903|15905|15910|15914|15915|15928|15954|15956|15957|15962|15980|15981|15986|15988|15989|16004|16007|16027|16029|16037|16069|16072|16075|16085|16095|16099|16100|16119|16129|16130|16137|16138|16156|16163|16165|16170|16172|16198|16202|16203|16222|16223|16225|16229|16232|16251|16252|16255|16266|16269|16283|16289|16292|16300|16307|16314|16315|16323|16328|16335|16341|16345|16356|16372|16374|16375|16386|16391|16393|16400|16402|16409|16410|16414|16430|16439|16442|16454|16477|16485|16493|16503|16507|16523|16525|16537|16544|16545|16548|16552|16555|16556|16559|16560|16564|16565|16579|16585|16586|16599|16607|16614|16623|16634|16639|16640|16648|16651|16652|16677|16679|16680|16711|16718|16722|16726|16732|16735|16739|16748|16749|16763|16768|16772|16787|16794|16814|16817|16824|16829|16830|16834|16854|16859|16861|16865|16867|16875|16885|16887|16888|16892|16895|16896|16898|16905|16912|16925|16932|16941|16944|16947|16973|17002|17012|17018|17019|17023|17026|17031|17034|17045|17048|17055|17056|17059|17074|17085|17097|17098|17104|17106|17108|17111|17134|17156|17170|17177|17181|17182|17190|17191|17192|17194|17196|17205|17208|17212|17219|17227|17239|17242|17251|17261|17264|17270|17280|17286|17287|17289|17293|17294|17308|17344|17350|17358|17381|17383|17384|17389|17392|17393|17400|17406|17418|17426|17432|17439|17477|17484|17491|17492|17493|17496|17505|17508|17514|17532|17547|17550|17558|17561|17570|17575|17576|17586|17601|17607|17624|17631|17638|17639|17643|17648|17667|17672|17674|17686|17703|17730|17732|17734|17735|17738|17751|17757|17764|17768|17771|17782|17804|17811|17812|17818|17826|17827|17833|17845|17847|17848|17852|17853|17863|17871|17880|17897|17905|17931|17950|17954|17960|17965|17982|17983|17984|17987|17988|17992|18011|18039|18041|18044|18057|18058|18064|18074|18077|18094|18113|18123|18132|18144|18151|18157|18161|18166|18173|18179|18191|18193|18195|18197|18208|18210|18215|18218|18226|18230|18242|18255|18256|18259|18262|18267|18268|18270|18284|18287
